batch_id,supplier_id,component_name,quantity_produced,production_date,received_date,quantity_passed_qc,supplier_name,country,lead_time_days,unit_price,quality_score,failed_units,defect_count,defect_rate,binary_target,days_since_start,month_of_year,quarter,batch_age_days,supplier_mean_defect_rate,supplier_std_defect_rate,supplier_num_batches,supplier_total_units,component_defect_rate
BATCH-2026-00001,19,Fan,5001,2026-02-10,2026-02-22,4951,Sumitomo,USA,36,238.9,64,1,1,0.0001999600079984003,1,510,2,1,220,0.00016876737493119937,0.00039378300837730447,91,458378,0.00012855165100050963
BATCH-2025-00002,14,Camera,7810,2025-03-27,2025-04-12,7388,STMicroelectronics,South Korea,31,23.81,77,0,0,0.0,0,190,3,1,540,0.0001573864901705702,0.00046936123067953895,91,385139,0.00017585459338616095
BATCH-2024-00003,37,Camera,884,2024-11-27,2024-12-09,875,Huawei,USA,60,118.5,92,0,0,0.0,0,70,11,4,660,0.00010426815057621344,0.0003557497462935021,91,442918,0.00017585459338616095
BATCH-2026-00004,46,Speaker,2103,2026-02-26,2026-03-07,2028,Liteon,China,58,348.77,65,0,0,0.0,0,526,2,1,204,0.000177376316521378,0.0004995509860038717,96,502846,0.00019289953369198322
BATCH-2026-00005,28,Battery,4686,2026-06-05,2026-06-10,4518,Kioxia,China,36,390.8,86,0,0,0.0,0,625,6,2,105,6.548471380186631e-05,0.00020932699508353792,108,509896,0.00021173401481822628
BATCH-2025-00006,38,Speaker,4378,2025-05-01,2025-05-16,4334,Xiaomi,South Korea,52,142.13,62,2,1,0.00022841480127912289,1,225,5,2,505,0.0002941454324685746,0.0007248486269555904,106,537180,0.00019289953369198322
BATCH-2024-00007,5,Speaker,6325,2024-11-18,2024-12-05,6092,Apple,Japan,38,226.29,64,4,1,0.00015810276679841898,1,61,11,4,669,0.00029304167774806515,0.0010333897385835877,92,488005,0.00019289953369198322
BATCH-2025-00008,21,Battery,4991,2025-02-02,2025-02-12,4878,Jabil,Taiwan,58,416.67,76,0,0,0.0,0,137,2,1,593,0.00034128023110612925,0.0012045823376322067,117,579869,0.00021173401481822628
BATCH-2025-00009,34,Display,1834,2025-11-20,2025-12-07,1742,Renesas,China,19,153.37,81,0,0,0.0,0,428,11,4,302,0.00020629854890063796,0.000928870183527049,112,540044,0.00016919115080672866
BATCH-2025-00010,9,Microcontroller,5853,2025-08-10,2025-08-20,5787,Sony,Taiwan,19,33.78,81,0,0,0.0,0,326,8,3,404,0.00014132799993781594,0.00029553061545999206,104,509780,0.00013908905895273712
BATCH-2026-00011,15,Processor,1599,2026-08-18,2026-08-29,1545,SK Hynix,Taiwan,40,342.16,65,1,1,0.0006253908692933083,1,699,8,3,31,0.00026051175061660777,0.0007352320636847295,93,436297,0.0001723848232239575
BATCH-2025-00012,25,Processor,919,2025-04-07,2025-04-19,910,Broadcom,USA,26,71.6,85,3,2,0.002176278563656148,1,201,4,2,529,9.454505074439549e-05,0.0003137783114627588,84,481980,0.0001723848232239575
BATCH-2025-00013,23,Microcontroller,1694,2025-11-09,2025-11-22,1675,ASE,Japan,50,402.77,91,0,0,0.0,0,417,11,4,313,6.663525433902222e-05,0.00015954052120490043,90,441864,0.00013908905895273712
BATCH-2025-00014,24,Microcontroller,3382,2025-10-20,2025-11-02,3217,Qualcomm,Germany,53,145.59,74,0,0,0.0,0,397,10,4,333,0.00017211444124561363,0.00048508112533674527,88,458321,0.00013908905895273712
BATCH-2026-00015,15,Processor,3700,2026-05-14,2026-05-19,3532,SK Hynix,Taiwan,40,342.16,65,0,0,0.0,0,603,5,2,127,0.00026051175061660777,0.0007352320636847295,93,436297,0.0001723848232239575
BATCH-2025-00016,45,Charger,5585,2025-05-06,2025-05-12,5290,Pegatron,Taiwan,47,251.52,66,0,0,0.0,0,230,5,2,500,0.0001275169517997213,0.0003266025273992103,94,477190,0.0002259435803313693
BATCH-2026-00017,6,Camera,2514,2026-01-12,2026-01-28,2438,NVIDIA,Germany,38,463.53,74,1,0,0.0,0,481,1,1,249,0.00023377595866623649,0.0009271237760431065,104,528560,0.00017585459338616095
BATCH-2025-00018,37,Charger,1166,2025-12-10,2025-12-29,1111,Huawei,USA,60,118.5,92,0,0,0.0,0,448,12,4,282,0.00010426815057621344,0.0003557497462935021,91,442918,0.0002259435803313693
BATCH-2025-00019,12,Processor,1498,2025-10-28,2025-11-10,1447,Amphenol,Germany,18,446.77,96,0,0,0.0,0,405,10,4,325,8.015372036339901e-05,0.00041034141517753633,113,576135,0.0001723848232239575
BATCH-2026-00020,19,Sensor,8102,2026-08-22,2026-09-01,7947,Sumitomo,USA,36,238.9,64,1,0,0.0,0,703,8,3,27,0.00016876737493119937,0.00039378300837730447,91,458378,0.00016450590746445605
BATCH-2025-00021,32,Charger,6257,2025-09-28,2025-10-17,5985,Canon,South Korea,54,382.97,81,1,1,0.000159821000479463,1,375,9,3,355,8.286140374041643e-05,0.0002525478149158471,93,484783,0.0002259435803313693
BATCH-2025-00022,13,Battery,1729,2025-10-12,2025-10-17,1642,Onsemi,USA,46,98.93,89,1,1,0.000578368999421631,1,389,10,4,341,0.00013306539717335389,0.0004888825988608853,89,428711,0.00021173401481822628
BATCH-2026-00023,49,Microcontroller,1600,2026-06-30,2026-07-06,1552,Coherent,USA,42,45.65,73,1,1,0.000625,1,650,6,2,80,0.00034438539861380375,0.0009931063632699735,93,417736,0.00013908905895273712
BATCH-2024-00024,38,Camera,8946,2024-12-11,2024-12-24,8843,Xiaomi,South Korea,52,142.13,62,2,1,0.000111781801922647,0,84,12,4,646,0.0002941454324685746,0.0007248486269555904,106,537180,0.00017585459338616095
BATCH-2026-00025,2,Motherboard,3422,2026-01-14,2026-01-25,3388,TSMC,South Korea,34,349.29,92,0,0,0.0,0,483,1,1,247,0.0001216095118122708,0.0004158402802419921,99,473547,0.0002354934172429249
BATCH-2025-00026,19,Motherboard,7493,2025-06-22,2025-07-01,6946,Sumitomo,USA,36,238.9,64,1,1,0.00013345789403443215,1,277,6,2,453,0.00016876737493119937,0.00039378300837730447,91,458378,0.0002354934172429249
BATCH-2024-00027,48,Camera,415,2024-12-16,2024-12-22,398,TE Connectivity,Germany,25,315.88,71,1,0,0.0,0,89,12,4,641,0.000215467021331229,0.0009668394253566584,108,542251,0.00017585459338616095
BATCH-2025-00028,42,Motherboard,1874,2025-06-13,2025-06-27,1787,Acer,Germany,34,85.15,90,0,0,0.0,0,268,6,2,462,5.058942432590356e-05,0.0001440589145000144,106,511239,0.0002354934172429249
BATCH-2026-00029,15,Charger,9981,2026-04-08,2026-04-18,9566,SK Hynix,Taiwan,40,342.16,65,0,0,0.0,0,567,4,2,163,0.00026051175061660777,0.0007352320636847295,93,436297,0.0002259435803313693
BATCH-2026-00030,49,Sensor,1524,2026-08-01,2026-08-06,1509,Coherent,USA,42,45.65,73,1,1,0.0006561679790026247,1,682,8,3,48,0.00034438539861380375,0.0009931063632699735,93,417736,0.00016450590746445605
BATCH-2026-00031,14,Display,277,2026-01-25,2026-02-14,268,STMicroelectronics,South Korea,31,23.81,77,0,0,0.0,0,494,1,1,236,0.0001573864901705702,0.00046936123067953895,91,385139,0.00016919115080672866
BATCH-2026-00032,7,Fan,6973,2026-03-31,2026-04-14,6650,Foxconn,USA,50,411.74,84,0,0,0.0,0,559,3,1,171,0.0003217144075727912,0.0015438669764764946,105,555087,0.00012855165100050963
BATCH-2026-00033,44,PCB,348,2026-02-22,2026-02-28,341,Wistron,South Korea,50,232.01,87,0,0,0.0,0,522,2,1,208,0.00010336577465557791,0.000380745741124954,117,590216,0.0002244207567666141
BATCH-2025-00034,37,Sensor,1325,2025-11-06,2025-11-25,1286,Huawei,USA,60,118.5,92,0,0,0.0,0,414,11,4,316,0.00010426815057621344,0.0003557497462935021,91,442918,0.00016450590746445605
BATCH-2025-00035,49,Charger,1409,2025-09-09,2025-09-22,1395,Coherent,USA,42,45.65,73,0,0,0.0,0,356,9,3,374,0.00034438539861380375,0.0009931063632699735,93,417736,0.0002259435803313693
BATCH-2026-00036,34,Memory,2936,2026-08-20,2026-09-08,2840,Renesas,China,19,153.37,81,1,0,0.0,0,701,8,3,29,0.00020629854890063796,0.000928870183527049,112,540044,0.00013960848603418856
BATCH-2025-00037,30,Memory,1567,2025-12-24,2026-01-11,1506,Western Digital,Germany,16,59.04,65,1,1,0.0006381620931716656,1,462,12,4,268,0.00026662885278630423,0.0008545899187981254,93,459619,0.00013960848603418856
BATCH-2024-00038,6,Motherboard,4249,2024-09-22,2024-10-12,4207,NVIDIA,Germany,38,463.53,74,0,0,0.0,0,4,9,3,726,0.00023377595866623649,0.0009271237760431065,104,528560,0.0002354934172429249
BATCH-2026-00039,10,Microcontroller,7410,2026-04-28,2026-05-09,7166,Panasonic,China,54,316.57,91,1,1,0.0001349527665317139,1,587,4,2,143,0.000144927638474753,0.0007549544377028447,94,435868,0.00013908905895273712
BATCH-2026-00040,24,PCB,276,2026-01-15,2026-01-21,262,Qualcomm,Germany,53,145.59,74,0,0,0.0,0,484,1,1,246,0.00017211444124561363,0.00048508112533674527,88,458321,0.0002244207567666141
BATCH-2025-00041,13,PCB,4684,2025-03-06,2025-03-16,4466,Onsemi,USA,46,98.93,89,2,2,0.0004269854824935952,1,169,3,1,561,0.00013306539717335389,0.0004888825988608853,89,428711,0.0002244207567666141
BATCH-2026-00042,27,Microcontroller,8691,2026-03-21,2026-04-04,8403,Infineon,Taiwan,51,333.1,89,0,0,0.0,0,549,3,1,181,0.00011089276239704126,0.00035581711278072977,111,553940,0.00013908905895273712
BATCH-2025-00043,6,Connector,9273,2025-07-25,2025-07-31,8556,NVIDIA,Germany,38,463.53,74,0,0,0.0,0,310,7,3,420,0.00023377595866623649,0.0009271237760431065,104,528560,0.00020757696267843906
BATCH-2025-00044,33,Camera,4594,2025-10-10,2025-10-18,4334,Denso,Taiwan,41,277.68,84,2,1,0.00021767522855898998,1,387,10,4,343,0.00013528007016307464,0.0006519489677036868,119,602071,0.00017585459338616095
BATCH-2026-00045,50,Motherboard,8425,2026-05-07,2026-05-27,7821,APC,South Korea,30,481.03,64,0,0,0.0,0,596,5,2,134,0.0002753509047441992,0.0007401953979905162,113,559124,0.0002354934172429249
BATCH-2025-00046,6,Sensor,5985,2025-06-06,2025-06-13,5925,NVIDIA,Germany,38,463.53,74,0,0,0.0,0,261,6,2,469,0.00023377595866623649,0.0009271237760431065,104,528560,0.00016450590746445605
BATCH-2025-00047,16,Charger,9242,2025-01-01,2025-01-20,9150,Hitachi,China,57,483.82,88,0,0,0.0,0,105,1,1,625,8.336477286677332e-05,0.0004697935134049564,95,503392,0.0002259435803313693
BATCH-2025-00048,47,Battery,2919,2025-11-13,2025-11-20,2726,Molex,Japan,37,191.75,76,0,0,0.0,0,421,11,4,309,0.00015063481442028842,0.00045023343696729267,102,507171,0.00021173401481822628
BATCH-2024-00049,28,Processor,7120,2024-10-28,2024-11-05,6860,Kioxia,China,36,390.8,86,0,0,0.0,0,40,10,4,690,6.548471380186631e-05,0.00020932699508353792,108,509896,0.0001723848232239575
BATCH-2025-00050,9,Sensor,5952,2025-09-29,2025-10-14,5814,Sony,Taiwan,19,33.78,81,1,1,0.00016801075268817206,1,376,9,3,354,0.00014132799993781594,0.00029553061545999206,104,509780,0.00016450590746445605
BATCH-2025-00051,42,Charger,9846,2025-09-21,2025-10-07,9481,Acer,Germany,34,85.15,90,2,2,0.00020312817387771684,1,368,9,3,362,5.058942432590356e-05,0.0001440589145000144,106,511239,0.0002259435803313693
BATCH-2025-00052,44,Memory,530,2025-09-12,2025-09-19,525,Wistron,South Korea,50,232.01,87,0,0,0.0,0,359,9,3,371,0.00010336577465557791,0.000380745741124954,117,590216,0.00013960848603418856
BATCH-2025-00053,12,Camera,6462,2025-11-08,2025-11-28,6251,Amphenol,Germany,18,446.77,96,0,0,0.0,0,416,11,4,314,8.015372036339901e-05,0.00041034141517753633,113,576135,0.00017585459338616095
BATCH-2026-00054,21,Processor,3799,2026-07-25,2026-08-07,3573,Jabil,Taiwan,58,416.67,76,0,0,0.0,0,675,7,3,55,0.00034128023110612925,0.0012045823376322067,117,579869,0.0001723848232239575
BATCH-2024-00055,5,PCB,1156,2024-10-25,2024-11-05,1057,Apple,Japan,38,226.29,64,0,0,0.0,0,37,10,4,693,0.00029304167774806515,0.0010333897385835877,92,488005,0.0002244207567666141
BATCH-2026-00056,47,PCB,8452,2026-04-25,2026-05-14,7950,Molex,Japan,37,191.75,76,0,0,0.0,0,584,4,2,146,0.00015063481442028842,0.00045023343696729267,102,507171,0.0002244207567666141
BATCH-2026-00057,17,PCB,5836,2026-04-10,2026-04-25,5588,Mitsubishi,Japan,33,186.49,72,0,0,0.0,0,569,4,2,161,0.00014815223187369047,0.00046308585294764547,114,569061,0.0002244207567666141
BATCH-2026-00058,33,Motherboard,1432,2026-05-14,2026-05-27,1403,Denso,Taiwan,41,277.68,84,0,0,0.0,0,603,5,2,127,0.00013528007016307464,0.0006519489677036868,119,602071,0.0002354934172429249
BATCH-2025-00059,49,Fan,8354,2025-08-21,2025-09-07,8104,Coherent,USA,42,45.65,73,3,3,0.0003591094086665071,1,337,8,3,393,0.00034438539861380375,0.0009931063632699735,93,417736,0.00012855165100050963
BATCH-2024-00060,20,Camera,2738,2024-11-01,2024-11-08,2512,Delta Electronics,South Korea,30,335.57,68,2,0,0.0,0,44,11,4,686,0.00014552538396359592,0.00035285670745256997,82,427248,0.00017585459338616095
BATCH-2025-00061,9,Connector,6081,2025-03-06,2025-03-16,6020,Sony,Taiwan,19,33.78,81,1,0,0.0,0,169,3,1,561,0.00014132799993781594,0.00029553061545999206,104,509780,0.00020757696267843906
BATCH-2025-00062,19,Motherboard,3342,2025-07-31,2025-08-11,3112,Sumitomo,USA,36,238.9,64,1,1,0.0002992220227408737,1,316,7,3,414,0.00016876737493119937,0.00039378300837730447,91,458378,0.0002354934172429249
BATCH-2026-00063,12,Charger,7949,2026-08-11,2026-08-26,7870,Amphenol,Germany,18,446.77,96,0,0,0.0,0,692,8,3,38,8.015372036339901e-05,0.00041034141517753633,113,576135,0.0002259435803313693
BATCH-2025-00064,46,Motherboard,3351,2025-08-20,2025-09-02,3317,Liteon,China,58,348.77,65,2,1,0.0002984183825723665,1,336,8,3,394,0.000177376316521378,0.0004995509860038717,96,502846,0.0002354934172429249
BATCH-2026-00065,25,Speaker,2103,2026-04-28,2026-05-11,2057,Broadcom,USA,26,71.6,85,2,1,0.00047551117451260106,1,587,4,2,143,9.454505074439549e-05,0.0003137783114627588,84,481980,0.00019289953369198322
BATCH-2025-00066,27,Display,2953,2025-01-25,2025-02-10,2807,Infineon,Taiwan,51,333.1,89,1,0,0.0,0,129,1,1,601,0.00011089276239704126,0.00035581711278072977,111,553940,0.00016919115080672866
BATCH-2026-00067,30,Speaker,5083,2026-06-08,2026-06-27,5021,Western Digital,Germany,16,59.04,65,0,0,0.0,0,628,6,2,102,0.00026662885278630423,0.0008545899187981254,93,459619,0.00019289953369198322
BATCH-2025-00068,7,Power IC,1041,2025-12-15,2025-12-31,1031,Foxconn,USA,50,411.74,84,1,1,0.0009606147934678194,1,453,12,4,277,0.0003217144075727912,0.0015438669764764946,105,555087,0.00017735448108886377
BATCH-2024-00069,27,Microcontroller,7262,2024-12-27,2025-01-16,7023,Infineon,Taiwan,51,333.1,89,1,1,0.00013770311209033325,1,100,12,4,630,0.00011089276239704126,0.00035581711278072977,111,553940,0.00013908905895273712
BATCH-2025-00070,48,Connector,5978,2025-08-08,2025-08-25,5658,TE Connectivity,Germany,25,315.88,71,0,0,0.0,0,324,8,3,406,0.000215467021331229,0.0009668394253566584,108,542251,0.00020757696267843906
BATCH-2025-00071,47,Microcontroller,992,2025-03-21,2025-04-06,944,Molex,Japan,37,191.75,76,0,0,0.0,0,184,3,1,546,0.00015063481442028842,0.00045023343696729267,102,507171,0.00013908905895273712
BATCH-2025-00072,30,Memory,6200,2025-01-18,2025-01-25,6122,Western Digital,Germany,16,59.04,65,1,1,0.00016129032258064516,1,122,1,1,608,0.00026662885278630423,0.0008545899187981254,93,459619,0.00013960848603418856
BATCH-2025-00073,1,Power IC,4812,2025-08-24,2025-09-08,4725,Samsung,USA,19,220.56,89,1,0,0.0,0,340,8,3,390,0.00017219294545324894,0.0013891588805521986,106,504263,0.00017735448108886377
BATCH-2025-00074,27,Fan,8013,2025-09-30,2025-10-12,7440,Infineon,Taiwan,51,333.1,89,0,0,0.0,0,377,9,3,353,0.00011089276239704126,0.00035581711278072977,111,553940,0.00012855165100050963
BATCH-2024-00075,7,Microcontroller,8466,2024-12-14,2024-12-31,8381,Foxconn,USA,50,411.74,84,2,1,0.00011811953697141507,0,87,12,4,643,0.0003217144075727912,0.0015438669764764946,105,555087,0.00013908905895273712
BATCH-2026-00076,6,Sensor,6613,2026-03-04,2026-03-15,6298,NVIDIA,Germany,38,463.53,74,0,0,0.0,0,532,3,1,198,0.00023377595866623649,0.0009271237760431065,104,528560,0.00016450590746445605
BATCH-2025-00077,11,Speaker,7333,2025-05-19,2025-06-04,7223,Murata,Japan,22,178.55,88,1,1,0.00013636983499249966,1,243,5,2,487,0.00015599689945027513,0.0009387029695731565,105,551463,0.00019289953369198322
BATCH-2026-00078,45,Power IC,2778,2026-04-21,2026-05-01,2655,Pegatron,Taiwan,47,251.52,66,2,1,0.0003599712023038157,1,580,4,2,150,0.0001275169517997213,0.0003266025273992103,94,477190,0.00017735448108886377
BATCH-2025-00079,16,Battery,9617,2025-01-03,2025-01-09,9162,Hitachi,China,57,483.82,88,0,0,0.0,0,107,1,1,623,8.336477286677332e-05,0.0004697935134049564,95,503392,0.00021173401481822628
BATCH-2024-00080,47,Motherboard,3895,2024-12-20,2025-01-05,3700,Molex,Japan,37,191.75,76,1,1,0.00025673940949935817,1,93,12,4,637,0.00015063481442028842,0.00045023343696729267,102,507171,0.0002354934172429249
BATCH-2026-00081,48,Microcontroller,3672,2026-04-10,2026-04-24,3540,TE Connectivity,Germany,25,315.88,71,2,2,0.0005446623093681918,1,569,4,2,161,0.000215467021331229,0.0009668394253566584,108,542251,0.00013908905895273712
BATCH-2024-00082,24,Speaker,9868,2024-09-21,2024-10-07,9746,Qualcomm,Germany,53,145.59,74,3,2,0.00020267531414673692,1,3,9,3,727,0.00017211444124561363,0.00048508112533674527,88,458321,0.00019289953369198322
BATCH-2026-00083,22,Display,2782,2026-05-31,2026-06-19,2580,Flex,China,43,157.56,86,1,1,0.0003594536304816679,1,620,5,2,110,6.527455789884103e-05,0.00021075148645526503,94,530055,0.00016919115080672866
BATCH-2024-00084,32,Sensor,5924,2024-10-11,2024-10-26,5779,Canon,South Korea,54,382.97,81,2,1,0.00016880486158001352,1,23,10,4,707,8.286140374041643e-05,0.0002525478149158471,93,484783,0.00016450590746445605
BATCH-2026-00085,5,Sensor,7254,2026-05-13,2026-05-24,6656,Apple,Japan,38,226.29,64,1,1,0.00013785497656465398,1,602,5,2,128,0.00029304167774806515,0.0010333897385835877,92,488005,0.00016450590746445605
BATCH-2024-00086,15,Charger,4479,2024-09-26,2024-10-05,4352,SK Hynix,Taiwan,40,342.16,65,0,0,0.0,0,8,9,3,722,0.00026051175061660777,0.0007352320636847295,93,436297,0.0002259435803313693
BATCH-2024-00087,37,Motherboard,5495,2024-12-07,2024-12-18,5408,Huawei,USA,60,118.5,92,0,0,0.0,0,80,12,4,650,0.00010426815057621344,0.0003557497462935021,91,442918,0.0002354934172429249
BATCH-2026-00088,50,Speaker,2910,2026-04-08,2026-04-26,2838,APC,South Korea,30,481.03,64,4,2,0.0006872852233676976,1,567,4,2,163,0.0002753509047441992,0.0007401953979905162,113,559124,0.00019289953369198322
BATCH-2026-00089,34,Microcontroller,337,2026-01-16,2026-01-23,334,Renesas,China,19,153.37,81,0,0,0.0,0,485,1,1,245,0.00020629854890063796,0.000928870183527049,112,540044,0.00013908905895273712
BATCH-2026-00090,33,Speaker,8981,2026-06-10,2026-06-15,8604,Denso,Taiwan,41,277.68,84,0,0,0.0,0,630,6,2,100,0.00013528007016307464,0.0006519489677036868,119,602071,0.00019289953369198322
BATCH-2026-00091,23,Battery,8558,2026-04-08,2026-04-25,8319,ASE,Japan,50,402.77,91,0,0,0.0,0,567,4,2,163,6.663525433902222e-05,0.00015954052120490043,90,441864,0.00021173401481822628
BATCH-2026-00092,10,Charger,6597,2026-07-13,2026-07-18,6458,Panasonic,China,54,316.57,91,0,0,0.0,0,663,7,3,67,0.000144927638474753,0.0007549544377028447,94,435868,0.0002259435803313693
BATCH-2025-00093,8,Processor,8218,2025-12-04,2025-12-24,7654,LG Chem,South Korea,40,115.16,76,0,0,0.0,0,442,12,4,288,0.00013285380642027623,0.00028745834951003884,92,477433,0.0001723848232239575
BATCH-2025-00094,41,Charger,8509,2025-03-15,2025-03-20,8424,HP,Japan,60,204.38,85,2,1,0.0001175226231049477,0,178,3,1,552,0.00012231852387452777,0.00025339821295037224,87,408153,0.0002259435803313693
BATCH-2026-00095,49,Fan,1290,2026-04-04,2026-04-22,1277,Coherent,USA,42,45.65,73,0,0,0.0,0,563,4,2,167,0.00034438539861380375,0.0009931063632699735,93,417736,0.00012855165100050963
BATCH-2025-00096,35,Sensor,497,2025-08-17,2025-08-25,491,Nokia,Japan,42,219.49,61,1,0,0.0,0,333,8,3,397,0.00019787338089100073,0.0003538789829112609,102,503406,0.00016450590746445605
BATCH-2026-00097,28,Power IC,951,2026-06-01,2026-06-13,894,Kioxia,China,36,390.8,86,1,1,0.0010515247108307045,1,621,6,2,109,6.548471380186631e-05,0.00020932699508353792,108,509896,0.00017735448108886377
BATCH-2024-00098,8,Processor,2011,2024-09-29,2024-10-08,1988,LG Chem,South Korea,40,115.16,76,1,1,0.0004972650422675286,1,11,9,3,719,0.00013285380642027623,0.00028745834951003884,92,477433,0.0001723848232239575
BATCH-2025-00099,27,Microcontroller,7520,2025-12-08,2025-12-21,7175,Infineon,Taiwan,51,333.1,89,0,0,0.0,0,446,12,4,284,0.00011089276239704126,0.00035581711278072977,111,553940,0.00013908905895273712
BATCH-2025-00100,3,Processor,519,2025-02-24,2025-03-15,473,Corning,Taiwan,24,487.86,63,1,1,0.0019267822736030828,1,159,2,1,571,0.0005290924687400791,0.0022824547846740364,105,511267,0.0001723848232239575
BATCH-2024-00101,21,Battery,3774,2024-11-23,2024-12-10,3554,Jabil,Taiwan,58,416.67,76,3,2,0.0005299417064122947,1,66,11,4,664,0.00034128023110612925,0.0012045823376322067,117,579869,0.00021173401481822628
BATCH-2025-00102,10,Power IC,4640,2025-10-19,2025-11-05,4534,Panasonic,China,54,316.57,91,0,0,0.0,0,396,10,4,334,0.000144927638474753,0.0007549544377028447,94,435868,0.00017735448108886377
BATCH-2025-00103,44,Power IC,4521,2025-01-01,2025-01-09,4384,Wistron,South Korea,50,232.01,87,0,0,0.0,0,105,1,1,625,0.00010336577465557791,0.000380745741124954,117,590216,0.00017735448108886377
BATCH-2025-00104,48,Connector,5822,2025-10-15,2025-10-31,5564,TE Connectivity,Germany,25,315.88,71,2,1,0.00017176228100309173,1,392,10,4,338,0.000215467021331229,0.0009668394253566584,108,542251,0.00020757696267843906
BATCH-2025-00105,23,Microcontroller,1663,2025-01-04,2025-01-16,1646,ASE,Japan,50,402.77,91,1,1,0.0006013229104028864,1,108,1,1,622,6.663525433902222e-05,0.00015954052120490043,90,441864,0.00013908905895273712
BATCH-2024-00106,26,Fan,4794,2024-12-21,2024-12-27,4612,Texas Instruments,South Korea,53,5.67,67,0,0,0.0,0,94,12,4,636,0.0002658174764162671,0.0009122443285503541,102,493376,0.00012855165100050963
BATCH-2025-00107,48,Camera,1024,2025-04-28,2025-05-12,996,TE Connectivity,Germany,25,315.88,71,0,0,0.0,0,222,4,2,508,0.000215467021331229,0.0009668394253566584,108,542251,0.00017585459338616095
BATCH-2026-00108,22,Connector,6383,2026-08-28,2026-09-08,6106,Flex,China,43,157.56,86,1,1,0.00015666614444618518,1,709,8,3,21,6.527455789884103e-05,0.00021075148645526503,94,530055,0.00020757696267843906
BATCH-2025-00109,43,Camera,9497,2025-11-21,2025-12-05,8951,ASUSTeK,USA,30,46.84,60,1,0,0.0,0,429,11,4,301,0.00044469895714356904,0.0012463320250862553,87,411235,0.00017585459338616095
BATCH-2025-00110,16,Charger,4242,2025-09-01,2025-09-13,4200,Hitachi,China,57,483.82,88,0,0,0.0,0,348,9,3,382,8.336477286677332e-05,0.0004697935134049564,95,503392,0.0002259435803313693
BATCH-2025-00111,5,Power IC,3573,2025-11-05,2025-11-19,3396,Apple,Japan,38,226.29,64,1,1,0.000279876854184159,1,413,11,4,317,0.00029304167774806515,0.0010333897385835877,92,488005,0.00017735448108886377
BATCH-2025-00112,36,Power IC,6559,2025-12-12,2025-12-22,6249,Ericsson,Germany,60,205.45,68,4,3,0.00045738679676779996,1,450,12,4,280,0.00016582352511078637,0.0003750099810004351,109,536222,0.00017735448108886377
BATCH-2025-00113,18,Memory,2050,2025-07-29,2025-08-11,2030,Bosch,Germany,18,96.36,77,0,0,0.0,0,314,7,3,416,0.00021806730730221415,0.0007021012099867912,110,557568,0.00013960848603418856
BATCH-2026-00114,32,Microcontroller,5176,2026-05-01,2026-05-17,5048,Canon,South Korea,54,382.97,81,0,0,0.0,0,590,5,2,140,8.286140374041643e-05,0.0002525478149158471,93,484783,0.00013908905895273712
BATCH-2025-00115,7,Fan,8518,2025-09-20,2025-10-06,8144,Foxconn,USA,50,411.74,84,0,0,0.0,0,367,9,3,363,0.0003217144075727912,0.0015438669764764946,105,555087,0.00012855165100050963
BATCH-2025-00116,27,Camera,3213,2025-10-02,2025-10-20,3181,Infineon,Taiwan,51,333.1,89,0,0,0.0,0,379,10,4,351,0.00011089276239704126,0.00035581711278072977,111,553940,0.00017585459338616095
BATCH-2024-00117,44,PCB,8237,2024-10-28,2024-11-03,8152,Wistron,South Korea,50,232.01,87,0,0,0.0,0,40,10,4,690,0.00010336577465557791,0.000380745741124954,117,590216,0.0002244207567666141
BATCH-2026-00118,15,Sensor,1812,2026-03-05,2026-03-15,1654,SK Hynix,Taiwan,40,342.16,65,0,0,0.0,0,533,3,1,197,0.00026051175061660777,0.0007352320636847295,93,436297,0.00016450590746445605
BATCH-2026-00119,46,Processor,4423,2026-05-14,2026-05-30,4379,Liteon,China,58,348.77,65,1,1,0.00022609088853719196,1,603,5,2,127,0.000177376316521378,0.0004995509860038717,96,502846,0.0001723848232239575
BATCH-2025-00120,43,Speaker,1620,2025-03-11,2025-03-25,1485,ASUSTeK,USA,30,46.84,60,1,1,0.0006172839506172839,1,174,3,1,556,0.00044469895714356904,0.0012463320250862553,87,411235,0.00019289953369198322
BATCH-2026-00121,26,Connector,5067,2026-08-18,2026-08-24,4921,Texas Instruments,South Korea,53,5.67,67,3,2,0.00039471087428458656,1,699,8,3,31,0.0002658174764162671,0.0009122443285503541,102,493376,0.00020757696267843906
BATCH-2026-00122,50,Connector,3178,2026-04-03,2026-04-19,2919,APC,South Korea,30,481.03,64,0,0,0.0,0,562,4,2,168,0.0002753509047441992,0.0007401953979905162,113,559124,0.00020757696267843906
BATCH-2025-00123,38,Connector,9264,2025-12-29,2026-01-08,9038,Xiaomi,South Korea,52,142.13,62,0,0,0.0,0,467,12,4,263,0.0002941454324685746,0.0007248486269555904,106,537180,0.00020757696267843906
BATCH-2025-00124,1,Motherboard,5298,2025-08-24,2025-08-31,5101,Samsung,USA,19,220.56,89,0,0,0.0,0,340,8,3,390,0.00017219294545324894,0.0013891588805521986,106,504263,0.0002354934172429249
BATCH-2026-00125,21,PCB,9212,2026-09-10,2026-09-30,8716,Jabil,Taiwan,58,416.67,76,0,0,0.0,0,722,9,3,8,0.00034128023110612925,0.0012045823376322067,117,579869,0.0002244207567666141
BATCH-2026-00126,28,PCB,9905,2026-01-06,2026-01-13,9806,Kioxia,China,36,390.8,86,0,0,0.0,0,475,1,1,255,6.548471380186631e-05,0.00020932699508353792,108,509896,0.0002244207567666141
BATCH-2024-00127,43,Connector,3353,2024-11-15,2024-12-03,3220,ASUSTeK,USA,30,46.84,60,0,0,0.0,0,58,11,4,672,0.00044469895714356904,0.0012463320250862553,87,411235,0.00020757696267843906
BATCH-2026-00128,38,Sensor,4746,2026-07-20,2026-07-27,4425,Xiaomi,South Korea,52,142.13,62,0,0,0.0,0,670,7,3,60,0.0002941454324685746,0.0007248486269555904,106,537180,0.00016450590746445605
BATCH-2024-00129,13,Fan,9414,2024-10-20,2024-11-04,9320,Onsemi,USA,46,98.93,89,1,0,0.0,0,32,10,4,698,0.00013306539717335389,0.0004888825988608853,89,428711,0.00012855165100050963
BATCH-2026-00130,12,Battery,4953,2026-09-14,2026-09-28,4589,Amphenol,Germany,18,446.77,96,1,1,0.0002018978396931153,1,726,9,3,4,8.015372036339901e-05,0.00041034141517753633,113,576135,0.00021173401481822628
BATCH-2025-00131,1,Display,2762,2025-03-14,2025-04-01,2724,Samsung,USA,19,220.56,89,1,0,0.0,0,177,3,1,553,0.00017219294545324894,0.0013891588805521986,106,504263,0.00016919115080672866
BATCH-2025-00132,43,Memory,6527,2025-07-11,2025-07-26,6201,ASUSTeK,USA,30,46.84,60,0,0,0.0,0,296,7,3,434,0.00044469895714356904,0.0012463320250862553,87,411235,0.00013960848603418856
BATCH-2025-00133,31,Processor,7277,2025-06-12,2025-06-28,7204,Kyocera,USA,35,236.61,85,1,1,0.0001374192661811186,1,267,6,2,463,0.00018411673535101585,0.0009126920964599268,104,605811,0.0001723848232239575
BATCH-2025-00134,27,Microcontroller,8461,2025-05-17,2025-05-29,8355,Infineon,Taiwan,51,333.1,89,0,0,0.0,0,241,5,2,489,0.00011089276239704126,0.00035581711278072977,111,553940,0.00013908905895273712
BATCH-2025-00135,35,PCB,3762,2025-09-21,2025-10-02,3521,Nokia,Japan,42,219.49,61,3,2,0.000531632110579479,1,368,9,3,362,0.00019787338089100073,0.0003538789829112609,102,503406,0.0002244207567666141
BATCH-2025-00136,46,Display,8518,2025-06-25,2025-07-05,7975,Liteon,China,58,348.77,65,0,0,0.0,0,280,6,2,450,0.000177376316521378,0.0004995509860038717,96,502846,0.00016919115080672866
BATCH-2026-00137,2,Connector,9983,2026-07-19,2026-08-03,9620,TSMC,South Korea,34,349.29,92,1,1,0.00010017028949213663,0,669,7,3,61,0.0001216095118122708,0.0004158402802419921,99,473547,0.00020757696267843906
BATCH-2025-00138,32,Processor,3455,2025-05-07,2025-05-15,3348,Canon,South Korea,54,382.97,81,0,0,0.0,0,231,5,2,499,8.286140374041643e-05,0.0002525478149158471,93,484783,0.0001723848232239575
BATCH-2025-00139,31,Fan,6939,2025-08-11,2025-08-22,6525,Kyocera,USA,35,236.61,85,2,1,0.00014411298457991066,1,327,8,3,403,0.00018411673535101585,0.0009126920964599268,104,605811,0.00012855165100050963
BATCH-2025-00140,16,Memory,172,2025-07-18,2025-07-27,165,Hitachi,China,57,483.82,88,0,0,0.0,0,303,7,3,427,8.336477286677332e-05,0.0004697935134049564,95,503392,0.00013960848603418856
BATCH-2026-00141,27,Power IC,7164,2026-09-04,2026-09-21,7092,Infineon,Taiwan,51,333.1,89,0,0,0.0,0,716,9,3,14,0.00011089276239704126,0.00035581711278072977,111,553940,0.00017735448108886377
BATCH-2026-00142,32,Microcontroller,7638,2026-01-06,2026-01-25,6971,Canon,South Korea,54,382.97,81,0,0,0.0,0,475,1,1,255,8.286140374041643e-05,0.0002525478149158471,93,484783,0.00013908905895273712
BATCH-2026-00143,15,Microcontroller,6271,2026-04-11,2026-04-23,6123,SK Hynix,Taiwan,40,342.16,65,2,2,0.0003189284005740711,1,570,4,2,160,0.00026051175061660777,0.0007352320636847295,93,436297,0.00013908905895273712
BATCH-2026-00144,44,Memory,7351,2026-05-01,2026-05-13,7038,Wistron,South Korea,50,232.01,87,1,1,0.00013603591348115902,1,590,5,2,140,0.00010336577465557791,0.000380745741124954,117,590216,0.00013960848603418856
BATCH-2026-00145,49,Speaker,4227,2026-08-26,2026-09-01,4108,Coherent,USA,42,45.65,73,1,0,0.0,0,707,8,3,23,0.00034438539861380375,0.0009931063632699735,93,417736,0.00019289953369198322
BATCH-2026-00146,50,PCB,7364,2026-08-27,2026-09-12,6974,APC,South Korea,30,481.03,64,2,2,0.00027159152634437803,1,708,8,3,22,0.0002753509047441992,0.0007401953979905162,113,559124,0.0002244207567666141
BATCH-2024-00147,1,Display,3048,2024-10-17,2024-10-30,2948,Samsung,USA,19,220.56,89,1,0,0.0,0,29,10,4,701,0.00017219294545324894,0.0013891588805521986,106,504263,0.00016919115080672866
BATCH-2026-00148,39,Fan,9857,2026-06-07,2026-06-19,9064,Lenovo,Taiwan,57,331.63,71,1,1,0.00010145074566298062,0,627,6,2,103,0.00017438124238925042,0.000501056949565781,101,560841,0.00012855165100050963
BATCH-2026-00149,13,Connector,832,2026-04-20,2026-05-05,802,Onsemi,USA,46,98.93,89,1,1,0.001201923076923077,1,579,4,2,151,0.00013306539717335389,0.0004888825988608853,89,428711,0.00020757696267843906
BATCH-2025-00150,5,Memory,8041,2025-03-31,2025-04-19,7853,Apple,Japan,38,226.29,64,1,1,0.00012436264146250465,0,194,3,1,536,0.00029304167774806515,0.0010333897385835877,92,488005,0.00013960848603418856
BATCH-2025-00151,12,Processor,645,2025-06-17,2025-07-07,620,Amphenol,Germany,18,446.77,96,0,0,0.0,0,272,6,2,458,8.015372036339901e-05,0.00041034141517753633,113,576135,0.0001723848232239575
BATCH-2026-00152,3,Microcontroller,6786,2026-03-28,2026-04-13,6568,Corning,Taiwan,24,487.86,63,3,1,0.00014736221632773356,1,556,3,1,174,0.0005290924687400791,0.0022824547846740364,105,511267,0.00013908905895273712
BATCH-2026-00153,1,Fan,7425,2026-03-11,2026-03-22,7322,Samsung,USA,19,220.56,89,0,0,0.0,0,539,3,1,191,0.00017219294545324894,0.0013891588805521986,106,504263,0.00012855165100050963
BATCH-2024-00154,41,Fan,2422,2024-12-01,2024-12-15,2338,HP,Japan,60,204.38,85,0,0,0.0,0,74,12,4,656,0.00012231852387452777,0.00025339821295037224,87,408153,0.00012855165100050963
BATCH-2025-00155,23,Processor,9522,2025-09-28,2025-10-07,9427,ASE,Japan,50,402.77,91,1,1,0.00010501995379122033,0,375,9,3,355,6.663525433902222e-05,0.00015954052120490043,90,441864,0.0001723848232239575
BATCH-2026-00156,34,Motherboard,4073,2026-02-10,2026-03-01,4032,Renesas,China,19,153.37,81,1,0,0.0,0,510,2,1,220,0.00020629854890063796,0.000928870183527049,112,540044,0.0002354934172429249
BATCH-2026-00157,13,Camera,4208,2026-06-02,2026-06-15,4166,Onsemi,USA,46,98.93,89,1,1,0.0002376425855513308,1,622,6,2,108,0.00013306539717335389,0.0004888825988608853,89,428711,0.00017585459338616095
BATCH-2026-00158,18,Fan,3059,2026-02-18,2026-03-04,2941,Bosch,Germany,18,96.36,77,2,0,0.0,0,518,2,1,212,0.00021806730730221415,0.0007021012099867912,110,557568,0.00012855165100050963
BATCH-2026-00159,6,Camera,5542,2026-06-27,2026-07-15,5437,NVIDIA,Germany,38,463.53,74,0,0,0.0,0,647,6,2,83,0.00023377595866623649,0.0009271237760431065,104,528560,0.00017585459338616095
BATCH-2025-00160,10,Speaker,3485,2025-08-12,2025-08-28,3450,Panasonic,China,54,316.57,91,3,2,0.0005738880918220947,1,328,8,3,402,0.000144927638474753,0.0007549544377028447,94,435868,0.00019289953369198322
BATCH-2025-00161,27,Microcontroller,6419,2025-04-22,2025-05-09,6268,Infineon,Taiwan,51,333.1,89,1,1,0.00015578750584203146,1,216,4,2,514,0.00011089276239704126,0.00035581711278072977,111,553940,0.00013908905895273712
BATCH-2025-00162,21,Display,5791,2025-02-01,2025-02-21,5424,Jabil,Taiwan,58,416.67,76,2,1,0.0001726817475392851,1,136,2,1,594,0.00034128023110612925,0.0012045823376322067,117,579869,0.00016919115080672866
BATCH-2025-00163,37,Power IC,696,2025-07-01,2025-07-13,689,Huawei,USA,60,118.5,92,1,1,0.0014367816091954023,1,286,7,3,444,0.00010426815057621344,0.0003557497462935021,91,442918,0.00017735448108886377
BATCH-2024-00164,46,Charger,1430,2024-12-02,2024-12-12,1331,Liteon,China,58,348.77,65,1,0,0.0,0,75,12,4,655,0.000177376316521378,0.0004995509860038717,96,502846,0.0002259435803313693
BATCH-2024-00165,18,Battery,5593,2024-09-30,2024-10-09,5446,Bosch,Germany,18,96.36,77,0,0,0.0,0,12,9,3,718,0.00021806730730221415,0.0007021012099867912,110,557568,0.00021173401481822628
BATCH-2025-00166,23,Fan,3498,2025-08-12,2025-08-23,3287,ASE,Japan,50,402.77,91,0,0,0.0,0,328,8,3,402,6.663525433902222e-05,0.00015954052120490043,90,441864,0.00012855165100050963
BATCH-2025-00167,49,Motherboard,5081,2025-10-17,2025-11-06,4896,Coherent,USA,42,45.65,73,2,1,0.000196811651249754,1,394,10,4,336,0.00034438539861380375,0.0009931063632699735,93,417736,0.0002354934172429249
BATCH-2025-00168,15,Connector,2427,2025-11-01,2025-11-11,2356,SK Hynix,Taiwan,40,342.16,65,0,0,0.0,0,409,11,4,321,0.00026051175061660777,0.0007352320636847295,93,436297,0.00020757696267843906
BATCH-2026-00169,16,Memory,9842,2026-03-13,2026-03-21,9704,Hitachi,China,57,483.82,88,0,0,0.0,0,541,3,1,189,8.336477286677332e-05,0.0004697935134049564,95,503392,0.00013960848603418856
BATCH-2026-00170,30,Processor,3064,2026-06-03,2026-06-11,3001,Western Digital,Germany,16,59.04,65,3,2,0.0006527415143603133,1,623,6,2,107,0.00026662885278630423,0.0008545899187981254,93,459619,0.0001723848232239575
BATCH-2026-00171,9,Battery,3535,2026-06-18,2026-06-23,3476,Sony,Taiwan,19,33.78,81,0,0,0.0,0,638,6,2,92,0.00014132799993781594,0.00029553061545999206,104,509780,0.00021173401481822628
BATCH-2025-00172,15,Camera,7941,2025-11-19,2025-12-06,7774,SK Hynix,Taiwan,40,342.16,65,0,0,0.0,0,427,11,4,303,0.00026051175061660777,0.0007352320636847295,93,436297,0.00017585459338616095
BATCH-2026-00173,44,Sensor,9505,2026-09-14,2026-09-28,9195,Wistron,South Korea,50,232.01,87,2,2,0.00021041557075223566,1,726,9,3,4,0.00010336577465557791,0.000380745741124954,117,590216,0.00016450590746445605
BATCH-2025-00174,34,Sensor,1933,2025-01-20,2025-02-02,1914,Renesas,China,19,153.37,81,1,0,0.0,0,124,1,1,606,0.00020629854890063796,0.000928870183527049,112,540044,0.00016450590746445605
BATCH-2026-00175,22,Speaker,3257,2026-08-16,2026-09-02,3163,Flex,China,43,157.56,86,0,0,0.0,0,697,8,3,33,6.527455789884103e-05,0.00021075148645526503,94,530055,0.00019289953369198322
BATCH-2026-00176,26,Display,454,2026-08-03,2026-08-23,427,Texas Instruments,South Korea,53,5.67,67,2,2,0.004405286343612335,1,684,8,3,46,0.0002658174764162671,0.0009122443285503541,102,493376,0.00016919115080672866
BATCH-2025-00177,15,Processor,607,2025-03-16,2025-03-30,568,SK Hynix,Taiwan,40,342.16,65,2,1,0.0016474464579901153,1,179,3,1,551,0.00026051175061660777,0.0007352320636847295,93,436297,0.0001723848232239575
BATCH-2026-00178,4,Camera,5209,2026-04-17,2026-04-27,5069,Intel,China,48,393.46,88,0,0,0.0,0,576,4,2,154,0.00018841892264149143,0.0009961276293195824,96,400272,0.00017585459338616095
BATCH-2025-00179,43,Display,6392,2025-06-25,2025-07-12,5942,ASUSTeK,USA,30,46.84,60,2,1,0.00015644555694618273,1,280,6,2,450,0.00044469895714356904,0.0012463320250862553,87,411235,0.00016919115080672866
BATCH-2026-00180,4,Sensor,2149,2026-09-01,2026-09-10,2092,Intel,China,48,393.46,88,1,1,0.00046533271288971617,1,713,9,3,17,0.00018841892264149143,0.0009961276293195824,96,400272,0.00016450590746445605
BATCH-2024-00181,12,Connector,1599,2024-09-19,2024-09-28,1536,Amphenol,Germany,18,446.77,96,0,0,0.0,0,1,9,3,729,8.015372036339901e-05,0.00041034141517753633,113,576135,0.00020757696267843906
BATCH-2024-00182,6,Battery,112,2024-12-08,2024-12-21,105,NVIDIA,Germany,38,463.53,74,1,1,0.008928571428571428,1,81,12,4,649,0.00023377595866623649,0.0009271237760431065,104,528560,0.00021173401481822628
BATCH-2025-00183,2,Charger,4160,2025-07-29,2025-08-11,3982,TSMC,South Korea,34,349.29,92,0,0,0.0,0,314,7,3,416,0.0001216095118122708,0.0004158402802419921,99,473547,0.0002259435803313693
BATCH-2025-00184,40,Memory,2677,2025-03-04,2025-03-14,2452,Dell,China,20,392.38,81,0,0,0.0,0,167,3,1,563,0.00013234425192726218,0.0003712523513249762,101,498329,0.00013960848603418856
BATCH-2026-00185,46,Sensor,8647,2026-01-29,2026-02-08,8349,Liteon,China,58,348.77,65,1,1,0.00011564704521799469,0,498,1,1,232,0.000177376316521378,0.0004995509860038717,96,502846,0.00016450590746445605
BATCH-2025-00186,12,Camera,9311,2025-09-05,2025-09-10,8924,Amphenol,Germany,18,446.77,96,1,0,0.0,0,352,9,3,378,8.015372036339901e-05,0.00041034141517753633,113,576135,0.00017585459338616095
BATCH-2025-00187,44,Speaker,1994,2025-01-05,2025-01-19,1941,Wistron,South Korea,50,232.01,87,1,1,0.0005015045135406219,1,109,1,1,621,0.00010336577465557791,0.000380745741124954,117,590216,0.00019289953369198322
BATCH-2024-00188,3,Processor,9197,2024-11-22,2024-11-27,8978,Corning,Taiwan,24,487.86,63,0,0,0.0,0,65,11,4,665,0.0005290924687400791,0.0022824547846740364,105,511267,0.0001723848232239575
BATCH-2024-00189,41,Processor,1620,2024-12-07,2024-12-23,1604,HP,Japan,60,204.38,85,0,0,0.0,0,80,12,4,650,0.00012231852387452777,0.00025339821295037224,87,408153,0.0001723848232239575
BATCH-2025-00190,32,Display,5735,2025-03-05,2025-03-19,5313,Canon,South Korea,54,382.97,81,2,1,0.0001743679163034002,1,168,3,1,562,8.286140374041643e-05,0.0002525478149158471,93,484783,0.00016919115080672866
BATCH-2026-00191,25,Processor,2878,2026-06-02,2026-06-15,2848,Broadcom,USA,26,71.6,85,0,0,0.0,0,622,6,2,108,9.454505074439549e-05,0.0003137783114627588,84,481980,0.0001723848232239575
BATCH-2026-00192,31,Fan,7752,2026-09-14,2026-10-02,7572,Kyocera,USA,35,236.61,85,1,1,0.00012899896800825592,0,726,9,3,4,0.00018411673535101585,0.0009126920964599268,104,605811,0.00012855165100050963
BATCH-2025-00193,13,Fan,5614,2025-08-15,2025-09-04,5558,Onsemi,USA,46,98.93,89,0,0,0.0,0,331,8,3,399,0.00013306539717335389,0.0004888825988608853,89,428711,0.00012855165100050963
BATCH-2026-00194,31,Display,3679,2026-03-07,2026-03-25,3642,Kyocera,USA,35,236.61,85,0,0,0.0,0,535,3,1,195,0.00018411673535101585,0.0009126920964599268,104,605811,0.00016919115080672866
BATCH-2025-00195,28,PCB,1218,2025-11-30,2025-12-09,1206,Kioxia,China,36,390.8,86,0,0,0.0,0,438,11,4,292,6.548471380186631e-05,0.00020932699508353792,108,509896,0.0002244207567666141
BATCH-2026-00196,11,Power IC,3244,2026-05-11,2026-05-17,3204,Murata,Japan,22,178.55,88,2,2,0.0006165228113440197,1,600,5,2,130,0.00015599689945027513,0.0009387029695731565,105,551463,0.00017735448108886377
BATCH-2024-00197,37,Charger,3895,2024-10-01,2024-10-17,3703,Huawei,USA,60,118.5,92,1,1,0.00025673940949935817,1,13,10,4,717,0.00010426815057621344,0.0003557497462935021,91,442918,0.0002259435803313693
BATCH-2025-00198,9,PCB,7110,2025-04-26,2025-05-12,7039,Sony,Taiwan,19,33.78,81,1,1,0.00014064697609001407,1,220,4,2,510,0.00014132799993781594,0.00029553061545999206,104,509780,0.0002244207567666141
BATCH-2025-00199,7,Fan,1564,2025-11-25,2025-12-03,1534,Foxconn,USA,50,411.74,84,0,0,0.0,0,433,11,4,297,0.0003217144075727912,0.0015438669764764946,105,555087,0.00012855165100050963
BATCH-2024-00200,7,Speaker,6962,2024-10-31,2024-11-07,6803,Foxconn,USA,50,411.74,84,0,0,0.0,0,43,10,4,687,0.0003217144075727912,0.0015438669764764946,105,555087,0.00019289953369198322
BATCH-2024-00201,7,Microcontroller,2723,2024-09-20,2024-10-09,2696,Foxconn,USA,50,411.74,84,1,1,0.0003672420124862284,1,2,9,3,728,0.0003217144075727912,0.0015438669764764946,105,555087,0.00013908905895273712
BATCH-2025-00202,1,Power IC,5888,2025-06-28,2025-07-05,5807,Samsung,USA,19,220.56,89,1,0,0.0,0,283,6,2,447,0.00017219294545324894,0.0013891588805521986,106,504263,0.00017735448108886377
BATCH-2025-00203,5,Fan,4209,2025-10-14,2025-10-21,4015,Apple,Japan,38,226.29,64,1,0,0.0,0,391,10,4,339,0.00029304167774806515,0.0010333897385835877,92,488005,0.00012855165100050963
BATCH-2025-00204,32,Motherboard,600,2025-08-10,2025-08-24,591,Canon,South Korea,54,382.97,81,1,1,0.0016666666666666668,1,326,8,3,404,8.286140374041643e-05,0.0002525478149158471,93,484783,0.0002354934172429249
BATCH-2026-00205,18,Speaker,9770,2026-05-21,2026-05-29,9672,Bosch,Germany,18,96.36,77,2,2,0.00020470829068577277,1,610,5,2,120,0.00021806730730221415,0.0007021012099867912,110,557568,0.00019289953369198322
BATCH-2026-00206,1,Battery,2389,2026-05-29,2026-06-16,2344,Samsung,USA,19,220.56,89,1,1,0.0004185851820845542,1,618,5,2,112,0.00017219294545324894,0.0013891588805521986,106,504263,0.00021173401481822628
BATCH-2025-00207,31,Power IC,1934,2025-10-27,2025-11-09,1907,Kyocera,USA,35,236.61,85,0,0,0.0,0,404,10,4,326,0.00018411673535101585,0.0009126920964599268,104,605811,0.00017735448108886377
BATCH-2026-00208,20,Memory,7285,2026-03-29,2026-04-12,6978,Delta Electronics,South Korea,30,335.57,68,1,1,0.00013726835964310226,1,557,3,1,173,0.00014552538396359592,0.00035285670745256997,82,427248,0.00013960848603418856
BATCH-2025-00209,36,Microcontroller,1583,2025-07-21,2025-08-09,1514,Ericsson,Germany,60,205.45,68,1,0,0.0,0,306,7,3,424,0.00016582352511078637,0.0003750099810004351,109,536222,0.00013908905895273712
BATCH-2025-00210,26,Processor,7981,2025-06-06,2025-06-19,7564,Texas Instruments,South Korea,53,5.67,67,1,0,0.0,0,261,6,2,469,0.0002658174764162671,0.0009122443285503541,102,493376,0.0001723848232239575
BATCH-2026-00211,47,Display,7745,2026-06-29,2026-07-14,7548,Molex,Japan,37,191.75,76,1,1,0.0001291155584247902,0,649,6,2,81,0.00015063481442028842,0.00045023343696729267,102,507171,0.00016919115080672866
BATCH-2025-00212,20,Sensor,1578,2025-06-07,2025-06-27,1498,Delta Electronics,South Korea,30,335.57,68,1,1,0.0006337135614702154,1,262,6,2,468,0.00014552538396359592,0.00035285670745256997,82,427248,0.00016450590746445605
BATCH-2026-00213,35,Battery,9208,2026-06-07,2026-06-27,8525,Nokia,Japan,42,219.49,61,0,0,0.0,0,627,6,2,103,0.00019787338089100073,0.0003538789829112609,102,503406,0.00021173401481822628
BATCH-2026-00214,46,Charger,4751,2026-06-22,2026-07-08,4557,Liteon,China,58,348.77,65,2,1,0.00021048200378867606,1,642,6,2,88,0.000177376316521378,0.0004995509860038717,96,502846,0.0002259435803313693
BATCH-2025-00215,33,Connector,4189,2025-09-30,2025-10-06,3807,Denso,Taiwan,41,277.68,84,0,0,0.0,0,377,9,3,353,0.00013528007016307464,0.0006519489677036868,119,602071,0.00020757696267843906
BATCH-2026-00216,38,Memory,7852,2026-08-12,2026-08-26,7284,Xiaomi,South Korea,52,142.13,62,2,2,0.00025471217524197657,1,693,8,3,37,0.0002941454324685746,0.0007248486269555904,106,537180,0.00013960848603418856
BATCH-2026-00217,39,Fan,7025,2026-06-11,2026-06-29,6714,Lenovo,Taiwan,57,331.63,71,0,0,0.0,0,631,6,2,99,0.00017438124238925042,0.000501056949565781,101,560841,0.00012855165100050963
BATCH-2025-00218,40,Processor,2123,2025-07-29,2025-08-14,2048,Dell,China,20,392.38,81,0,0,0.0,0,314,7,3,416,0.00013234425192726218,0.0003712523513249762,101,498329,0.0001723848232239575
BATCH-2025-00219,11,Microcontroller,9882,2025-06-20,2025-07-07,9653,Murata,Japan,22,178.55,88,1,1,0.00010119409026512852,0,275,6,2,455,0.00015599689945027513,0.0009387029695731565,105,551463,0.00013908905895273712
BATCH-2025-00220,36,Power IC,4007,2025-12-19,2025-12-29,3967,Ericsson,Germany,60,205.45,68,0,0,0.0,0,457,12,4,273,0.00016582352511078637,0.0003750099810004351,109,536222,0.00017735448108886377
BATCH-2025-00221,29,Power IC,3908,2025-07-13,2025-07-18,3753,Seagate,Japan,40,285.23,77,1,1,0.00025588536335721597,1,298,7,3,432,0.00016256441034907573,0.0004929460254392659,92,456988,0.00017735448108886377
BATCH-2024-00222,31,Memory,4730,2024-11-06,2024-11-14,4623,Kyocera,USA,35,236.61,85,2,1,0.00021141649048625792,1,49,11,4,681,0.00018411673535101585,0.0009126920964599268,104,605811,0.00013960848603418856
BATCH-2024-00223,19,Connector,7713,2024-12-22,2025-01-01,7468,Sumitomo,USA,36,238.9,64,1,0,0.0,0,95,12,4,635,0.00016876737493119937,0.00039378300837730447,91,458378,0.00020757696267843906
BATCH-2024-00224,9,Processor,3461,2024-10-05,2024-10-25,3282,Sony,Taiwan,19,33.78,81,0,0,0.0,0,17,10,4,713,0.00014132799993781594,0.00029553061545999206,104,509780,0.0001723848232239575
BATCH-2026-00225,10,Display,4781,2026-03-22,2026-04-05,4612,Panasonic,China,54,316.57,91,0,0,0.0,0,550,3,1,180,0.000144927638474753,0.0007549544377028447,94,435868,0.00016919115080672866
BATCH-2026-00226,45,Sensor,2100,2026-08-31,2026-09-07,1993,Pegatron,Taiwan,47,251.52,66,1,1,0.0004761904761904762,1,712,8,3,18,0.0001275169517997213,0.0003266025273992103,94,477190,0.00016450590746445605
BATCH-2025-00227,3,Sensor,4602,2025-03-26,2025-04-02,4287,Corning,Taiwan,24,487.86,63,2,2,0.000434593654932638,1,189,3,1,541,0.0005290924687400791,0.0022824547846740364,105,511267,0.00016450590746445605
BATCH-2025-00228,3,Display,9598,2025-03-15,2025-03-30,8728,Corning,Taiwan,24,487.86,63,1,1,0.00010418837257762034,0,178,3,1,552,0.0005290924687400791,0.0022824547846740364,105,511267,0.00016919115080672866
BATCH-2025-00229,45,Display,2417,2025-03-21,2025-03-28,2313,Pegatron,Taiwan,47,251.52,66,2,2,0.0008274720728175424,1,184,3,1,546,0.0001275169517997213,0.0003266025273992103,94,477190,0.00016919115080672866
BATCH-2026-00230,15,Charger,8780,2026-04-05,2026-04-24,8624,SK Hynix,Taiwan,40,342.16,65,0,0,0.0,0,564,4,2,166,0.00026051175061660777,0.0007352320636847295,93,436297,0.0002259435803313693
BATCH-2026-00231,31,Microcontroller,3613,2026-08-14,2026-08-28,3554,Kyocera,USA,35,236.61,85,0,0,0.0,0,695,8,3,35,0.00018411673535101585,0.0009126920964599268,104,605811,0.00013908905895273712
BATCH-2025-00232,4,Microcontroller,3114,2025-02-27,2025-03-12,2854,Intel,China,48,393.46,88,0,0,0.0,0,162,2,1,568,0.00018841892264149143,0.0009961276293195824,96,400272,0.00013908905895273712
BATCH-2025-00233,41,PCB,7456,2025-12-12,2025-12-23,7205,HP,Japan,60,204.38,85,0,0,0.0,0,450,12,4,280,0.00012231852387452777,0.00025339821295037224,87,408153,0.0002244207567666141
BATCH-2025-00234,28,Display,2607,2025-08-15,2025-08-22,2581,Kioxia,China,36,390.8,86,0,0,0.0,0,331,8,3,399,6.548471380186631e-05,0.00020932699508353792,108,509896,0.00016919115080672866
BATCH-2026-00235,19,Power IC,5288,2026-03-08,2026-03-24,4861,Sumitomo,USA,36,238.9,64,2,1,0.00018910741301059002,1,536,3,1,194,0.00016876737493119937,0.00039378300837730447,91,458378,0.00017735448108886377
BATCH-2024-00236,15,PCB,4108,2024-12-08,2024-12-25,3922,SK Hynix,Taiwan,40,342.16,65,0,0,0.0,0,81,12,4,649,0.00026051175061660777,0.0007352320636847295,93,436297,0.0002244207567666141
BATCH-2026-00237,3,Battery,6073,2026-08-06,2026-08-17,5776,Corning,Taiwan,24,487.86,63,0,0,0.0,0,687,8,3,43,0.0005290924687400791,0.0022824547846740364,105,511267,0.00021173401481822628
BATCH-2025-00238,7,Motherboard,1094,2025-06-25,2025-07-04,1038,Foxconn,USA,50,411.74,84,2,2,0.0018281535648994515,1,280,6,2,450,0.0003217144075727912,0.0015438669764764946,105,555087,0.0002354934172429249
BATCH-2025-00239,31,Battery,6542,2025-07-16,2025-07-21,6287,Kyocera,USA,35,236.61,85,2,2,0.0003057169061449098,1,301,7,3,429,0.00018411673535101585,0.0009126920964599268,104,605811,0.00021173401481822628
BATCH-2024-00240,23,Fan,7132,2024-12-24,2025-01-11,7061,ASE,Japan,50,402.77,91,0,0,0.0,0,97,12,4,633,6.663525433902222e-05,0.00015954052120490043,90,441864,0.00012855165100050963
BATCH-2025-00241,27,Memory,7228,2025-03-18,2025-03-28,7027,Infineon,Taiwan,51,333.1,89,2,1,0.0001383508577753182,1,181,3,1,549,0.00011089276239704126,0.00035581711278072977,111,553940,0.00013960848603418856
BATCH-2024-00242,13,Processor,9407,2024-11-11,2024-11-30,9085,Onsemi,USA,46,98.93,89,2,2,0.00021260763261401084,1,54,11,4,676,0.00013306539717335389,0.0004888825988608853,89,428711,0.0001723848232239575
BATCH-2025-00243,17,Memory,2894,2025-09-11,2025-09-23,2822,Mitsubishi,Japan,33,186.49,72,0,0,0.0,0,358,9,3,372,0.00014815223187369047,0.00046308585294764547,114,569061,0.00013960848603418856
BATCH-2025-00244,27,PCB,4402,2025-06-08,2025-06-15,4315,Infineon,Taiwan,51,333.1,89,1,0,0.0,0,263,6,2,467,0.00011089276239704126,0.00035581711278072977,111,553940,0.0002244207567666141
BATCH-2025-00245,10,Microcontroller,985,2025-09-04,2025-09-22,975,Panasonic,China,54,316.57,91,0,0,0.0,0,351,9,3,379,0.000144927638474753,0.0007549544377028447,94,435868,0.00013908905895273712
BATCH-2026-00246,48,Connector,5589,2026-08-19,2026-08-27,5375,TE Connectivity,Germany,25,315.88,71,0,0,0.0,0,700,8,3,30,0.000215467021331229,0.0009668394253566584,108,542251,0.00020757696267843906
BATCH-2024-00247,44,Processor,3863,2024-12-13,2024-12-20,3824,Wistron,South Korea,50,232.01,87,1,0,0.0,0,86,12,4,644,0.00010336577465557791,0.000380745741124954,117,590216,0.0001723848232239575
BATCH-2024-00248,46,Fan,6121,2024-11-09,2024-11-21,5911,Liteon,China,58,348.77,65,1,1,0.00016337199803953602,1,52,11,4,678,0.000177376316521378,0.0004995509860038717,96,502846,0.00012855165100050963
BATCH-2025-00249,27,Memory,6639,2025-02-01,2025-02-19,6570,Infineon,Taiwan,51,333.1,89,0,0,0.0,0,136,2,1,594,0.00011089276239704126,0.00035581711278072977,111,553940,0.00013960848603418856
BATCH-2025-00250,50,PCB,7442,2025-06-15,2025-06-27,7211,APC,South Korea,30,481.03,64,1,1,0.0001343724805159903,1,270,6,2,460,0.0002753509047441992,0.0007401953979905162,113,559124,0.0002244207567666141
BATCH-2025-00251,42,Fan,6851,2025-05-25,2025-06-07,6782,Acer,Germany,34,85.15,90,0,0,0.0,0,249,5,2,481,5.058942432590356e-05,0.0001440589145000144,106,511239,0.00012855165100050963
BATCH-2026-00252,3,Processor,7965,2026-01-11,2026-01-25,7620,Corning,Taiwan,24,487.86,63,1,0,0.0,0,480,1,1,250,0.0005290924687400791,0.0022824547846740364,105,511267,0.0001723848232239575
BATCH-2025-00253,32,PCB,8291,2025-02-19,2025-02-27,7859,Canon,South Korea,54,382.97,81,0,0,0.0,0,154,2,1,576,8.286140374041643e-05,0.0002525478149158471,93,484783,0.0002244207567666141
BATCH-2026-00254,47,Charger,6426,2026-03-22,2026-03-27,6004,Molex,Japan,37,191.75,76,1,1,0.0001556178026766262,1,550,3,1,180,0.00015063481442028842,0.00045023343696729267,102,507171,0.0002259435803313693
BATCH-2024-00255,15,Camera,8794,2024-11-02,2024-11-13,8437,SK Hynix,Taiwan,40,342.16,65,0,0,0.0,0,45,11,4,685,0.00026051175061660777,0.0007352320636847295,93,436297,0.00017585459338616095
BATCH-2026-00256,23,Sensor,1608,2026-04-15,2026-04-30,1588,ASE,Japan,50,402.77,91,0,0,0.0,0,574,4,2,156,6.663525433902222e-05,0.00015954052120490043,90,441864,0.00016450590746445605
BATCH-2025-00257,8,Fan,6512,2025-05-08,2025-05-19,6447,LG Chem,South Korea,40,115.16,76,2,2,0.0003071253071253071,1,232,5,2,498,0.00013285380642027623,0.00028745834951003884,92,477433,0.00012855165100050963
BATCH-2026-00258,37,Charger,6634,2026-01-11,2026-01-25,6568,Huawei,USA,60,118.5,92,1,0,0.0,0,480,1,1,250,0.00010426815057621344,0.0003557497462935021,91,442918,0.0002259435803313693
BATCH-2025-00259,31,Microcontroller,5303,2025-05-26,2025-06-08,5250,Kyocera,USA,35,236.61,85,0,0,0.0,0,250,5,2,480,0.00018411673535101585,0.0009126920964599268,104,605811,0.00013908905895273712
BATCH-2025-00260,9,Microcontroller,8476,2025-11-18,2025-11-23,7949,Sony,Taiwan,19,33.78,81,1,1,0.00011798017932987259,0,426,11,4,304,0.00014132799993781594,0.00029553061545999206,104,509780,0.00013908905895273712
BATCH-2026-00261,15,Fan,7490,2026-03-19,2026-03-28,7122,SK Hynix,Taiwan,40,342.16,65,0,0,0.0,0,547,3,1,183,0.00026051175061660777,0.0007352320636847295,93,436297,0.00012855165100050963
BATCH-2025-00262,50,Motherboard,6634,2025-01-21,2025-01-30,6568,APC,South Korea,30,481.03,64,0,0,0.0,0,125,1,1,605,0.0002753509047441992,0.0007401953979905162,113,559124,0.0002354934172429249
BATCH-2026-00263,36,Connector,7374,2026-03-11,2026-03-22,7153,Ericsson,Germany,60,205.45,68,0,0,0.0,0,539,3,1,191,0.00016582352511078637,0.0003750099810004351,109,536222,0.00020757696267843906
BATCH-2025-00264,21,Battery,7226,2025-11-22,2025-12-05,7021,Jabil,Taiwan,58,416.67,76,0,0,0.0,0,430,11,4,300,0.00034128023110612925,0.0012045823376322067,117,579869,0.00021173401481822628
BATCH-2026-00265,17,Connector,1976,2026-01-03,2026-01-14,1886,Mitsubishi,Japan,33,186.49,72,0,0,0.0,0,472,1,1,258,0.00014815223187369047,0.00046308585294764547,114,569061,0.00020757696267843906
BATCH-2025-00266,18,Sensor,4456,2025-03-25,2025-04-01,4357,Bosch,Germany,18,96.36,77,2,1,0.0002244165170556553,1,188,3,1,542,0.00021806730730221415,0.0007021012099867912,110,557568,0.00016450590746445605
BATCH-2026-00267,17,Speaker,1399,2026-01-09,2026-01-25,1363,Mitsubishi,Japan,33,186.49,72,2,0,0.0,0,478,1,1,252,0.00014815223187369047,0.00046308585294764547,114,569061,0.00019289953369198322
BATCH-2026-00268,34,Fan,3333,2026-04-28,2026-05-06,3201,Renesas,China,19,153.37,81,1,1,0.00030003000300030005,1,587,4,2,143,0.00020629854890063796,0.000928870183527049,112,540044,0.00012855165100050963
BATCH-2025-00269,47,Fan,7538,2025-03-17,2025-04-05,7310,Molex,Japan,37,191.75,76,2,1,0.00013266118333775536,0,180,3,1,550,0.00015063481442028842,0.00045023343696729267,102,507171,0.00012855165100050963
BATCH-2026-00270,34,Fan,2824,2026-03-31,2026-04-07,2791,Renesas,China,19,153.37,81,1,0,0.0,0,559,3,1,171,0.00020629854890063796,0.000928870183527049,112,540044,0.00012855165100050963
BATCH-2026-00271,15,Speaker,9153,2026-07-14,2026-07-30,8914,SK Hynix,Taiwan,40,342.16,65,3,3,0.00032776138970829236,1,664,7,3,66,0.00026051175061660777,0.0007352320636847295,93,436297,0.00019289953369198322
BATCH-2026-00272,11,Memory,7044,2026-04-02,2026-04-22,6514,Murata,Japan,22,178.55,88,0,0,0.0,0,561,4,2,169,0.00015599689945027513,0.0009387029695731565,105,551463,0.00013960848603418856
BATCH-2025-00273,38,Camera,3146,2025-12-18,2025-12-24,3100,Xiaomi,South Korea,52,142.13,62,0,0,0.0,0,456,12,4,274,0.0002941454324685746,0.0007248486269555904,106,537180,0.00017585459338616095
BATCH-2025-00274,17,Memory,4057,2025-08-05,2025-08-20,3963,Mitsubishi,Japan,33,186.49,72,0,0,0.0,0,321,8,3,409,0.00014815223187369047,0.00046308585294764547,114,569061,0.00013960848603418856
BATCH-2026-00275,27,Connector,7038,2026-06-18,2026-07-08,6800,Infineon,Taiwan,51,333.1,89,1,1,0.00014208581983518045,1,638,6,2,92,0.00011089276239704126,0.00035581711278072977,111,553940,0.00020757696267843906
BATCH-2026-00276,31,Battery,9366,2026-05-29,2026-06-16,8922,Kyocera,USA,35,236.61,85,0,0,0.0,0,618,5,2,112,0.00018411673535101585,0.0009126920964599268,104,605811,0.00021173401481822628
BATCH-2025-00277,43,Memory,7076,2025-09-10,2025-09-22,6616,ASUSTeK,USA,30,46.84,60,3,3,0.00042396834369700395,1,357,9,3,373,0.00044469895714356904,0.0012463320250862553,87,411235,0.00013960848603418856
BATCH-2025-00278,32,PCB,2517,2025-07-09,2025-07-28,2483,Canon,South Korea,54,382.97,81,0,0,0.0,0,294,7,3,436,8.286140374041643e-05,0.0002525478149158471,93,484783,0.0002244207567666141
BATCH-2026-00279,16,PCB,9368,2026-09-02,2026-09-07,9125,Hitachi,China,57,483.82,88,0,0,0.0,0,714,9,3,16,8.336477286677332e-05,0.0004697935134049564,95,503392,0.0002244207567666141
BATCH-2024-00280,38,Camera,7650,2024-12-03,2024-12-15,7048,Xiaomi,South Korea,52,142.13,62,1,1,0.00013071895424836603,0,76,12,4,654,0.0002941454324685746,0.0007248486269555904,106,537180,0.00017585459338616095
BATCH-2026-00281,35,Camera,6102,2026-01-01,2026-01-16,5845,Nokia,Japan,42,219.49,61,3,2,0.00032776138970829236,1,470,1,1,260,0.00019787338089100073,0.0003538789829112609,102,503406,0.00017585459338616095
BATCH-2025-00282,15,Sensor,5901,2025-06-09,2025-06-20,5842,SK Hynix,Taiwan,40,342.16,65,3,3,0.0005083884087442806,1,264,6,2,466,0.00026051175061660777,0.0007352320636847295,93,436297,0.00016450590746445605
BATCH-2026-00283,33,PCB,2978,2026-06-08,2026-06-22,2901,Denso,Taiwan,41,277.68,84,0,0,0.0,0,628,6,2,102,0.00013528007016307464,0.0006519489677036868,119,602071,0.0002244207567666141
BATCH-2025-00284,9,Processor,3428,2025-08-15,2025-09-01,3394,Sony,Taiwan,19,33.78,81,2,2,0.0005834305717619603,1,331,8,3,399,0.00014132799993781594,0.00029553061545999206,104,509780,0.0001723848232239575
BATCH-2026-00285,12,Display,7029,2026-04-06,2026-04-20,6893,Amphenol,Germany,18,446.77,96,0,0,0.0,0,565,4,2,165,8.015372036339901e-05,0.00041034141517753633,113,576135,0.00016919115080672866
BATCH-2025-00286,6,Sensor,9987,2025-04-15,2025-04-23,9710,NVIDIA,Germany,38,463.53,74,1,0,0.0,0,209,4,2,521,0.00023377595866623649,0.0009271237760431065,104,528560,0.00016450590746445605
BATCH-2025-00287,2,Connector,4071,2025-12-14,2026-01-02,4030,TSMC,South Korea,34,349.29,92,1,0,0.0,0,452,12,4,278,0.0001216095118122708,0.0004158402802419921,99,473547,0.00020757696267843906
BATCH-2026-00288,47,Power IC,789,2026-08-04,2026-08-11,773,Molex,Japan,37,191.75,76,1,0,0.0,0,685,8,3,45,0.00015063481442028842,0.00045023343696729267,102,507171,0.00017735448108886377
BATCH-2026-00289,13,Camera,4814,2026-06-25,2026-07-03,4550,Onsemi,USA,46,98.93,89,3,2,0.0004154549231408392,1,645,6,2,85,0.00013306539717335389,0.0004888825988608853,89,428711,0.00017585459338616095
BATCH-2025-00290,34,Speaker,8342,2025-11-12,2025-11-19,8058,Renesas,China,19,153.37,81,1,1,0.00011987532965715655,0,420,11,4,310,0.00020629854890063796,0.000928870183527049,112,540044,0.00019289953369198322
BATCH-2025-00291,26,Memory,2512,2025-09-18,2025-09-27,2424,Texas Instruments,South Korea,53,5.67,67,0,0,0.0,0,365,9,3,365,0.0002658174764162671,0.0009122443285503541,102,493376,0.00013960848603418856
BATCH-2024-00292,35,Processor,9922,2024-10-05,2024-10-25,9458,Nokia,Japan,42,219.49,61,1,1,0.00010078613182826043,0,17,10,4,713,0.00019787338089100073,0.0003538789829112609,102,503406,0.0001723848232239575
BATCH-2026-00293,6,Display,6866,2026-03-03,2026-03-09,6797,NVIDIA,Germany,38,463.53,74,0,0,0.0,0,531,3,1,199,0.00023377595866623649,0.0009271237760431065,104,528560,0.00016919115080672866
BATCH-2025-00294,49,Charger,4666,2025-01-25,2025-02-05,4576,Coherent,USA,42,45.65,73,1,1,0.0002143163309044149,1,129,1,1,601,0.00034438539861380375,0.0009931063632699735,93,417736,0.0002259435803313693
BATCH-2025-00295,19,Speaker,7655,2025-06-02,2025-06-12,7071,Sumitomo,USA,36,238.9,64,0,0,0.0,0,257,6,2,473,0.00016876737493119937,0.00039378300837730447,91,458378,0.00019289953369198322
BATCH-2026-00296,40,Fan,8231,2026-08-02,2026-08-13,8149,Dell,China,20,392.38,81,1,0,0.0,0,683,8,3,47,0.00013234425192726218,0.0003712523513249762,101,498329,0.00012855165100050963
BATCH-2026-00297,12,Motherboard,7173,2026-04-26,2026-05-03,7032,Amphenol,Germany,18,446.77,96,2,1,0.00013941168269901018,1,585,4,2,145,8.015372036339901e-05,0.00041034141517753633,113,576135,0.0002354934172429249
BATCH-2025-00298,25,Camera,1524,2025-11-08,2025-11-27,1509,Broadcom,USA,26,71.6,85,2,1,0.0006561679790026247,1,416,11,4,314,9.454505074439549e-05,0.0003137783114627588,84,481980,0.00017585459338616095
BATCH-2025-00299,17,Battery,3148,2025-10-12,2025-10-21,3073,Mitsubishi,Japan,33,186.49,72,0,0,0.0,0,389,10,4,341,0.00014815223187369047,0.00046308585294764547,114,569061,0.00021173401481822628
BATCH-2024-00300,4,Camera,105,2024-11-20,2024-12-01,102,Intel,China,48,393.46,88,0,0,0.0,0,63,11,4,667,0.00018841892264149143,0.0009961276293195824,96,400272,0.00017585459338616095
BATCH-2026-00301,5,Processor,3447,2026-01-07,2026-01-23,3292,Apple,Japan,38,226.29,64,1,1,0.0002901073397156948,1,476,1,1,254,0.00029304167774806515,0.0010333897385835877,92,488005,0.0001723848232239575
BATCH-2024-00302,42,Processor,1554,2024-11-04,2024-11-22,1490,Acer,Germany,34,85.15,90,1,1,0.0006435006435006435,1,47,11,4,683,5.058942432590356e-05,0.0001440589145000144,106,511239,0.0001723848232239575
BATCH-2026-00303,28,Memory,4602,2026-05-09,2026-05-14,4479,Kioxia,China,36,390.8,86,0,0,0.0,0,598,5,2,132,6.548471380186631e-05,0.00020932699508353792,108,509896,0.00013960848603418856
BATCH-2025-00304,5,Memory,7404,2025-11-20,2025-11-29,7097,Apple,Japan,38,226.29,64,0,0,0.0,0,428,11,4,302,0.00029304167774806515,0.0010333897385835877,92,488005,0.00013960848603418856
BATCH-2026-00305,11,Memory,5434,2026-03-19,2026-04-04,5006,Murata,Japan,22,178.55,88,2,2,0.000368052999631947,1,547,3,1,183,0.00015599689945027513,0.0009387029695731565,105,551463,0.00013960848603418856
BATCH-2025-00306,24,Connector,2270,2025-12-18,2025-12-26,2195,Qualcomm,Germany,53,145.59,74,0,0,0.0,0,456,12,4,274,0.00017211444124561363,0.00048508112533674527,88,458321,0.00020757696267843906
BATCH-2024-00307,49,Display,7622,2024-11-19,2024-11-29,7546,Coherent,USA,42,45.65,73,0,0,0.0,0,62,11,4,668,0.00034438539861380375,0.0009931063632699735,93,417736,0.00016919115080672866
BATCH-2024-00308,9,Processor,8249,2024-11-01,2024-11-12,8167,Sony,Taiwan,19,33.78,81,2,0,0.0,0,44,11,4,686,0.00014132799993781594,0.00029553061545999206,104,509780,0.0001723848232239575
BATCH-2026-00309,43,Display,9879,2026-01-08,2026-01-15,9452,ASUSTeK,USA,30,46.84,60,1,1,0.00010122482032594392,0,477,1,1,253,0.00044469895714356904,0.0012463320250862553,87,411235,0.00016919115080672866
BATCH-2026-00310,23,Battery,8764,2026-08-14,2026-09-03,8068,ASE,Japan,50,402.77,91,1,1,0.00011410314924691921,0,695,8,3,35,6.663525433902222e-05,0.00015954052120490043,90,441864,0.00021173401481822628
BATCH-2025-00311,23,Battery,6210,2025-02-26,2025-03-10,6058,ASE,Japan,50,402.77,91,2,1,0.00016103059581320451,1,161,2,1,569,6.663525433902222e-05,0.00015954052120490043,90,441864,0.00021173401481822628
BATCH-2024-00312,33,Camera,7374,2024-09-22,2024-10-06,7035,Denso,Taiwan,41,277.68,84,0,0,0.0,0,4,9,3,726,0.00013528007016307464,0.0006519489677036868,119,602071,0.00017585459338616095
BATCH-2026-00313,20,PCB,3773,2026-02-18,2026-03-02,3592,Delta Electronics,South Korea,30,335.57,68,3,1,0.00026504108136761196,1,518,2,1,212,0.00014552538396359592,0.00035285670745256997,82,427248,0.0002244207567666141
BATCH-2025-00314,2,Microcontroller,6056,2025-06-16,2025-06-28,5934,TSMC,South Korea,34,349.29,92,0,0,0.0,0,271,6,2,459,0.0001216095118122708,0.0004158402802419921,99,473547,0.00013908905895273712
BATCH-2026-00315,15,Connector,2660,2026-03-25,2026-03-31,2499,SK Hynix,Taiwan,40,342.16,65,2,2,0.0007518796992481203,1,553,3,1,177,0.00026051175061660777,0.0007352320636847295,93,436297,0.00020757696267843906
BATCH-2026-00316,42,Battery,3915,2026-03-22,2026-03-31,3876,Acer,Germany,34,85.15,90,0,0,0.0,0,550,3,1,180,5.058942432590356e-05,0.0001440589145000144,106,511239,0.00021173401481822628
BATCH-2025-00317,9,Charger,4560,2025-11-03,2025-11-18,4509,Sony,Taiwan,19,33.78,81,0,0,0.0,0,411,11,4,319,0.00014132799993781594,0.00029553061545999206,104,509780,0.0002259435803313693
BATCH-2024-00318,34,Connector,110,2024-09-24,2024-10-02,106,Renesas,China,19,153.37,81,1,1,0.00909090909090909,1,6,9,3,724,0.00020629854890063796,0.000928870183527049,112,540044,0.00020757696267843906
BATCH-2025-00319,39,Speaker,7804,2025-01-21,2025-02-08,7726,Lenovo,Taiwan,57,331.63,71,1,0,0.0,0,125,1,1,605,0.00017438124238925042,0.000501056949565781,101,560841,0.00019289953369198322
BATCH-2026-00320,45,PCB,4813,2026-05-24,2026-06-12,4708,Pegatron,Taiwan,47,251.52,66,1,1,0.00020777062123415748,1,613,5,2,117,0.0001275169517997213,0.0003266025273992103,94,477190,0.0002244207567666141
BATCH-2025-00321,18,Camera,4794,2025-11-19,2025-12-01,4536,Bosch,Germany,18,96.36,77,1,0,0.0,0,427,11,4,303,0.00021806730730221415,0.0007021012099867912,110,557568,0.00017585459338616095
BATCH-2026-00322,10,Processor,2219,2026-07-01,2026-07-07,2105,Panasonic,China,54,316.57,91,0,0,0.0,0,651,7,3,79,0.000144927638474753,0.0007549544377028447,94,435868,0.0001723848232239575
BATCH-2025-00323,6,Connector,5262,2025-01-24,2025-01-30,5001,NVIDIA,Germany,38,463.53,74,1,1,0.00019004180919802356,1,128,1,1,602,0.00023377595866623649,0.0009271237760431065,104,528560,0.00020757696267843906
BATCH-2025-00324,7,Battery,3272,2025-05-26,2025-06-05,3120,Foxconn,USA,50,411.74,84,1,1,0.0003056234718826406,1,250,5,2,480,0.0003217144075727912,0.0015438669764764946,105,555087,0.00021173401481822628
BATCH-2025-00325,27,Connector,3488,2025-03-30,2025-04-18,3376,Infineon,Taiwan,51,333.1,89,0,0,0.0,0,193,3,1,537,0.00011089276239704126,0.00035581711278072977,111,553940,0.00020757696267843906
BATCH-2024-00326,31,PCB,8895,2024-10-11,2024-10-30,8096,Kyocera,USA,35,236.61,85,2,1,0.00011242270938729624,0,23,10,4,707,0.00018411673535101585,0.0009126920964599268,104,605811,0.0002244207567666141
BATCH-2024-00327,38,Display,603,2024-12-11,2024-12-23,558,Xiaomi,South Korea,52,142.13,62,0,0,0.0,0,84,12,4,646,0.0002941454324685746,0.0007248486269555904,106,537180,0.00016919115080672866
BATCH-2026-00328,31,Battery,8539,2026-08-21,2026-09-07,8454,Kyocera,USA,35,236.61,85,1,0,0.0,0,702,8,3,28,0.00018411673535101585,0.0009126920964599268,104,605811,0.00021173401481822628
BATCH-2026-00329,35,Memory,1518,2026-09-15,2026-09-27,1469,Nokia,Japan,42,219.49,61,2,1,0.0006587615283267457,1,727,9,3,3,0.00019787338089100073,0.0003538789829112609,102,503406,0.00013960848603418856
BATCH-2025-00330,3,Processor,3307,2025-08-25,2025-09-14,3210,Corning,Taiwan,24,487.86,63,1,1,0.0003023888720895071,1,341,8,3,389,0.0005290924687400791,0.0022824547846740364,105,511267,0.0001723848232239575
BATCH-2025-00331,46,PCB,9257,2025-01-20,2025-02-06,8599,Liteon,China,58,348.77,65,0,0,0.0,0,124,1,1,606,0.000177376316521378,0.0004995509860038717,96,502846,0.0002244207567666141
BATCH-2025-00332,49,Memory,4987,2025-04-17,2025-05-07,4827,Coherent,USA,42,45.65,73,2,1,0.00020052135552436334,1,211,4,2,519,0.00034438539861380375,0.0009931063632699735,93,417736,0.00013960848603418856
BATCH-2025-00333,41,Connector,7969,2025-11-18,2025-11-30,7889,HP,Japan,60,204.38,85,0,0,0.0,0,426,11,4,304,0.00012231852387452777,0.00025339821295037224,87,408153,0.00020757696267843906
BATCH-2026-00334,7,Camera,2012,2026-09-04,2026-09-10,1992,Foxconn,USA,50,411.74,84,0,0,0.0,0,716,9,3,14,0.0003217144075727912,0.0015438669764764946,105,555087,0.00017585459338616095
BATCH-2025-00335,2,Power IC,5816,2025-06-06,2025-06-21,5758,TSMC,South Korea,34,349.29,92,1,1,0.000171939477303989,1,261,6,2,469,0.0001216095118122708,0.0004158402802419921,99,473547,0.00017735448108886377
BATCH-2025-00336,21,PCB,6368,2025-06-21,2025-07-10,5879,Jabil,Taiwan,58,416.67,76,1,0,0.0,0,276,6,2,454,0.00034128023110612925,0.0012045823376322067,117,579869,0.0002244207567666141
BATCH-2025-00337,37,Connector,7752,2025-05-16,2025-05-25,7674,Huawei,USA,60,118.5,92,0,0,0.0,0,240,5,2,490,0.00010426815057621344,0.0003557497462935021,91,442918,0.00020757696267843906
BATCH-2025-00338,23,Connector,4672,2025-04-18,2025-05-03,4503,ASE,Japan,50,402.77,91,1,0,0.0,0,212,4,2,518,6.663525433902222e-05,0.00015954052120490043,90,441864,0.00020757696267843906
BATCH-2025-00339,19,Charger,9706,2025-05-28,2025-06-03,9609,Sumitomo,USA,36,238.9,64,1,1,0.0001030290541932825,0,252,5,2,478,0.00016876737493119937,0.00039378300837730447,91,458378,0.0002259435803313693
BATCH-2025-00340,19,Charger,1744,2025-09-18,2025-10-04,1674,Sumitomo,USA,36,238.9,64,0,0,0.0,0,365,9,3,365,0.00016876737493119937,0.00039378300837730447,91,458378,0.0002259435803313693
BATCH-2025-00341,44,Camera,7827,2025-11-02,2025-11-19,7635,Wistron,South Korea,50,232.01,87,1,1,0.00012776287210936502,0,410,11,4,320,0.00010336577465557791,0.000380745741124954,117,590216,0.00017585459338616095
BATCH-2026-00342,38,Memory,8286,2026-08-27,2026-09-15,8054,Xiaomi,South Korea,52,142.13,62,1,1,0.00012068549360366884,0,708,8,3,22,0.0002941454324685746,0.0007248486269555904,106,537180,0.00013960848603418856
BATCH-2024-00343,6,Speaker,9925,2024-10-26,2024-11-10,9500,NVIDIA,Germany,38,463.53,74,2,2,0.00020151133501259446,1,38,10,4,692,0.00023377595866623649,0.0009271237760431065,104,528560,0.00019289953369198322
BATCH-2026-00344,48,Display,9247,2026-07-22,2026-08-05,8919,TE Connectivity,Germany,25,315.88,71,1,1,0.00010814318157240186,0,672,7,3,58,0.000215467021331229,0.0009668394253566584,108,542251,0.00016919115080672866
BATCH-2026-00345,31,Processor,9364,2026-01-27,2026-02-15,9093,Kyocera,USA,35,236.61,85,2,2,0.00021358393848782572,1,496,1,1,234,0.00018411673535101585,0.0009126920964599268,104,605811,0.0001723848232239575
BATCH-2025-00346,29,Charger,7460,2025-01-06,2025-01-24,6855,Seagate,Japan,40,285.23,77,2,2,0.00026809651474530834,1,110,1,1,620,0.00016256441034907573,0.0004929460254392659,92,456988,0.0002259435803313693
BATCH-2024-00347,11,Sensor,4576,2024-09-21,2024-10-05,4329,Murata,Japan,22,178.55,88,1,1,0.00021853146853146853,1,3,9,3,727,0.00015599689945027513,0.0009387029695731565,105,551463,0.00016450590746445605
BATCH-2026-00348,40,Fan,8800,2026-09-09,2026-09-19,8712,Dell,China,20,392.38,81,0,0,0.0,0,721,9,3,9,0.00013234425192726218,0.0003712523513249762,101,498329,0.00012855165100050963
BATCH-2025-00349,3,Camera,6753,2025-01-13,2025-01-24,6101,Corning,Taiwan,24,487.86,63,0,0,0.0,0,117,1,1,613,0.0005290924687400791,0.0022824547846740364,105,511267,0.00017585459338616095
BATCH-2025-00350,39,Camera,5411,2025-03-12,2025-04-01,5003,Lenovo,Taiwan,57,331.63,71,3,2,0.00036961744594344855,1,175,3,1,555,0.00017438124238925042,0.000501056949565781,101,560841,0.00017585459338616095
BATCH-2025-00351,40,PCB,8530,2025-02-01,2025-02-20,8310,Dell,China,20,392.38,81,0,0,0.0,0,136,2,1,594,0.00013234425192726218,0.0003712523513249762,101,498329,0.0002244207567666141
BATCH-2024-00352,30,Power IC,3807,2024-12-12,2024-12-18,3707,Western Digital,Germany,16,59.04,65,0,0,0.0,0,85,12,4,645,0.00026662885278630423,0.0008545899187981254,93,459619,0.00017735448108886377
BATCH-2025-00353,26,Sensor,2520,2025-11-04,2025-11-19,2357,Texas Instruments,South Korea,53,5.67,67,1,1,0.0003968253968253968,1,412,11,4,318,0.0002658174764162671,0.0009122443285503541,102,493376,0.00016450590746445605
BATCH-2026-00354,50,Fan,4307,2026-08-01,2026-08-11,4087,APC,South Korea,30,481.03,64,0,0,0.0,0,682,8,3,48,0.0002753509047441992,0.0007401953979905162,113,559124,0.00012855165100050963
BATCH-2026-00355,7,Display,8824,2026-04-21,2026-04-29,8698,Foxconn,USA,50,411.74,84,2,1,0.00011332728921124207,0,580,4,2,150,0.0003217144075727912,0.0015438669764764946,105,555087,0.00016919115080672866
BATCH-2026-00356,42,Speaker,3107,2026-03-05,2026-03-23,3032,Acer,Germany,34,85.15,90,0,0,0.0,0,533,3,1,197,5.058942432590356e-05,0.0001440589145000144,106,511239,0.00019289953369198322
BATCH-2025-00357,48,Memory,5114,2025-08-22,2025-09-02,4832,TE Connectivity,Germany,25,315.88,71,1,1,0.00019554165037152912,1,338,8,3,392,0.000215467021331229,0.0009668394253566584,108,542251,0.00013960848603418856
BATCH-2024-00358,35,Power IC,6717,2024-12-09,2024-12-20,6152,Nokia,Japan,42,219.49,61,1,1,0.00014887598630340925,1,82,12,4,648,0.00019787338089100073,0.0003538789829112609,102,503406,0.00017735448108886377
BATCH-2025-00359,7,Processor,5854,2025-08-21,2025-09-10,5479,Foxconn,USA,50,411.74,84,1,1,0.00017082336863682952,1,337,8,3,393,0.0003217144075727912,0.0015438669764764946,105,555087,0.0001723848232239575
BATCH-2025-00360,27,Sensor,1482,2025-11-11,2025-11-19,1383,Infineon,Taiwan,51,333.1,89,0,0,0.0,0,419,11,4,311,0.00011089276239704126,0.00035581711278072977,111,553940,0.00016450590746445605
BATCH-2026-00361,10,Display,5169,2026-08-10,2026-08-18,5117,Panasonic,China,54,316.57,91,0,0,0.0,0,691,8,3,39,0.000144927638474753,0.0007549544377028447,94,435868,0.00016919115080672866
BATCH-2025-00362,21,Connector,9747,2025-03-15,2025-03-21,9599,Jabil,Taiwan,58,416.67,76,0,0,0.0,0,178,3,1,552,0.00034128023110612925,0.0012045823376322067,117,579869,0.00020757696267843906
BATCH-2025-00363,50,Fan,8854,2025-12-24,2026-01-03,8573,APC,South Korea,30,481.03,64,1,1,0.00011294330246216399,0,462,12,4,268,0.0002753509047441992,0.0007401953979905162,113,559124,0.00012855165100050963
BATCH-2025-00364,22,Connector,455,2025-02-14,2025-02-27,433,Flex,China,43,157.56,86,0,0,0.0,0,149,2,1,581,6.527455789884103e-05,0.00021075148645526503,94,530055,0.00020757696267843906
BATCH-2024-00365,24,Microcontroller,6641,2024-10-17,2024-10-25,6571,Qualcomm,Germany,53,145.59,74,1,1,0.0001505797319680771,1,29,10,4,701,0.00017211444124561363,0.00048508112533674527,88,458321,0.00013908905895273712
BATCH-2025-00366,36,Memory,9040,2025-06-28,2025-07-03,8816,Ericsson,Germany,60,205.45,68,1,1,0.00011061946902654867,0,283,6,2,447,0.00016582352511078637,0.0003750099810004351,109,536222,0.00013960848603418856
BATCH-2024-00367,39,PCB,9125,2024-12-12,2024-12-21,9034,Lenovo,Taiwan,57,331.63,71,1,1,0.00010958904109589041,0,85,12,4,645,0.00017438124238925042,0.000501056949565781,101,560841,0.0002244207567666141
BATCH-2026-00368,3,Microcontroller,1642,2026-02-27,2026-03-12,1550,Corning,Taiwan,24,487.86,63,2,1,0.0006090133982947625,1,527,2,1,203,0.0005290924687400791,0.0022824547846740364,105,511267,0.00013908905895273712
BATCH-2025-00369,44,Memory,7108,2025-07-04,2025-07-21,7037,Wistron,South Korea,50,232.01,87,0,0,0.0,0,289,7,3,441,0.00010336577465557791,0.000380745741124954,117,590216,0.00013960848603418856
BATCH-2025-00370,23,Battery,9691,2025-04-16,2025-04-25,9424,ASE,Japan,50,402.77,91,1,1,0.00010318852543597152,0,210,4,2,520,6.663525433902222e-05,0.00015954052120490043,90,441864,0.00021173401481822628
BATCH-2026-00371,26,Charger,2059,2026-08-22,2026-08-30,2038,Texas Instruments,South Korea,53,5.67,67,1,1,0.00048567265662943174,1,703,8,3,27,0.0002658174764162671,0.0009122443285503541,102,493376,0.0002259435803313693
BATCH-2025-00372,5,Display,7108,2025-10-17,2025-11-04,6954,Apple,Japan,38,226.29,64,0,0,0.0,0,394,10,4,336,0.00029304167774806515,0.0010333897385835877,92,488005,0.00016919115080672866
BATCH-2026-00373,31,PCB,3683,2026-08-07,2026-08-22,3630,Kyocera,USA,35,236.61,85,2,2,0.0005430355688297583,1,688,8,3,42,0.00018411673535101585,0.0009126920964599268,104,605811,0.0002244207567666141
BATCH-2025-00374,7,Charger,5502,2025-06-28,2025-07-11,5408,Foxconn,USA,50,411.74,84,1,1,0.0001817520901490367,1,283,6,2,447,0.0003217144075727912,0.0015438669764764946,105,555087,0.0002259435803313693
BATCH-2026-00375,11,Microcontroller,4436,2026-02-14,2026-03-03,4309,Murata,Japan,22,178.55,88,1,1,0.0002254283137962128,1,514,2,1,216,0.00015599689945027513,0.0009387029695731565,105,551463,0.00013908905895273712
BATCH-2025-00376,25,Fan,3925,2025-04-10,2025-04-20,3842,Broadcom,USA,26,71.6,85,0,0,0.0,0,204,4,2,526,9.454505074439549e-05,0.0003137783114627588,84,481980,0.00012855165100050963
BATCH-2024-00377,6,Display,7266,2024-11-13,2024-11-27,6857,NVIDIA,Germany,38,463.53,74,1,0,0.0,0,56,11,4,674,0.00023377595866623649,0.0009271237760431065,104,528560,0.00016919115080672866
BATCH-2026-00378,39,Battery,9314,2026-05-20,2026-06-03,8851,Lenovo,Taiwan,57,331.63,71,2,1,0.00010736525660296328,0,609,5,2,121,0.00017438124238925042,0.000501056949565781,101,560841,0.00021173401481822628
BATCH-2025-00379,16,Battery,8618,2025-02-15,2025-02-24,8532,Hitachi,China,57,483.82,88,1,1,0.00011603620329542818,0,150,2,1,580,8.336477286677332e-05,0.0004697935134049564,95,503392,0.00021173401481822628
BATCH-2026-00380,49,Connector,5206,2026-01-15,2026-02-03,4844,Coherent,USA,42,45.65,73,1,1,0.0001920860545524395,1,484,1,1,246,0.00034438539861380375,0.0009931063632699735,93,417736,0.00020757696267843906
BATCH-2024-00381,3,Camera,5674,2024-10-23,2024-11-02,5359,Corning,Taiwan,24,487.86,63,2,2,0.00035248501938667606,1,35,10,4,695,0.0005290924687400791,0.0022824547846740364,105,511267,0.00017585459338616095
BATCH-2025-00382,8,Battery,2031,2025-01-04,2025-01-18,1980,LG Chem,South Korea,40,115.16,76,1,1,0.0004923682914820286,1,108,1,1,622,0.00013285380642027623,0.00028745834951003884,92,477433,0.00021173401481822628
BATCH-2025-00383,14,Memory,6635,2025-12-18,2026-01-04,6362,STMicroelectronics,South Korea,31,23.81,77,0,0,0.0,0,456,12,4,274,0.0001573864901705702,0.00046936123067953895,91,385139,0.00013960848603418856
BATCH-2026-00384,11,Fan,6216,2026-01-06,2026-01-24,6154,Murata,Japan,22,178.55,88,1,1,0.00016087516087516087,1,475,1,1,255,0.00015599689945027513,0.0009387029695731565,105,551463,0.00012855165100050963
BATCH-2024-00385,7,Charger,1210,2024-11-23,2024-12-05,1198,Foxconn,USA,50,411.74,84,0,0,0.0,0,66,11,4,664,0.0003217144075727912,0.0015438669764764946,105,555087,0.0002259435803313693
BATCH-2026-00386,12,Power IC,9463,2026-05-31,2026-06-11,9283,Amphenol,Germany,18,446.77,96,0,0,0.0,0,620,5,2,110,8.015372036339901e-05,0.00041034141517753633,113,576135,0.00017735448108886377
BATCH-2025-00387,7,Memory,4288,2025-01-29,2025-02-12,4203,Foxconn,USA,50,411.74,84,1,1,0.0002332089552238806,1,133,1,1,597,0.0003217144075727912,0.0015438669764764946,105,555087,0.00013960848603418856
BATCH-2025-00388,17,Battery,6761,2025-01-14,2025-01-25,6679,Mitsubishi,Japan,33,186.49,72,2,2,0.00029581422866439876,1,118,1,1,612,0.00014815223187369047,0.00046308585294764547,114,569061,0.00021173401481822628
BATCH-2025-00389,39,Motherboard,9037,2025-01-19,2025-02-04,8501,Lenovo,Taiwan,57,331.63,71,2,2,0.00022131238242779683,1,123,1,1,607,0.00017438124238925042,0.000501056949565781,101,560841,0.0002354934172429249
BATCH-2025-00390,47,PCB,1162,2025-11-21,2025-12-03,1132,Molex,Japan,37,191.75,76,1,1,0.0008605851979345956,1,429,11,4,301,0.00015063481442028842,0.00045023343696729267,102,507171,0.0002244207567666141
BATCH-2025-00391,2,Memory,9374,2025-08-02,2025-08-11,8920,TSMC,South Korea,34,349.29,92,0,0,0.0,0,318,8,3,412,0.0001216095118122708,0.0004158402802419921,99,473547,0.00013960848603418856
BATCH-2026-00392,50,Memory,4832,2026-07-22,2026-08-02,4671,APC,South Korea,30,481.03,64,3,2,0.0004139072847682119,1,672,7,3,58,0.0002753509047441992,0.0007401953979905162,113,559124,0.00013960848603418856
BATCH-2025-00393,37,Power IC,2481,2025-03-03,2025-03-19,2456,Huawei,USA,60,118.5,92,0,0,0.0,0,166,3,1,564,0.00010426815057621344,0.0003557497462935021,91,442918,0.00017735448108886377
BATCH-2024-00394,32,Power IC,9816,2024-09-30,2024-10-12,9475,Canon,South Korea,54,382.97,81,3,1,0.00010187449062754686,0,12,9,3,718,8.286140374041643e-05,0.0002525478149158471,93,484783,0.00017735448108886377
BATCH-2024-00395,15,Sensor,7200,2024-11-01,2024-11-18,6882,SK Hynix,Taiwan,40,342.16,65,0,0,0.0,0,44,11,4,686,0.00026051175061660777,0.0007352320636847295,93,436297,0.00016450590746445605
BATCH-2026-00396,42,Motherboard,7840,2026-07-09,2026-07-20,7669,Acer,Germany,34,85.15,90,2,2,0.00025510204081632655,1,659,7,3,71,5.058942432590356e-05,0.0001440589145000144,106,511239,0.0002354934172429249
BATCH-2025-00397,10,PCB,7728,2025-12-22,2025-12-31,7651,Panasonic,China,54,316.57,91,1,1,0.00012939958592132506,0,460,12,4,270,0.000144927638474753,0.0007549544377028447,94,435868,0.0002244207567666141
BATCH-2026-00398,18,Motherboard,6752,2026-07-28,2026-08-17,6401,Bosch,Germany,18,96.36,77,1,1,0.0001481042654028436,1,678,7,3,52,0.00021806730730221415,0.0007021012099867912,110,557568,0.0002354934172429249
BATCH-2026-00399,30,Connector,6328,2026-05-03,2026-05-13,5862,Western Digital,Germany,16,59.04,65,1,1,0.00015802781289506955,1,592,5,2,138,0.00026662885278630423,0.0008545899187981254,93,459619,0.00020757696267843906
BATCH-2025-00400,26,Sensor,4651,2025-10-11,2025-10-19,4261,Texas Instruments,South Korea,53,5.67,67,0,0,0.0,0,388,10,4,342,0.0002658174764162671,0.0009122443285503541,102,493376,0.00016450590746445605
BATCH-2025-00401,18,Display,3930,2025-02-09,2025-02-19,3587,Bosch,Germany,18,96.36,77,1,1,0.0002544529262086514,1,144,2,1,586,0.00021806730730221415,0.0007021012099867912,110,557568,0.00016919115080672866
BATCH-2026-00402,32,Camera,8958,2026-03-06,2026-03-15,8868,Canon,South Korea,54,382.97,81,0,0,0.0,0,534,3,1,196,8.286140374041643e-05,0.0002525478149158471,93,484783,0.00017585459338616095
BATCH-2025-00403,5,Microcontroller,8044,2025-01-08,2025-01-17,7793,Apple,Japan,38,226.29,64,0,0,0.0,0,112,1,1,618,0.00029304167774806515,0.0010333897385835877,92,488005,0.00013908905895273712
BATCH-2025-00404,10,Charger,5341,2025-02-03,2025-02-22,5288,Panasonic,China,54,316.57,91,0,0,0.0,0,138,2,1,592,0.000144927638474753,0.0007549544377028447,94,435868,0.0002259435803313693
BATCH-2025-00405,9,Speaker,8379,2025-01-23,2025-02-09,7864,Sony,Taiwan,19,33.78,81,0,0,0.0,0,127,1,1,603,0.00014132799993781594,0.00029553061545999206,104,509780,0.00019289953369198322
BATCH-2025-00406,18,PCB,1559,2025-06-29,2025-07-08,1487,Bosch,Germany,18,96.36,77,0,0,0.0,0,284,6,2,446,0.00021806730730221415,0.0007021012099867912,110,557568,0.0002244207567666141
BATCH-2025-00407,20,Display,7100,2025-10-24,2025-11-11,6762,Delta Electronics,South Korea,30,335.57,68,0,0,0.0,0,401,10,4,329,0.00014552538396359592,0.00035285670745256997,82,427248,0.00016919115080672866
BATCH-2025-00408,36,Connector,4863,2025-03-12,2025-03-29,4534,Ericsson,Germany,60,205.45,68,1,0,0.0,0,175,3,1,555,0.00016582352511078637,0.0003750099810004351,109,536222,0.00020757696267843906
BATCH-2025-00409,6,PCB,2140,2025-08-11,2025-08-23,2035,NVIDIA,Germany,38,463.53,74,0,0,0.0,0,327,8,3,403,0.00023377595866623649,0.0009271237760431065,104,528560,0.0002244207567666141
BATCH-2025-00410,42,Charger,3672,2025-01-28,2025-02-04,3583,Acer,Germany,34,85.15,90,0,0,0.0,0,132,1,1,598,5.058942432590356e-05,0.0001440589145000144,106,511239,0.0002259435803313693
BATCH-2025-00411,18,Connector,7219,2025-03-12,2025-03-31,7147,Bosch,Germany,18,96.36,77,1,1,0.00013852334118298935,1,175,3,1,555,0.00021806730730221415,0.0007021012099867912,110,557568,0.00020757696267843906
BATCH-2025-00412,38,Battery,2801,2025-06-11,2025-06-18,2716,Xiaomi,South Korea,52,142.13,62,2,1,0.0003570153516601214,1,266,6,2,464,0.0002941454324685746,0.0007248486269555904,106,537180,0.00021173401481822628
BATCH-2025-00413,36,Charger,8619,2025-06-14,2025-07-03,8330,Ericsson,Germany,60,205.45,68,1,1,0.00011602274045712959,0,269,6,2,461,0.00016582352511078637,0.0003750099810004351,109,536222,0.0002259435803313693
BATCH-2025-00414,12,Processor,9307,2025-06-11,2025-06-23,9107,Amphenol,Germany,18,446.77,96,0,0,0.0,0,266,6,2,464,8.015372036339901e-05,0.00041034141517753633,113,576135,0.0001723848232239575
BATCH-2026-00415,2,Fan,6274,2026-09-17,2026-09-29,6129,TSMC,South Korea,34,349.29,92,1,0,0.0,0,729,9,3,1,0.0001216095118122708,0.0004158402802419921,99,473547,0.00012855165100050963
BATCH-2025-00416,31,PCB,9096,2025-09-21,2025-10-08,9005,Kyocera,USA,35,236.61,85,2,1,0.00010993843447669306,0,368,9,3,362,0.00018411673535101585,0.0009126920964599268,104,605811,0.0002244207567666141
BATCH-2024-00417,39,Display,7134,2024-09-29,2024-10-13,6987,Lenovo,Taiwan,57,331.63,71,3,1,0.00014017381553125876,1,11,9,3,719,0.00017438124238925042,0.000501056949565781,101,560841,0.00016919115080672866
BATCH-2025-00418,24,Sensor,4133,2025-08-13,2025-08-27,4092,Qualcomm,Germany,53,145.59,74,4,4,0.0009678199854827002,1,329,8,3,401,0.00017211444124561363,0.00048508112533674527,88,458321,0.00016450590746445605
BATCH-2024-00419,33,PCB,9897,2024-12-06,2024-12-22,9798,Denso,Taiwan,41,277.68,84,1,1,0.0001010407194099222,0,79,12,4,651,0.00013528007016307464,0.0006519489677036868,119,602071,0.0002244207567666141
BATCH-2026-00420,12,Processor,8494,2026-04-03,2026-04-23,8409,Amphenol,Germany,18,446.77,96,0,0,0.0,0,562,4,2,168,8.015372036339901e-05,0.00041034141517753633,113,576135,0.0001723848232239575
BATCH-2025-00421,6,Fan,1687,2025-05-05,2025-05-12,1626,NVIDIA,Germany,38,463.53,74,0,0,0.0,0,229,5,2,501,0.00023377595866623649,0.0009271237760431065,104,528560,0.00012855165100050963
BATCH-2025-00422,21,PCB,6102,2025-12-21,2026-01-10,5638,Jabil,Taiwan,58,416.67,76,1,1,0.00016388069485414618,1,459,12,4,271,0.00034128023110612925,0.0012045823376322067,117,579869,0.0002244207567666141
BATCH-2025-00423,50,Memory,6185,2025-04-22,2025-04-30,5680,APC,South Korea,30,481.03,64,0,0,0.0,0,216,4,2,514,0.0002753509047441992,0.0007401953979905162,113,559124,0.00013960848603418856
BATCH-2025-00424,9,Motherboard,673,2025-12-21,2026-01-10,649,Sony,Taiwan,19,33.78,81,1,1,0.0014858841010401188,1,459,12,4,271,0.00014132799993781594,0.00029553061545999206,104,509780,0.0002354934172429249
BATCH-2026-00425,3,PCB,131,2026-01-28,2026-02-12,128,Corning,Taiwan,24,487.86,63,3,3,0.022900763358778626,1,497,1,1,233,0.0005290924687400791,0.0022824547846740364,105,511267,0.0002244207567666141
BATCH-2026-00426,10,Camera,8139,2026-09-02,2026-09-11,7912,Panasonic,China,54,316.57,91,0,0,0.0,0,714,9,3,16,0.000144927638474753,0.0007549544377028447,94,435868,0.00017585459338616095
BATCH-2026-00427,39,Display,3064,2026-01-25,2026-02-14,2881,Lenovo,Taiwan,57,331.63,71,0,0,0.0,0,494,1,1,236,0.00017438124238925042,0.000501056949565781,101,560841,0.00016919115080672866
BATCH-2025-00428,41,Microcontroller,2834,2025-05-25,2025-06-14,2779,HP,Japan,60,204.38,85,1,1,0.00035285815102328866,1,249,5,2,481,0.00012231852387452777,0.00025339821295037224,87,408153,0.00013908905895273712
BATCH-2025-00429,1,Sensor,9862,2025-07-30,2025-08-15,9612,Samsung,USA,19,220.56,89,0,0,0.0,0,315,7,3,415,0.00017219294545324894,0.0013891588805521986,106,504263,0.00016450590746445605
BATCH-2025-00430,13,Power IC,7742,2025-11-14,2025-11-25,7307,Onsemi,USA,46,98.93,89,0,0,0.0,0,422,11,4,308,0.00013306539717335389,0.0004888825988608853,89,428711,0.00017735448108886377
BATCH-2024-00431,43,Battery,6798,2024-09-21,2024-10-05,6109,ASUSTeK,USA,30,46.84,60,3,3,0.000441306266548985,1,3,9,3,727,0.00044469895714356904,0.0012463320250862553,87,411235,0.00021173401481822628
BATCH-2025-00432,29,Fan,482,2025-02-17,2025-02-25,465,Seagate,Japan,40,285.23,77,2,2,0.004149377593360996,1,152,2,1,578,0.00016256441034907573,0.0004929460254392659,92,456988,0.00012855165100050963
BATCH-2024-00433,37,PCB,7700,2024-11-22,2024-11-29,7256,Huawei,USA,60,118.5,92,0,0,0.0,0,65,11,4,665,0.00010426815057621344,0.0003557497462935021,91,442918,0.0002244207567666141
BATCH-2025-00434,20,Battery,3778,2025-03-09,2025-03-17,3538,Delta Electronics,South Korea,30,335.57,68,1,1,0.00026469031233456857,1,172,3,1,558,0.00014552538396359592,0.00035285670745256997,82,427248,0.00021173401481822628
BATCH-2025-00435,29,Connector,4409,2025-09-02,2025-09-18,4254,Seagate,Japan,40,285.23,77,0,0,0.0,0,349,9,3,381,0.00016256441034907573,0.0004929460254392659,92,456988,0.00020757696267843906
BATCH-2024-00436,44,Motherboard,6935,2024-12-25,2025-01-14,6863,Wistron,South Korea,50,232.01,87,0,0,0.0,0,98,12,4,632,0.00010336577465557791,0.000380745741124954,117,590216,0.0002354934172429249
BATCH-2026-00437,33,Connector,2507,2026-07-24,2026-07-30,2379,Denso,Taiwan,41,277.68,84,0,0,0.0,0,674,7,3,56,0.00013528007016307464,0.0006519489677036868,119,602071,0.00020757696267843906
BATCH-2026-00438,13,Display,7571,2026-08-26,2026-09-01,7495,Onsemi,USA,46,98.93,89,0,0,0.0,0,707,8,3,23,0.00013306539717335389,0.0004888825988608853,89,428711,0.00016919115080672866
BATCH-2025-00439,7,Battery,1820,2025-01-31,2025-02-11,1799,Foxconn,USA,50,411.74,84,0,0,0.0,0,135,1,1,595,0.0003217144075727912,0.0015438669764764946,105,555087,0.00021173401481822628
BATCH-2025-00440,24,Battery,7981,2025-02-19,2025-03-10,7638,Qualcomm,Germany,53,145.59,74,0,0,0.0,0,154,2,1,576,0.00017211444124561363,0.00048508112533674527,88,458321,0.00021173401481822628
BATCH-2025-00441,32,Camera,6054,2025-04-06,2025-04-12,5902,Canon,South Korea,54,382.97,81,1,0,0.0,0,200,4,2,530,8.286140374041643e-05,0.0002525478149158471,93,484783,0.00017585459338616095
BATCH-2025-00442,13,Processor,9444,2025-09-27,2025-10-08,9350,Onsemi,USA,46,98.93,89,0,0,0.0,0,374,9,3,356,0.00013306539717335389,0.0004888825988608853,89,428711,0.0001723848232239575
BATCH-2025-00443,21,PCB,6357,2025-07-06,2025-07-15,6248,Jabil,Taiwan,58,416.67,76,0,0,0.0,0,291,7,3,439,0.00034128023110612925,0.0012045823376322067,117,579869,0.0002244207567666141
BATCH-2025-00444,2,PCB,6429,2025-07-31,2025-08-17,6365,TSMC,South Korea,34,349.29,92,0,0,0.0,0,316,7,3,414,0.0001216095118122708,0.0004158402802419921,99,473547,0.0002244207567666141
BATCH-2026-00445,20,Fan,6181,2026-06-01,2026-06-09,6119,Delta Electronics,South Korea,30,335.57,68,1,0,0.0,0,621,6,2,109,0.00014552538396359592,0.00035285670745256997,82,427248,0.00012855165100050963
BATCH-2026-00446,43,Memory,600,2026-06-06,2026-06-24,554,ASUSTeK,USA,30,46.84,60,1,1,0.0016666666666666668,1,626,6,2,104,0.00044469895714356904,0.0012463320250862553,87,411235,0.00013960848603418856
BATCH-2026-00447,5,Power IC,5423,2026-03-26,2026-04-09,5231,Apple,Japan,38,226.29,64,1,0,0.0,0,554,3,1,176,0.00029304167774806515,0.0010333897385835877,92,488005,0.00017735448108886377
BATCH-2024-00448,7,Battery,9392,2024-12-04,2024-12-20,9298,Foxconn,USA,50,411.74,84,1,1,0.00010647359454855196,0,77,12,4,653,0.0003217144075727912,0.0015438669764764946,105,555087,0.00021173401481822628
BATCH-2025-00449,3,Fan,1954,2025-10-08,2025-10-28,1894,Corning,Taiwan,24,487.86,63,0,0,0.0,0,385,10,4,345,0.0005290924687400791,0.0022824547846740364,105,511267,0.00012855165100050963
BATCH-2025-00450,38,Battery,7519,2025-12-15,2025-12-24,7309,Xiaomi,South Korea,52,142.13,62,3,3,0.00039898922729086314,1,453,12,4,277,0.0002941454324685746,0.0007248486269555904,106,537180,0.00021173401481822628
BATCH-2025-00451,50,Camera,3156,2025-09-20,2025-10-05,3114,APC,South Korea,30,481.03,64,4,3,0.0009505703422053232,1,367,9,3,363,0.0002753509047441992,0.0007401953979905162,113,559124,0.00017585459338616095
BATCH-2026-00452,26,Fan,4011,2026-05-18,2026-06-04,3801,Texas Instruments,South Korea,53,5.67,67,1,1,0.0002493143854400399,1,607,5,2,123,0.0002658174764162671,0.0009122443285503541,102,493376,0.00012855165100050963
BATCH-2026-00453,40,Camera,7766,2026-03-09,2026-03-18,7510,Dell,China,20,392.38,81,1,0,0.0,0,537,3,1,193,0.00013234425192726218,0.0003712523513249762,101,498329,0.00017585459338616095
BATCH-2025-00454,34,PCB,1966,2025-05-21,2025-06-07,1826,Renesas,China,19,153.37,81,0,0,0.0,0,245,5,2,485,0.00020629854890063796,0.000928870183527049,112,540044,0.0002244207567666141
BATCH-2026-00455,1,Motherboard,8161,2026-07-20,2026-07-27,7774,Samsung,USA,19,220.56,89,2,2,0.00024506800637176816,1,670,7,3,60,0.00017219294545324894,0.0013891588805521986,106,504263,0.0002354934172429249
BATCH-2026-00456,50,Charger,6419,2026-01-12,2026-01-24,6338,APC,South Korea,30,481.03,64,0,0,0.0,0,481,1,1,249,0.0002753509047441992,0.0007401953979905162,113,559124,0.0002259435803313693
BATCH-2025-00457,12,Display,6014,2025-07-16,2025-07-30,5954,Amphenol,Germany,18,446.77,96,0,0,0.0,0,301,7,3,429,8.015372036339901e-05,0.00041034141517753633,113,576135,0.00016919115080672866
BATCH-2025-00458,44,Memory,7899,2025-11-30,2025-12-11,7412,Wistron,South Korea,50,232.01,87,0,0,0.0,0,438,11,4,292,0.00010336577465557791,0.000380745741124954,117,590216,0.00013960848603418856
BATCH-2025-00459,25,Fan,7822,2025-04-25,2025-05-03,7322,Broadcom,USA,26,71.6,85,0,0,0.0,0,219,4,2,511,9.454505074439549e-05,0.0003137783114627588,84,481980,0.00012855165100050963
BATCH-2025-00460,39,Camera,6103,2025-04-20,2025-05-05,5772,Lenovo,Taiwan,57,331.63,71,0,0,0.0,0,214,4,2,516,0.00017438124238925042,0.000501056949565781,101,560841,0.00017585459338616095
BATCH-2025-00461,48,Processor,4609,2025-02-25,2025-03-16,4381,TE Connectivity,Germany,25,315.88,71,1,0,0.0,0,160,2,1,570,0.000215467021331229,0.0009668394253566584,108,542251,0.0001723848232239575
BATCH-2025-00462,36,Power IC,5006,2025-08-30,2025-09-04,4892,Ericsson,Germany,60,205.45,68,2,1,0.00019976028765481422,1,346,8,3,384,0.00016582352511078637,0.0003750099810004351,109,536222,0.00017735448108886377
BATCH-2024-00463,41,Fan,7529,2024-10-10,2024-10-28,7454,HP,Japan,60,204.38,85,1,0,0.0,0,22,10,4,708,0.00012231852387452777,0.00025339821295037224,87,408153,0.00012855165100050963
BATCH-2025-00464,20,Fan,603,2025-06-07,2025-06-23,577,Delta Electronics,South Korea,30,335.57,68,1,1,0.001658374792703151,1,262,6,2,468,0.00014552538396359592,0.00035285670745256997,82,427248,0.00012855165100050963
BATCH-2026-00465,27,Fan,2310,2026-03-16,2026-04-01,2192,Infineon,Taiwan,51,333.1,89,2,1,0.0004329004329004329,1,544,3,1,186,0.00011089276239704126,0.00035581711278072977,111,553940,0.00012855165100050963
BATCH-2025-00466,45,Memory,5360,2025-07-13,2025-07-30,5306,Pegatron,Taiwan,47,251.52,66,1,0,0.0,0,298,7,3,432,0.0001275169517997213,0.0003266025273992103,94,477190,0.00013960848603418856
BATCH-2024-00467,40,Camera,4135,2024-10-07,2024-10-17,3972,Dell,China,20,392.38,81,0,0,0.0,0,19,10,4,711,0.00013234425192726218,0.0003712523513249762,101,498329,0.00017585459338616095
BATCH-2025-00468,48,Display,6392,2025-06-16,2025-07-02,6199,TE Connectivity,Germany,25,315.88,71,0,0,0.0,0,271,6,2,459,0.000215467021331229,0.0009668394253566584,108,542251,0.00016919115080672866
BATCH-2025-00469,6,Sensor,1318,2025-08-12,2025-08-17,1305,NVIDIA,Germany,38,463.53,74,0,0,0.0,0,328,8,3,402,0.00023377595866623649,0.0009271237760431065,104,528560,0.00016450590746445605
BATCH-2026-00470,33,Processor,8892,2026-05-22,2026-06-08,8169,Denso,Taiwan,41,277.68,84,1,1,0.00011246063877642825,0,611,5,2,119,0.00013528007016307464,0.0006519489677036868,119,602071,0.0001723848232239575
BATCH-2024-00471,49,Power IC,1372,2024-12-29,2025-01-07,1329,Coherent,USA,42,45.65,73,1,1,0.0007288629737609329,1,102,12,4,628,0.00034438539861380375,0.0009931063632699735,93,417736,0.00017735448108886377
BATCH-2026-00472,49,Speaker,9227,2026-05-13,2026-05-23,9050,Coherent,USA,42,45.65,73,1,1,0.00010837758751490192,0,602,5,2,128,0.00034438539861380375,0.0009931063632699735,93,417736,0.00019289953369198322
BATCH-2024-00473,15,Battery,1418,2024-11-22,2024-11-29,1336,SK Hynix,Taiwan,40,342.16,65,1,1,0.0007052186177715092,1,65,11,4,665,0.00026051175061660777,0.0007352320636847295,93,436297,0.00021173401481822628
BATCH-2024-00474,7,Processor,9900,2024-11-21,2024-11-27,9683,Foxconn,USA,50,411.74,84,2,1,0.00010101010101010101,0,64,11,4,666,0.0003217144075727912,0.0015438669764764946,105,555087,0.0001723848232239575
BATCH-2025-00475,27,PCB,7376,2025-11-15,2025-11-21,7236,Infineon,Taiwan,51,333.1,89,0,0,0.0,0,423,11,4,307,0.00011089276239704126,0.00035581711278072977,111,553940,0.0002244207567666141
BATCH-2025-00476,39,Connector,8834,2025-04-30,2025-05-15,8468,Lenovo,Taiwan,57,331.63,71,1,1,0.00011319900384876613,0,224,4,2,506,0.00017438124238925042,0.000501056949565781,101,560841,0.00020757696267843906
BATCH-2025-00477,47,Speaker,4204,2025-08-10,2025-08-26,3927,Molex,Japan,37,191.75,76,2,1,0.0002378686964795433,1,326,8,3,404,0.00015063481442028842,0.00045023343696729267,102,507171,0.00019289953369198322
BATCH-2025-00478,18,Processor,1780,2025-07-22,2025-08-08,1730,Bosch,Germany,18,96.36,77,1,0,0.0,0,307,7,3,423,0.00021806730730221415,0.0007021012099867912,110,557568,0.0001723848232239575
BATCH-2025-00479,22,Battery,7577,2025-03-16,2025-04-02,7157,Flex,China,43,157.56,86,0,0,0.0,0,179,3,1,551,6.527455789884103e-05,0.00021075148645526503,94,530055,0.00021173401481822628
BATCH-2026-00480,43,Microcontroller,6892,2026-01-02,2026-01-20,6476,ASUSTeK,USA,30,46.84,60,1,1,0.00014509576320371445,1,471,1,1,259,0.00044469895714356904,0.0012463320250862553,87,411235,0.00013908905895273712
BATCH-2025-00481,45,Motherboard,2144,2025-04-30,2025-05-17,2015,Pegatron,Taiwan,47,251.52,66,1,0,0.0,0,224,4,2,506,0.0001275169517997213,0.0003266025273992103,94,477190,0.0002354934172429249
BATCH-2024-00482,11,Speaker,9107,2024-12-08,2024-12-17,8789,Murata,Japan,22,178.55,88,0,0,0.0,0,81,12,4,649,0.00015599689945027513,0.0009387029695731565,105,551463,0.00019289953369198322
BATCH-2025-00483,13,Charger,3458,2025-10-27,2025-11-05,3423,Onsemi,USA,46,98.93,89,0,0,0.0,0,404,10,4,326,0.00013306539717335389,0.0004888825988608853,89,428711,0.0002259435803313693
BATCH-2026-00484,32,Battery,6273,2026-07-25,2026-08-01,5919,Canon,South Korea,54,382.97,81,0,0,0.0,0,675,7,3,55,8.286140374041643e-05,0.0002525478149158471,93,484783,0.00021173401481822628
BATCH-2026-00485,31,Speaker,5640,2026-01-29,2026-02-12,5359,Kyocera,USA,35,236.61,85,0,0,0.0,0,498,1,1,232,0.00018411673535101585,0.0009126920964599268,104,605811,0.00019289953369198322
BATCH-2025-00486,4,Processor,4149,2025-08-01,2025-08-07,4108,Intel,China,48,393.46,88,1,0,0.0,0,317,8,3,413,0.00018841892264149143,0.0009961276293195824,96,400272,0.0001723848232239575
BATCH-2026-00487,17,Sensor,8342,2026-03-14,2026-03-31,7984,Mitsubishi,Japan,33,186.49,72,1,1,0.00011987532965715655,0,542,3,1,188,0.00014815223187369047,0.00046308585294764547,114,569061,0.00016450590746445605
BATCH-2024-00488,12,Sensor,5503,2024-10-15,2024-11-01,5250,Amphenol,Germany,18,446.77,96,1,1,0.00018171906232963838,1,27,10,4,703,8.015372036339901e-05,0.00041034141517753633,113,576135,0.00016450590746445605
BATCH-2025-00489,28,Sensor,918,2025-12-14,2025-12-30,866,Kioxia,China,36,390.8,86,1,0,0.0,0,452,12,4,278,6.548471380186631e-05,0.00020932699508353792,108,509896,0.00016450590746445605
BATCH-2025-00490,47,Microcontroller,5334,2025-12-30,2026-01-13,5281,Molex,Japan,37,191.75,76,1,0,0.0,0,468,12,4,262,0.00015063481442028842,0.00045023343696729267,102,507171,0.00013908905895273712
BATCH-2025-00491,7,Display,4158,2025-09-29,2025-10-14,3954,Foxconn,USA,50,411.74,84,1,0,0.0,0,376,9,3,354,0.0003217144075727912,0.0015438669764764946,105,555087,0.00016919115080672866
BATCH-2025-00492,25,Charger,4986,2025-10-29,2025-11-10,4936,Broadcom,USA,26,71.6,85,0,0,0.0,0,406,10,4,324,9.454505074439549e-05,0.0003137783114627588,84,481980,0.0002259435803313693
BATCH-2025-00493,26,Sensor,5931,2025-01-28,2025-02-08,5450,Texas Instruments,South Korea,53,5.67,67,2,1,0.0001686056314280897,1,132,1,1,598,0.0002658174764162671,0.0009122443285503541,102,493376,0.00016450590746445605
BATCH-2026-00494,11,Power IC,105,2026-01-02,2026-01-13,102,Murata,Japan,22,178.55,88,2,1,0.009523809523809525,1,471,1,1,259,0.00015599689945027513,0.0009387029695731565,105,551463,0.00017735448108886377
BATCH-2024-00495,27,Motherboard,7124,2024-10-11,2024-10-19,6956,Infineon,Taiwan,51,333.1,89,0,0,0.0,0,23,10,4,707,0.00011089276239704126,0.00035581711278072977,111,553940,0.0002354934172429249
BATCH-2026-00496,29,Display,9417,2026-08-24,2026-08-31,9119,Seagate,Japan,40,285.23,77,0,0,0.0,0,705,8,3,25,0.00016256441034907573,0.0004929460254392659,92,456988,0.00016919115080672866
BATCH-2025-00497,10,Charger,4013,2025-12-30,2026-01-08,3950,Panasonic,China,54,316.57,91,2,1,0.00024919013207077,1,468,12,4,262,0.000144927638474753,0.0007549544377028447,94,435868,0.0002259435803313693
BATCH-2025-00498,21,Battery,2383,2025-03-19,2025-04-07,2308,Jabil,Taiwan,58,416.67,76,1,0,0.0,0,182,3,1,548,0.00034128023110612925,0.0012045823376322067,117,579869,0.00021173401481822628
BATCH-2026-00499,8,Motherboard,4972,2026-05-31,2026-06-10,4570,LG Chem,South Korea,40,115.16,76,0,0,0.0,0,620,5,2,110,0.00013285380642027623,0.00028745834951003884,92,477433,0.0002354934172429249
BATCH-2025-00500,50,Motherboard,2940,2025-05-31,2025-06-09,2828,APC,South Korea,30,481.03,64,4,4,0.0013605442176870747,1,255,5,2,475,0.0002753509047441992,0.0007401953979905162,113,559124,0.0002354934172429249
BATCH-2026-00501,32,Power IC,7533,2026-09-13,2026-09-18,7420,Canon,South Korea,54,382.97,81,0,0,0.0,0,725,9,3,5,8.286140374041643e-05,0.0002525478149158471,93,484783,0.00017735448108886377
BATCH-2026-00502,50,Charger,6427,2026-02-26,2026-03-16,6278,APC,South Korea,30,481.03,64,1,1,0.00015559358954411078,1,526,2,1,204,0.0002753509047441992,0.0007401953979905162,113,559124,0.0002259435803313693
BATCH-2025-00503,17,Battery,3853,2025-10-08,2025-10-23,3782,Mitsubishi,Japan,33,186.49,72,0,0,0.0,0,385,10,4,345,0.00014815223187369047,0.00046308585294764547,114,569061,0.00021173401481822628
BATCH-2025-00504,42,Microcontroller,4454,2025-03-13,2025-04-02,4272,Acer,Germany,34,85.15,90,1,1,0.000224517287831163,1,176,3,1,554,5.058942432590356e-05,0.0001440589145000144,106,511239,0.00013908905895273712
BATCH-2026-00505,46,Fan,5860,2026-04-23,2026-05-13,5453,Liteon,China,58,348.77,65,1,1,0.00017064846416382253,1,582,4,2,148,0.000177376316521378,0.0004995509860038717,96,502846,0.00012855165100050963
BATCH-2024-00506,14,Power IC,5518,2024-11-15,2024-11-28,5361,STMicroelectronics,South Korea,31,23.81,77,2,1,0.0001812250815512867,1,58,11,4,672,0.0001573864901705702,0.00046936123067953895,91,385139,0.00017735448108886377
BATCH-2025-00507,29,Power IC,4184,2025-07-13,2025-07-28,3961,Seagate,Japan,40,285.23,77,1,1,0.0002390057361376673,1,298,7,3,432,0.00016256441034907573,0.0004929460254392659,92,456988,0.00017735448108886377
BATCH-2025-00508,38,Connector,3374,2025-10-08,2025-10-15,3299,Xiaomi,South Korea,52,142.13,62,0,0,0.0,0,385,10,4,345,0.0002941454324685746,0.0007248486269555904,106,537180,0.00020757696267843906
BATCH-2025-00509,27,PCB,9856,2025-08-09,2025-08-14,9668,Infineon,Taiwan,51,333.1,89,2,2,0.00020292207792207794,1,325,8,3,405,0.00011089276239704126,0.00035581711278072977,111,553940,0.0002244207567666141
BATCH-2025-00510,12,Microcontroller,5584,2025-01-25,2025-01-30,5528,Amphenol,Germany,18,446.77,96,1,0,0.0,0,129,1,1,601,8.015372036339901e-05,0.00041034141517753633,113,576135,0.00013908905895273712
BATCH-2026-00511,6,Battery,2627,2026-01-09,2026-01-28,2583,NVIDIA,Germany,38,463.53,74,1,0,0.0,0,478,1,1,252,0.00023377595866623649,0.0009271237760431065,104,528560,0.00021173401481822628
BATCH-2026-00512,14,Processor,643,2026-07-23,2026-08-06,621,STMicroelectronics,South Korea,31,23.81,77,2,2,0.003110419906687403,1,673,7,3,57,0.0001573864901705702,0.00046936123067953895,91,385139,0.0001723848232239575
BATCH-2025-00513,2,PCB,1115,2025-01-09,2025-01-22,1104,TSMC,South Korea,34,349.29,92,0,0,0.0,0,113,1,1,617,0.0001216095118122708,0.0004158402802419921,99,473547,0.0002244207567666141
BATCH-2025-00514,31,Speaker,4484,2025-06-24,2025-06-30,4439,Kyocera,USA,35,236.61,85,1,1,0.00022301516503122213,1,279,6,2,451,0.00018411673535101585,0.0009126920964599268,104,605811,0.00019289953369198322
BATCH-2024-00515,32,Fan,1349,2024-09-26,2024-10-09,1335,Canon,South Korea,54,382.97,81,2,2,0.0014825796886582653,1,8,9,3,722,8.286140374041643e-05,0.0002525478149158471,93,484783,0.00012855165100050963
BATCH-2026-00516,9,Charger,5540,2026-01-28,2026-02-04,5485,Sony,Taiwan,19,33.78,81,1,1,0.00018050541516245486,1,497,1,1,233,0.00014132799993781594,0.00029553061545999206,104,509780,0.0002259435803313693
BATCH-2026-00517,41,Speaker,1495,2026-03-01,2026-03-09,1420,HP,Japan,60,204.38,85,1,1,0.0006688963210702341,1,529,3,1,201,0.00012231852387452777,0.00025339821295037224,87,408153,0.00019289953369198322
BATCH-2025-00518,30,Fan,4991,2025-10-31,2025-11-09,4941,Western Digital,Germany,16,59.04,65,1,1,0.0002003606491685033,1,408,10,4,322,0.00026662885278630423,0.0008545899187981254,93,459619,0.00012855165100050963
BATCH-2025-00519,39,Connector,7430,2025-02-28,2025-03-16,7356,Lenovo,Taiwan,57,331.63,71,0,0,0.0,0,163,2,1,567,0.00017438124238925042,0.000501056949565781,101,560841,0.00020757696267843906
BATCH-2025-00520,3,Sensor,7143,2025-06-07,2025-06-12,6475,Corning,Taiwan,24,487.86,63,0,0,0.0,0,262,6,2,468,0.0005290924687400791,0.0022824547846740364,105,511267,0.00016450590746445605
BATCH-2025-00521,28,Speaker,2552,2025-12-07,2025-12-22,2395,Kioxia,China,36,390.8,86,0,0,0.0,0,445,12,4,285,6.548471380186631e-05,0.00020932699508353792,108,509896,0.00019289953369198322
BATCH-2024-00522,39,Camera,7146,2024-10-21,2024-10-27,6748,Lenovo,Taiwan,57,331.63,71,1,1,0.0001399384270920795,1,33,10,4,697,0.00017438124238925042,0.000501056949565781,101,560841,0.00017585459338616095
BATCH-2025-00523,32,Power IC,6979,2025-03-16,2025-03-23,6688,Canon,South Korea,54,382.97,81,1,1,0.0001432870038687491,1,179,3,1,551,8.286140374041643e-05,0.0002525478149158471,93,484783,0.00017735448108886377
BATCH-2025-00524,3,Power IC,4603,2025-01-14,2025-01-25,4352,Corning,Taiwan,24,487.86,63,2,2,0.00043449923962633063,1,118,1,1,612,0.0005290924687400791,0.0022824547846740364,105,511267,0.00017735448108886377
BATCH-2026-00525,7,PCB,5718,2026-07-25,2026-08-05,5661,Foxconn,USA,50,411.74,84,0,0,0.0,0,675,7,3,55,0.0003217144075727912,0.0015438669764764946,105,555087,0.0002244207567666141
BATCH-2025-00526,11,Memory,276,2025-04-27,2025-05-16,262,Murata,Japan,22,178.55,88,0,0,0.0,0,221,4,2,509,0.00015599689945027513,0.0009387029695731565,105,551463,0.00013960848603418856
BATCH-2026-00527,26,Processor,8744,2026-03-29,2026-04-14,8492,Texas Instruments,South Korea,53,5.67,67,2,2,0.00022872827081427266,1,557,3,1,173,0.0002658174764162671,0.0009122443285503541,102,493376,0.0001723848232239575
BATCH-2025-00528,49,Camera,9711,2025-02-04,2025-02-17,9512,Coherent,USA,42,45.65,73,1,1,0.00010297600659046442,0,139,2,1,591,0.00034438539861380375,0.0009931063632699735,93,417736,0.00017585459338616095
BATCH-2025-00529,4,PCB,698,2025-12-10,2025-12-30,673,Intel,China,48,393.46,88,0,0,0.0,0,448,12,4,282,0.00018841892264149143,0.0009961276293195824,96,400272,0.0002244207567666141
BATCH-2025-00530,31,Power IC,5761,2025-09-19,2025-09-26,5414,Kyocera,USA,35,236.61,85,1,0,0.0,0,366,9,3,364,0.00018411673535101585,0.0009126920964599268,104,605811,0.00017735448108886377
BATCH-2026-00531,36,Display,7059,2026-03-04,2026-03-11,6984,Ericsson,Germany,60,205.45,68,0,0,0.0,0,532,3,1,198,0.00016582352511078637,0.0003750099810004351,109,536222,0.00016919115080672866
BATCH-2025-00532,43,Motherboard,5147,2025-10-20,2025-10-29,4835,ASUSTeK,USA,30,46.84,60,1,1,0.00019428793471925395,1,397,10,4,333,0.00044469895714356904,0.0012463320250862553,87,411235,0.0002354934172429249
BATCH-2025-00533,7,Motherboard,331,2025-06-14,2025-07-04,309,Foxconn,USA,50,411.74,84,0,0,0.0,0,269,6,2,461,0.0003217144075727912,0.0015438669764764946,105,555087,0.0002354934172429249
BATCH-2025-00534,9,Motherboard,4693,2025-11-24,2025-12-14,4646,Sony,Taiwan,19,33.78,81,0,0,0.0,0,432,11,4,298,0.00014132799993781594,0.00029553061545999206,104,509780,0.0002354934172429249
BATCH-2026-00535,5,Camera,9474,2026-06-07,2026-06-22,8797,Apple,Japan,38,226.29,64,0,0,0.0,0,627,6,2,103,0.00029304167774806515,0.0010333897385835877,92,488005,0.00017585459338616095
BATCH-2025-00536,19,Motherboard,2493,2025-11-22,2025-12-06,2308,Sumitomo,USA,36,238.9,64,4,3,0.0012033694344163659,1,430,11,4,300,0.00016876737493119937,0.00039378300837730447,91,458378,0.0002354934172429249
BATCH-2026-00537,7,Camera,1040,2026-02-05,2026-02-20,1005,Foxconn,USA,50,411.74,84,0,0,0.0,0,505,2,1,225,0.0003217144075727912,0.0015438669764764946,105,555087,0.00017585459338616095
BATCH-2026-00538,50,Sensor,975,2026-01-20,2026-02-04,912,APC,South Korea,30,481.03,64,0,0,0.0,0,489,1,1,241,0.0002753509047441992,0.0007401953979905162,113,559124,0.00016450590746445605
BATCH-2025-00539,16,Processor,4210,2025-08-30,2025-09-16,4148,Hitachi,China,57,483.82,88,0,0,0.0,0,346,8,3,384,8.336477286677332e-05,0.0004697935134049564,95,503392,0.0001723848232239575
BATCH-2024-00540,38,Memory,3417,2024-10-06,2024-10-24,3284,Xiaomi,South Korea,52,142.13,62,0,0,0.0,0,18,10,4,712,0.0002941454324685746,0.0007248486269555904,106,537180,0.00013960848603418856
BATCH-2025-00541,16,PCB,449,2025-08-09,2025-08-26,436,Hitachi,China,57,483.82,88,2,2,0.004454342984409799,1,325,8,3,405,8.336477286677332e-05,0.0004697935134049564,95,503392,0.0002244207567666141
BATCH-2025-00542,48,Battery,1247,2025-06-02,2025-06-21,1182,TE Connectivity,Germany,25,315.88,71,1,1,0.0008019246190858059,1,257,6,2,473,0.000215467021331229,0.0009668394253566584,108,542251,0.00021173401481822628
BATCH-2025-00543,15,Display,2780,2025-01-07,2025-01-14,2698,SK Hynix,Taiwan,40,342.16,65,0,0,0.0,0,111,1,1,619,0.00026051175061660777,0.0007352320636847295,93,436297,0.00016919115080672866
BATCH-2025-00544,35,Memory,2937,2025-08-15,2025-08-22,2773,Nokia,Japan,42,219.49,61,1,1,0.00034048348655090226,1,331,8,3,399,0.00019787338089100073,0.0003538789829112609,102,503406,0.00013960848603418856
BATCH-2025-00545,35,Connector,5463,2025-10-03,2025-10-12,5231,Nokia,Japan,42,219.49,61,2,2,0.0003660992128866923,1,380,10,4,350,0.00019787338089100073,0.0003538789829112609,102,503406,0.00020757696267843906
BATCH-2025-00546,14,Speaker,6183,2025-04-29,2025-05-09,6112,STMicroelectronics,South Korea,31,23.81,77,2,1,0.00016173378618793466,1,223,4,2,507,0.0001573864901705702,0.00046936123067953895,91,385139,0.00019289953369198322
BATCH-2024-00547,38,Display,4192,2024-09-28,2024-10-10,4058,Xiaomi,South Korea,52,142.13,62,3,2,0.00047709923664122136,1,10,9,3,720,0.0002941454324685746,0.0007248486269555904,106,537180,0.00016919115080672866
BATCH-2026-00548,13,Charger,4001,2026-03-30,2026-04-16,3924,Onsemi,USA,46,98.93,89,0,0,0.0,0,558,3,1,172,0.00013306539717335389,0.0004888825988608853,89,428711,0.0002259435803313693
BATCH-2025-00549,43,Memory,2132,2025-11-25,2025-12-02,2045,ASUSTeK,USA,30,46.84,60,2,1,0.00046904315196998124,1,433,11,4,297,0.00044469895714356904,0.0012463320250862553,87,411235,0.00013960848603418856
BATCH-2026-00550,2,Motherboard,3514,2026-06-03,2026-06-14,3334,TSMC,South Korea,34,349.29,92,1,1,0.0002845759817871372,1,623,6,2,107,0.0001216095118122708,0.0004158402802419921,99,473547,0.0002354934172429249
BATCH-2026-00551,5,Motherboard,8357,2026-08-06,2026-08-16,8204,Apple,Japan,38,226.29,64,0,0,0.0,0,687,8,3,43,0.00029304167774806515,0.0010333897385835877,92,488005,0.0002354934172429249
BATCH-2026-00552,2,Camera,7662,2026-07-09,2026-07-18,7585,TSMC,South Korea,34,349.29,92,0,0,0.0,0,659,7,3,71,0.0001216095118122708,0.0004158402802419921,99,473547,0.00017585459338616095
BATCH-2026-00553,26,Power IC,2768,2026-07-28,2026-08-17,2627,Texas Instruments,South Korea,53,5.67,67,0,0,0.0,0,678,7,3,52,0.0002658174764162671,0.0009122443285503541,102,493376,0.00017735448108886377
BATCH-2026-00554,50,Connector,4505,2026-08-19,2026-09-01,4342,APC,South Korea,30,481.03,64,0,0,0.0,0,700,8,3,30,0.0002753509047441992,0.0007401953979905162,113,559124,0.00020757696267843906
BATCH-2026-00555,40,Charger,1009,2026-09-08,2026-09-16,954,Dell,China,20,392.38,81,2,1,0.0009910802775024777,1,720,9,3,10,0.00013234425192726218,0.0003712523513249762,101,498329,0.0002259435803313693
BATCH-2025-00556,1,Display,8443,2025-09-27,2025-10-07,8008,Samsung,USA,19,220.56,89,0,0,0.0,0,374,9,3,356,0.00017219294545324894,0.0013891588805521986,106,504263,0.00016919115080672866
BATCH-2025-00557,8,Microcontroller,2982,2025-08-30,2025-09-04,2900,LG Chem,South Korea,40,115.16,76,0,0,0.0,0,346,8,3,384,0.00013285380642027623,0.00028745834951003884,92,477433,0.00013908905895273712
BATCH-2024-00558,7,PCB,5090,2024-10-21,2024-10-27,5039,Foxconn,USA,50,411.74,84,2,2,0.0003929273084479371,1,33,10,4,697,0.0003217144075727912,0.0015438669764764946,105,555087,0.0002244207567666141
BATCH-2025-00559,1,Microcontroller,7331,2025-09-19,2025-10-09,7209,Samsung,USA,19,220.56,89,2,1,0.00013640703860319192,1,366,9,3,364,0.00017219294545324894,0.0013891588805521986,106,504263,0.00013908905895273712
BATCH-2026-00560,49,Fan,5095,2026-03-02,2026-03-20,4733,Coherent,USA,42,45.65,73,2,2,0.0003925417075564279,1,530,3,1,200,0.00034438539861380375,0.0009931063632699735,93,417736,0.00012855165100050963
BATCH-2026-00561,7,Camera,4194,2026-06-04,2026-06-22,4042,Foxconn,USA,50,411.74,84,0,0,0.0,0,624,6,2,106,0.0003217144075727912,0.0015438669764764946,105,555087,0.00017585459338616095
BATCH-2025-00562,20,Fan,9768,2025-03-02,2025-03-09,9550,Delta Electronics,South Korea,30,335.57,68,1,1,0.00010237510237510238,0,165,3,1,565,0.00014552538396359592,0.00035285670745256997,82,427248,0.00012855165100050963
BATCH-2025-00563,10,Processor,4092,2025-07-01,2025-07-15,3971,Panasonic,China,54,316.57,91,0,0,0.0,0,286,7,3,444,0.000144927638474753,0.0007549544377028447,94,435868,0.0001723848232239575
BATCH-2025-00564,11,Sensor,1895,2025-09-23,2025-10-08,1870,Murata,Japan,22,178.55,88,0,0,0.0,0,370,9,3,360,0.00015599689945027513,0.0009387029695731565,105,551463,0.00016450590746445605
BATCH-2025-00565,26,Charger,4065,2025-05-30,2025-06-08,3826,Texas Instruments,South Korea,53,5.67,67,2,2,0.0004920049200492004,1,254,5,2,476,0.0002658174764162671,0.0009122443285503541,102,493376,0.0002259435803313693
BATCH-2024-00566,36,Speaker,3677,2024-11-30,2024-12-18,3595,Ericsson,Germany,60,205.45,68,2,1,0.0002719608376393799,1,73,11,4,657,0.00016582352511078637,0.0003750099810004351,109,536222,0.00019289953369198322
BATCH-2026-00567,14,Battery,515,2026-07-07,2026-07-18,509,STMicroelectronics,South Korea,31,23.81,77,3,1,0.001941747572815534,1,657,7,3,73,0.0001573864901705702,0.00046936123067953895,91,385139,0.00021173401481822628
BATCH-2025-00568,18,Memory,4997,2025-10-27,2025-11-02,4947,Bosch,Germany,18,96.36,77,2,1,0.00020012007204322593,1,404,10,4,326,0.00021806730730221415,0.0007021012099867912,110,557568,0.00013960848603418856
BATCH-2024-00569,34,Motherboard,3505,2024-12-22,2024-12-31,3367,Renesas,China,19,153.37,81,1,1,0.0002853067047075606,1,95,12,4,635,0.00020629854890063796,0.000928870183527049,112,540044,0.0002354934172429249
BATCH-2025-00570,41,Camera,6105,2025-01-06,2025-01-22,5795,HP,Japan,60,204.38,85,0,0,0.0,0,110,1,1,620,0.00012231852387452777,0.00025339821295037224,87,408153,0.00017585459338616095
BATCH-2025-00571,35,Microcontroller,4938,2025-05-25,2025-06-07,4762,Nokia,Japan,42,219.49,61,2,0,0.0,0,249,5,2,481,0.00019787338089100073,0.0003538789829112609,102,503406,0.00013908905895273712
BATCH-2026-00572,9,PCB,5379,2026-04-11,2026-04-18,5325,Sony,Taiwan,19,33.78,81,1,0,0.0,0,570,4,2,160,0.00014132799993781594,0.00029553061545999206,104,509780,0.0002244207567666141
BATCH-2026-00573,18,Processor,827,2026-07-27,2026-08-10,795,Bosch,Germany,18,96.36,77,2,2,0.0024183796856106408,1,677,7,3,53,0.00021806730730221415,0.0007021012099867912,110,557568,0.0001723848232239575
BATCH-2026-00574,14,Microcontroller,1171,2026-03-26,2026-04-03,1127,STMicroelectronics,South Korea,31,23.81,77,1,1,0.0008539709649871904,1,554,3,1,176,0.0001573864901705702,0.00046936123067953895,91,385139,0.00013908905895273712
BATCH-2025-00575,42,Processor,3588,2025-04-09,2025-04-18,3517,Acer,Germany,34,85.15,90,0,0,0.0,0,203,4,2,527,5.058942432590356e-05,0.0001440589145000144,106,511239,0.0001723848232239575
BATCH-2026-00576,10,Connector,3913,2026-09-03,2026-09-13,3753,Panasonic,China,54,316.57,91,0,0,0.0,0,715,9,3,15,0.000144927638474753,0.0007549544377028447,94,435868,0.00020757696267843906
BATCH-2024-00577,17,Display,6082,2024-10-06,2024-10-14,5892,Mitsubishi,Japan,33,186.49,72,0,0,0.0,0,18,10,4,712,0.00014815223187369047,0.00046308585294764547,114,569061,0.00016919115080672866
BATCH-2025-00578,11,Power IC,9910,2025-06-01,2025-06-20,9680,Murata,Japan,22,178.55,88,0,0,0.0,0,256,6,2,474,0.00015599689945027513,0.0009387029695731565,105,551463,0.00017735448108886377
BATCH-2025-00579,40,Memory,9340,2025-05-05,2025-05-10,9132,Dell,China,20,392.38,81,0,0,0.0,0,229,5,2,501,0.00013234425192726218,0.0003712523513249762,101,498329,0.00013960848603418856
BATCH-2025-00580,39,Motherboard,8459,2025-09-02,2025-09-21,8327,Lenovo,Taiwan,57,331.63,71,3,3,0.0003546518501004847,1,349,9,3,381,0.00017438124238925042,0.000501056949565781,101,560841,0.0002354934172429249
BATCH-2026-00581,7,Motherboard,7172,2026-04-29,2026-05-16,6853,Foxconn,USA,50,411.74,84,1,1,0.00013943112102621306,1,588,4,2,142,0.0003217144075727912,0.0015438669764764946,105,555087,0.0002354934172429249
BATCH-2026-00582,16,Sensor,1034,2026-07-26,2026-08-15,1019,Hitachi,China,57,483.82,88,1,1,0.0009671179883945841,1,676,7,3,54,8.336477286677332e-05,0.0004697935134049564,95,503392,0.00016450590746445605
BATCH-2026-00583,2,Display,2838,2026-01-10,2026-01-17,2769,TSMC,South Korea,34,349.29,92,1,0,0.0,0,479,1,1,251,0.0001216095118122708,0.0004158402802419921,99,473547,0.00016919115080672866
BATCH-2026-00584,2,Motherboard,8013,2026-04-27,2026-05-11,7665,TSMC,South Korea,34,349.29,92,2,2,0.0002495944090852365,1,586,4,2,144,0.0001216095118122708,0.0004158402802419921,99,473547,0.0002354934172429249
BATCH-2025-00585,18,Display,7545,2025-04-07,2025-04-27,7407,Bosch,Germany,18,96.36,77,0,0,0.0,0,201,4,2,529,0.00021806730730221415,0.0007021012099867912,110,557568,0.00016919115080672866
BATCH-2025-00586,21,Speaker,4537,2025-08-21,2025-08-30,4449,Jabil,Taiwan,58,416.67,76,0,0,0.0,0,337,8,3,393,0.00034128023110612925,0.0012045823376322067,117,579869,0.00019289953369198322
BATCH-2026-00587,43,Connector,577,2026-06-21,2026-06-28,554,ASUSTeK,USA,30,46.84,60,1,0,0.0,0,641,6,2,89,0.00044469895714356904,0.0012463320250862553,87,411235,0.00020757696267843906
BATCH-2026-00588,14,Fan,4317,2026-03-24,2026-04-03,4189,STMicroelectronics,South Korea,31,23.81,77,2,1,0.0002316423442205235,1,552,3,1,178,0.0001573864901705702,0.00046936123067953895,91,385139,0.00012855165100050963
BATCH-2025-00589,3,Connector,4730,2025-03-24,2025-04-03,4548,Corning,Taiwan,24,487.86,63,1,1,0.00021141649048625792,1,187,3,1,543,0.0005290924687400791,0.0022824547846740364,105,511267,0.00020757696267843906
BATCH-2025-00590,26,Motherboard,3584,2025-12-06,2025-12-20,3480,Texas Instruments,South Korea,53,5.67,67,5,4,0.0011160714285714285,1,444,12,4,286,0.0002658174764162671,0.0009122443285503541,102,493376,0.0002354934172429249
BATCH-2025-00591,25,PCB,9654,2025-03-24,2025-04-08,9336,Broadcom,USA,26,71.6,85,0,0,0.0,0,187,3,1,543,9.454505074439549e-05,0.0003137783114627588,84,481980,0.0002244207567666141
BATCH-2025-00592,49,Sensor,9680,2025-11-14,2025-12-02,9263,Coherent,USA,42,45.65,73,1,0,0.0,0,422,11,4,308,0.00034438539861380375,0.0009931063632699735,93,417736,0.00016450590746445605
BATCH-2025-00593,47,Memory,5628,2025-01-20,2025-01-28,5572,Molex,Japan,37,191.75,76,3,2,0.00035536602700781805,1,124,1,1,606,0.00015063481442028842,0.00045023343696729267,102,507171,0.00013960848603418856
BATCH-2025-00594,41,Charger,2708,2025-01-17,2025-02-05,2681,HP,Japan,60,204.38,85,2,2,0.0007385524372230429,1,121,1,1,609,0.00012231852387452777,0.00025339821295037224,87,408153,0.0002259435803313693
BATCH-2026-00595,18,Memory,3894,2026-02-26,2026-03-07,3683,Bosch,Germany,18,96.36,77,0,0,0.0,0,526,2,1,204,0.00021806730730221415,0.0007021012099867912,110,557568,0.00013960848603418856
BATCH-2024-00596,3,Battery,8178,2024-09-26,2024-10-02,7850,Corning,Taiwan,24,487.86,63,1,0,0.0,0,8,9,3,722,0.0005290924687400791,0.0022824547846740364,105,511267,0.00021173401481822628
BATCH-2026-00597,15,Camera,791,2026-01-14,2026-01-25,737,SK Hynix,Taiwan,40,342.16,65,0,0,0.0,0,483,1,1,247,0.00026051175061660777,0.0007352320636847295,93,436297,0.00017585459338616095
BATCH-2025-00598,6,Camera,8958,2025-03-25,2025-04-01,8733,NVIDIA,Germany,38,463.53,74,0,0,0.0,0,188,3,1,542,0.00023377595866623649,0.0009271237760431065,104,528560,0.00017585459338616095
BATCH-2026-00599,7,Power IC,3401,2026-02-24,2026-03-08,3274,Foxconn,USA,50,411.74,84,1,1,0.00029403116730373417,1,524,2,1,206,0.0003217144075727912,0.0015438669764764946,105,555087,0.00017735448108886377
BATCH-2026-00600,23,Speaker,1131,2026-02-26,2026-03-18,1120,ASE,Japan,50,402.77,91,0,0,0.0,0,526,2,1,204,6.663525433902222e-05,0.00015954052120490043,90,441864,0.00019289953369198322
BATCH-2025-00601,16,Fan,2646,2025-09-05,2025-09-22,2620,Hitachi,China,57,483.82,88,0,0,0.0,0,352,9,3,378,8.336477286677332e-05,0.0004697935134049564,95,503392,0.00012855165100050963
BATCH-2025-00602,47,Fan,1228,2025-11-18,2025-12-07,1167,Molex,Japan,37,191.75,76,0,0,0.0,0,426,11,4,304,0.00015063481442028842,0.00045023343696729267,102,507171,0.00012855165100050963
BATCH-2025-00603,18,Charger,3329,2025-06-04,2025-06-19,3202,Bosch,Germany,18,96.36,77,0,0,0.0,0,259,6,2,471,0.00021806730730221415,0.0007021012099867912,110,557568,0.0002259435803313693
BATCH-2025-00604,23,Charger,1981,2025-10-25,2025-11-13,1948,ASE,Japan,50,402.77,91,0,0,0.0,0,402,10,4,328,6.663525433902222e-05,0.00015954052120490043,90,441864,0.0002259435803313693
BATCH-2024-00605,24,Speaker,6163,2024-11-06,2024-11-20,5900,Qualcomm,Germany,53,145.59,74,0,0,0.0,0,49,11,4,681,0.00017211444124561363,0.00048508112533674527,88,458321,0.00019289953369198322
BATCH-2025-00606,2,Display,3456,2025-11-21,2025-12-06,3236,TSMC,South Korea,34,349.29,92,2,1,0.00028935185185185184,1,429,11,4,301,0.0001216095118122708,0.0004158402802419921,99,473547,0.00016919115080672866
BATCH-2026-00607,40,Microcontroller,8899,2026-03-18,2026-03-29,8631,Dell,China,20,392.38,81,2,2,0.0002247443532981234,1,546,3,1,184,0.00013234425192726218,0.0003712523513249762,101,498329,0.00013908905895273712
BATCH-2026-00608,44,PCB,3269,2026-08-04,2026-08-14,3236,Wistron,South Korea,50,232.01,87,0,0,0.0,0,685,8,3,45,0.00010336577465557791,0.000380745741124954,117,590216,0.0002244207567666141
BATCH-2024-00609,24,Charger,8374,2024-11-01,2024-11-13,8102,Qualcomm,Germany,53,145.59,74,0,0,0.0,0,44,11,4,686,0.00017211444124561363,0.00048508112533674527,88,458321,0.0002259435803313693
BATCH-2025-00610,19,Speaker,3921,2025-02-02,2025-02-10,3737,Sumitomo,USA,36,238.9,64,0,0,0.0,0,137,2,1,593,0.00016876737493119937,0.00039378300837730447,91,458378,0.00019289953369198322
BATCH-2025-00611,16,Power IC,3365,2025-06-28,2025-07-06,3250,Hitachi,China,57,483.82,88,1,1,0.00029717682020802375,1,283,6,2,447,8.336477286677332e-05,0.0004697935134049564,95,503392,0.00017735448108886377
BATCH-2024-00612,18,Microcontroller,7742,2024-09-30,2024-10-11,7621,Bosch,Germany,18,96.36,77,1,1,0.0001291655902867476,0,12,9,3,718,0.00021806730730221415,0.0007021012099867912,110,557568,0.00013908905895273712
BATCH-2025-00613,14,Microcontroller,3064,2025-10-04,2025-10-10,3003,STMicroelectronics,South Korea,31,23.81,77,0,0,0.0,0,381,10,4,349,0.0001573864901705702,0.00046936123067953895,91,385139,0.00013908905895273712
BATCH-2026-00614,46,Charger,681,2026-02-19,2026-03-02,666,Liteon,China,58,348.77,65,0,0,0.0,0,519,2,1,211,0.000177376316521378,0.0004995509860038717,96,502846,0.0002259435803313693
BATCH-2025-00615,27,Microcontroller,8025,2025-08-18,2025-08-23,7691,Infineon,Taiwan,51,333.1,89,0,0,0.0,0,334,8,3,396,0.00011089276239704126,0.00035581711278072977,111,553940,0.00013908905895273712
BATCH-2026-00616,5,Processor,1353,2026-02-14,2026-03-03,1292,Apple,Japan,38,226.29,64,2,1,0.0007390983000739098,1,514,2,1,216,0.00029304167774806515,0.0010333897385835877,92,488005,0.0001723848232239575
BATCH-2026-00617,5,Motherboard,8358,2026-06-14,2026-06-28,7843,Apple,Japan,38,226.29,64,1,0,0.0,0,634,6,2,96,0.00029304167774806515,0.0010333897385835877,92,488005,0.0002354934172429249
BATCH-2025-00618,32,Sensor,7571,2025-11-23,2025-12-11,7158,Canon,South Korea,54,382.97,81,0,0,0.0,0,431,11,4,299,8.286140374041643e-05,0.0002525478149158471,93,484783,0.00016450590746445605
BATCH-2025-00619,3,Processor,1080,2025-10-29,2025-11-14,1069,Corning,Taiwan,24,487.86,63,1,1,0.000925925925925926,1,406,10,4,324,0.0005290924687400791,0.0022824547846740364,105,511267,0.0001723848232239575
BATCH-2025-00620,11,Motherboard,6519,2025-09-09,2025-09-20,6208,Murata,Japan,22,178.55,88,0,0,0.0,0,356,9,3,374,0.00015599689945027513,0.0009387029695731565,105,551463,0.0002354934172429249
BATCH-2026-00621,45,Charger,7075,2026-02-13,2026-02-22,6603,Pegatron,Taiwan,47,251.52,66,0,0,0.0,0,513,2,1,217,0.0001275169517997213,0.0003266025273992103,94,477190,0.0002259435803313693
BATCH-2026-00622,11,Sensor,8892,2026-02-19,2026-03-08,8506,Murata,Japan,22,178.55,88,1,1,0.00011246063877642825,0,519,2,1,211,0.00015599689945027513,0.0009387029695731565,105,551463,0.00016450590746445605
BATCH-2026-00623,14,Charger,2021,2026-08-28,2026-09-04,1889,STMicroelectronics,South Korea,31,23.81,77,1,0,0.0,0,709,8,3,21,0.0001573864901705702,0.00046936123067953895,91,385139,0.0002259435803313693
BATCH-2025-00624,36,Camera,3145,2025-12-04,2025-12-13,2974,Ericsson,Germany,60,205.45,68,1,1,0.0003179650238473768,1,442,12,4,288,0.00016582352511078637,0.0003750099810004351,109,536222,0.00017585459338616095
BATCH-2024-00625,4,Motherboard,6206,2024-10-19,2024-11-07,6144,Intel,China,48,393.46,88,1,0,0.0,0,31,10,4,699,0.00018841892264149143,0.0009961276293195824,96,400272,0.0002354934172429249
BATCH-2025-00626,1,Microcontroller,9494,2025-05-04,2025-05-21,9399,Samsung,USA,19,220.56,89,2,2,0.0002106593638087213,1,228,5,2,502,0.00017219294545324894,0.0013891588805521986,106,504263,0.00013908905895273712
BATCH-2025-00627,13,Sensor,8737,2025-08-02,2025-08-08,8636,Onsemi,USA,46,98.93,89,1,1,0.00011445576284765938,0,318,8,3,412,0.00013306539717335389,0.0004888825988608853,89,428711,0.00016450590746445605
BATCH-2025-00628,17,Memory,4368,2025-04-19,2025-05-03,4274,Mitsubishi,Japan,33,186.49,72,1,1,0.00022893772893772894,1,213,4,2,517,0.00014815223187369047,0.00046308585294764547,114,569061,0.00013960848603418856
BATCH-2024-00629,31,Microcontroller,8283,2024-11-14,2024-11-25,8048,Kyocera,USA,35,236.61,85,0,0,0.0,0,57,11,4,673,0.00018411673535101585,0.0009126920964599268,104,605811,0.00013908905895273712
BATCH-2025-00630,20,Motherboard,3586,2025-01-03,2025-01-12,3501,Delta Electronics,South Korea,30,335.57,68,1,1,0.0002788622420524261,1,107,1,1,623,0.00014552538396359592,0.00035285670745256997,82,427248,0.0002354934172429249
BATCH-2025-00631,6,Motherboard,8263,2025-09-15,2025-09-29,8073,NVIDIA,Germany,38,463.53,74,0,0,0.0,0,362,9,3,368,0.00023377595866623649,0.0009271237760431065,104,528560,0.0002354934172429249
BATCH-2024-00632,46,Microcontroller,763,2024-10-07,2024-10-18,749,Liteon,China,58,348.77,65,0,0,0.0,0,19,10,4,711,0.000177376316521378,0.0004995509860038717,96,502846,0.00013908905895273712
BATCH-2026-00633,15,Camera,4034,2026-09-07,2026-09-17,3994,SK Hynix,Taiwan,40,342.16,65,0,0,0.0,0,719,9,3,11,0.00026051175061660777,0.0007352320636847295,93,436297,0.00017585459338616095
BATCH-2025-00634,11,Display,5779,2025-07-21,2025-08-02,5721,Murata,Japan,22,178.55,88,3,0,0.0,0,306,7,3,424,0.00015599689945027513,0.0009387029695731565,105,551463,0.00016919115080672866
BATCH-2026-00635,8,Connector,3194,2026-05-14,2026-05-23,3130,LG Chem,South Korea,40,115.16,76,1,1,0.00031308703819661864,1,603,5,2,127,0.00013285380642027623,0.00028745834951003884,92,477433,0.00020757696267843906
BATCH-2025-00636,7,Display,6929,2025-02-18,2025-03-08,6860,Foxconn,USA,50,411.74,84,0,0,0.0,0,153,2,1,577,0.0003217144075727912,0.0015438669764764946,105,555087,0.00016919115080672866
BATCH-2024-00637,28,Memory,6569,2024-11-07,2024-11-17,6503,Kioxia,China,36,390.8,86,0,0,0.0,0,50,11,4,680,6.548471380186631e-05,0.00020932699508353792,108,509896,0.00013960848603418856
BATCH-2026-00638,9,Memory,7306,2026-08-11,2026-08-20,7233,Sony,Taiwan,19,33.78,81,2,2,0.0002737476047084588,1,692,8,3,38,0.00014132799993781594,0.00029553061545999206,104,509780,0.00013960848603418856
BATCH-2026-00639,1,Processor,9906,2026-06-09,2026-06-25,9583,Samsung,USA,19,220.56,89,0,0,0.0,0,629,6,2,101,0.00017219294545324894,0.0013891588805521986,106,504263,0.0001723848232239575
BATCH-2026-00640,42,Charger,335,2026-06-28,2026-07-03,321,Acer,Germany,34,85.15,90,0,0,0.0,0,648,6,2,82,5.058942432590356e-05,0.0001440589145000144,106,511239,0.0002259435803313693
BATCH-2025-00641,37,Camera,4756,2025-10-23,2025-11-09,4616,Huawei,USA,60,118.5,92,1,1,0.00021026072329688813,1,400,10,4,330,0.00010426815057621344,0.0003557497462935021,91,442918,0.00017585459338616095
BATCH-2024-00642,22,Fan,4940,2024-10-08,2024-10-21,4891,Flex,China,43,157.56,86,1,1,0.00020242914979757084,1,20,10,4,710,6.527455789884103e-05,0.00021075148645526503,94,530055,0.00012855165100050963
BATCH-2026-00643,21,Battery,5764,2026-05-17,2026-06-06,5706,Jabil,Taiwan,58,416.67,76,0,0,0.0,0,606,5,2,124,0.00034128023110612925,0.0012045823376322067,117,579869,0.00021173401481822628
BATCH-2024-00644,3,Display,8875,2024-12-08,2024-12-23,8572,Corning,Taiwan,24,487.86,63,1,0,0.0,0,81,12,4,649,0.0005290924687400791,0.0022824547846740364,105,511267,0.00016919115080672866
BATCH-2025-00645,39,Camera,8292,2025-07-20,2025-07-25,7937,Lenovo,Taiwan,57,331.63,71,0,0,0.0,0,305,7,3,425,0.00017438124238925042,0.000501056949565781,101,560841,0.00017585459338616095
BATCH-2025-00646,19,Camera,4676,2025-07-27,2025-08-06,4611,Sumitomo,USA,36,238.9,64,0,0,0.0,0,312,7,3,418,0.00016876737493119937,0.00039378300837730447,91,458378,0.00017585459338616095
BATCH-2025-00647,39,Camera,8663,2025-06-11,2025-06-16,7870,Lenovo,Taiwan,57,331.63,71,2,2,0.0002308669052291354,1,266,6,2,464,0.00017438124238925042,0.000501056949565781,101,560841,0.00017585459338616095
BATCH-2025-00648,8,Battery,6061,2025-11-11,2025-11-18,6000,LG Chem,South Korea,40,115.16,76,0,0,0.0,0,419,11,4,311,0.00013285380642027623,0.00028745834951003884,92,477433,0.00021173401481822628
BATCH-2025-00649,49,PCB,1068,2025-03-10,2025-03-21,1030,Coherent,USA,42,45.65,73,1,1,0.0009363295880149813,1,173,3,1,557,0.00034438539861380375,0.0009931063632699735,93,417736,0.0002244207567666141
BATCH-2025-00650,8,Display,567,2025-04-21,2025-05-08,561,LG Chem,South Korea,40,115.16,76,2,1,0.001763668430335097,1,215,4,2,515,0.00013285380642027623,0.00028745834951003884,92,477433,0.00016919115080672866
BATCH-2026-00651,14,Processor,3421,2026-03-18,2026-03-24,3387,STMicroelectronics,South Korea,31,23.81,77,1,0,0.0,0,546,3,1,184,0.0001573864901705702,0.00046936123067953895,91,385139,0.0001723848232239575
BATCH-2026-00652,4,Charger,7585,2026-05-27,2026-06-06,7391,Intel,China,48,393.46,88,0,0,0.0,0,616,5,2,114,0.00018841892264149143,0.0009961276293195824,96,400272,0.0002259435803313693
BATCH-2026-00653,16,Power IC,2051,2026-09-11,2026-10-01,1973,Hitachi,China,57,483.82,88,2,1,0.00048756704046806434,1,723,9,3,7,8.336477286677332e-05,0.0004697935134049564,95,503392,0.00017735448108886377
BATCH-2025-00654,13,Memory,1326,2025-06-30,2025-07-13,1313,Onsemi,USA,46,98.93,89,1,0,0.0,0,285,6,2,445,0.00013306539717335389,0.0004888825988608853,89,428711,0.00013960848603418856
BATCH-2026-00655,12,PCB,6949,2026-03-21,2026-04-02,6649,Amphenol,Germany,18,446.77,96,0,0,0.0,0,549,3,1,181,8.015372036339901e-05,0.00041034141517753633,113,576135,0.0002244207567666141
BATCH-2025-00656,45,Battery,2548,2025-10-07,2025-10-20,2465,Pegatron,Taiwan,47,251.52,66,1,0,0.0,0,384,10,4,346,0.0001275169517997213,0.0003266025273992103,94,477190,0.00021173401481822628
BATCH-2026-00657,44,Charger,5388,2026-07-30,2026-08-12,5137,Wistron,South Korea,50,232.01,87,0,0,0.0,0,680,7,3,50,0.00010336577465557791,0.000380745741124954,117,590216,0.0002259435803313693
BATCH-2025-00658,35,Sensor,4227,2025-02-08,2025-02-21,4185,Nokia,Japan,42,219.49,61,0,0,0.0,0,143,2,1,587,0.00019787338089100073,0.0003538789829112609,102,503406,0.00016450590746445605
BATCH-2025-00659,18,Display,3958,2025-03-09,2025-03-29,3749,Bosch,Germany,18,96.36,77,1,1,0.00025265285497726126,1,172,3,1,558,0.00021806730730221415,0.0007021012099867912,110,557568,0.00016919115080672866
BATCH-2026-00660,27,PCB,9322,2026-03-28,2026-04-03,9081,Infineon,Taiwan,51,333.1,89,0,0,0.0,0,556,3,1,174,0.00011089276239704126,0.00035581711278072977,111,553940,0.0002244207567666141
BATCH-2024-00661,38,Motherboard,8395,2024-11-27,2024-12-04,7512,Xiaomi,South Korea,52,142.13,62,1,1,0.00011911852293031566,0,70,11,4,660,0.0002941454324685746,0.0007248486269555904,106,537180,0.0002354934172429249
BATCH-2024-00662,46,Display,779,2024-10-28,2024-11-13,748,Liteon,China,58,348.77,65,2,2,0.0025673940949935813,1,40,10,4,690,0.000177376316521378,0.0004995509860038717,96,502846,0.00016919115080672866
BATCH-2026-00663,14,Motherboard,685,2026-05-15,2026-06-03,638,STMicroelectronics,South Korea,31,23.81,77,1,0,0.0,0,604,5,2,126,0.0001573864901705702,0.00046936123067953895,91,385139,0.0002354934172429249
BATCH-2026-00664,36,Sensor,3292,2026-07-22,2026-08-07,3114,Ericsson,Germany,60,205.45,68,1,1,0.00030376670716889426,1,672,7,3,58,0.00016582352511078637,0.0003750099810004351,109,536222,0.00016450590746445605
BATCH-2026-00665,3,Power IC,1986,2026-01-15,2026-01-26,1898,Corning,Taiwan,24,487.86,63,2,2,0.0010070493454179255,1,484,1,1,246,0.0005290924687400791,0.0022824547846740364,105,511267,0.00017735448108886377
BATCH-2025-00666,22,Connector,9977,2025-09-16,2025-09-23,9338,Flex,China,43,157.56,86,2,1,0.00010023053021950487,0,363,9,3,367,6.527455789884103e-05,0.00021075148645526503,94,530055,0.00020757696267843906
BATCH-2025-00667,35,Memory,3444,2025-09-04,2025-09-22,3251,Nokia,Japan,42,219.49,61,3,3,0.0008710801393728223,1,351,9,3,379,0.00019787338089100073,0.0003538789829112609,102,503406,0.00013960848603418856
BATCH-2026-00668,29,Sensor,4102,2026-05-31,2026-06-14,4036,Seagate,Japan,40,285.23,77,1,1,0.00024378352023403217,1,620,5,2,110,0.00016256441034907573,0.0004929460254392659,92,456988,0.00016450590746445605
BATCH-2026-00669,18,Speaker,6252,2026-02-25,2026-03-05,5951,Bosch,Germany,18,96.36,77,0,0,0.0,0,525,2,1,205,0.00021806730730221415,0.0007021012099867912,110,557568,0.00019289953369198322
BATCH-2026-00670,33,PCB,6285,2026-08-10,2026-08-23,5996,Denso,Taiwan,41,277.68,84,1,1,0.00015910898965791568,1,691,8,3,39,0.00013528007016307464,0.0006519489677036868,119,602071,0.0002244207567666141
BATCH-2025-00671,39,Display,1135,2025-04-05,2025-04-23,1027,Lenovo,Taiwan,57,331.63,71,0,0,0.0,0,199,4,2,531,0.00017438124238925042,0.000501056949565781,101,560841,0.00016919115080672866
BATCH-2025-00672,27,Memory,6823,2025-05-17,2025-05-23,6755,Infineon,Taiwan,51,333.1,89,1,1,0.0001465630954125751,1,241,5,2,489,0.00011089276239704126,0.00035581711278072977,111,553940,0.00013960848603418856
BATCH-2026-00673,10,Camera,248,2026-03-07,2026-03-26,246,Panasonic,China,54,316.57,91,0,0,0.0,0,535,3,1,195,0.000144927638474753,0.0007549544377028447,94,435868,0.00017585459338616095
BATCH-2025-00674,42,Microcontroller,5955,2025-04-21,2025-05-01,5895,Acer,Germany,34,85.15,90,0,0,0.0,0,215,4,2,515,5.058942432590356e-05,0.0001440589145000144,106,511239,0.00013908905895273712
BATCH-2026-00675,42,Fan,454,2026-02-28,2026-03-10,449,Acer,Germany,34,85.15,90,0,0,0.0,0,528,2,1,202,5.058942432590356e-05,0.0001440589145000144,106,511239,0.00012855165100050963
BATCH-2026-00676,26,Charger,598,2026-04-12,2026-04-19,591,Texas Instruments,South Korea,53,5.67,67,1,0,0.0,0,571,4,2,159,0.0002658174764162671,0.0009122443285503541,102,493376,0.0002259435803313693
BATCH-2026-00677,9,Connector,9196,2026-08-08,2026-08-19,9104,Sony,Taiwan,19,33.78,81,1,0,0.0,0,689,8,3,41,0.00014132799993781594,0.00029553061545999206,104,509780,0.00020757696267843906
BATCH-2025-00678,26,Microcontroller,1147,2025-03-01,2025-03-11,1072,Texas Instruments,South Korea,53,5.67,67,1,1,0.0008718395815170009,1,164,3,1,566,0.0002658174764162671,0.0009122443285503541,102,493376,0.00013908905895273712
BATCH-2026-00679,43,Connector,8381,2026-04-04,2026-04-21,7789,ASUSTeK,USA,30,46.84,60,2,1,0.00011931750387781887,0,563,4,2,167,0.00044469895714356904,0.0012463320250862553,87,411235,0.00020757696267843906
BATCH-2025-00680,41,Battery,4081,2025-02-05,2025-02-10,3972,HP,Japan,60,204.38,85,1,0,0.0,0,140,2,1,590,0.00012231852387452777,0.00025339821295037224,87,408153,0.00021173401481822628
BATCH-2025-00681,47,Fan,6523,2025-10-04,2025-10-24,6437,Molex,Japan,37,191.75,76,1,1,0.00015330369461904033,1,381,10,4,349,0.00015063481442028842,0.00045023343696729267,102,507171,0.00012855165100050963
BATCH-2026-00682,28,Motherboard,8213,2026-01-26,2026-02-07,7950,Kioxia,China,36,390.8,86,2,2,0.00024351637647631802,1,495,1,1,235,6.548471380186631e-05,0.00020932699508353792,108,509896,0.0002354934172429249
BATCH-2026-00683,32,Speaker,7749,2026-08-12,2026-08-24,7435,Canon,South Korea,54,382.97,81,1,1,0.0001290489095367144,0,693,8,3,37,8.286140374041643e-05,0.0002525478149158471,93,484783,0.00019289953369198322
BATCH-2025-00684,42,PCB,627,2025-11-29,2025-12-19,602,Acer,Germany,34,85.15,90,0,0,0.0,0,437,11,4,293,5.058942432590356e-05,0.0001440589145000144,106,511239,0.0002244207567666141
BATCH-2025-00685,3,Memory,7828,2025-12-30,2026-01-18,7371,Corning,Taiwan,24,487.86,63,2,1,0.00012774655084312725,0,468,12,4,262,0.0005290924687400791,0.0022824547846740364,105,511267,0.00013960848603418856
BATCH-2025-00686,24,Fan,1282,2025-03-22,2025-03-28,1199,Qualcomm,Germany,53,145.59,74,1,1,0.00078003120124805,1,185,3,1,545,0.00017211444124561363,0.00048508112533674527,88,458321,0.00012855165100050963
BATCH-2025-00687,16,PCB,3666,2025-01-02,2025-01-07,3525,Hitachi,China,57,483.82,88,0,0,0.0,0,106,1,1,624,8.336477286677332e-05,0.0004697935134049564,95,503392,0.0002244207567666141
BATCH-2025-00688,12,Microcontroller,2230,2025-06-01,2025-06-08,2208,Amphenol,Germany,18,446.77,96,0,0,0.0,0,256,6,2,474,8.015372036339901e-05,0.00041034141517753633,113,576135,0.00013908905895273712
BATCH-2025-00689,41,Connector,7738,2025-12-19,2025-12-28,7472,HP,Japan,60,204.38,85,0,0,0.0,0,457,12,4,273,0.00012231852387452777,0.00025339821295037224,87,408153,0.00020757696267843906
BATCH-2024-00690,46,Microcontroller,9143,2024-10-24,2024-11-12,8556,Liteon,China,58,348.77,65,0,0,0.0,0,36,10,4,694,0.000177376316521378,0.0004995509860038717,96,502846,0.00013908905895273712
BATCH-2025-00691,13,Power IC,5429,2025-12-14,2025-12-28,5375,Onsemi,USA,46,98.93,89,0,0,0.0,0,452,12,4,278,0.00013306539717335389,0.0004888825988608853,89,428711,0.00017735448108886377
BATCH-2024-00692,32,Memory,263,2024-10-13,2024-11-02,250,Canon,South Korea,54,382.97,81,0,0,0.0,0,25,10,4,705,8.286140374041643e-05,0.0002525478149158471,93,484783,0.00013960848603418856
BATCH-2025-00693,9,Motherboard,1518,2025-06-20,2025-06-30,1473,Sony,Taiwan,19,33.78,81,2,2,0.0013175230566534915,1,275,6,2,455,0.00014132799993781594,0.00029553061545999206,104,509780,0.0002354934172429249
BATCH-2024-00694,1,Charger,5121,2024-09-18,2024-09-29,5070,Samsung,USA,19,220.56,89,1,1,0.00019527436047646945,1,0,9,3,730,0.00017219294545324894,0.0013891588805521986,106,504263,0.0002259435803313693
BATCH-2025-00695,42,Camera,1464,2025-10-08,2025-10-27,1449,Acer,Germany,34,85.15,90,1,0,0.0,0,385,10,4,345,5.058942432590356e-05,0.0001440589145000144,106,511239,0.00017585459338616095
BATCH-2025-00696,19,Sensor,1812,2025-12-11,2025-12-21,1701,Sumitomo,USA,36,238.9,64,0,0,0.0,0,449,12,4,281,0.00016876737493119937,0.00039378300837730447,91,458378,0.00016450590746445605
BATCH-2025-00697,28,Memory,2500,2025-09-17,2025-09-23,2306,Kioxia,China,36,390.8,86,2,2,0.0008,1,364,9,3,366,6.548471380186631e-05,0.00020932699508353792,108,509896,0.00013960848603418856
BATCH-2025-00698,33,Charger,2923,2025-10-23,2025-11-08,2892,Denso,Taiwan,41,277.68,84,1,0,0.0,0,400,10,4,330,0.00013528007016307464,0.0006519489677036868,119,602071,0.0002259435803313693
BATCH-2025-00699,12,Camera,2628,2025-08-22,2025-09-09,2602,Amphenol,Germany,18,446.77,96,0,0,0.0,0,338,8,3,392,8.015372036339901e-05,0.00041034141517753633,113,576135,0.00017585459338616095
BATCH-2024-00700,2,Power IC,6815,2024-12-11,2024-12-27,6747,TSMC,South Korea,34,349.29,92,0,0,0.0,0,84,12,4,646,0.0001216095118122708,0.0004158402802419921,99,473547,0.00017735448108886377
BATCH-2025-00701,34,Power IC,3299,2025-07-04,2025-07-16,3266,Renesas,China,19,153.37,81,3,2,0.0006062443164595332,1,289,7,3,441,0.00020629854890063796,0.000928870183527049,112,540044,0.00017735448108886377
BATCH-2024-00702,3,Sensor,6585,2024-11-15,2024-12-05,6320,Corning,Taiwan,24,487.86,63,1,1,0.00015186028853454822,1,58,11,4,672,0.0005290924687400791,0.0022824547846740364,105,511267,0.00016450590746445605
BATCH-2026-00703,33,Memory,6439,2026-03-20,2026-04-01,6371,Denso,Taiwan,41,277.68,84,1,1,0.00015530361857431278,1,548,3,1,182,0.00013528007016307464,0.0006519489677036868,119,602071,0.00013960848603418856
BATCH-2025-00704,42,Battery,6237,2025-03-27,2025-04-12,6175,Acer,Germany,34,85.15,90,1,1,0.000160333493666827,1,190,3,1,540,5.058942432590356e-05,0.0001440589145000144,106,511239,0.00021173401481822628
BATCH-2026-00705,47,Display,1466,2026-07-26,2026-08-06,1354,Molex,Japan,37,191.75,76,2,2,0.001364256480218281,1,676,7,3,54,0.00015063481442028842,0.00045023343696729267,102,507171,0.00016919115080672866
BATCH-2026-00706,2,Charger,859,2026-02-27,2026-03-07,843,TSMC,South Korea,34,349.29,92,1,0,0.0,0,527,2,1,203,0.0001216095118122708,0.0004158402802419921,99,473547,0.0002259435803313693
BATCH-2025-00707,31,Sensor,8684,2025-05-20,2025-05-28,8597,Kyocera,USA,35,236.61,85,2,2,0.00023030861354214648,1,244,5,2,486,0.00018411673535101585,0.0009126920964599268,104,605811,0.00016450590746445605
BATCH-2026-00708,9,Display,4083,2026-06-03,2026-06-20,3987,Sony,Taiwan,19,33.78,81,2,2,0.0004898359049718344,1,623,6,2,107,0.00014132799993781594,0.00029553061545999206,104,509780,0.00016919115080672866
BATCH-2024-00709,40,Speaker,8645,2024-12-17,2025-01-04,8224,Dell,China,20,392.38,81,0,0,0.0,0,90,12,4,640,0.00013234425192726218,0.0003712523513249762,101,498329,0.00019289953369198322
BATCH-2025-00710,15,Sensor,978,2025-06-15,2025-06-26,953,SK Hynix,Taiwan,40,342.16,65,2,2,0.002044989775051125,1,270,6,2,460,0.00026051175061660777,0.0007352320636847295,93,436297,0.00016450590746445605
BATCH-2025-00711,29,Microcontroller,4419,2025-07-15,2025-08-02,4370,Seagate,Japan,40,285.23,77,3,2,0.00045259108395564606,1,300,7,3,430,0.00016256441034907573,0.0004929460254392659,92,456988,0.00013908905895273712
BATCH-2025-00712,34,Speaker,7560,2025-09-11,2025-09-16,7296,Renesas,China,19,153.37,81,0,0,0.0,0,358,9,3,372,0.00020629854890063796,0.000928870183527049,112,540044,0.00019289953369198322
BATCH-2025-00713,24,Power IC,8058,2025-03-06,2025-03-23,7451,Qualcomm,Germany,53,145.59,74,0,0,0.0,0,169,3,1,561,0.00017211444124561363,0.00048508112533674527,88,458321,0.00017735448108886377
BATCH-2026-00714,34,Charger,8878,2026-07-22,2026-08-09,8175,Renesas,China,19,153.37,81,1,1,0.00011263798152737103,0,672,7,3,58,0.00020629854890063796,0.000928870183527049,112,540044,0.0002259435803313693
BATCH-2025-00715,16,Motherboard,954,2025-04-03,2025-04-10,944,Hitachi,China,57,483.82,88,0,0,0.0,0,197,4,2,533,8.336477286677332e-05,0.0004697935134049564,95,503392,0.0002354934172429249
BATCH-2025-00716,25,Connector,8623,2025-10-30,2025-11-17,8498,Broadcom,USA,26,71.6,85,1,1,0.00011596892032935173,0,407,10,4,323,9.454505074439549e-05,0.0003137783114627588,84,481980,0.00020757696267843906
BATCH-2026-00717,18,Fan,9103,2026-08-19,2026-08-29,9012,Bosch,Germany,18,96.36,77,1,1,0.00010985389432055367,0,700,8,3,30,0.00021806730730221415,0.0007021012099867912,110,557568,0.00012855165100050963
BATCH-2025-00718,12,Fan,5755,2025-01-04,2025-01-15,5697,Amphenol,Germany,18,446.77,96,0,0,0.0,0,108,1,1,622,8.015372036339901e-05,0.00041034141517753633,113,576135,0.00012855165100050963
BATCH-2025-00719,18,Charger,691,2025-04-16,2025-05-01,681,Bosch,Germany,18,96.36,77,0,0,0.0,0,210,4,2,520,0.00021806730730221415,0.0007021012099867912,110,557568,0.0002259435803313693
BATCH-2026-00720,13,Power IC,5016,2026-05-19,2026-06-07,4907,Onsemi,USA,46,98.93,89,0,0,0.0,0,608,5,2,122,0.00013306539717335389,0.0004888825988608853,89,428711,0.00017735448108886377
BATCH-2025-00721,35,Memory,1930,2025-07-27,2025-08-04,1904,Nokia,Japan,42,219.49,61,4,3,0.0015544041450777201,1,312,7,3,418,0.00019787338089100073,0.0003538789829112609,102,503406,0.00013960848603418856
BATCH-2025-00722,24,Camera,8247,2025-06-20,2025-06-28,8165,Qualcomm,Germany,53,145.59,74,2,1,0.00012125621438098702,0,275,6,2,455,0.00017211444124561363,0.00048508112533674527,88,458321,0.00017585459338616095
BATCH-2025-00723,42,Motherboard,9921,2025-11-11,2025-11-20,9822,Acer,Germany,34,85.15,90,1,1,0.00010079629069650237,0,419,11,4,311,5.058942432590356e-05,0.0001440589145000144,106,511239,0.0002354934172429249
BATCH-2025-00724,44,PCB,8828,2025-05-23,2025-06-08,8705,Wistron,South Korea,50,232.01,87,0,0,0.0,0,247,5,2,483,0.00010336577465557791,0.000380745741124954,117,590216,0.0002244207567666141
BATCH-2026-00725,1,Speaker,1782,2026-05-28,2026-06-03,1764,Samsung,USA,19,220.56,89,1,0,0.0,0,617,5,2,113,0.00017219294545324894,0.0013891588805521986,106,504263,0.00019289953369198322
BATCH-2025-00726,50,Camera,8158,2025-07-02,2025-07-18,7644,APC,South Korea,30,481.03,64,1,1,0.00012257906349595488,0,287,7,3,443,0.0002753509047441992,0.0007401953979905162,113,559124,0.00017585459338616095
BATCH-2025-00727,46,Fan,2166,2025-07-02,2025-07-13,2132,Liteon,China,58,348.77,65,1,0,0.0,0,287,7,3,443,0.000177376316521378,0.0004995509860038717,96,502846,0.00012855165100050963
BATCH-2025-00728,29,Motherboard,2335,2025-05-05,2025-05-23,2258,Seagate,Japan,40,285.23,77,1,1,0.00042826552462526765,1,229,5,2,501,0.00016256441034907573,0.0004929460254392659,92,456988,0.0002354934172429249
BATCH-2025-00729,46,Connector,5698,2025-03-16,2025-03-23,5320,Liteon,China,58,348.77,65,0,0,0.0,0,179,3,1,551,0.000177376316521378,0.0004995509860038717,96,502846,0.00020757696267843906
BATCH-2025-00730,25,Connector,8963,2025-12-05,2025-12-11,8454,Broadcom,USA,26,71.6,85,1,1,0.00011156978690170702,0,443,12,4,287,9.454505074439549e-05,0.0003137783114627588,84,481980,0.00020757696267843906
BATCH-2025-00731,20,Sensor,3088,2025-12-10,2025-12-24,2938,Delta Electronics,South Korea,30,335.57,68,3,3,0.0009715025906735751,1,448,12,4,282,0.00014552538396359592,0.00035285670745256997,82,427248,0.00016450590746445605
BATCH-2025-00732,23,Sensor,4772,2025-05-01,2025-05-15,4685,ASE,Japan,50,402.77,91,3,2,0.00041911148365465214,1,225,5,2,505,6.663525433902222e-05,0.00015954052120490043,90,441864,0.00016450590746445605
BATCH-2026-00733,7,Sensor,7862,2026-05-08,2026-05-24,7536,Foxconn,USA,50,411.74,84,0,0,0.0,0,597,5,2,133,0.0003217144075727912,0.0015438669764764946,105,555087,0.00016450590746445605
BATCH-2025-00734,38,Speaker,8026,2025-11-17,2025-12-05,7714,Xiaomi,South Korea,52,142.13,62,3,3,0.000373785198106155,1,425,11,4,305,0.0002941454324685746,0.0007248486269555904,106,537180,0.00019289953369198322
BATCH-2025-00735,5,Power IC,6685,2025-04-14,2025-05-01,6618,Apple,Japan,38,226.29,64,2,2,0.0002991772625280479,1,208,4,2,522,0.00029304167774806515,0.0010333897385835877,92,488005,0.00017735448108886377
BATCH-2025-00736,37,Motherboard,6747,2025-01-20,2025-01-29,6646,Huawei,USA,60,118.5,92,1,0,0.0,0,124,1,1,606,0.00010426815057621344,0.0003557497462935021,91,442918,0.0002354934172429249
BATCH-2025-00737,9,Microcontroller,3948,2025-06-23,2025-06-28,3909,Sony,Taiwan,19,33.78,81,2,0,0.0,0,278,6,2,452,0.00014132799993781594,0.00029553061545999206,104,509780,0.00013908905895273712
BATCH-2025-00738,44,Sensor,8761,2025-01-26,2025-02-02,8673,Wistron,South Korea,50,232.01,87,0,0,0.0,0,130,1,1,600,0.00010336577465557791,0.000380745741124954,117,590216,0.00016450590746445605
BATCH-2025-00739,28,Processor,9443,2025-07-02,2025-07-21,9091,Kioxia,China,36,390.8,86,0,0,0.0,0,287,7,3,443,6.548471380186631e-05,0.00020932699508353792,108,509896,0.0001723848232239575
BATCH-2024-00740,44,Speaker,5374,2024-10-06,2024-10-17,5127,Wistron,South Korea,50,232.01,87,0,0,0.0,0,18,10,4,712,0.00010336577465557791,0.000380745741124954,117,590216,0.00019289953369198322
BATCH-2025-00741,28,Speaker,315,2025-08-25,2025-09-07,312,Kioxia,China,36,390.8,86,0,0,0.0,0,341,8,3,389,6.548471380186631e-05,0.00020932699508353792,108,509896,0.00019289953369198322
BATCH-2025-00742,45,Charger,1787,2025-10-30,2025-11-14,1769,Pegatron,Taiwan,47,251.52,66,1,0,0.0,0,407,10,4,323,0.0001275169517997213,0.0003266025273992103,94,477190,0.0002259435803313693
BATCH-2025-00743,4,Camera,3077,2025-03-19,2025-04-06,3046,Intel,China,48,393.46,88,0,0,0.0,0,182,3,1,548,0.00018841892264149143,0.0009961276293195824,96,400272,0.00017585459338616095
BATCH-2025-00744,7,Microcontroller,2341,2025-05-18,2025-05-31,2250,Foxconn,USA,50,411.74,84,0,0,0.0,0,242,5,2,488,0.0003217144075727912,0.0015438669764764946,105,555087,0.00013908905895273712
BATCH-2025-00745,21,Processor,4285,2025-10-29,2025-11-11,4198,Jabil,Taiwan,58,416.67,76,1,1,0.00023337222870478414,1,406,10,4,324,0.00034128023110612925,0.0012045823376322067,117,579869,0.0001723848232239575
BATCH-2026-00746,26,Camera,3617,2026-01-18,2026-01-29,3442,Texas Instruments,South Korea,53,5.67,67,1,0,0.0,0,487,1,1,243,0.0002658174764162671,0.0009122443285503541,102,493376,0.00017585459338616095
BATCH-2026-00747,13,Motherboard,8445,2026-04-13,2026-04-22,8193,Onsemi,USA,46,98.93,89,1,1,0.00011841326228537596,0,572,4,2,158,0.00013306539717335389,0.0004888825988608853,89,428711,0.0002354934172429249
BATCH-2026-00748,7,Memory,8940,2026-07-06,2026-07-11,8575,Foxconn,USA,50,411.74,84,3,3,0.0003355704697986577,1,656,7,3,74,0.0003217144075727912,0.0015438669764764946,105,555087,0.00013960848603418856
BATCH-2025-00749,10,Memory,435,2025-05-19,2025-06-01,431,Panasonic,China,54,316.57,91,0,0,0.0,0,243,5,2,487,0.000144927638474753,0.0007549544377028447,94,435868,0.00013960848603418856
BATCH-2024-00750,14,PCB,1897,2024-10-29,2024-11-11,1878,STMicroelectronics,South Korea,31,23.81,77,4,2,0.0010542962572482868,1,41,10,4,689,0.0001573864901705702,0.00046936123067953895,91,385139,0.0002244207567666141
BATCH-2024-00751,5,Power IC,9900,2024-11-24,2024-12-03,9785,Apple,Japan,38,226.29,64,1,1,0.00010101010101010101,0,67,11,4,663,0.00029304167774806515,0.0010333897385835877,92,488005,0.00017735448108886377
BATCH-2026-00752,43,Battery,7672,2026-06-08,2026-06-18,7187,ASUSTeK,USA,30,46.84,60,2,1,0.00013034410844629823,0,628,6,2,102,0.00044469895714356904,0.0012463320250862553,87,411235,0.00021173401481822628
BATCH-2025-00753,9,Battery,7767,2025-02-01,2025-02-18,7510,Sony,Taiwan,19,33.78,81,1,0,0.0,0,136,2,1,594,0.00014132799993781594,0.00029553061545999206,104,509780,0.00021173401481822628
BATCH-2024-00754,25,Microcontroller,2330,2024-10-13,2024-10-29,2201,Broadcom,USA,26,71.6,85,0,0,0.0,0,25,10,4,705,9.454505074439549e-05,0.0003137783114627588,84,481980,0.00013908905895273712
BATCH-2026-00755,6,Display,5716,2026-06-23,2026-07-04,5659,NVIDIA,Germany,38,463.53,74,0,0,0.0,0,643,6,2,87,0.00023377595866623649,0.0009271237760431065,104,528560,0.00016919115080672866
BATCH-2025-00756,40,Memory,7015,2025-10-06,2025-10-21,6850,Dell,China,20,392.38,81,0,0,0.0,0,383,10,4,347,0.00013234425192726218,0.0003712523513249762,101,498329,0.00013960848603418856
BATCH-2026-00757,22,Speaker,7536,2026-07-20,2026-08-03,7156,Flex,China,43,157.56,86,0,0,0.0,0,670,7,3,60,6.527455789884103e-05,0.00021075148645526503,94,530055,0.00019289953369198322
BATCH-2025-00758,6,Processor,817,2025-11-23,2025-12-13,794,NVIDIA,Germany,38,463.53,74,0,0,0.0,0,431,11,4,299,0.00023377595866623649,0.0009271237760431065,104,528560,0.0001723848232239575
BATCH-2026-00759,5,Speaker,649,2026-05-25,2026-06-12,626,Apple,Japan,38,226.29,64,2,0,0.0,0,614,5,2,116,0.00029304167774806515,0.0010333897385835877,92,488005,0.00019289953369198322
BATCH-2025-00760,50,Charger,8015,2025-02-24,2025-03-15,7817,APC,South Korea,30,481.03,64,0,0,0.0,0,159,2,1,571,0.0002753509047441992,0.0007401953979905162,113,559124,0.0002259435803313693
BATCH-2025-00761,11,Motherboard,6063,2025-06-03,2025-06-18,5947,Murata,Japan,22,178.55,88,0,0,0.0,0,258,6,2,472,0.00015599689945027513,0.0009387029695731565,105,551463,0.0002354934172429249
BATCH-2025-00762,33,Display,2671,2025-10-08,2025-10-15,2644,Denso,Taiwan,41,277.68,84,1,1,0.00037439161362785476,1,385,10,4,345,0.00013528007016307464,0.0006519489677036868,119,602071,0.00016919115080672866
BATCH-2025-00763,40,Display,1016,2025-12-27,2026-01-04,944,Dell,China,20,392.38,81,0,0,0.0,0,465,12,4,265,0.00013234425192726218,0.0003712523513249762,101,498329,0.00016919115080672866
BATCH-2025-00764,18,Motherboard,6950,2025-03-11,2025-03-26,6672,Bosch,Germany,18,96.36,77,2,2,0.00028776978417266187,1,174,3,1,556,0.00021806730730221415,0.0007021012099867912,110,557568,0.0002354934172429249
BATCH-2025-00765,29,Microcontroller,4593,2025-06-26,2025-07-09,4307,Seagate,Japan,40,285.23,77,0,0,0.0,0,281,6,2,449,0.00016256441034907573,0.0004929460254392659,92,456988,0.00013908905895273712
BATCH-2025-00766,42,Sensor,7425,2025-02-28,2025-03-20,7351,Acer,Germany,34,85.15,90,2,0,0.0,0,163,2,1,567,5.058942432590356e-05,0.0001440589145000144,106,511239,0.00016450590746445605
BATCH-2025-00767,5,Power IC,5325,2025-12-19,2026-01-06,4973,Apple,Japan,38,226.29,64,1,1,0.00018779342723004695,1,457,12,4,273,0.00029304167774806515,0.0010333897385835877,92,488005,0.00017735448108886377
BATCH-2025-00768,18,Motherboard,7727,2025-05-21,2025-06-10,7650,Bosch,Germany,18,96.36,77,1,0,0.0,0,245,5,2,485,0.00021806730730221415,0.0007021012099867912,110,557568,0.0002354934172429249
BATCH-2025-00769,31,Processor,4566,2025-11-26,2025-12-10,4256,Kyocera,USA,35,236.61,85,1,1,0.0002190100744634253,1,434,11,4,296,0.00018411673535101585,0.0009126920964599268,104,605811,0.0001723848232239575
BATCH-2025-00770,6,Power IC,3355,2025-11-09,2025-11-25,3321,NVIDIA,Germany,38,463.53,74,2,2,0.0005961251862891207,1,417,11,4,313,0.00023377595866623649,0.0009271237760431065,104,528560,0.00017735448108886377
BATCH-2024-00771,46,Battery,316,2024-10-20,2024-10-28,295,Liteon,China,58,348.77,65,0,0,0.0,0,32,10,4,698,0.000177376316521378,0.0004995509860038717,96,502846,0.00021173401481822628
BATCH-2025-00772,44,Connector,495,2025-08-08,2025-08-13,464,Wistron,South Korea,50,232.01,87,0,0,0.0,0,324,8,3,406,0.00010336577465557791,0.000380745741124954,117,590216,0.00020757696267843906
BATCH-2025-00773,27,Camera,7689,2025-11-27,2025-12-06,7612,Infineon,Taiwan,51,333.1,89,0,0,0.0,0,435,11,4,295,0.00011089276239704126,0.00035581711278072977,111,553940,0.00017585459338616095
BATCH-2026-00774,22,Motherboard,2949,2026-01-23,2026-02-07,2920,Flex,China,43,157.56,86,1,0,0.0,0,492,1,1,238,6.527455789884103e-05,0.00021075148645526503,94,530055,0.0002354934172429249
BATCH-2026-00775,44,Microcontroller,9744,2026-09-03,2026-09-22,9647,Wistron,South Korea,50,232.01,87,1,0,0.0,0,715,9,3,15,0.00010336577465557791,0.000380745741124954,117,590216,0.00013908905895273712
BATCH-2026-00776,37,Camera,2278,2026-05-17,2026-06-04,2135,Huawei,USA,60,118.5,92,0,0,0.0,0,606,5,2,124,0.00010426815057621344,0.0003557497462935021,91,442918,0.00017585459338616095
BATCH-2025-00777,7,Camera,8619,2025-08-13,2025-08-26,8533,Foxconn,USA,50,411.74,84,1,1,0.00011602274045712959,0,329,8,3,401,0.0003217144075727912,0.0015438669764764946,105,555087,0.00017585459338616095
BATCH-2025-00778,24,Motherboard,6870,2025-06-02,2025-06-17,6612,Qualcomm,Germany,53,145.59,74,0,0,0.0,0,257,6,2,473,0.00017211444124561363,0.00048508112533674527,88,458321,0.0002354934172429249
BATCH-2025-00779,25,Camera,5276,2025-06-16,2025-06-30,5091,Broadcom,USA,26,71.6,85,0,0,0.0,0,271,6,2,459,9.454505074439549e-05,0.0003137783114627588,84,481980,0.00017585459338616095
BATCH-2025-00780,3,Connector,4387,2025-10-20,2025-11-01,4343,Corning,Taiwan,24,487.86,63,0,0,0.0,0,397,10,4,333,0.0005290924687400791,0.0022824547846740364,105,511267,0.00020757696267843906
BATCH-2025-00781,38,Battery,3769,2025-11-21,2025-12-10,3639,Xiaomi,South Korea,52,142.13,62,1,1,0.0002653223666755107,1,429,11,4,301,0.0002941454324685746,0.0007248486269555904,106,537180,0.00021173401481822628
BATCH-2026-00782,12,Display,7699,2026-02-24,2026-03-07,7583,Amphenol,Germany,18,446.77,96,1,0,0.0,0,524,2,1,206,8.015372036339901e-05,0.00041034141517753633,113,576135,0.00016919115080672866
BATCH-2026-00783,14,Sensor,3187,2026-05-05,2026-05-16,3081,STMicroelectronics,South Korea,31,23.81,77,0,0,0.0,0,594,5,2,136,0.0001573864901705702,0.00046936123067953895,91,385139,0.00016450590746445605
BATCH-2025-00784,17,Camera,9402,2025-08-22,2025-09-06,9308,Mitsubishi,Japan,33,186.49,72,0,0,0.0,0,338,8,3,392,0.00014815223187369047,0.00046308585294764547,114,569061,0.00017585459338616095
BATCH-2025-00785,10,Motherboard,165,2025-08-18,2025-09-07,161,Panasonic,China,54,316.57,91,0,0,0.0,0,334,8,3,396,0.000144927638474753,0.0007549544377028447,94,435868,0.0002354934172429249
BATCH-2025-00786,21,Camera,3245,2025-10-05,2025-10-11,3121,Jabil,Taiwan,58,416.67,76,0,0,0.0,0,382,10,4,348,0.00034128023110612925,0.0012045823376322067,117,579869,0.00017585459338616095
BATCH-2025-00787,42,Display,8443,2025-07-14,2025-07-29,8102,Acer,Germany,34,85.15,90,1,1,0.00011844131232974062,0,299,7,3,431,5.058942432590356e-05,0.0001440589145000144,106,511239,0.00016919115080672866
BATCH-2026-00788,28,Camera,458,2026-03-19,2026-04-02,426,Kioxia,China,36,390.8,86,1,0,0.0,0,547,3,1,183,6.548471380186631e-05,0.00020932699508353792,108,509896,0.00017585459338616095
BATCH-2025-00789,1,Processor,4389,2025-03-19,2025-04-07,4232,Samsung,USA,19,220.56,89,1,0,0.0,0,182,3,1,548,0.00017219294545324894,0.0013891588805521986,106,504263,0.0001723848232239575
BATCH-2025-00790,6,Display,2818,2025-01-01,2025-01-12,2686,NVIDIA,Germany,38,463.53,74,1,1,0.00035486160397445,1,105,1,1,625,0.00023377595866623649,0.0009271237760431065,104,528560,0.00016919115080672866
BATCH-2025-00791,27,Processor,1336,2025-01-14,2025-01-22,1323,Infineon,Taiwan,51,333.1,89,1,1,0.0007485029940119761,1,118,1,1,612,0.00011089276239704126,0.00035581711278072977,111,553940,0.0001723848232239575
BATCH-2025-00792,5,Charger,3358,2025-08-26,2025-09-08,3086,Apple,Japan,38,226.29,64,2,1,0.0002977963073257892,1,342,8,3,388,0.00029304167774806515,0.0010333897385835877,92,488005,0.0002259435803313693
BATCH-2026-00793,21,Processor,4976,2026-08-06,2026-08-17,4820,Jabil,Taiwan,58,416.67,76,1,1,0.00020096463022508038,1,687,8,3,43,0.00034128023110612925,0.0012045823376322067,117,579869,0.0001723848232239575
BATCH-2026-00794,6,Battery,1550,2026-06-25,2026-07-15,1534,NVIDIA,Germany,38,463.53,74,0,0,0.0,0,645,6,2,85,0.00023377595866623649,0.0009271237760431065,104,528560,0.00021173401481822628
BATCH-2026-00795,33,Power IC,5487,2026-09-08,2026-09-24,5432,Denso,Taiwan,41,277.68,84,0,0,0.0,0,720,9,3,10,0.00013528007016307464,0.0006519489677036868,119,602071,0.00017735448108886377
BATCH-2026-00796,5,Connector,2119,2026-06-13,2026-06-27,2055,Apple,Japan,38,226.29,64,1,1,0.00047192071731949034,1,633,6,2,97,0.00029304167774806515,0.0010333897385835877,92,488005,0.00020757696267843906
BATCH-2026-00797,7,Connector,4431,2026-07-29,2026-08-07,4387,Foxconn,USA,50,411.74,84,1,0,0.0,0,679,7,3,51,0.0003217144075727912,0.0015438669764764946,105,555087,0.00020757696267843906
BATCH-2026-00798,8,Sensor,3853,2026-01-17,2026-02-01,3814,LG Chem,South Korea,40,115.16,76,3,2,0.0005190760446405398,1,486,1,1,244,0.00013285380642027623,0.00028745834951003884,92,477433,0.00016450590746445605
BATCH-2026-00799,30,Processor,4135,2026-07-23,2026-08-03,3855,Western Digital,Germany,16,59.04,65,0,0,0.0,0,673,7,3,57,0.00026662885278630423,0.0008545899187981254,93,459619,0.0001723848232239575
BATCH-2025-00800,29,Fan,1577,2025-09-30,2025-10-13,1560,Seagate,Japan,40,285.23,77,0,0,0.0,0,377,9,3,353,0.00016256441034907573,0.0004929460254392659,92,456988,0.00012855165100050963
BATCH-2025-00801,6,Sensor,3369,2025-01-09,2025-01-27,3335,NVIDIA,Germany,38,463.53,74,2,1,0.00029682398337785694,1,113,1,1,617,0.00023377595866623649,0.0009271237760431065,104,528560,0.00016450590746445605
BATCH-2025-00802,13,Fan,441,2025-04-08,2025-04-24,437,Onsemi,USA,46,98.93,89,0,0,0.0,0,202,4,2,528,0.00013306539717335389,0.0004888825988608853,89,428711,0.00012855165100050963
BATCH-2025-00803,28,Processor,8749,2025-01-13,2025-01-19,8357,Kioxia,China,36,390.8,86,0,0,0.0,0,117,1,1,613,6.548471380186631e-05,0.00020932699508353792,108,509896,0.0001723848232239575
BATCH-2025-00804,34,Battery,5939,2025-03-23,2025-04-07,5662,Renesas,China,19,153.37,81,0,0,0.0,0,186,3,1,544,0.00020629854890063796,0.000928870183527049,112,540044,0.00021173401481822628
BATCH-2026-00805,24,Connector,3490,2026-02-09,2026-02-22,3418,Qualcomm,Germany,53,145.59,74,1,1,0.00028653295128939826,1,509,2,1,221,0.00017211444124561363,0.00048508112533674527,88,458321,0.00020757696267843906
BATCH-2026-00806,30,Fan,5675,2026-02-24,2026-03-15,5521,Western Digital,Germany,16,59.04,65,1,0,0.0,0,524,2,1,206,0.00026662885278630423,0.0008545899187981254,93,459619,0.00012855165100050963
BATCH-2025-00807,40,Sensor,7404,2025-05-10,2025-05-26,6853,Dell,China,20,392.38,81,1,1,0.0001350621285791464,1,234,5,2,496,0.00013234425192726218,0.0003712523513249762,101,498329,0.00016450590746445605
BATCH-2025-00808,5,Speaker,210,2025-01-09,2025-01-29,194,Apple,Japan,38,226.29,64,2,1,0.004761904761904762,1,113,1,1,617,0.00029304167774806515,0.0010333897385835877,92,488005,0.00019289953369198322
BATCH-2025-00809,7,PCB,9903,2025-01-19,2025-02-03,9737,Foxconn,USA,50,411.74,84,1,1,0.00010097950116126426,0,123,1,1,607,0.0003217144075727912,0.0015438669764764946,105,555087,0.0002244207567666141
BATCH-2025-00810,15,Display,3311,2025-10-16,2025-11-02,3268,SK Hynix,Taiwan,40,342.16,65,3,3,0.000906070673512534,1,393,10,4,337,0.00026051175061660777,0.0007352320636847295,93,436297,0.00016919115080672866
BATCH-2025-00811,33,Fan,9308,2025-01-08,2025-01-14,9114,Denso,Taiwan,41,277.68,84,1,0,0.0,0,112,1,1,618,0.00013528007016307464,0.0006519489677036868,119,602071,0.00012855165100050963
BATCH-2026-00812,39,Sensor,9143,2026-04-21,2026-05-04,8626,Lenovo,Taiwan,57,331.63,71,0,0,0.0,0,580,4,2,150,0.00017438124238925042,0.000501056949565781,101,560841,0.00016450590746445605
BATCH-2024-00813,35,Battery,5292,2024-09-26,2024-10-06,4969,Nokia,Japan,42,219.49,61,0,0,0.0,0,8,9,3,722,0.00019787338089100073,0.0003538789829112609,102,503406,0.00021173401481822628
BATCH-2026-00814,13,Battery,7993,2026-01-09,2026-01-29,7592,Onsemi,USA,46,98.93,89,0,0,0.0,0,478,1,1,252,0.00013306539717335389,0.0004888825988608853,89,428711,0.00021173401481822628
BATCH-2025-00815,38,Power IC,1219,2025-03-24,2025-04-12,1190,Xiaomi,South Korea,52,142.13,62,2,1,0.0008203445447087777,1,187,3,1,543,0.0002941454324685746,0.0007248486269555904,106,537180,0.00017735448108886377
BATCH-2025-00816,28,PCB,2906,2025-01-11,2025-01-25,2877,Kioxia,China,36,390.8,86,2,1,0.00034411562284927734,1,115,1,1,615,6.548471380186631e-05,0.00020932699508353792,108,509896,0.0002244207567666141
BATCH-2026-00817,13,Sensor,2078,2026-01-06,2026-01-15,2057,Onsemi,USA,46,98.93,89,0,0,0.0,0,475,1,1,255,0.00013306539717335389,0.0004888825988608853,89,428711,0.00016450590746445605
BATCH-2025-00818,7,Microcontroller,5107,2025-07-07,2025-07-25,5052,Foxconn,USA,50,411.74,84,0,0,0.0,0,292,7,3,438,0.0003217144075727912,0.0015438669764764946,105,555087,0.00013908905895273712
BATCH-2026-00819,35,Speaker,2257,2026-02-22,2026-03-08,2029,Nokia,Japan,42,219.49,61,1,1,0.00044306601683650863,1,522,2,1,208,0.00019787338089100073,0.0003538789829112609,102,503406,0.00019289953369198322
BATCH-2026-00820,44,PCB,2854,2026-03-14,2026-03-20,2825,Wistron,South Korea,50,232.01,87,0,0,0.0,0,542,3,1,188,0.00010336577465557791,0.000380745741124954,117,590216,0.0002244207567666141
BATCH-2025-00821,10,Processor,7481,2025-03-13,2025-03-25,7211,Panasonic,China,54,316.57,91,1,1,0.0001336719689881032,1,176,3,1,554,0.000144927638474753,0.0007549544377028447,94,435868,0.0001723848232239575
BATCH-2025-00822,4,Microcontroller,1687,2025-02-15,2025-03-01,1625,Intel,China,48,393.46,88,2,0,0.0,0,150,2,1,580,0.00018841892264149143,0.0009961276293195824,96,400272,0.00013908905895273712
BATCH-2025-00823,47,PCB,1488,2025-05-01,2025-05-20,1451,Molex,Japan,37,191.75,76,0,0,0.0,0,225,5,2,505,0.00015063481442028842,0.00045023343696729267,102,507171,0.0002244207567666141
BATCH-2026-00824,28,Processor,4782,2026-05-13,2026-05-28,4585,Kioxia,China,36,390.8,86,0,0,0.0,0,602,5,2,128,6.548471380186631e-05,0.00020932699508353792,108,509896,0.0001723848232239575
BATCH-2024-00825,43,Microcontroller,7554,2024-11-28,2024-12-12,7064,ASUSTeK,USA,30,46.84,60,1,1,0.00013238019592268997,0,71,11,4,659,0.00044469895714356904,0.0012463320250862553,87,411235,0.00013908905895273712
BATCH-2025-00826,42,Sensor,2524,2025-04-10,2025-04-26,2499,Acer,Germany,34,85.15,90,0,0,0.0,0,204,4,2,526,5.058942432590356e-05,0.0001440589145000144,106,511239,0.00016450590746445605
BATCH-2025-00827,20,Motherboard,6605,2025-11-22,2025-12-05,6539,Delta Electronics,South Korea,30,335.57,68,2,2,0.0003028009084027252,1,430,11,4,300,0.00014552538396359592,0.00035285670745256997,82,427248,0.0002354934172429249
BATCH-2025-00828,6,Motherboard,7534,2025-03-25,2025-04-03,7257,NVIDIA,Germany,38,463.53,74,2,2,0.0002654632333421821,1,188,3,1,542,0.00023377595866623649,0.0009271237760431065,104,528560,0.0002354934172429249
BATCH-2026-00829,25,Motherboard,4543,2026-02-09,2026-02-22,4498,Broadcom,USA,26,71.6,85,0,0,0.0,0,509,2,1,221,9.454505074439549e-05,0.0003137783114627588,84,481980,0.0002354934172429249
BATCH-2025-00830,14,Motherboard,9487,2025-03-18,2025-03-24,9375,STMicroelectronics,South Korea,31,23.81,77,2,2,0.00021081479919890376,1,181,3,1,549,0.0001573864901705702,0.00046936123067953895,91,385139,0.0002354934172429249
BATCH-2025-00831,22,Camera,4045,2025-07-02,2025-07-12,3738,Flex,China,43,157.56,86,0,0,0.0,0,287,7,3,443,6.527455789884103e-05,0.00021075148645526503,94,530055,0.00017585459338616095
BATCH-2025-00832,38,Display,5750,2025-01-23,2025-02-02,5512,Xiaomi,South Korea,52,142.13,62,1,1,0.00017391304347826088,1,127,1,1,603,0.0002941454324685746,0.0007248486269555904,106,537180,0.00016919115080672866
BATCH-2026-00833,20,Camera,8513,2026-06-07,2026-06-12,8177,Delta Electronics,South Korea,30,335.57,68,0,0,0.0,0,627,6,2,103,0.00014552538396359592,0.00035285670745256997,82,427248,0.00017585459338616095
BATCH-2025-00834,31,Sensor,7920,2025-06-20,2025-06-26,7739,Kyocera,USA,35,236.61,85,3,1,0.00012626262626262626,0,275,6,2,455,0.00018411673535101585,0.0009126920964599268,104,605811,0.00016450590746445605
BATCH-2026-00835,20,Camera,1583,2026-09-07,2026-09-14,1567,Delta Electronics,South Korea,30,335.57,68,0,0,0.0,0,719,9,3,11,0.00014552538396359592,0.00035285670745256997,82,427248,0.00017585459338616095
BATCH-2025-00836,36,Fan,149,2025-04-26,2025-05-03,143,Ericsson,Germany,60,205.45,68,0,0,0.0,0,220,4,2,510,0.00016582352511078637,0.0003750099810004351,109,536222,0.00012855165100050963
BATCH-2026-00837,45,Connector,2435,2026-07-24,2026-08-08,2355,Pegatron,Taiwan,47,251.52,66,1,1,0.0004106776180698152,1,674,7,3,56,0.0001275169517997213,0.0003266025273992103,94,477190,0.00020757696267843906
BATCH-2025-00838,39,Connector,7520,2025-02-18,2025-03-10,7101,Lenovo,Taiwan,57,331.63,71,1,0,0.0,0,153,2,1,577,0.00017438124238925042,0.000501056949565781,101,560841,0.00020757696267843906
BATCH-2026-00839,16,Power IC,6839,2026-07-20,2026-08-06,6681,Hitachi,China,57,483.82,88,1,0,0.0,0,670,7,3,60,8.336477286677332e-05,0.0004697935134049564,95,503392,0.00017735448108886377
BATCH-2026-00840,13,Sensor,1065,2026-05-13,2026-05-28,1051,Onsemi,USA,46,98.93,89,0,0,0.0,0,602,5,2,128,0.00013306539717335389,0.0004888825988608853,89,428711,0.00016450590746445605
BATCH-2025-00841,31,Power IC,8663,2025-09-14,2025-09-26,8505,Kyocera,USA,35,236.61,85,0,0,0.0,0,361,9,3,369,0.00018411673535101585,0.0009126920964599268,104,605811,0.00017735448108886377
BATCH-2025-00842,31,PCB,2234,2025-09-21,2025-09-30,2212,Kyocera,USA,35,236.61,85,2,2,0.0008952551477170994,1,368,9,3,362,0.00018411673535101585,0.0009126920964599268,104,605811,0.0002244207567666141
BATCH-2025-00843,41,Sensor,1473,2025-03-15,2025-03-22,1458,HP,Japan,60,204.38,85,0,0,0.0,0,178,3,1,552,0.00012231852387452777,0.00025339821295037224,87,408153,0.00016450590746445605
BATCH-2026-00844,45,Processor,4516,2026-07-17,2026-07-28,4196,Pegatron,Taiwan,47,251.52,66,2,2,0.0004428697962798937,1,667,7,3,63,0.0001275169517997213,0.0003266025273992103,94,477190,0.0001723848232239575
BATCH-2025-00845,8,Motherboard,750,2025-08-11,2025-08-21,742,LG Chem,South Korea,40,115.16,76,0,0,0.0,0,327,8,3,403,0.00013285380642027623,0.00028745834951003884,92,477433,0.0002354934172429249
BATCH-2025-00846,1,Processor,8176,2025-10-16,2025-11-01,7697,Samsung,USA,19,220.56,89,0,0,0.0,0,393,10,4,337,0.00017219294545324894,0.0013891588805521986,106,504263,0.0001723848232239575
BATCH-2025-00847,1,Fan,6612,2025-05-22,2025-05-27,6546,Samsung,USA,19,220.56,89,1,0,0.0,0,246,5,2,484,0.00017219294545324894,0.0013891588805521986,106,504263,0.00012855165100050963
BATCH-2025-00848,31,Motherboard,2746,2025-03-11,2025-03-19,2719,Kyocera,USA,35,236.61,85,0,0,0.0,0,174,3,1,556,0.00018411673535101585,0.0009126920964599268,104,605811,0.0002354934172429249
BATCH-2026-00849,13,Speaker,3095,2026-04-11,2026-04-29,3064,Onsemi,USA,46,98.93,89,1,0,0.0,0,570,4,2,160,0.00013306539717335389,0.0004888825988608853,89,428711,0.00019289953369198322
BATCH-2025-00850,39,Microcontroller,2132,2025-08-23,2025-09-04,2111,Lenovo,Taiwan,57,331.63,71,1,1,0.00046904315196998124,1,339,8,3,391,0.00017438124238925042,0.000501056949565781,101,560841,0.00013908905895273712
BATCH-2026-00851,40,Fan,3967,2026-06-18,2026-06-25,3657,Dell,China,20,392.38,81,0,0,0.0,0,638,6,2,92,0.00013234425192726218,0.0003712523513249762,101,498329,0.00012855165100050963
BATCH-2024-00852,46,Connector,9650,2024-12-21,2025-01-02,9346,Liteon,China,58,348.77,65,1,1,0.00010362694300518135,0,94,12,4,636,0.000177376316521378,0.0004995509860038717,96,502846,0.00020757696267843906
BATCH-2025-00853,14,Display,3280,2025-06-29,2025-07-13,3135,STMicroelectronics,South Korea,31,23.81,77,1,1,0.0003048780487804878,1,284,6,2,446,0.0001573864901705702,0.00046936123067953895,91,385139,0.00016919115080672866
BATCH-2025-00854,13,Microcontroller,9537,2025-02-26,2025-03-06,9147,Onsemi,USA,46,98.93,89,0,0,0.0,0,161,2,1,569,0.00013306539717335389,0.0004888825988608853,89,428711,0.00013908905895273712
BATCH-2025-00855,36,Motherboard,2976,2025-12-29,2026-01-03,2769,Ericsson,Germany,60,205.45,68,1,0,0.0,0,467,12,4,263,0.00016582352511078637,0.0003750099810004351,109,536222,0.0002354934172429249
BATCH-2025-00856,34,Speaker,6500,2025-08-04,2025-08-11,6403,Renesas,China,19,153.37,81,0,0,0.0,0,320,8,3,410,0.00020629854890063796,0.000928870183527049,112,540044,0.00019289953369198322
BATCH-2025-00857,15,Charger,6843,2025-03-23,2025-04-03,6547,SK Hynix,Taiwan,40,342.16,65,1,1,0.00014613473622680112,1,186,3,1,544,0.00026051175061660777,0.0007352320636847295,93,436297,0.0002259435803313693
BATCH-2025-00858,36,Processor,4568,2025-08-30,2025-09-14,4289,Ericsson,Germany,60,205.45,68,2,1,0.00021891418563922942,1,346,8,3,384,0.00016582352511078637,0.0003750099810004351,109,536222,0.0001723848232239575
BATCH-2025-00859,39,Speaker,8131,2025-04-03,2025-04-23,7936,Lenovo,Taiwan,57,331.63,71,1,0,0.0,0,197,4,2,533,0.00017438124238925042,0.000501056949565781,101,560841,0.00019289953369198322
BATCH-2026-00860,14,Fan,3390,2026-04-26,2026-05-06,3356,STMicroelectronics,South Korea,31,23.81,77,1,1,0.0002949852507374631,1,585,4,2,145,0.0001573864901705702,0.00046936123067953895,91,385139,0.00012855165100050963
BATCH-2025-00861,4,Battery,6866,2025-02-05,2025-02-14,6710,Intel,China,48,393.46,88,2,2,0.00029129041654529564,1,140,2,1,590,0.00018841892264149143,0.0009961276293195824,96,400272,0.00021173401481822628
BATCH-2026-00862,28,Power IC,6920,2026-03-07,2026-03-27,6687,Kioxia,China,36,390.8,86,1,1,0.00014450867052023122,1,535,3,1,195,6.548471380186631e-05,0.00020932699508353792,108,509896,0.00017735448108886377
BATCH-2024-00863,12,Fan,5444,2024-11-28,2024-12-14,5390,Amphenol,Germany,18,446.77,96,0,0,0.0,0,71,11,4,659,8.015372036339901e-05,0.00041034141517753633,113,576135,0.00012855165100050963
BATCH-2025-00864,3,Memory,7634,2025-11-08,2025-11-26,7336,Corning,Taiwan,24,487.86,63,1,1,0.00013099292638197538,0,416,11,4,314,0.0005290924687400791,0.0022824547846740364,105,511267,0.00013960848603418856
BATCH-2025-00865,4,Motherboard,482,2025-06-19,2025-06-24,477,Intel,China,48,393.46,88,0,0,0.0,0,274,6,2,456,0.00018841892264149143,0.0009961276293195824,96,400272,0.0002354934172429249
BATCH-2024-00866,16,Sensor,9961,2024-11-08,2024-11-14,9861,Hitachi,China,57,483.82,88,1,0,0.0,0,51,11,4,679,8.336477286677332e-05,0.0004697935134049564,95,503392,0.00016450590746445605
BATCH-2026-00867,21,Power IC,435,2026-03-08,2026-03-14,431,Jabil,Taiwan,58,416.67,76,0,0,0.0,0,536,3,1,194,0.00034128023110612925,0.0012045823376322067,117,579869,0.00017735448108886377
BATCH-2025-00868,36,Charger,1919,2025-05-21,2025-05-26,1762,Ericsson,Germany,60,205.45,68,2,1,0.0005211047420531526,1,245,5,2,485,0.00016582352511078637,0.0003750099810004351,109,536222,0.0002259435803313693
BATCH-2024-00869,16,Charger,8092,2024-12-17,2024-12-28,7699,Hitachi,China,57,483.82,88,2,2,0.00024715768660405336,1,90,12,4,640,8.336477286677332e-05,0.0004697935134049564,95,503392,0.0002259435803313693
BATCH-2026-00870,10,Processor,795,2026-06-02,2026-06-07,771,Panasonic,China,54,316.57,91,0,0,0.0,0,622,6,2,108,0.000144927638474753,0.0007549544377028447,94,435868,0.0001723848232239575
BATCH-2026-00871,24,Charger,7786,2026-09-05,2026-09-11,7556,Qualcomm,Germany,53,145.59,74,0,0,0.0,0,717,9,3,13,0.00017211444124561363,0.00048508112533674527,88,458321,0.0002259435803313693
BATCH-2024-00872,49,Processor,7178,2024-11-13,2024-11-27,6812,Coherent,USA,42,45.65,73,0,0,0.0,0,56,11,4,674,0.00034438539861380375,0.0009931063632699735,93,417736,0.0001723848232239575
BATCH-2025-00873,12,Display,759,2025-02-02,2025-02-15,727,Amphenol,Germany,18,446.77,96,0,0,0.0,0,137,2,1,593,8.015372036339901e-05,0.00041034141517753633,113,576135,0.00016919115080672866
BATCH-2026-00874,4,Charger,9868,2026-01-11,2026-01-26,9769,Intel,China,48,393.46,88,3,2,0.00020267531414673692,1,480,1,1,250,0.00018841892264149143,0.0009961276293195824,96,400272,0.0002259435803313693
BATCH-2026-00875,28,Microcontroller,4832,2026-01-25,2026-02-04,4784,Kioxia,China,36,390.8,86,1,1,0.00020695364238410596,1,494,1,1,236,6.548471380186631e-05,0.00020932699508353792,108,509896,0.00013908905895273712
BATCH-2026-00876,3,Motherboard,3710,2026-02-09,2026-02-14,3553,Corning,Taiwan,24,487.86,63,0,0,0.0,0,509,2,1,221,0.0005290924687400791,0.0022824547846740364,105,511267,0.0002354934172429249
BATCH-2025-00877,32,Microcontroller,7621,2025-03-24,2025-04-11,7260,Canon,South Korea,54,382.97,81,2,1,0.0001312163758037003,0,187,3,1,543,8.286140374041643e-05,0.0002525478149158471,93,484783,0.00013908905895273712
BATCH-2026-00878,25,Processor,671,2026-09-11,2026-09-17,664,Broadcom,USA,26,71.6,85,0,0,0.0,0,723,9,3,7,9.454505074439549e-05,0.0003137783114627588,84,481980,0.0001723848232239575
BATCH-2024-00879,8,Fan,1527,2024-12-31,2025-01-14,1453,LG Chem,South Korea,40,115.16,76,1,1,0.0006548788474132286,1,104,12,4,626,0.00013285380642027623,0.00028745834951003884,92,477433,0.00012855165100050963
BATCH-2025-00880,15,Power IC,365,2025-03-15,2025-03-28,338,SK Hynix,Taiwan,40,342.16,65,0,0,0.0,0,178,3,1,552,0.00026051175061660777,0.0007352320636847295,93,436297,0.00017735448108886377
BATCH-2025-00881,11,Speaker,7624,2025-06-28,2025-07-07,7548,Murata,Japan,22,178.55,88,0,0,0.0,0,283,6,2,447,0.00015599689945027513,0.0009387029695731565,105,551463,0.00019289953369198322
BATCH-2025-00882,28,Memory,1627,2025-11-07,2025-11-26,1588,Kioxia,China,36,390.8,86,0,0,0.0,0,415,11,4,315,6.548471380186631e-05,0.00020932699508353792,108,509896,0.00013960848603418856
BATCH-2026-00883,16,Fan,8147,2026-07-19,2026-08-04,8066,Hitachi,China,57,483.82,88,0,0,0.0,0,669,7,3,61,8.336477286677332e-05,0.0004697935134049564,95,503392,0.00012855165100050963
BATCH-2024-00884,33,PCB,4225,2024-11-19,2024-11-24,4056,Denso,Taiwan,41,277.68,84,1,1,0.00023668639053254438,1,62,11,4,668,0.00013528007016307464,0.0006519489677036868,119,602071,0.0002244207567666141
BATCH-2024-00885,11,Display,9813,2024-11-26,2024-12-11,9715,Murata,Japan,22,178.55,88,0,0,0.0,0,69,11,4,661,0.00015599689945027513,0.0009387029695731565,105,551463,0.00016919115080672866
BATCH-2026-00886,18,Microcontroller,7928,2026-08-30,2026-09-13,7647,Bosch,Germany,18,96.36,77,0,0,0.0,0,711,8,3,19,0.00021806730730221415,0.0007021012099867912,110,557568,0.00013908905895273712
BATCH-2025-00887,43,Motherboard,2615,2025-06-04,2025-06-18,2511,ASUSTeK,USA,30,46.84,60,1,1,0.0003824091778202677,1,259,6,2,471,0.00044469895714356904,0.0012463320250862553,87,411235,0.0002354934172429249
BATCH-2026-00888,1,Display,3373,2026-05-21,2026-05-30,3339,Samsung,USA,19,220.56,89,0,0,0.0,0,610,5,2,120,0.00017219294545324894,0.0013891588805521986,106,504263,0.00016919115080672866
BATCH-2026-00889,2,Motherboard,2958,2026-02-07,2026-02-15,2927,TSMC,South Korea,34,349.29,92,0,0,0.0,0,507,2,1,223,0.0001216095118122708,0.0004158402802419921,99,473547,0.0002354934172429249
BATCH-2025-00890,7,Microcontroller,6804,2025-08-24,2025-09-01,6615,Foxconn,USA,50,411.74,84,1,1,0.00014697236919459142,1,340,8,3,390,0.0003217144075727912,0.0015438669764764946,105,555087,0.00013908905895273712
BATCH-2025-00891,18,Sensor,1764,2025-08-04,2025-08-12,1698,Bosch,Germany,18,96.36,77,0,0,0.0,0,320,8,3,410,0.00021806730730221415,0.0007021012099867912,110,557568,0.00016450590746445605
BATCH-2025-00892,6,Connector,1089,2025-09-28,2025-10-05,1051,NVIDIA,Germany,38,463.53,74,0,0,0.0,0,375,9,3,355,0.00023377595866623649,0.0009271237760431065,104,528560,0.00020757696267843906
BATCH-2025-00893,23,Microcontroller,2492,2025-04-13,2025-04-21,2407,ASE,Japan,50,402.77,91,0,0,0.0,0,207,4,2,523,6.663525433902222e-05,0.00015954052120490043,90,441864,0.00013908905895273712
BATCH-2026-00894,18,Speaker,8993,2026-08-09,2026-08-23,8578,Bosch,Germany,18,96.36,77,0,0,0.0,0,690,8,3,40,0.00021806730730221415,0.0007021012099867912,110,557568,0.00019289953369198322
BATCH-2024-00895,40,Charger,1407,2024-12-10,2024-12-29,1393,Dell,China,20,392.38,81,1,1,0.0007107320540156361,1,83,12,4,647,0.00013234425192726218,0.0003712523513249762,101,498329,0.0002259435803313693
BATCH-2025-00896,28,Camera,8039,2025-12-09,2025-12-28,7959,Kioxia,China,36,390.8,86,2,0,0.0,0,447,12,4,283,6.548471380186631e-05,0.00020932699508353792,108,509896,0.00017585459338616095
BATCH-2025-00897,7,Microcontroller,5167,2025-10-26,2025-11-06,5115,Foxconn,USA,50,411.74,84,2,2,0.0003870718018192375,1,403,10,4,327,0.0003217144075727912,0.0015438669764764946,105,555087,0.00013908905895273712
BATCH-2025-00898,14,Speaker,469,2025-04-07,2025-04-24,437,STMicroelectronics,South Korea,31,23.81,77,0,0,0.0,0,201,4,2,529,0.0001573864901705702,0.00046936123067953895,91,385139,0.00019289953369198322
BATCH-2025-00899,41,Charger,2811,2025-11-04,2025-11-12,2649,HP,Japan,60,204.38,85,2,2,0.000711490572749911,1,412,11,4,318,0.00012231852387452777,0.00025339821295037224,87,408153,0.0002259435803313693
BATCH-2025-00900,3,Battery,6992,2025-04-23,2025-04-29,6627,Corning,Taiwan,24,487.86,63,1,1,0.00014302059496567506,1,217,4,2,513,0.0005290924687400791,0.0022824547846740364,105,511267,0.00021173401481822628
BATCH-2025-00901,43,Charger,732,2025-03-03,2025-03-15,700,ASUSTeK,USA,30,46.84,60,1,1,0.001366120218579235,1,166,3,1,564,0.00044469895714356904,0.0012463320250862553,87,411235,0.0002259435803313693
BATCH-2025-00902,10,Charger,9521,2025-05-13,2025-05-20,9426,Panasonic,China,54,316.57,91,1,0,0.0,0,237,5,2,493,0.000144927638474753,0.0007549544377028447,94,435868,0.0002259435803313693
BATCH-2025-00903,16,Power IC,1815,2025-12-30,2026-01-15,1758,Hitachi,China,57,483.82,88,0,0,0.0,0,468,12,4,262,8.336477286677332e-05,0.0004697935134049564,95,503392,0.00017735448108886377
BATCH-2025-00904,36,Memory,8216,2025-01-27,2025-02-08,7834,Ericsson,Germany,60,205.45,68,2,2,0.00024342745861733204,1,131,1,1,599,0.00016582352511078637,0.0003750099810004351,109,536222,0.00013960848603418856
BATCH-2024-00905,8,Charger,9546,2024-12-03,2024-12-18,9359,LG Chem,South Korea,40,115.16,76,1,0,0.0,0,76,12,4,654,0.00013285380642027623,0.00028745834951003884,92,477433,0.0002259435803313693
BATCH-2024-00906,34,Processor,2829,2024-12-01,2024-12-07,2714,Renesas,China,19,153.37,81,2,2,0.0007069635913750442,1,74,12,4,656,0.00020629854890063796,0.000928870183527049,112,540044,0.0001723848232239575
BATCH-2025-00907,42,Power IC,401,2025-12-20,2025-12-27,383,Acer,Germany,34,85.15,90,0,0,0.0,0,458,12,4,272,5.058942432590356e-05,0.0001440589145000144,106,511239,0.00017735448108886377
BATCH-2025-00908,22,Display,4390,2025-08-22,2025-09-01,4146,Flex,China,43,157.56,86,1,0,0.0,0,338,8,3,392,6.527455789884103e-05,0.00021075148645526503,94,530055,0.00016919115080672866
BATCH-2025-00909,37,Power IC,5501,2025-09-11,2025-09-19,5446,Huawei,USA,60,118.5,92,0,0,0.0,0,358,9,3,372,0.00010426815057621344,0.0003557497462935021,91,442918,0.00017735448108886377
BATCH-2026-00910,25,Connector,7588,2026-08-17,2026-08-29,7060,Broadcom,USA,26,71.6,85,0,0,0.0,0,698,8,3,32,9.454505074439549e-05,0.0003137783114627588,84,481980,0.00020757696267843906
BATCH-2026-00911,7,Processor,1442,2026-08-07,2026-08-19,1405,Foxconn,USA,50,411.74,84,0,0,0.0,0,688,8,3,42,0.0003217144075727912,0.0015438669764764946,105,555087,0.0001723848232239575
BATCH-2024-00912,16,Fan,9995,2024-11-18,2024-12-04,9895,Hitachi,China,57,483.82,88,0,0,0.0,0,61,11,4,669,8.336477286677332e-05,0.0004697935134049564,95,503392,0.00012855165100050963
BATCH-2024-00913,47,Processor,2138,2024-10-06,2024-10-18,2013,Molex,Japan,37,191.75,76,0,0,0.0,0,18,10,4,712,0.00015063481442028842,0.00045023343696729267,102,507171,0.0001723848232239575
BATCH-2026-00914,30,Display,9341,2026-04-29,2026-05-18,9081,Western Digital,Germany,16,59.04,65,0,0,0.0,0,588,4,2,142,0.00026662885278630423,0.0008545899187981254,93,459619,0.00016919115080672866
BATCH-2025-00915,40,Power IC,4421,2025-04-19,2025-05-01,4174,Dell,China,20,392.38,81,0,0,0.0,0,213,4,2,517,0.00013234425192726218,0.0003712523513249762,101,498329,0.00017735448108886377
BATCH-2024-00916,4,Fan,1107,2024-11-27,2024-12-03,1091,Intel,China,48,393.46,88,0,0,0.0,0,70,11,4,660,0.00018841892264149143,0.0009961276293195824,96,400272,0.00012855165100050963
BATCH-2025-00917,17,Processor,9729,2025-07-31,2025-08-17,9181,Mitsubishi,Japan,33,186.49,72,0,0,0.0,0,316,7,3,414,0.00014815223187369047,0.00046308585294764547,114,569061,0.0001723848232239575
BATCH-2025-00918,36,Memory,6083,2025-02-11,2025-03-01,5875,Ericsson,Germany,60,205.45,68,0,0,0.0,0,146,2,1,584,0.00016582352511078637,0.0003750099810004351,109,536222,0.00013960848603418856
BATCH-2025-00919,5,PCB,8886,2025-09-22,2025-10-06,8724,Apple,Japan,38,226.29,64,0,0,0.0,0,369,9,3,361,0.00029304167774806515,0.0010333897385835877,92,488005,0.0002244207567666141
BATCH-2026-00920,12,Sensor,2822,2026-02-06,2026-02-11,2738,Amphenol,Germany,18,446.77,96,0,0,0.0,0,506,2,1,224,8.015372036339901e-05,0.00041034141517753633,113,576135,0.00016450590746445605
BATCH-2025-00921,23,Connector,1954,2025-06-01,2025-06-11,1924,ASE,Japan,50,402.77,91,0,0,0.0,0,256,6,2,474,6.663525433902222e-05,0.00015954052120490043,90,441864,0.00020757696267843906
BATCH-2026-00922,27,PCB,2994,2026-07-08,2026-07-21,2964,Infineon,Taiwan,51,333.1,89,1,1,0.00033400133600534405,1,658,7,3,72,0.00011089276239704126,0.00035581711278072977,111,553940,0.0002244207567666141
BATCH-2025-00923,38,PCB,3804,2025-01-11,2025-01-19,3632,Xiaomi,South Korea,52,142.13,62,4,3,0.0007886435331230284,1,115,1,1,615,0.0002941454324685746,0.0007248486269555904,106,537180,0.0002244207567666141
BATCH-2026-00924,6,Sensor,6752,2026-05-15,2026-06-01,6684,NVIDIA,Germany,38,463.53,74,2,1,0.0001481042654028436,1,604,5,2,126,0.00023377595866623649,0.0009271237760431065,104,528560,0.00016450590746445605
BATCH-2025-00925,45,Motherboard,3361,2025-07-01,2025-07-20,3063,Pegatron,Taiwan,47,251.52,66,0,0,0.0,0,286,7,3,444,0.0001275169517997213,0.0003266025273992103,94,477190,0.0002354934172429249
BATCH-2024-00926,2,Fan,483,2024-10-05,2024-10-15,449,TSMC,South Korea,34,349.29,92,1,1,0.002070393374741201,1,17,10,4,713,0.0001216095118122708,0.0004158402802419921,99,473547,0.00012855165100050963
BATCH-2025-00927,15,Charger,5693,2025-11-01,2025-11-20,5566,SK Hynix,Taiwan,40,342.16,65,1,0,0.0,0,409,11,4,321,0.00026051175061660777,0.0007352320636847295,93,436297,0.0002259435803313693
BATCH-2026-00928,25,Battery,6703,2026-06-09,2026-06-19,6421,Broadcom,USA,26,71.6,85,0,0,0.0,0,629,6,2,101,9.454505074439549e-05,0.0003137783114627588,84,481980,0.00021173401481822628
BATCH-2025-00929,14,Power IC,8651,2025-11-27,2025-12-04,8298,STMicroelectronics,South Korea,31,23.81,77,0,0,0.0,0,435,11,4,295,0.0001573864901705702,0.00046936123067953895,91,385139,0.00017735448108886377
BATCH-2025-00930,16,Power IC,6971,2025-05-16,2025-05-31,6874,Hitachi,China,57,483.82,88,0,0,0.0,0,240,5,2,490,8.336477286677332e-05,0.0004697935134049564,95,503392,0.00017735448108886377
BATCH-2026-00931,19,Sensor,123,2026-07-01,2026-07-14,120,Sumitomo,USA,36,238.9,64,1,0,0.0,0,651,7,3,79,0.00016876737493119937,0.00039378300837730447,91,458378,0.00016450590746445605
BATCH-2025-00932,2,Processor,1715,2025-06-10,2025-06-23,1667,TSMC,South Korea,34,349.29,92,0,0,0.0,0,265,6,2,465,0.0001216095118122708,0.0004158402802419921,99,473547,0.0001723848232239575
BATCH-2026-00933,31,Processor,6620,2026-07-18,2026-07-31,6554,Kyocera,USA,35,236.61,85,1,1,0.00015105740181268882,1,668,7,3,62,0.00018411673535101585,0.0009126920964599268,104,605811,0.0001723848232239575
BATCH-2024-00934,23,Processor,2939,2024-12-28,2025-01-15,2910,ASE,Japan,50,402.77,91,0,0,0.0,0,101,12,4,629,6.663525433902222e-05,0.00015954052120490043,90,441864,0.0001723848232239575
BATCH-2025-00935,34,Memory,5223,2025-02-12,2025-02-25,5023,Renesas,China,19,153.37,81,0,0,0.0,0,147,2,1,583,0.00020629854890063796,0.000928870183527049,112,540044,0.00013960848603418856
BATCH-2025-00936,35,Microcontroller,9451,2025-10-04,2025-10-16,8984,Nokia,Japan,42,219.49,61,0,0,0.0,0,381,10,4,349,0.00019787338089100073,0.0003538789829112609,102,503406,0.00013908905895273712
BATCH-2026-00937,44,Display,4031,2026-02-10,2026-02-18,3927,Wistron,South Korea,50,232.01,87,0,0,0.0,0,510,2,1,220,0.00010336577465557791,0.000380745741124954,117,590216,0.00016919115080672866
BATCH-2026-00938,49,Camera,7431,2026-06-10,2026-06-29,7320,Coherent,USA,42,45.65,73,1,1,0.00013457139012245997,1,630,6,2,100,0.00034438539861380375,0.0009931063632699735,93,417736,0.00017585459338616095
BATCH-2026-00939,37,Display,857,2026-02-05,2026-02-17,848,Huawei,USA,60,118.5,92,0,0,0.0,0,505,2,1,225,0.00010426815057621344,0.0003557497462935021,91,442918,0.00016919115080672866
BATCH-2025-00940,33,Memory,8361,2025-08-05,2025-08-18,8277,Denso,Taiwan,41,277.68,84,0,0,0.0,0,321,8,3,409,0.00013528007016307464,0.0006519489677036868,119,602071,0.00013960848603418856
BATCH-2026-00941,3,Fan,8183,2026-05-04,2026-05-15,7833,Corning,Taiwan,24,487.86,63,0,0,0.0,0,593,5,2,137,0.0005290924687400791,0.0022824547846740364,105,511267,0.00012855165100050963
BATCH-2026-00942,26,Fan,5109,2026-02-28,2026-03-06,4855,Texas Instruments,South Korea,53,5.67,67,2,1,0.00019573302016050108,1,528,2,1,202,0.0002658174764162671,0.0009122443285503541,102,493376,0.00012855165100050963
BATCH-2025-00943,50,Display,5446,2025-09-26,2025-10-09,5282,APC,South Korea,30,481.03,64,0,0,0.0,0,373,9,3,357,0.0002753509047441992,0.0007401953979905162,113,559124,0.00016919115080672866
BATCH-2025-00944,3,Power IC,2397,2025-08-01,2025-08-15,2272,Corning,Taiwan,24,487.86,63,0,0,0.0,0,317,8,3,413,0.0005290924687400791,0.0022824547846740364,105,511267,0.00017735448108886377
BATCH-2026-00945,36,Processor,740,2026-05-31,2026-06-09,684,Ericsson,Germany,60,205.45,68,3,1,0.0013513513513513514,1,620,5,2,110,0.00016582352511078637,0.0003750099810004351,109,536222,0.0001723848232239575
BATCH-2024-00946,44,Camera,6624,2024-12-07,2024-12-18,6510,Wistron,South Korea,50,232.01,87,1,1,0.00015096618357487922,1,80,12,4,650,0.00010336577465557791,0.000380745741124954,117,590216,0.00017585459338616095
BATCH-2024-00947,18,Memory,6808,2024-11-20,2024-12-08,6671,Bosch,Germany,18,96.36,77,0,0,0.0,0,63,11,4,667,0.00021806730730221415,0.0007021012099867912,110,557568,0.00013960848603418856
BATCH-2026-00948,44,Connector,8234,2026-03-02,2026-03-16,7984,Wistron,South Korea,50,232.01,87,1,1,0.00012144765606023804,0,530,3,1,200,0.00010336577465557791,0.000380745741124954,117,590216,0.00020757696267843906
BATCH-2025-00949,46,Microcontroller,4536,2025-03-17,2025-04-02,4288,Liteon,China,58,348.77,65,0,0,0.0,0,180,3,1,550,0.000177376316521378,0.0004995509860038717,96,502846,0.00013908905895273712
BATCH-2025-00950,4,Microcontroller,3355,2025-08-07,2025-08-17,3281,Intel,China,48,393.46,88,1,0,0.0,0,323,8,3,407,0.00018841892264149143,0.0009961276293195824,96,400272,0.00013908905895273712
BATCH-2025-00951,30,Power IC,3224,2025-03-29,2025-04-15,3129,Western Digital,Germany,16,59.04,65,0,0,0.0,0,192,3,1,538,0.00026662885278630423,0.0008545899187981254,93,459619,0.00017735448108886377
BATCH-2024-00952,10,Fan,3707,2024-12-01,2024-12-20,3614,Panasonic,China,54,316.57,91,1,1,0.0002697599136768276,1,74,12,4,656,0.000144927638474753,0.0007549544377028447,94,435868,0.00012855165100050963
BATCH-2026-00953,2,Speaker,7023,2026-03-24,2026-04-02,6632,TSMC,South Korea,34,349.29,92,0,0,0.0,0,552,3,1,178,0.0001216095118122708,0.0004158402802419921,99,473547,0.00019289953369198322
BATCH-2026-00954,17,Processor,6950,2026-05-04,2026-05-17,6704,Mitsubishi,Japan,33,186.49,72,2,0,0.0,0,593,5,2,137,0.00014815223187369047,0.00046308585294764547,114,569061,0.0001723848232239575
BATCH-2026-00955,2,Processor,1674,2026-09-11,2026-09-26,1605,TSMC,South Korea,34,349.29,92,1,1,0.0005973715651135006,1,723,9,3,7,0.0001216095118122708,0.0004158402802419921,99,473547,0.0001723848232239575
BATCH-2024-00956,40,Battery,9033,2024-10-10,2024-10-15,8862,Dell,China,20,392.38,81,0,0,0.0,0,22,10,4,708,0.00013234425192726218,0.0003712523513249762,101,498329,0.00021173401481822628
BATCH-2026-00957,13,Sensor,4766,2026-04-17,2026-04-27,4718,Onsemi,USA,46,98.93,89,0,0,0.0,0,576,4,2,154,0.00013306539717335389,0.0004888825988608853,89,428711,0.00016450590746445605
BATCH-2024-00958,1,Motherboard,7538,2024-11-24,2024-12-11,7096,Samsung,USA,19,220.56,89,0,0,0.0,0,67,11,4,663,0.00017219294545324894,0.0013891588805521986,106,504263,0.0002354934172429249
BATCH-2025-00959,20,Charger,4884,2025-05-02,2025-05-19,4597,Delta Electronics,South Korea,30,335.57,68,1,1,0.00020475020475020476,1,226,5,2,504,0.00014552538396359592,0.00035285670745256997,82,427248,0.0002259435803313693
BATCH-2026-00960,49,Memory,4526,2026-04-20,2026-05-03,4439,Coherent,USA,42,45.65,73,1,0,0.0,0,579,4,2,151,0.00034438539861380375,0.0009931063632699735,93,417736,0.00013960848603418856
BATCH-2025-00961,19,Memory,6921,2025-07-30,2025-08-16,6542,Sumitomo,USA,36,238.9,64,1,1,0.00014448779078167894,1,315,7,3,415,0.00016876737493119937,0.00039378300837730447,91,458378,0.00013960848603418856
BATCH-2025-00962,42,Battery,9328,2025-04-20,2025-05-04,8984,Acer,Germany,34,85.15,90,0,0,0.0,0,214,4,2,516,5.058942432590356e-05,0.0001440589145000144,106,511239,0.00021173401481822628
BATCH-2026-00963,18,Speaker,903,2026-05-22,2026-06-10,891,Bosch,Germany,18,96.36,77,1,1,0.0011074197120708748,1,611,5,2,119,0.00021806730730221415,0.0007021012099867912,110,557568,0.00019289953369198322
BATCH-2025-00964,29,Battery,7523,2025-02-24,2025-03-11,7448,Seagate,Japan,40,285.23,77,2,2,0.0002658513890735079,1,159,2,1,571,0.00016256441034907573,0.0004929460254392659,92,456988,0.00021173401481822628
BATCH-2025-00965,40,Battery,6213,2025-09-16,2025-09-25,6038,Dell,China,20,392.38,81,1,0,0.0,0,363,9,3,367,0.00013234425192726218,0.0003712523513249762,101,498329,0.00021173401481822628
BATCH-2025-00966,30,Microcontroller,8574,2025-10-09,2025-10-23,8246,Western Digital,Germany,16,59.04,65,2,2,0.00023326335432703523,1,386,10,4,344,0.00026662885278630423,0.0008545899187981254,93,459619,0.00013908905895273712
BATCH-2026-00967,29,PCB,2388,2026-02-23,2026-03-11,2322,Seagate,Japan,40,285.23,77,1,1,0.0004187604690117253,1,523,2,1,207,0.00016256441034907573,0.0004929460254392659,92,456988,0.0002244207567666141
BATCH-2026-00968,38,Connector,8557,2026-07-07,2026-07-18,8442,Xiaomi,South Korea,52,142.13,62,2,2,0.0002337267734018932,1,657,7,3,73,0.0002941454324685746,0.0007248486269555904,106,537180,0.00020757696267843906
BATCH-2026-00969,20,Processor,6150,2026-01-01,2026-01-21,5761,Delta Electronics,South Korea,30,335.57,68,0,0,0.0,0,470,1,1,260,0.00014552538396359592,0.00035285670745256997,82,427248,0.0001723848232239575
BATCH-2025-00970,36,Motherboard,5016,2025-07-28,2025-08-14,4869,Ericsson,Germany,60,205.45,68,1,1,0.00019936204146730463,1,313,7,3,417,0.00016582352511078637,0.0003750099810004351,109,536222,0.0002354934172429249
BATCH-2026-00971,24,Camera,5239,2026-08-19,2026-09-02,4854,Qualcomm,Germany,53,145.59,74,0,0,0.0,0,700,8,3,30,0.00017211444124561363,0.00048508112533674527,88,458321,0.00017585459338616095
BATCH-2025-00972,36,Camera,9716,2025-08-09,2025-08-28,9365,Ericsson,Germany,60,205.45,68,0,0,0.0,0,325,8,3,405,0.00016582352511078637,0.0003750099810004351,109,536222,0.00017585459338616095
BATCH-2025-00973,46,Power IC,8503,2025-01-21,2025-01-27,8171,Liteon,China,58,348.77,65,1,0,0.0,0,125,1,1,605,0.000177376316521378,0.0004995509860038717,96,502846,0.00017735448108886377
BATCH-2025-00974,28,Memory,5257,2025-12-07,2025-12-25,5204,Kioxia,China,36,390.8,86,1,1,0.00019022256039566293,1,445,12,4,285,6.548471380186631e-05,0.00020932699508353792,108,509896,0.00013960848603418856
BATCH-2025-00975,30,Connector,8014,2025-09-22,2025-10-12,7903,Western Digital,Germany,16,59.04,65,1,1,0.00012478163214374845,0,369,9,3,361,0.00026662885278630423,0.0008545899187981254,93,459619,0.00020757696267843906
BATCH-2025-00976,22,Microcontroller,1620,2025-06-21,2025-07-09,1604,Flex,China,43,157.56,86,0,0,0.0,0,276,6,2,454,6.527455789884103e-05,0.00021075148645526503,94,530055,0.00013908905895273712
BATCH-2024-00977,25,Processor,9791,2024-09-30,2024-10-05,9693,Broadcom,USA,26,71.6,85,0,0,0.0,0,12,9,3,718,9.454505074439549e-05,0.0003137783114627588,84,481980,0.0001723848232239575
BATCH-2025-00978,24,Power IC,7081,2025-04-23,2025-05-10,7010,Qualcomm,Germany,53,145.59,74,1,1,0.00014122299110295156,1,217,4,2,513,0.00017211444124561363,0.00048508112533674527,88,458321,0.00017735448108886377
BATCH-2025-00979,36,Power IC,8140,2025-01-08,2025-01-16,7778,Ericsson,Germany,60,205.45,68,1,0,0.0,0,112,1,1,618,0.00016582352511078637,0.0003750099810004351,109,536222,0.00017735448108886377
BATCH-2025-00980,16,Motherboard,5487,2025-10-17,2025-11-05,5179,Hitachi,China,57,483.82,88,1,0,0.0,0,394,10,4,336,8.336477286677332e-05,0.0004697935134049564,95,503392,0.0002354934172429249
BATCH-2025-00981,7,Charger,6568,2025-08-27,2025-09-07,6502,Foxconn,USA,50,411.74,84,1,0,0.0,0,343,8,3,387,0.0003217144075727912,0.0015438669764764946,105,555087,0.0002259435803313693
BATCH-2025-00982,25,Battery,1233,2025-03-15,2025-04-02,1221,Broadcom,USA,26,71.6,85,2,2,0.0016220600162206002,1,178,3,1,552,9.454505074439549e-05,0.0003137783114627588,84,481980,0.00021173401481822628
BATCH-2025-00983,33,Memory,2887,2025-05-27,2025-06-03,2858,Denso,Taiwan,41,277.68,84,0,0,0.0,0,251,5,2,479,0.00013528007016307464,0.0006519489677036868,119,602071,0.00013960848603418856
BATCH-2026-00984,26,Processor,8011,2026-08-04,2026-08-16,7815,Texas Instruments,South Korea,53,5.67,67,4,4,0.0004993134440144801,1,685,8,3,45,0.0002658174764162671,0.0009122443285503541,102,493376,0.0001723848232239575
BATCH-2025-00985,26,Power IC,4338,2025-09-28,2025-10-11,4168,Texas Instruments,South Korea,53,5.67,67,2,1,0.0002305209774089442,1,375,9,3,355,0.0002658174764162671,0.0009122443285503541,102,493376,0.00017735448108886377
BATCH-2026-00986,36,Display,9055,2026-06-28,2026-07-05,8924,Ericsson,Germany,60,205.45,68,1,1,0.00011043622308117063,0,648,6,2,82,0.00016582352511078637,0.0003750099810004351,109,536222,0.00016919115080672866
BATCH-2026-00987,17,PCB,7879,2026-06-08,2026-06-13,7746,Mitsubishi,Japan,33,186.49,72,2,2,0.00025383931971062316,1,628,6,2,102,0.00014815223187369047,0.00046308585294764547,114,569061,0.0002244207567666141
BATCH-2025-00988,25,Camera,3137,2025-01-27,2025-02-13,3045,Broadcom,USA,26,71.6,85,1,1,0.000318775900541919,1,131,1,1,599,9.454505074439549e-05,0.0003137783114627588,84,481980,0.00017585459338616095
BATCH-2025-00989,12,Charger,8902,2025-08-09,2025-08-18,8813,Amphenol,Germany,18,446.77,96,0,0,0.0,0,325,8,3,405,8.015372036339901e-05,0.00041034141517753633,113,576135,0.0002259435803313693
BATCH-2025-00990,17,Display,8219,2025-07-23,2025-08-01,8136,Mitsubishi,Japan,33,186.49,72,2,2,0.0002433386056697895,1,308,7,3,422,0.00014815223187369047,0.00046308585294764547,114,569061,0.00016919115080672866
BATCH-2026-00991,8,Display,549,2026-03-30,2026-04-14,528,LG Chem,South Korea,40,115.16,76,0,0,0.0,0,558,3,1,172,0.00013285380642027623,0.00028745834951003884,92,477433,0.00016919115080672866
BATCH-2025-00992,40,Power IC,7253,2025-07-06,2025-07-25,6841,Dell,China,20,392.38,81,1,1,0.00013787398317937404,1,291,7,3,439,0.00013234425192726218,0.0003712523513249762,101,498329,0.00017735448108886377
BATCH-2025-00993,50,Connector,1229,2025-09-06,2025-09-22,1191,APC,South Korea,30,481.03,64,1,1,0.0008136696501220504,1,353,9,3,377,0.0002753509047441992,0.0007401953979905162,113,559124,0.00020757696267843906
BATCH-2024-00994,39,Sensor,8059,2024-11-01,2024-11-11,7871,Lenovo,Taiwan,57,331.63,71,0,0,0.0,0,44,11,4,686,0.00017438124238925042,0.000501056949565781,101,560841,0.00016450590746445605
BATCH-2024-00995,24,Display,2691,2024-10-20,2024-11-01,2625,Qualcomm,Germany,53,145.59,74,0,0,0.0,0,32,10,4,698,0.00017211444124561363,0.00048508112533674527,88,458321,0.00016919115080672866
BATCH-2026-00996,50,Camera,4439,2026-01-28,2026-02-06,4244,APC,South Korea,30,481.03,64,0,0,0.0,0,497,1,1,233,0.0002753509047441992,0.0007401953979905162,113,559124,0.00017585459338616095
BATCH-2025-00997,1,Memory,9869,2025-02-25,2025-03-09,9683,Samsung,USA,19,220.56,89,1,0,0.0,0,160,2,1,570,0.00017219294545324894,0.0013891588805521986,106,504263,0.00013960848603418856
BATCH-2025-00998,47,Memory,1517,2025-03-17,2025-03-25,1434,Molex,Japan,37,191.75,76,2,1,0.0006591957811470006,1,180,3,1,550,0.00015063481442028842,0.00045023343696729267,102,507171,0.00013960848603418856
BATCH-2026-00999,13,Camera,3633,2026-01-09,2026-01-20,3421,Onsemi,USA,46,98.93,89,2,2,0.0005505092210294523,1,478,1,1,252,0.00013306539717335389,0.0004888825988608853,89,428711,0.00017585459338616095
BATCH-2026-01000,17,Processor,8914,2026-07-18,2026-08-01,8559,Mitsubishi,Japan,33,186.49,72,1,1,0.0001121830827911151,0,668,7,3,62,0.00014815223187369047,0.00046308585294764547,114,569061,0.0001723848232239575
BATCH-2025-01001,23,Connector,3591,2025-01-12,2025-01-30,3406,ASE,Japan,50,402.77,91,0,0,0.0,0,116,1,1,614,6.663525433902222e-05,0.00015954052120490043,90,441864,0.00020757696267843906
BATCH-2025-01002,17,Memory,6256,2025-03-16,2025-03-25,6171,Mitsubishi,Japan,33,186.49,72,1,1,0.00015984654731457802,1,179,3,1,551,0.00014815223187369047,0.00046308585294764547,114,569061,0.00013960848603418856
BATCH-2026-01003,8,PCB,4087,2026-01-18,2026-01-28,3942,LG Chem,South Korea,40,115.16,76,2,2,0.0004893564962074871,1,487,1,1,243,0.00013285380642027623,0.00028745834951003884,92,477433,0.0002244207567666141
BATCH-2026-01004,29,Battery,6757,2026-07-17,2026-08-01,6440,Seagate,Japan,40,285.23,77,0,0,0.0,0,667,7,3,63,0.00016256441034907573,0.0004929460254392659,92,456988,0.00021173401481822628
BATCH-2026-01005,11,Display,7562,2026-08-23,2026-09-05,7486,Murata,Japan,22,178.55,88,1,0,0.0,0,704,8,3,26,0.00015599689945027513,0.0009387029695731565,105,551463,0.00016919115080672866
BATCH-2025-01006,30,Sensor,5931,2025-04-28,2025-05-03,5838,Western Digital,Germany,16,59.04,65,4,3,0.0005058168942842691,1,222,4,2,508,0.00026662885278630423,0.0008545899187981254,93,459619,0.00016450590746445605
BATCH-2026-01007,4,Camera,2703,2026-04-28,2026-05-11,2632,Intel,China,48,393.46,88,0,0,0.0,0,587,4,2,143,0.00018841892264149143,0.0009961276293195824,96,400272,0.00017585459338616095
BATCH-2024-01008,27,Speaker,399,2024-12-10,2024-12-28,383,Infineon,Taiwan,51,333.1,89,2,1,0.002506265664160401,1,83,12,4,647,0.00011089276239704126,0.00035581711278072977,111,553940,0.00019289953369198322
BATCH-2026-01009,22,Processor,6751,2026-03-23,2026-04-01,6570,Flex,China,43,157.56,86,0,0,0.0,0,551,3,1,179,6.527455789884103e-05,0.00021075148645526503,94,530055,0.0001723848232239575
BATCH-2025-01010,18,Camera,2546,2025-07-29,2025-08-16,2513,Bosch,Germany,18,96.36,77,0,0,0.0,0,314,7,3,416,0.00021806730730221415,0.0007021012099867912,110,557568,0.00017585459338616095
BATCH-2025-01011,48,Battery,9117,2025-05-01,2025-05-14,8953,TE Connectivity,Germany,25,315.88,71,0,0,0.0,0,225,5,2,505,0.000215467021331229,0.0009668394253566584,108,542251,0.00021173401481822628
BATCH-2025-01012,11,Fan,921,2025-09-19,2025-09-26,900,Murata,Japan,22,178.55,88,0,0,0.0,0,366,9,3,364,0.00015599689945027513,0.0009387029695731565,105,551463,0.00012855165100050963
BATCH-2025-01013,27,Processor,2285,2025-02-20,2025-03-11,2250,Infineon,Taiwan,51,333.1,89,1,0,0.0,0,155,2,1,575,0.00011089276239704126,0.00035581711278072977,111,553940,0.0001723848232239575
BATCH-2025-01014,46,Camera,6827,2025-07-01,2025-07-09,6654,Liteon,China,58,348.77,65,0,0,0.0,0,286,7,3,444,0.000177376316521378,0.0004995509860038717,96,502846,0.00017585459338616095
BATCH-2024-01015,17,Battery,3408,2024-12-20,2025-01-09,3314,Mitsubishi,Japan,33,186.49,72,4,3,0.0008802816901408451,1,93,12,4,637,0.00014815223187369047,0.00046308585294764547,114,569061,0.00021173401481822628
BATCH-2026-01016,19,Fan,3663,2026-05-28,2026-06-11,3526,Sumitomo,USA,36,238.9,64,3,1,0.000273000273000273,1,617,5,2,113,0.00016876737493119937,0.00039378300837730447,91,458378,0.00012855165100050963
BATCH-2026-01017,2,Charger,9253,2026-04-18,2026-05-05,9160,TSMC,South Korea,34,349.29,92,0,0,0.0,0,577,4,2,153,0.0001216095118122708,0.0004158402802419921,99,473547,0.0002259435803313693
BATCH-2025-01018,44,Fan,5758,2025-04-23,2025-05-02,5579,Wistron,South Korea,50,232.01,87,1,1,0.0001736714136853074,1,217,4,2,513,0.00010336577465557791,0.000380745741124954,117,590216,0.00012855165100050963
BATCH-2025-01019,4,Motherboard,113,2025-01-20,2025-02-09,106,Intel,China,48,393.46,88,1,1,0.008849557522123894,1,124,1,1,606,0.00018841892264149143,0.0009961276293195824,96,400272,0.0002354934172429249
BATCH-2026-01020,22,Display,1926,2026-03-27,2026-04-02,1907,Flex,China,43,157.56,86,0,0,0.0,0,555,3,1,175,6.527455789884103e-05,0.00021075148645526503,94,530055,0.00016919115080672866
BATCH-2025-01021,19,Microcontroller,6099,2025-12-11,2025-12-21,5963,Sumitomo,USA,36,238.9,64,1,1,0.00016396130513198886,1,449,12,4,281,0.00016876737493119937,0.00039378300837730447,91,458378,0.00013908905895273712
BATCH-2025-01022,20,Camera,6043,2025-12-17,2025-12-23,5927,Delta Electronics,South Korea,30,335.57,68,0,0,0.0,0,455,12,4,275,0.00014552538396359592,0.00035285670745256997,82,427248,0.00017585459338616095
BATCH-2025-01023,12,Motherboard,9910,2025-07-24,2025-08-02,9632,Amphenol,Germany,18,446.77,96,1,1,0.00010090817356205853,0,309,7,3,421,8.015372036339901e-05,0.00041034141517753633,113,576135,0.0002354934172429249
BATCH-2024-01024,15,Sensor,345,2024-10-16,2024-10-27,332,SK Hynix,Taiwan,40,342.16,65,2,2,0.005797101449275362,1,28,10,4,702,0.00026051175061660777,0.0007352320636847295,93,436297,0.00016450590746445605
BATCH-2025-01025,5,Camera,4274,2025-11-11,2025-12-01,4018,Apple,Japan,38,226.29,64,2,1,0.0002339728591483388,1,419,11,4,311,0.00029304167774806515,0.0010333897385835877,92,488005,0.00017585459338616095
BATCH-2026-01026,35,Display,1615,2026-01-13,2026-01-23,1555,Nokia,Japan,42,219.49,61,1,0,0.0,0,482,1,1,248,0.00019787338089100073,0.0003538789829112609,102,503406,0.00016919115080672866
BATCH-2026-01027,41,Sensor,8831,2026-03-07,2026-03-23,8609,HP,Japan,60,204.38,85,2,2,0.00022647491790284225,1,535,3,1,195,0.00012231852387452777,0.00025339821295037224,87,408153,0.00016450590746445605
BATCH-2025-01028,44,Microcontroller,9924,2025-11-13,2025-11-30,9479,Wistron,South Korea,50,232.01,87,0,0,0.0,0,421,11,4,309,0.00010336577465557791,0.000380745741124954,117,590216,0.00013908905895273712
BATCH-2026-01029,45,PCB,3875,2026-03-05,2026-03-16,3833,Pegatron,Taiwan,47,251.52,66,1,1,0.00025806451612903227,1,533,3,1,197,0.0001275169517997213,0.0003266025273992103,94,477190,0.0002244207567666141
BATCH-2025-01030,41,Power IC,4805,2025-01-16,2025-01-31,4671,HP,Japan,60,204.38,85,1,0,0.0,0,120,1,1,610,0.00012231852387452777,0.00025339821295037224,87,408153,0.00017735448108886377
BATCH-2025-01031,34,PCB,1572,2025-07-29,2025-08-14,1539,Renesas,China,19,153.37,81,0,0,0.0,0,314,7,3,416,0.00020629854890063796,0.000928870183527049,112,540044,0.0002244207567666141
BATCH-2025-01032,41,PCB,9623,2025-12-05,2025-12-13,9527,HP,Japan,60,204.38,85,0,0,0.0,0,443,12,4,287,0.00012231852387452777,0.00025339821295037224,87,408153,0.0002244207567666141
BATCH-2026-01033,6,Motherboard,5488,2026-08-02,2026-08-10,5102,NVIDIA,Germany,38,463.53,74,1,0,0.0,0,683,8,3,47,0.00023377595866623649,0.0009271237760431065,104,528560,0.0002354934172429249
BATCH-2026-01034,46,Speaker,5834,2026-07-09,2026-07-16,5776,Liteon,China,58,348.77,65,0,0,0.0,0,659,7,3,71,0.000177376316521378,0.0004995509860038717,96,502846,0.00019289953369198322
BATCH-2026-01035,12,Camera,4803,2026-03-01,2026-03-21,4755,Amphenol,Germany,18,446.77,96,0,0,0.0,0,529,3,1,201,8.015372036339901e-05,0.00041034141517753633,113,576135,0.00017585459338616095
BATCH-2025-01036,40,Speaker,2191,2025-08-22,2025-08-30,2151,Dell,China,20,392.38,81,1,0,0.0,0,338,8,3,392,0.00013234425192726218,0.0003712523513249762,101,498329,0.00019289953369198322
BATCH-2024-01037,41,Memory,243,2024-11-22,2024-11-28,237,HP,Japan,60,204.38,85,0,0,0.0,0,65,11,4,665,0.00012231852387452777,0.00025339821295037224,87,408153,0.00013960848603418856
BATCH-2026-01038,36,Fan,8777,2026-03-29,2026-04-07,8342,Ericsson,Germany,60,205.45,68,2,0,0.0,0,557,3,1,173,0.00016582352511078637,0.0003750099810004351,109,536222,0.00012855165100050963
BATCH-2025-01039,43,Display,7470,2025-09-26,2025-10-13,7128,ASUSTeK,USA,30,46.84,60,1,1,0.00013386880856760375,1,373,9,3,357,0.00044469895714356904,0.0012463320250862553,87,411235,0.00016919115080672866
BATCH-2025-01040,23,Power IC,4700,2025-06-17,2025-06-27,4631,ASE,Japan,50,402.77,91,0,0,0.0,0,272,6,2,458,6.663525433902222e-05,0.00015954052120490043,90,441864,0.00017735448108886377
BATCH-2026-01041,15,Camera,225,2026-07-27,2026-08-04,205,SK Hynix,Taiwan,40,342.16,65,0,0,0.0,0,677,7,3,53,0.00026051175061660777,0.0007352320636847295,93,436297,0.00017585459338616095
BATCH-2025-01042,9,Sensor,3336,2025-07-09,2025-07-15,3158,Sony,Taiwan,19,33.78,81,1,1,0.00029976019184652276,1,294,7,3,436,0.00014132799993781594,0.00029553061545999206,104,509780,0.00016450590746445605
BATCH-2026-01043,41,Processor,4312,2026-04-17,2026-05-05,4142,HP,Japan,60,204.38,85,0,0,0.0,0,576,4,2,154,0.00012231852387452777,0.00025339821295037224,87,408153,0.0001723848232239575
BATCH-2025-01044,26,Camera,6654,2025-04-19,2025-05-04,6315,Texas Instruments,South Korea,53,5.67,67,1,1,0.00015028554253080853,1,213,4,2,517,0.0002658174764162671,0.0009122443285503541,102,493376,0.00017585459338616095
BATCH-2026-01045,19,Microcontroller,4067,2026-01-27,2026-02-11,3938,Sumitomo,USA,36,238.9,64,3,2,0.0004917629702483403,1,496,1,1,234,0.00016876737493119937,0.00039378300837730447,91,458378,0.00013908905895273712
BATCH-2025-01046,41,Charger,4964,2025-09-17,2025-10-03,4914,HP,Japan,60,204.38,85,0,0,0.0,0,364,9,3,366,0.00012231852387452777,0.00025339821295037224,87,408153,0.0002259435803313693
BATCH-2026-01047,41,Motherboard,1135,2026-08-21,2026-09-05,1124,HP,Japan,60,204.38,85,1,1,0.000881057268722467,1,702,8,3,28,0.00012231852387452777,0.00025339821295037224,87,408153,0.0002354934172429249
BATCH-2025-01048,5,Camera,9337,2025-07-20,2025-07-28,8902,Apple,Japan,38,226.29,64,1,1,0.0001071007818357074,0,305,7,3,425,0.00029304167774806515,0.0010333897385835877,92,488005,0.00017585459338616095
BATCH-2026-01049,35,Fan,2029,2026-08-19,2026-09-01,1892,Nokia,Japan,42,219.49,61,0,0,0.0,0,700,8,3,30,0.00019787338089100073,0.0003538789829112609,102,503406,0.00012855165100050963
BATCH-2024-01050,7,Power IC,7012,2024-09-27,2024-10-05,6932,Foxconn,USA,50,411.74,84,1,0,0.0,0,9,9,3,721,0.0003217144075727912,0.0015438669764764946,105,555087,0.00017735448108886377
BATCH-2025-01051,1,Processor,8282,2025-01-08,2025-01-14,8088,Samsung,USA,19,220.56,89,0,0,0.0,0,112,1,1,618,0.00017219294545324894,0.0013891588805521986,106,504263,0.0001723848232239575
BATCH-2025-01052,29,Memory,6524,2025-09-11,2025-09-28,6433,Seagate,Japan,40,285.23,77,0,0,0.0,0,358,9,3,372,0.00016256441034907573,0.0004929460254392659,92,456988,0.00013960848603418856
BATCH-2024-01053,1,Camera,1401,2024-09-29,2024-10-08,1343,Samsung,USA,19,220.56,89,0,0,0.0,0,11,9,3,719,0.00017219294545324894,0.0013891588805521986,106,504263,0.00017585459338616095
BATCH-2025-01054,11,Memory,1864,2025-04-05,2025-04-10,1845,Murata,Japan,22,178.55,88,1,1,0.000536480686695279,1,199,4,2,531,0.00015599689945027513,0.0009387029695731565,105,551463,0.00013960848603418856
BATCH-2025-01055,23,Speaker,7905,2025-12-21,2026-01-04,7826,ASE,Japan,50,402.77,91,1,1,0.0001265022137887413,0,459,12,4,271,6.663525433902222e-05,0.00015954052120490043,90,441864,0.00019289953369198322
BATCH-2026-01056,47,Microcontroller,5721,2026-05-24,2026-05-31,5664,Molex,Japan,37,191.75,76,0,0,0.0,0,613,5,2,117,0.00015063481442028842,0.00045023343696729267,102,507171,0.00013908905895273712
BATCH-2025-01057,12,Processor,7228,2025-07-29,2025-08-07,7156,Amphenol,Germany,18,446.77,96,0,0,0.0,0,314,7,3,416,8.015372036339901e-05,0.00041034141517753633,113,576135,0.0001723848232239575
BATCH-2025-01058,20,Display,2870,2025-01-02,2025-01-17,2841,Delta Electronics,South Korea,30,335.57,68,0,0,0.0,0,106,1,1,624,0.00014552538396359592,0.00035285670745256997,82,427248,0.00016919115080672866
BATCH-2025-01059,32,Motherboard,4231,2025-12-20,2025-12-26,4065,Canon,South Korea,54,382.97,81,2,2,0.0004727014890096904,1,458,12,4,272,8.286140374041643e-05,0.0002525478149158471,93,484783,0.0002354934172429249
BATCH-2025-01060,27,Memory,7257,2025-06-13,2025-06-26,7027,Infineon,Taiwan,51,333.1,89,0,0,0.0,0,268,6,2,462,0.00011089276239704126,0.00035581711278072977,111,553940,0.00013960848603418856
BATCH-2026-01061,7,Charger,8052,2026-08-01,2026-08-16,7971,Foxconn,USA,50,411.74,84,0,0,0.0,0,682,8,3,48,0.0003217144075727912,0.0015438669764764946,105,555087,0.0002259435803313693
BATCH-2026-01062,32,Connector,6247,2026-04-13,2026-04-24,5817,Canon,South Korea,54,382.97,81,1,0,0.0,0,572,4,2,158,8.286140374041643e-05,0.0002525478149158471,93,484783,0.00020757696267843906
BATCH-2025-01063,15,Charger,879,2025-08-05,2025-08-21,836,SK Hynix,Taiwan,40,342.16,65,2,1,0.0011376564277588168,1,321,8,3,409,0.00026051175061660777,0.0007352320636847295,93,436297,0.0002259435803313693
BATCH-2025-01064,35,Motherboard,7971,2025-08-02,2025-08-11,7763,Nokia,Japan,42,219.49,61,3,2,0.0002509095471082675,1,318,8,3,412,0.00019787338089100073,0.0003538789829112609,102,503406,0.0002354934172429249
BATCH-2026-01065,44,Power IC,5190,2026-01-07,2026-01-13,5059,Wistron,South Korea,50,232.01,87,0,0,0.0,0,476,1,1,254,0.00010336577465557791,0.000380745741124954,117,590216,0.00017735448108886377
BATCH-2025-01066,31,Connector,7350,2025-12-27,2026-01-12,6849,Kyocera,USA,35,236.61,85,0,0,0.0,0,465,12,4,265,0.00018411673535101585,0.0009126920964599268,104,605811,0.00020757696267843906
BATCH-2025-01067,4,Camera,5337,2025-07-24,2025-08-06,5284,Intel,China,48,393.46,88,0,0,0.0,0,309,7,3,421,0.00018841892264149143,0.0009961276293195824,96,400272,0.00017585459338616095
BATCH-2025-01068,14,PCB,3970,2025-08-07,2025-08-21,3930,STMicroelectronics,South Korea,31,23.81,77,1,1,0.00025188916876574307,1,323,8,3,407,0.0001573864901705702,0.00046936123067953895,91,385139,0.0002244207567666141
BATCH-2025-01069,19,PCB,1531,2025-08-03,2025-08-18,1449,Sumitomo,USA,36,238.9,64,1,1,0.0006531678641410843,1,319,8,3,411,0.00016876737493119937,0.00039378300837730447,91,458378,0.0002244207567666141
BATCH-2026-01070,36,Processor,4753,2026-05-02,2026-05-07,4633,Ericsson,Germany,60,205.45,68,2,0,0.0,0,591,5,2,139,0.00016582352511078637,0.0003750099810004351,109,536222,0.0001723848232239575
BATCH-2026-01071,1,Charger,2283,2026-08-11,2026-08-24,2260,Samsung,USA,19,220.56,89,1,0,0.0,0,692,8,3,38,0.00017219294545324894,0.0013891588805521986,106,504263,0.0002259435803313693
BATCH-2025-01072,17,Processor,2648,2025-01-16,2025-01-30,2580,Mitsubishi,Japan,33,186.49,72,0,0,0.0,0,120,1,1,610,0.00014815223187369047,0.00046308585294764547,114,569061,0.0001723848232239575
BATCH-2025-01073,8,Connector,8445,2025-02-13,2025-02-20,8361,LG Chem,South Korea,40,115.16,76,0,0,0.0,0,148,2,1,582,0.00013285380642027623,0.00028745834951003884,92,477433,0.00020757696267843906
BATCH-2025-01074,6,Power IC,9991,2025-12-30,2026-01-10,9668,NVIDIA,Germany,38,463.53,74,0,0,0.0,0,468,12,4,262,0.00023377595866623649,0.0009271237760431065,104,528560,0.00017735448108886377
BATCH-2024-01075,8,Microcontroller,1521,2024-10-02,2024-10-20,1506,LG Chem,South Korea,40,115.16,76,1,1,0.0006574621959237344,1,14,10,4,716,0.00013285380642027623,0.00028745834951003884,92,477433,0.00013908905895273712
BATCH-2025-01076,21,Memory,9155,2025-08-25,2025-09-10,8528,Jabil,Taiwan,58,416.67,76,1,0,0.0,0,341,8,3,389,0.00034128023110612925,0.0012045823376322067,117,579869,0.00013960848603418856
BATCH-2024-01077,15,Microcontroller,2345,2024-10-16,2024-10-30,2186,SK Hynix,Taiwan,40,342.16,65,1,1,0.00042643923240938164,1,28,10,4,702,0.00026051175061660777,0.0007352320636847295,93,436297,0.00013908905895273712
BATCH-2025-01078,50,PCB,9297,2025-07-22,2025-07-31,8829,APC,South Korea,30,481.03,64,0,0,0.0,0,307,7,3,423,0.0002753509047441992,0.0007401953979905162,113,559124,0.0002244207567666141
BATCH-2025-01079,43,Speaker,4885,2025-09-29,2025-10-15,4780,ASUSTeK,USA,30,46.84,60,1,0,0.0,0,376,9,3,354,0.00044469895714356904,0.0012463320250862553,87,411235,0.00019289953369198322
BATCH-2026-01080,27,Microcontroller,6239,2026-03-14,2026-03-23,6140,Infineon,Taiwan,51,333.1,89,0,0,0.0,0,542,3,1,188,0.00011089276239704126,0.00035581711278072977,111,553940,0.00013908905895273712
BATCH-2025-01081,44,Display,5503,2025-02-05,2025-02-16,5342,Wistron,South Korea,50,232.01,87,1,1,0.00018171906232963838,1,140,2,1,590,0.00010336577465557791,0.000380745741124954,117,590216,0.00016919115080672866
BATCH-2025-01082,8,Motherboard,7078,2025-03-08,2025-03-21,7007,LG Chem,South Korea,40,115.16,76,1,0,0.0,0,171,3,1,559,0.00013285380642027623,0.00028745834951003884,92,477433,0.0002354934172429249
BATCH-2026-01083,5,PCB,4643,2026-06-23,2026-07-06,4597,Apple,Japan,38,226.29,64,0,0,0.0,0,643,6,2,87,0.00029304167774806515,0.0010333897385835877,92,488005,0.0002244207567666141
BATCH-2024-01084,28,Battery,5162,2024-10-09,2024-10-21,5110,Kioxia,China,36,390.8,86,1,1,0.00019372336303758234,1,21,10,4,709,6.548471380186631e-05,0.00020932699508353792,108,509896,0.00021173401481822628
BATCH-2025-01085,15,Connector,5561,2025-07-04,2025-07-11,5295,SK Hynix,Taiwan,40,342.16,65,1,1,0.0001798237727027513,1,289,7,3,441,0.00026051175061660777,0.0007352320636847295,93,436297,0.00020757696267843906
BATCH-2025-01086,16,Fan,5494,2025-06-27,2025-07-12,5412,Hitachi,China,57,483.82,88,0,0,0.0,0,282,6,2,448,8.336477286677332e-05,0.0004697935134049564,95,503392,0.00012855165100050963
BATCH-2026-01087,25,Camera,8662,2026-06-12,2026-06-19,8420,Broadcom,USA,26,71.6,85,0,0,0.0,0,632,6,2,98,9.454505074439549e-05,0.0003137783114627588,84,481980,0.00017585459338616095
BATCH-2025-01088,18,Processor,2153,2025-05-05,2025-05-18,2102,Bosch,Germany,18,96.36,77,2,2,0.0009289363678588017,1,229,5,2,501,0.00021806730730221415,0.0007021012099867912,110,557568,0.0001723848232239575
BATCH-2024-01089,38,PCB,1080,2024-12-28,2025-01-03,1028,Xiaomi,South Korea,52,142.13,62,1,1,0.000925925925925926,1,101,12,4,629,0.0002941454324685746,0.0007248486269555904,106,537180,0.0002244207567666141
BATCH-2025-01090,46,PCB,5903,2025-03-08,2025-03-21,5702,Liteon,China,58,348.77,65,1,1,0.0001694053870913095,1,171,3,1,559,0.000177376316521378,0.0004995509860038717,96,502846,0.0002244207567666141
BATCH-2025-01091,31,Sensor,788,2025-03-29,2025-04-10,768,Kyocera,USA,35,236.61,85,1,1,0.0012690355329949238,1,192,3,1,538,0.00018411673535101585,0.0009126920964599268,104,605811,0.00016450590746445605
BATCH-2026-01092,18,Connector,5027,2026-04-23,2026-04-29,4771,Bosch,Germany,18,96.36,77,1,1,0.00019892580067634773,1,582,4,2,148,0.00021806730730221415,0.0007021012099867912,110,557568,0.00020757696267843906
BATCH-2025-01093,47,Battery,8217,2025-02-04,2025-02-14,7886,Molex,Japan,37,191.75,76,0,0,0.0,0,139,2,1,591,0.00015063481442028842,0.00045023343696729267,102,507171,0.00021173401481822628
BATCH-2025-01094,31,Battery,8829,2025-05-11,2025-05-19,8368,Kyocera,USA,35,236.61,85,1,1,0.00011326311020500623,0,235,5,2,495,0.00018411673535101585,0.0009126920964599268,104,605811,0.00021173401481822628
BATCH-2025-01095,44,Fan,8580,2025-04-21,2025-04-27,8133,Wistron,South Korea,50,232.01,87,2,0,0.0,0,215,4,2,515,0.00010336577465557791,0.000380745741124954,117,590216,0.00012855165100050963
BATCH-2026-01096,22,Power IC,9450,2026-03-20,2026-04-05,9356,Flex,China,43,157.56,86,1,0,0.0,0,548,3,1,182,6.527455789884103e-05,0.00021075148645526503,94,530055,0.00017735448108886377
BATCH-2026-01097,3,Power IC,2097,2026-09-10,2026-09-17,2076,Corning,Taiwan,24,487.86,63,3,1,0.0004768717215069146,1,722,9,3,8,0.0005290924687400791,0.0022824547846740364,105,511267,0.00017735448108886377
BATCH-2025-01098,48,Processor,4020,2025-05-23,2025-06-02,3877,TE Connectivity,Germany,25,315.88,71,1,1,0.0002487562189054726,1,247,5,2,483,0.000215467021331229,0.0009668394253566584,108,542251,0.0001723848232239575
BATCH-2025-01099,7,Speaker,9905,2025-04-05,2025-04-24,9347,Foxconn,USA,50,411.74,84,0,0,0.0,0,199,4,2,531,0.0003217144075727912,0.0015438669764764946,105,555087,0.00019289953369198322
BATCH-2026-01100,18,Connector,5030,2026-01-15,2026-01-22,4734,Bosch,Germany,18,96.36,77,0,0,0.0,0,484,1,1,246,0.00021806730730221415,0.0007021012099867912,110,557568,0.00020757696267843906
BATCH-2026-01101,4,Battery,6328,2026-08-15,2026-08-29,6119,Intel,China,48,393.46,88,0,0,0.0,0,696,8,3,34,0.00018841892264149143,0.0009961276293195824,96,400272,0.00021173401481822628
BATCH-2025-01102,8,Motherboard,2050,2025-11-14,2025-11-20,2030,LG Chem,South Korea,40,115.16,76,1,0,0.0,0,422,11,4,308,0.00013285380642027623,0.00028745834951003884,92,477433,0.0002354934172429249
BATCH-2024-01103,46,Processor,6561,2024-12-28,2025-01-12,6221,Liteon,China,58,348.77,65,0,0,0.0,0,101,12,4,629,0.000177376316521378,0.0004995509860038717,96,502846,0.0001723848232239575
BATCH-2025-01104,25,Connector,964,2025-11-26,2025-12-08,912,Broadcom,USA,26,71.6,85,0,0,0.0,0,434,11,4,296,9.454505074439549e-05,0.0003137783114627588,84,481980,0.00020757696267843906
BATCH-2025-01105,11,Camera,188,2025-06-16,2025-06-24,186,Murata,Japan,22,178.55,88,0,0,0.0,0,271,6,2,459,0.00015599689945027513,0.0009387029695731565,105,551463,0.00017585459338616095
BATCH-2024-01106,4,Display,4721,2024-11-03,2024-11-23,4674,Intel,China,48,393.46,88,0,0,0.0,0,46,11,4,684,0.00018841892264149143,0.0009961276293195824,96,400272,0.00016919115080672866
BATCH-2025-01107,45,Microcontroller,5473,2025-07-23,2025-08-08,5341,Pegatron,Taiwan,47,251.52,66,1,1,0.0001827151470856934,1,308,7,3,422,0.0001275169517997213,0.0003266025273992103,94,477190,0.00013908905895273712
BATCH-2025-01108,5,Processor,2453,2025-03-13,2025-03-18,2250,Apple,Japan,38,226.29,64,1,1,0.00040766408479412964,1,176,3,1,554,0.00029304167774806515,0.0010333897385835877,92,488005,0.0001723848232239575
BATCH-2025-01109,43,Sensor,7211,2025-05-23,2025-05-30,6692,ASUSTeK,USA,30,46.84,60,1,1,0.00013867702121758425,1,247,5,2,483,0.00044469895714356904,0.0012463320250862553,87,411235,0.00016450590746445605
BATCH-2026-01110,10,Camera,3635,2026-08-08,2026-08-26,3599,Panasonic,China,54,316.57,91,0,0,0.0,0,689,8,3,41,0.000144927638474753,0.0007549544377028447,94,435868,0.00017585459338616095
BATCH-2025-01111,16,Memory,5711,2025-01-30,2025-02-05,5557,Hitachi,China,57,483.82,88,0,0,0.0,0,134,1,1,596,8.336477286677332e-05,0.0004697935134049564,95,503392,0.00013960848603418856
BATCH-2025-01112,25,Connector,1699,2025-03-13,2025-03-27,1668,Broadcom,USA,26,71.6,85,1,1,0.0005885815185403178,1,176,3,1,554,9.454505074439549e-05,0.0003137783114627588,84,481980,0.00020757696267843906
BATCH-2026-01113,50,Battery,1974,2026-07-28,2026-08-10,1836,APC,South Korea,30,481.03,64,4,4,0.002026342451874367,1,678,7,3,52,0.0002753509047441992,0.0007401953979905162,113,559124,0.00021173401481822628
BATCH-2026-01114,3,Camera,5528,2026-01-04,2026-01-13,5411,Corning,Taiwan,24,487.86,63,1,0,0.0,0,473,1,1,257,0.0005290924687400791,0.0022824547846740364,105,511267,0.00017585459338616095
BATCH-2026-01115,49,Display,3310,2026-02-26,2026-03-17,3134,Coherent,USA,42,45.65,73,2,2,0.0006042296072507553,1,526,2,1,204,0.00034438539861380375,0.0009931063632699735,93,417736,0.00016919115080672866
BATCH-2025-01116,12,Connector,3217,2025-07-24,2025-08-12,3185,Amphenol,Germany,18,446.77,96,0,0,0.0,0,309,7,3,421,8.015372036339901e-05,0.00041034141517753633,113,576135,0.00020757696267843906
BATCH-2026-01117,13,Microcontroller,4412,2026-01-06,2026-01-22,4368,Onsemi,USA,46,98.93,89,1,1,0.00022665457842248413,1,475,1,1,255,0.00013306539717335389,0.0004888825988608853,89,428711,0.00013908905895273712
BATCH-2025-01118,34,Speaker,9062,2025-06-29,2025-07-12,8971,Renesas,China,19,153.37,81,1,1,0.00011035091591260208,0,284,6,2,446,0.00020629854890063796,0.000928870183527049,112,540044,0.00019289953369198322
BATCH-2025-01119,39,Power IC,2190,2025-10-21,2025-11-07,2122,Lenovo,Taiwan,57,331.63,71,0,0,0.0,0,398,10,4,332,0.00017438124238925042,0.000501056949565781,101,560841,0.00017735448108886377
BATCH-2026-01120,7,Speaker,3202,2026-05-10,2026-05-28,3120,Foxconn,USA,50,411.74,84,1,1,0.0003123048094940662,1,599,5,2,131,0.0003217144075727912,0.0015438669764764946,105,555087,0.00019289953369198322
BATCH-2025-01121,3,PCB,8964,2025-08-06,2025-08-19,8567,Corning,Taiwan,24,487.86,63,1,1,0.00011155734047300312,0,322,8,3,408,0.0005290924687400791,0.0022824547846740364,105,511267,0.0002244207567666141
BATCH-2026-01122,38,Speaker,9254,2026-03-20,2026-04-01,8830,Xiaomi,South Korea,52,142.13,62,0,0,0.0,0,548,3,1,182,0.0002941454324685746,0.0007248486269555904,106,537180,0.00019289953369198322
BATCH-2025-01123,34,Camera,3484,2025-03-30,2025-04-09,3215,Renesas,China,19,153.37,81,1,1,0.0002870264064293915,1,193,3,1,537,0.00020629854890063796,0.000928870183527049,112,540044,0.00017585459338616095
BATCH-2025-01124,19,Sensor,9502,2025-01-28,2025-02-12,8950,Sumitomo,USA,36,238.9,64,3,0,0.0,0,132,1,1,598,0.00016876737493119937,0.00039378300837730447,91,458378,0.00016450590746445605
BATCH-2026-01125,25,Sensor,6582,2026-05-15,2026-05-25,6512,Broadcom,USA,26,71.6,85,2,2,0.00030385900941962927,1,604,5,2,126,9.454505074439549e-05,0.0003137783114627588,84,481980,0.00016450590746445605
BATCH-2024-01126,43,Charger,9539,2024-12-13,2024-12-24,8908,ASUSTeK,USA,30,46.84,60,2,1,0.0001048327916972429,0,86,12,4,644,0.00044469895714356904,0.0012463320250862553,87,411235,0.0002259435803313693
BATCH-2026-01127,25,Microcontroller,7429,2026-02-13,2026-03-02,7062,Broadcom,USA,26,71.6,85,1,1,0.00013460761879122358,1,513,2,1,217,9.454505074439549e-05,0.0003137783114627588,84,481980,0.00013908905895273712
BATCH-2024-01128,9,Battery,1276,2024-12-26,2025-01-12,1249,Sony,Taiwan,19,33.78,81,1,1,0.0007836990595611285,1,99,12,4,631,0.00014132799993781594,0.00029553061545999206,104,509780,0.00021173401481822628
BATCH-2026-01129,37,Speaker,8184,2026-07-14,2026-08-02,8102,Huawei,USA,60,118.5,92,0,0,0.0,0,664,7,3,66,0.00010426815057621344,0.0003557497462935021,91,442918,0.00019289953369198322
BATCH-2025-01130,10,Connector,6507,2025-12-01,2025-12-12,6442,Panasonic,China,54,316.57,91,0,0,0.0,0,439,12,4,291,0.000144927638474753,0.0007549544377028447,94,435868,0.00020757696267843906
BATCH-2025-01131,5,Processor,8161,2025-07-11,2025-07-22,7536,Apple,Japan,38,226.29,64,2,1,0.00012253400318588408,0,296,7,3,434,0.00029304167774806515,0.0010333897385835877,92,488005,0.0001723848232239575
BATCH-2026-01132,33,Processor,1646,2026-07-30,2026-08-11,1560,Denso,Taiwan,41,277.68,84,1,1,0.0006075334143377885,1,680,7,3,50,0.00013528007016307464,0.0006519489677036868,119,602071,0.0001723848232239575
BATCH-2026-01133,17,Camera,3007,2026-03-04,2026-03-10,2922,Mitsubishi,Japan,33,186.49,72,0,0,0.0,0,532,3,1,198,0.00014815223187369047,0.00046308585294764547,114,569061,0.00017585459338616095
BATCH-2025-01134,16,Fan,9240,2025-04-23,2025-05-06,8888,Hitachi,China,57,483.82,88,0,0,0.0,0,217,4,2,513,8.336477286677332e-05,0.0004697935134049564,95,503392,0.00012855165100050963
BATCH-2025-01135,8,Display,6750,2025-01-26,2025-02-07,6495,LG Chem,South Korea,40,115.16,76,1,1,0.00014814814814814815,1,130,1,1,600,0.00013285380642027623,0.00028745834951003884,92,477433,0.00016919115080672866
BATCH-2025-01136,6,Power IC,8376,2025-08-02,2025-08-09,8149,NVIDIA,Germany,38,463.53,74,2,2,0.0002387774594078319,1,318,8,3,412,0.00023377595866623649,0.0009271237760431065,104,528560,0.00017735448108886377
BATCH-2025-01137,11,Charger,2222,2025-11-23,2025-11-30,2200,Murata,Japan,22,178.55,88,0,0,0.0,0,431,11,4,299,0.00015599689945027513,0.0009387029695731565,105,551463,0.0002259435803313693
BATCH-2025-01138,32,Memory,9062,2025-08-05,2025-08-14,8923,Canon,South Korea,54,382.97,81,2,1,0.00011035091591260208,0,321,8,3,409,8.286140374041643e-05,0.0002525478149158471,93,484783,0.00013960848603418856
BATCH-2025-01139,22,Memory,4762,2025-04-29,2025-05-09,4685,Flex,China,43,157.56,86,1,1,0.00020999580008399833,1,223,4,2,507,6.527455789884103e-05,0.00021075148645526503,94,530055,0.00013960848603418856
BATCH-2024-01140,46,Microcontroller,7149,2024-10-24,2024-11-09,6883,Liteon,China,58,348.77,65,2,2,0.00027975940691005733,1,36,10,4,694,0.000177376316521378,0.0004995509860038717,96,502846,0.00013908905895273712
BATCH-2025-01141,25,Memory,3215,2025-05-10,2025-05-24,3114,Broadcom,USA,26,71.6,85,0,0,0.0,0,234,5,2,496,9.454505074439549e-05,0.0003137783114627588,84,481980,0.00013960848603418856
BATCH-2025-01142,42,Power IC,5053,2025-05-23,2025-06-09,5002,Acer,Germany,34,85.15,90,0,0,0.0,0,247,5,2,483,5.058942432590356e-05,0.0001440589145000144,106,511239,0.00017735448108886377
BATCH-2026-01143,44,Power IC,3607,2026-06-11,2026-07-01,3442,Wistron,South Korea,50,232.01,87,0,0,0.0,0,631,6,2,99,0.00010336577465557791,0.000380745741124954,117,590216,0.00017735448108886377
BATCH-2025-01144,16,Speaker,9516,2025-10-23,2025-11-09,9278,Hitachi,China,57,483.82,88,0,0,0.0,0,400,10,4,330,8.336477286677332e-05,0.0004697935134049564,95,503392,0.00019289953369198322
BATCH-2026-01145,21,Connector,4282,2026-09-15,2026-09-29,4210,Jabil,Taiwan,58,416.67,76,0,0,0.0,0,727,9,3,3,0.00034128023110612925,0.0012045823376322067,117,579869,0.00020757696267843906
BATCH-2025-01146,8,PCB,4845,2025-10-31,2025-11-17,4711,LG Chem,South Korea,40,115.16,76,1,1,0.0002063983488132095,1,408,10,4,322,0.00013285380642027623,0.00028745834951003884,92,477433,0.0002244207567666141
BATCH-2025-01147,32,Motherboard,7837,2025-12-19,2025-12-24,7591,Canon,South Korea,54,382.97,81,0,0,0.0,0,457,12,4,273,8.286140374041643e-05,0.0002525478149158471,93,484783,0.0002354934172429249
BATCH-2025-01148,22,Battery,5142,2025-05-27,2025-06-01,5022,Flex,China,43,157.56,86,1,1,0.00019447685725398678,1,251,5,2,479,6.527455789884103e-05,0.00021075148645526503,94,530055,0.00021173401481822628
BATCH-2026-01149,4,PCB,7611,2026-02-17,2026-02-24,7421,Intel,China,48,393.46,88,0,0,0.0,0,517,2,1,213,0.00018841892264149143,0.0009961276293195824,96,400272,0.0002244207567666141
BATCH-2026-01150,40,Processor,5337,2026-04-22,2026-04-27,5201,Dell,China,20,392.38,81,0,0,0.0,0,581,4,2,149,0.00013234425192726218,0.0003712523513249762,101,498329,0.0001723848232239575
BATCH-2025-01151,26,Sensor,4319,2025-03-23,2025-03-28,4089,Texas Instruments,South Korea,53,5.67,67,0,0,0.0,0,186,3,1,544,0.0002658174764162671,0.0009122443285503541,102,493376,0.00016450590746445605
BATCH-2024-01152,2,PCB,4407,2024-11-13,2024-11-24,4363,TSMC,South Korea,34,349.29,92,0,0,0.0,0,56,11,4,674,0.0001216095118122708,0.0004158402802419921,99,473547,0.0002244207567666141
BATCH-2025-01153,24,Sensor,7205,2025-11-16,2025-11-21,7008,Qualcomm,Germany,53,145.59,74,1,1,0.00013879250520471896,1,424,11,4,306,0.00017211444124561363,0.00048508112533674527,88,458321,0.00016450590746445605
BATCH-2026-01154,1,Processor,803,2026-01-26,2026-02-07,774,Samsung,USA,19,220.56,89,0,0,0.0,0,495,1,1,235,0.00017219294545324894,0.0013891588805521986,106,504263,0.0001723848232239575
BATCH-2025-01155,34,Memory,6419,2025-04-10,2025-04-23,6233,Renesas,China,19,153.37,81,1,1,0.00015578750584203146,1,204,4,2,526,0.00020629854890063796,0.000928870183527049,112,540044,0.00013960848603418856
BATCH-2024-01156,44,Battery,6424,2024-10-11,2024-10-19,6249,Wistron,South Korea,50,232.01,87,1,1,0.00015566625155666251,1,23,10,4,707,0.00010336577465557791,0.000380745741124954,117,590216,0.00021173401481822628
BATCH-2025-01157,50,Connector,4047,2025-10-14,2025-10-29,3752,APC,South Korea,30,481.03,64,1,1,0.00024709661477637757,1,391,10,4,339,0.0002753509047441992,0.0007401953979905162,113,559124,0.00020757696267843906
BATCH-2025-01158,23,Battery,7098,2025-04-25,2025-05-15,6884,ASE,Japan,50,402.77,91,0,0,0.0,0,219,4,2,511,6.663525433902222e-05,0.00015954052120490043,90,441864,0.00021173401481822628
BATCH-2025-01159,36,PCB,1373,2025-10-28,2025-11-07,1349,Ericsson,Germany,60,205.45,68,1,1,0.0007283321194464676,1,405,10,4,325,0.00016582352511078637,0.0003750099810004351,109,536222,0.0002244207567666141
BATCH-2026-01160,31,Microcontroller,6575,2026-01-26,2026-02-14,6509,Kyocera,USA,35,236.61,85,0,0,0.0,0,495,1,1,235,0.00018411673535101585,0.0009126920964599268,104,605811,0.00013908905895273712
BATCH-2026-01161,39,Display,8825,2026-02-10,2026-02-20,8409,Lenovo,Taiwan,57,331.63,71,1,1,0.00011331444759206799,0,510,2,1,220,0.00017438124238925042,0.000501056949565781,101,560841,0.00016919115080672866
BATCH-2026-01162,25,Microcontroller,8088,2026-01-07,2026-01-13,7910,Broadcom,USA,26,71.6,85,1,0,0.0,0,476,1,1,254,9.454505074439549e-05,0.0003137783114627588,84,481980,0.00013908905895273712
BATCH-2025-01163,9,Processor,9483,2025-09-13,2025-09-21,8808,Sony,Taiwan,19,33.78,81,1,1,0.00010545186122535063,0,360,9,3,370,0.00014132799993781594,0.00029553061545999206,104,509780,0.0001723848232239575
BATCH-2025-01164,5,Microcontroller,5568,2025-12-05,2025-12-23,5393,Apple,Japan,38,226.29,64,1,1,0.00017959770114942528,1,443,12,4,287,0.00029304167774806515,0.0010333897385835877,92,488005,0.00013908905895273712
BATCH-2024-01165,50,Memory,9309,2024-12-12,2024-12-18,8733,APC,South Korea,30,481.03,64,1,1,0.0001074229240519927,0,85,12,4,645,0.0002753509047441992,0.0007401953979905162,113,559124,0.00013960848603418856
BATCH-2026-01166,45,Fan,1113,2026-01-29,2026-02-06,1089,Pegatron,Taiwan,47,251.52,66,0,0,0.0,0,498,1,1,232,0.0001275169517997213,0.0003266025273992103,94,477190,0.00012855165100050963
BATCH-2025-01167,43,Display,1022,2025-12-10,2025-12-15,976,ASUSTeK,USA,30,46.84,60,1,1,0.0009784735812133072,1,448,12,4,282,0.00044469895714356904,0.0012463320250862553,87,411235,0.00016919115080672866
BATCH-2026-01168,38,Camera,1981,2026-01-27,2026-02-01,1862,Xiaomi,South Korea,52,142.13,62,2,2,0.0010095911155981827,1,496,1,1,234,0.0002941454324685746,0.0007248486269555904,106,537180,0.00017585459338616095
BATCH-2026-01169,38,Battery,7647,2026-02-10,2026-02-18,7524,Xiaomi,South Korea,52,142.13,62,1,0,0.0,0,510,2,1,220,0.0002941454324685746,0.0007248486269555904,106,537180,0.00021173401481822628
BATCH-2025-01170,18,Camera,1223,2025-10-31,2025-11-14,1163,Bosch,Germany,18,96.36,77,1,0,0.0,0,408,10,4,322,0.00021806730730221415,0.0007021012099867912,110,557568,0.00017585459338616095
BATCH-2024-01171,5,Speaker,3446,2024-11-08,2024-11-16,3331,Apple,Japan,38,226.29,64,1,0,0.0,0,51,11,4,679,0.00029304167774806515,0.0010333897385835877,92,488005,0.00019289953369198322
BATCH-2025-01172,49,Sensor,1899,2025-04-30,2025-05-05,1880,Coherent,USA,42,45.65,73,1,0,0.0,0,224,4,2,506,0.00034438539861380375,0.0009931063632699735,93,417736,0.00016450590746445605
BATCH-2025-01173,25,Battery,8260,2025-02-24,2025-03-10,8177,Broadcom,USA,26,71.6,85,0,0,0.0,0,159,2,1,571,9.454505074439549e-05,0.0003137783114627588,84,481980,0.00021173401481822628
BATCH-2026-01174,44,Fan,1847,2026-08-22,2026-09-04,1804,Wistron,South Korea,50,232.01,87,0,0,0.0,0,703,8,3,27,0.00010336577465557791,0.000380745741124954,117,590216,0.00012855165100050963
BATCH-2024-01175,38,Microcontroller,6932,2024-10-11,2024-10-23,6661,Xiaomi,South Korea,52,142.13,62,0,0,0.0,0,23,10,4,707,0.0002941454324685746,0.0007248486269555904,106,537180,0.00013908905895273712
BATCH-2025-01176,37,Speaker,764,2025-10-30,2025-11-06,748,Huawei,USA,60,118.5,92,0,0,0.0,0,407,10,4,323,0.00010426815057621344,0.0003557497462935021,91,442918,0.00019289953369198322
BATCH-2025-01177,41,Fan,4669,2025-10-15,2025-10-30,4515,HP,Japan,60,204.38,85,2,1,0.00021417862497322766,1,392,10,4,338,0.00012231852387452777,0.00025339821295037224,87,408153,0.00012855165100050963
BATCH-2024-01178,33,Microcontroller,8299,2024-12-25,2025-01-06,8116,Denso,Taiwan,41,277.68,84,0,0,0.0,0,98,12,4,632,0.00013528007016307464,0.0006519489677036868,119,602071,0.00013908905895273712
BATCH-2025-01179,27,Motherboard,4268,2025-03-29,2025-04-10,4141,Infineon,Taiwan,51,333.1,89,0,0,0.0,0,192,3,1,538,0.00011089276239704126,0.00035581711278072977,111,553940,0.0002354934172429249
BATCH-2025-01180,43,Microcontroller,2038,2025-12-02,2025-12-19,1902,ASUSTeK,USA,30,46.84,60,1,0,0.0,0,440,12,4,290,0.00044469895714356904,0.0012463320250862553,87,411235,0.00013908905895273712
BATCH-2025-01181,15,Battery,1614,2025-02-01,2025-02-13,1598,SK Hynix,Taiwan,40,342.16,65,0,0,0.0,0,136,2,1,594,0.00026051175061660777,0.0007352320636847295,93,436297,0.00021173401481822628
BATCH-2026-01182,27,Speaker,799,2026-05-26,2026-05-31,757,Infineon,Taiwan,51,333.1,89,1,0,0.0,0,615,5,2,115,0.00011089276239704126,0.00035581711278072977,111,553940,0.00019289953369198322
BATCH-2025-01183,26,Microcontroller,9278,2025-04-09,2025-04-23,8857,Texas Instruments,South Korea,53,5.67,67,0,0,0.0,0,203,4,2,527,0.0002658174764162671,0.0009122443285503541,102,493376,0.00013908905895273712
BATCH-2025-01184,48,Sensor,2903,2025-09-25,2025-10-13,2724,TE Connectivity,Germany,25,315.88,71,1,1,0.0003444712366517396,1,372,9,3,358,0.000215467021331229,0.0009668394253566584,108,542251,0.00016450590746445605
BATCH-2025-01185,36,Memory,3264,2025-07-23,2025-08-04,3187,Ericsson,Germany,60,205.45,68,2,2,0.0006127450980392157,1,308,7,3,422,0.00016582352511078637,0.0003750099810004351,109,536222,0.00013960848603418856
BATCH-2025-01186,41,Processor,7594,2025-09-23,2025-10-13,7248,HP,Japan,60,204.38,85,0,0,0.0,0,370,9,3,360,0.00012231852387452777,0.00025339821295037224,87,408153,0.0001723848232239575
BATCH-2026-01187,7,PCB,7045,2026-06-09,2026-06-15,6945,Foxconn,USA,50,411.74,84,2,2,0.00028388928317956,1,629,6,2,101,0.0003217144075727912,0.0015438669764764946,105,555087,0.0002244207567666141
BATCH-2026-01188,11,Memory,4107,2026-08-04,2026-08-22,3941,Murata,Japan,22,178.55,88,0,0,0.0,0,685,8,3,45,0.00015599689945027513,0.0009387029695731565,105,551463,0.00013960848603418856
BATCH-2024-01189,30,Speaker,9678,2024-09-23,2024-10-13,9581,Western Digital,Germany,16,59.04,65,0,0,0.0,0,5,9,3,725,0.00026662885278630423,0.0008545899187981254,93,459619,0.00019289953369198322
BATCH-2024-01190,18,Motherboard,1384,2024-10-17,2024-11-05,1355,Bosch,Germany,18,96.36,77,1,1,0.000722543352601156,1,29,10,4,701,0.00021806730730221415,0.0007021012099867912,110,557568,0.0002354934172429249
BATCH-2025-01191,46,Fan,9975,2025-02-22,2025-03-08,9811,Liteon,China,58,348.77,65,2,1,0.00010025062656641604,0,157,2,1,573,0.000177376316521378,0.0004995509860038717,96,502846,0.00012855165100050963
BATCH-2025-01192,50,Battery,935,2025-03-26,2025-04-01,872,APC,South Korea,30,481.03,64,0,0,0.0,0,189,3,1,541,0.0002753509047441992,0.0007401953979905162,113,559124,0.00021173401481822628
BATCH-2026-01193,39,Power IC,5227,2026-05-01,2026-05-12,4824,Lenovo,Taiwan,57,331.63,71,0,0,0.0,0,590,5,2,140,0.00017438124238925042,0.000501056949565781,101,560841,0.00017735448108886377
BATCH-2026-01194,21,Battery,5934,2026-09-16,2026-09-29,5626,Jabil,Taiwan,58,416.67,76,1,1,0.00016852039096730705,1,728,9,3,2,0.00034128023110612925,0.0012045823376322067,117,579869,0.00021173401481822628
BATCH-2026-01195,42,Sensor,2578,2026-02-21,2026-02-28,2552,Acer,Germany,34,85.15,90,0,0,0.0,0,521,2,1,209,5.058942432590356e-05,0.0001440589145000144,106,511239,0.00016450590746445605
BATCH-2025-01196,50,Motherboard,220,2025-02-13,2025-02-20,216,APC,South Korea,30,481.03,64,1,1,0.004545454545454545,1,148,2,1,582,0.0002753509047441992,0.0007401953979905162,113,559124,0.0002354934172429249
BATCH-2026-01197,9,Charger,7745,2026-08-05,2026-08-10,7593,Sony,Taiwan,19,33.78,81,0,0,0.0,0,686,8,3,44,0.00014132799993781594,0.00029553061545999206,104,509780,0.0002259435803313693
BATCH-2025-01198,32,Fan,8001,2025-03-06,2025-03-15,7760,Canon,South Korea,54,382.97,81,0,0,0.0,0,169,3,1,561,8.286140374041643e-05,0.0002525478149158471,93,484783,0.00012855165100050963
BATCH-2026-01199,23,Power IC,4493,2026-08-01,2026-08-19,4448,ASE,Japan,50,402.77,91,0,0,0.0,0,682,8,3,48,6.663525433902222e-05,0.00015954052120490043,90,441864,0.00017735448108886377
BATCH-2025-01200,40,Motherboard,4030,2025-11-22,2025-12-10,3975,Dell,China,20,392.38,81,0,0,0.0,0,430,11,4,300,0.00013234425192726218,0.0003712523513249762,101,498329,0.0002354934172429249
BATCH-2024-01201,3,Power IC,6832,2024-10-31,2024-11-18,6608,Corning,Taiwan,24,487.86,63,0,0,0.0,0,43,10,4,687,0.0005290924687400791,0.0022824547846740364,105,511267,0.00017735448108886377
BATCH-2024-01202,11,Charger,682,2024-10-01,2024-10-17,656,Murata,Japan,22,178.55,88,0,0,0.0,0,13,10,4,717,0.00015599689945027513,0.0009387029695731565,105,551463,0.0002259435803313693
BATCH-2024-01203,12,Fan,9422,2024-12-01,2024-12-16,9067,Amphenol,Germany,18,446.77,96,0,0,0.0,0,74,12,4,656,8.015372036339901e-05,0.00041034141517753633,113,576135,0.00012855165100050963
BATCH-2024-01204,47,Fan,4793,2024-10-07,2024-10-25,4713,Molex,Japan,37,191.75,76,1,0,0.0,0,19,10,4,711,0.00015063481442028842,0.00045023343696729267,102,507171,0.00012855165100050963
BATCH-2024-01205,13,Processor,9554,2024-10-06,2024-10-23,9458,Onsemi,USA,46,98.93,89,1,0,0.0,0,18,10,4,712,0.00013306539717335389,0.0004888825988608853,89,428711,0.0001723848232239575
BATCH-2024-01206,26,Fan,1361,2024-10-01,2024-10-07,1269,Texas Instruments,South Korea,53,5.67,67,3,2,0.0014695077149155032,1,13,10,4,717,0.0002658174764162671,0.0009122443285503541,102,493376,0.00012855165100050963
BATCH-2026-01207,5,Camera,5419,2026-03-05,2026-03-15,5219,Apple,Japan,38,226.29,64,1,1,0.00018453589223103894,1,533,3,1,197,0.00029304167774806515,0.0010333897385835877,92,488005,0.00017585459338616095
BATCH-2026-01208,48,Sensor,8784,2026-03-03,2026-03-16,8577,TE Connectivity,Germany,25,315.88,71,0,0,0.0,0,531,3,1,199,0.000215467021331229,0.0009668394253566584,108,542251,0.00016450590746445605
BATCH-2024-01209,28,Battery,9999,2024-11-06,2024-11-22,9665,Kioxia,China,36,390.8,86,0,0,0.0,0,49,11,4,681,6.548471380186631e-05,0.00020932699508353792,108,509896,0.00021173401481822628
BATCH-2025-01210,33,Sensor,8936,2025-03-11,2025-03-27,8541,Denso,Taiwan,41,277.68,84,0,0,0.0,0,174,3,1,556,0.00013528007016307464,0.0006519489677036868,119,602071,0.00016450590746445605
BATCH-2025-01211,26,Charger,7026,2025-09-07,2025-09-22,6956,Texas Instruments,South Korea,53,5.67,67,1,0,0.0,0,354,9,3,376,0.0002658174764162671,0.0009122443285503541,102,493376,0.0002259435803313693
BATCH-2026-01212,38,Motherboard,5464,2026-07-29,2026-08-13,5375,Xiaomi,South Korea,52,142.13,62,3,2,0.00036603221083455345,1,679,7,3,51,0.0002941454324685746,0.0007248486269555904,106,537180,0.0002354934172429249
BATCH-2024-01213,50,Motherboard,6013,2024-12-13,2024-12-24,5657,APC,South Korea,30,481.03,64,2,2,0.0003326126725428239,1,86,12,4,644,0.0002753509047441992,0.0007401953979905162,113,559124,0.0002354934172429249
BATCH-2026-01214,24,Sensor,1551,2026-02-22,2026-03-05,1512,Qualcomm,Germany,53,145.59,74,0,0,0.0,0,522,2,1,208,0.00017211444124561363,0.00048508112533674527,88,458321,0.00016450590746445605
BATCH-2025-01215,44,Display,4121,2025-09-26,2025-10-02,3920,Wistron,South Korea,50,232.01,87,1,1,0.0002426595486532395,1,373,9,3,357,0.00010336577465557791,0.000380745741124954,117,590216,0.00016919115080672866
BATCH-2025-01216,9,Battery,1780,2025-07-25,2025-08-10,1749,Sony,Taiwan,19,33.78,81,0,0,0.0,0,310,7,3,420,0.00014132799993781594,0.00029553061545999206,104,509780,0.00021173401481822628
BATCH-2024-01217,37,Fan,2340,2024-10-07,2024-10-27,2278,Huawei,USA,60,118.5,92,0,0,0.0,0,19,10,4,711,0.00010426815057621344,0.0003557497462935021,91,442918,0.00012855165100050963
BATCH-2025-01218,27,Charger,2328,2025-02-23,2025-03-07,2134,Infineon,Taiwan,51,333.1,89,1,1,0.000429553264604811,1,158,2,1,572,0.00011089276239704126,0.00035581711278072977,111,553940,0.0002259435803313693
BATCH-2025-01219,26,Fan,5072,2025-04-27,2025-05-10,5021,Texas Instruments,South Korea,53,5.67,67,0,0,0.0,0,221,4,2,509,0.0002658174764162671,0.0009122443285503541,102,493376,0.00012855165100050963
BATCH-2025-01220,8,Battery,5862,2025-10-15,2025-10-23,5658,LG Chem,South Korea,40,115.16,76,1,1,0.000170590242238144,1,392,10,4,338,0.00013285380642027623,0.00028745834951003884,92,477433,0.00021173401481822628
BATCH-2026-01221,14,Memory,2552,2026-01-07,2026-01-12,2418,STMicroelectronics,South Korea,31,23.81,77,1,1,0.00039184952978056425,1,476,1,1,254,0.0001573864901705702,0.00046936123067953895,91,385139,0.00013960848603418856
BATCH-2025-01222,18,Power IC,1885,2025-08-06,2025-08-23,1848,Bosch,Germany,18,96.36,77,0,0,0.0,0,322,8,3,408,0.00021806730730221415,0.0007021012099867912,110,557568,0.00017735448108886377
BATCH-2026-01223,43,Motherboard,6836,2026-04-23,2026-05-10,6489,ASUSTeK,USA,30,46.84,60,2,2,0.0002925687536571094,1,582,4,2,148,0.00044469895714356904,0.0012463320250862553,87,411235,0.0002354934172429249
BATCH-2026-01224,38,Power IC,2804,2026-04-05,2026-04-17,2629,Xiaomi,South Korea,52,142.13,62,2,2,0.0007132667617689016,1,564,4,2,166,0.0002941454324685746,0.0007248486269555904,106,537180,0.00017735448108886377
BATCH-2025-01225,28,Fan,4803,2025-06-19,2025-06-29,4726,Kioxia,China,36,390.8,86,1,0,0.0,0,274,6,2,456,6.548471380186631e-05,0.00020932699508353792,108,509896,0.00012855165100050963
BATCH-2026-01226,44,Sensor,3776,2026-01-03,2026-01-08,3470,Wistron,South Korea,50,232.01,87,1,0,0.0,0,472,1,1,258,0.00010336577465557791,0.000380745741124954,117,590216,0.00016450590746445605
BATCH-2025-01227,12,Battery,6313,2025-03-24,2025-04-13,6250,Amphenol,Germany,18,446.77,96,0,0,0.0,0,187,3,1,543,8.015372036339901e-05,0.00041034141517753633,113,576135,0.00021173401481822628
BATCH-2025-01228,39,Microcontroller,238,2025-04-17,2025-04-22,229,Lenovo,Taiwan,57,331.63,71,1,1,0.004201680672268907,1,211,4,2,519,0.00017438124238925042,0.000501056949565781,101,560841,0.00013908905895273712
BATCH-2025-01229,15,Charger,6473,2025-01-27,2025-02-09,6408,SK Hynix,Taiwan,40,342.16,65,0,0,0.0,0,131,1,1,599,0.00026051175061660777,0.0007352320636847295,93,436297,0.0002259435803313693
BATCH-2025-01230,31,Charger,5963,2025-03-22,2025-04-02,5600,Kyocera,USA,35,236.61,85,0,0,0.0,0,185,3,1,545,0.00018411673535101585,0.0009126920964599268,104,605811,0.0002259435803313693
BATCH-2025-01231,29,Display,1511,2025-03-09,2025-03-18,1496,Seagate,Japan,40,285.23,77,1,1,0.0006618133686300463,1,172,3,1,558,0.00016256441034907573,0.0004929460254392659,92,456988,0.00016919115080672866
BATCH-2026-01232,2,PCB,9030,2026-04-25,2026-05-13,8475,TSMC,South Korea,34,349.29,92,0,0,0.0,0,584,4,2,146,0.0001216095118122708,0.0004158402802419921,99,473547,0.0002244207567666141
BATCH-2025-01233,38,Power IC,156,2025-11-06,2025-11-23,153,Xiaomi,South Korea,52,142.13,62,0,0,0.0,0,414,11,4,316,0.0002941454324685746,0.0007248486269555904,106,537180,0.00017735448108886377
BATCH-2025-01234,42,Charger,3034,2025-05-29,2025-06-07,2988,Acer,Germany,34,85.15,90,0,0,0.0,0,253,5,2,477,5.058942432590356e-05,0.0001440589145000144,106,511239,0.0002259435803313693
BATCH-2026-01235,14,Charger,1618,2026-06-20,2026-07-05,1486,STMicroelectronics,South Korea,31,23.81,77,0,0,0.0,0,640,6,2,90,0.0001573864901705702,0.00046936123067953895,91,385139,0.0002259435803313693
BATCH-2026-01236,46,Fan,4635,2026-01-30,2026-02-10,4386,Liteon,China,58,348.77,65,3,1,0.0002157497303128371,1,499,1,1,231,0.000177376316521378,0.0004995509860038717,96,502846,0.00012855165100050963
BATCH-2024-01237,15,Memory,7364,2024-10-02,2024-10-09,6643,SK Hynix,Taiwan,40,342.16,65,1,1,0.00013579576317218902,1,14,10,4,716,0.00026051175061660777,0.0007352320636847295,93,436297,0.00013960848603418856
BATCH-2026-01238,43,Power IC,6569,2026-07-06,2026-07-21,6234,ASUSTeK,USA,30,46.84,60,2,2,0.00030446034404018875,1,656,7,3,74,0.00044469895714356904,0.0012463320250862553,87,411235,0.00017735448108886377
BATCH-2025-01239,12,Charger,6835,2025-01-04,2025-01-19,6567,Amphenol,Germany,18,446.77,96,1,1,0.0001463057790782736,1,108,1,1,622,8.015372036339901e-05,0.00041034141517753633,113,576135,0.0002259435803313693
BATCH-2026-01240,30,Speaker,8263,2026-03-04,2026-03-15,7845,Western Digital,Germany,16,59.04,65,1,1,0.00012102142079148009,0,532,3,1,198,0.00026662885278630423,0.0008545899187981254,93,459619,0.00019289953369198322
BATCH-2026-01241,18,Charger,2187,2026-08-26,2026-09-10,2138,Bosch,Germany,18,96.36,77,0,0,0.0,0,707,8,3,23,0.00021806730730221415,0.0007021012099867912,110,557568,0.0002259435803313693
BATCH-2025-01242,9,Power IC,1738,2025-06-08,2025-06-23,1596,Sony,Taiwan,19,33.78,81,0,0,0.0,0,263,6,2,467,0.00014132799993781594,0.00029553061545999206,104,509780,0.00017735448108886377
BATCH-2026-01243,45,Camera,1025,2026-07-11,2026-07-30,980,Pegatron,Taiwan,47,251.52,66,1,1,0.000975609756097561,1,661,7,3,69,0.0001275169517997213,0.0003266025273992103,94,477190,0.00017585459338616095
BATCH-2026-01244,14,Display,500,2026-08-03,2026-08-15,477,STMicroelectronics,South Korea,31,23.81,77,0,0,0.0,0,684,8,3,46,0.0001573864901705702,0.00046936123067953895,91,385139,0.00016919115080672866
BATCH-2025-01245,19,Memory,8999,2025-03-10,2025-03-25,8122,Sumitomo,USA,36,238.9,64,0,0,0.0,0,173,3,1,557,0.00016876737493119937,0.00039378300837730447,91,458378,0.00013960848603418856
BATCH-2026-01246,42,Sensor,4646,2026-06-25,2026-07-10,4503,Acer,Germany,34,85.15,90,0,0,0.0,0,645,6,2,85,5.058942432590356e-05,0.0001440589145000144,106,511239,0.00016450590746445605
BATCH-2026-01247,36,Camera,4048,2026-06-11,2026-06-25,3939,Ericsson,Germany,60,205.45,68,0,0,0.0,0,631,6,2,99,0.00016582352511078637,0.0003750099810004351,109,536222,0.00017585459338616095
BATCH-2026-01248,15,Battery,1209,2026-03-30,2026-04-08,1147,SK Hynix,Taiwan,40,342.16,65,2,2,0.0016542597187758478,1,558,3,1,172,0.00026051175061660777,0.0007352320636847295,93,436297,0.00021173401481822628
BATCH-2026-01249,50,Memory,8688,2026-05-31,2026-06-08,8601,APC,South Korea,30,481.03,64,0,0,0.0,0,620,5,2,110,0.0002753509047441992,0.0007401953979905162,113,559124,0.00013960848603418856
BATCH-2024-01250,50,Processor,2787,2024-09-29,2024-10-09,2594,APC,South Korea,30,481.03,64,1,1,0.0003588087549336204,1,11,9,3,719,0.0002753509047441992,0.0007401953979905162,113,559124,0.0001723848232239575
BATCH-2026-01251,2,Sensor,2269,2026-06-05,2026-06-11,2234,TSMC,South Korea,34,349.29,92,1,1,0.00044072278536800354,1,625,6,2,105,0.0001216095118122708,0.0004158402802419921,99,473547,0.00016450590746445605
BATCH-2026-01252,39,Speaker,4605,2026-04-04,2026-04-18,4293,Lenovo,Taiwan,57,331.63,71,1,0,0.0,0,563,4,2,167,0.00017438124238925042,0.000501056949565781,101,560841,0.00019289953369198322
BATCH-2025-01253,1,Display,4643,2025-07-05,2025-07-22,4597,Samsung,USA,19,220.56,89,0,0,0.0,0,290,7,3,440,0.00017219294545324894,0.0013891588805521986,106,504263,0.00016919115080672866
BATCH-2024-01254,21,Connector,7588,2024-12-17,2024-12-27,7247,Jabil,Taiwan,58,416.67,76,0,0,0.0,0,90,12,4,640,0.00034128023110612925,0.0012045823376322067,117,579869,0.00020757696267843906
BATCH-2026-01255,39,Memory,8606,2026-06-20,2026-07-10,8520,Lenovo,Taiwan,57,331.63,71,3,3,0.00034859400418312805,1,640,6,2,90,0.00017438124238925042,0.000501056949565781,101,560841,0.00013960848603418856
BATCH-2026-01256,7,Camera,3073,2026-01-02,2026-01-13,2940,Foxconn,USA,50,411.74,84,1,0,0.0,0,471,1,1,259,0.0003217144075727912,0.0015438669764764946,105,555087,0.00017585459338616095
BATCH-2025-01257,31,Motherboard,9806,2025-03-16,2025-04-01,9652,Kyocera,USA,35,236.61,85,1,1,0.00010197838058331633,0,179,3,1,551,0.00018411673535101585,0.0009126920964599268,104,605811,0.0002354934172429249
BATCH-2026-01258,5,Microcontroller,7757,2026-07-26,2026-08-13,7652,Apple,Japan,38,226.29,64,0,0,0.0,0,676,7,3,54,0.00029304167774806515,0.0010333897385835877,92,488005,0.00013908905895273712
BATCH-2026-01259,2,Memory,568,2026-02-28,2026-03-20,544,TSMC,South Korea,34,349.29,92,1,1,0.0017605633802816902,1,528,2,1,202,0.0001216095118122708,0.0004158402802419921,99,473547,0.00013960848603418856
BATCH-2026-01260,35,Microcontroller,5553,2026-01-23,2026-02-09,5110,Nokia,Japan,42,219.49,61,1,0,0.0,0,492,1,1,238,0.00019787338089100073,0.0003538789829112609,102,503406,0.00013908905895273712
BATCH-2025-01261,31,Speaker,8588,2025-09-04,2025-09-17,8031,Kyocera,USA,35,236.61,85,2,1,0.00011644154634373545,0,351,9,3,379,0.00018411673535101585,0.0009126920964599268,104,605811,0.00019289953369198322
BATCH-2025-01262,26,Processor,6696,2025-07-20,2025-08-07,6460,Texas Instruments,South Korea,53,5.67,67,3,1,0.00014934289127837514,1,305,7,3,425,0.0002658174764162671,0.0009122443285503541,102,493376,0.0001723848232239575
BATCH-2024-01263,6,Connector,9218,2024-10-23,2024-10-30,9099,NVIDIA,Germany,38,463.53,74,1,0,0.0,0,35,10,4,695,0.00023377595866623649,0.0009271237760431065,104,528560,0.00020757696267843906
BATCH-2025-01264,2,Speaker,4985,2025-01-01,2025-01-11,4935,TSMC,South Korea,34,349.29,92,0,0,0.0,0,105,1,1,625,0.0001216095118122708,0.0004158402802419921,99,473547,0.00019289953369198322
BATCH-2025-01265,36,Microcontroller,2139,2025-03-21,2025-03-28,2061,Ericsson,Germany,60,205.45,68,1,1,0.0004675081813931744,1,184,3,1,546,0.00016582352511078637,0.0003750099810004351,109,536222,0.00013908905895273712
BATCH-2025-01266,37,Camera,797,2025-08-31,2025-09-15,784,Huawei,USA,60,118.5,92,2,2,0.002509410288582183,1,347,8,3,383,0.00010426815057621344,0.0003557497462935021,91,442918,0.00017585459338616095
BATCH-2025-01267,24,Speaker,3515,2025-03-19,2025-03-26,3376,Qualcomm,Germany,53,145.59,74,0,0,0.0,0,182,3,1,548,0.00017211444124561363,0.00048508112533674527,88,458321,0.00019289953369198322
BATCH-2025-01268,38,Memory,7269,2025-07-04,2025-07-09,7055,Xiaomi,South Korea,52,142.13,62,1,1,0.00013757050488375291,1,289,7,3,441,0.0002941454324685746,0.0007248486269555904,106,537180,0.00013960848603418856
BATCH-2025-01269,33,Microcontroller,9976,2025-03-14,2025-03-19,9589,Denso,Taiwan,41,277.68,84,0,0,0.0,0,177,3,1,553,0.00013528007016307464,0.0006519489677036868,119,602071,0.00013908905895273712
BATCH-2025-01270,14,Display,1688,2025-11-03,2025-11-18,1634,STMicroelectronics,South Korea,31,23.81,77,0,0,0.0,0,411,11,4,319,0.0001573864901705702,0.00046936123067953895,91,385139,0.00016919115080672866
BATCH-2025-01271,11,Processor,6373,2025-10-27,2025-11-15,6309,Murata,Japan,22,178.55,88,2,1,0.00015691197238349287,1,404,10,4,326,0.00015599689945027513,0.0009387029695731565,105,551463,0.0001723848232239575
BATCH-2026-01272,29,Display,8776,2026-05-14,2026-05-21,8688,Seagate,Japan,40,285.23,77,1,0,0.0,0,603,5,2,127,0.00016256441034907573,0.0004929460254392659,92,456988,0.00016919115080672866
BATCH-2025-01273,22,PCB,8436,2025-02-04,2025-02-13,8352,Flex,China,43,157.56,86,0,0,0.0,0,139,2,1,591,6.527455789884103e-05,0.00021075148645526503,94,530055,0.0002244207567666141
BATCH-2025-01274,42,PCB,4943,2025-11-22,2025-11-28,4894,Acer,Germany,34,85.15,90,1,1,0.00020230629172567267,1,430,11,4,300,5.058942432590356e-05,0.0001440589145000144,106,511239,0.0002244207567666141
BATCH-2026-01275,34,PCB,9466,2026-05-31,2026-06-16,9302,Renesas,China,19,153.37,81,0,0,0.0,0,620,5,2,110,0.00020629854890063796,0.000928870183527049,112,540044,0.0002244207567666141
BATCH-2024-01276,50,Memory,7714,2024-11-09,2024-11-22,7470,APC,South Korea,30,481.03,64,0,0,0.0,0,52,11,4,678,0.0002753509047441992,0.0007401953979905162,113,559124,0.00013960848603418856
BATCH-2026-01277,4,Speaker,1925,2026-06-24,2026-07-12,1906,Intel,China,48,393.46,88,0,0,0.0,0,644,6,2,86,0.00018841892264149143,0.0009961276293195824,96,400272,0.00019289953369198322
BATCH-2024-01278,12,Microcontroller,7325,2024-10-13,2024-10-21,7167,Amphenol,Germany,18,446.77,96,0,0,0.0,0,25,10,4,705,8.015372036339901e-05,0.00041034141517753633,113,576135,0.00013908905895273712
BATCH-2025-01279,7,Microcontroller,8704,2025-08-01,2025-08-09,8281,Foxconn,USA,50,411.74,84,0,0,0.0,0,317,8,3,413,0.0003217144075727912,0.0015438669764764946,105,555087,0.00013908905895273712
BATCH-2025-01280,10,Processor,4034,2025-08-15,2025-08-29,3913,Panasonic,China,54,316.57,91,0,0,0.0,0,331,8,3,399,0.000144927638474753,0.0007549544377028447,94,435868,0.0001723848232239575
BATCH-2026-01281,33,Microcontroller,3733,2026-01-06,2026-01-16,3503,Denso,Taiwan,41,277.68,84,2,0,0.0,0,475,1,1,255,0.00013528007016307464,0.0006519489677036868,119,602071,0.00013908905895273712
BATCH-2026-01282,35,Microcontroller,8586,2026-07-02,2026-07-10,8370,Nokia,Japan,42,219.49,61,2,2,0.00023293733985557886,1,652,7,3,78,0.00019787338089100073,0.0003538789829112609,102,503406,0.00013908905895273712
BATCH-2026-01283,6,Microcontroller,1613,2026-06-10,2026-06-21,1518,NVIDIA,Germany,38,463.53,74,1,1,0.0006199628022318661,1,630,6,2,100,0.00023377595866623649,0.0009271237760431065,104,528560,0.00013908905895273712
BATCH-2026-01284,16,Motherboard,4723,2026-05-02,2026-05-12,4594,Hitachi,China,57,483.82,88,0,0,0.0,0,591,5,2,139,8.336477286677332e-05,0.0004697935134049564,95,503392,0.0002354934172429249
BATCH-2025-01285,30,Display,4814,2025-10-24,2025-11-06,4625,Western Digital,Germany,16,59.04,65,2,1,0.0002077274615704196,1,401,10,4,329,0.00026662885278630423,0.0008545899187981254,93,459619,0.00016919115080672866
BATCH-2026-01286,23,Camera,2232,2026-01-03,2026-01-23,2183,ASE,Japan,50,402.77,91,0,0,0.0,0,472,1,1,258,6.663525433902222e-05,0.00015954052120490043,90,441864,0.00017585459338616095
BATCH-2024-01287,47,Fan,5114,2024-12-06,2024-12-21,5053,Molex,Japan,37,191.75,76,1,1,0.00019554165037152912,1,79,12,4,651,0.00015063481442028842,0.00045023343696729267,102,507171,0.00012855165100050963
BATCH-2025-01288,32,Fan,3376,2025-09-01,2025-09-09,3273,Canon,South Korea,54,382.97,81,2,1,0.0002962085308056872,1,348,9,3,382,8.286140374041643e-05,0.0002525478149158471,93,484783,0.00012855165100050963
BATCH-2025-01289,19,Camera,1601,2025-08-10,2025-08-24,1524,Sumitomo,USA,36,238.9,64,2,2,0.0012492192379762648,1,326,8,3,404,0.00016876737493119937,0.00039378300837730447,91,458378,0.00017585459338616095
BATCH-2026-01290,17,Speaker,6520,2026-08-19,2026-08-24,6455,Mitsubishi,Japan,33,186.49,72,2,2,0.00030674846625766873,1,700,8,3,30,0.00014815223187369047,0.00046308585294764547,114,569061,0.00019289953369198322
BATCH-2025-01291,4,Speaker,1800,2025-01-24,2025-02-13,1695,Intel,China,48,393.46,88,0,0,0.0,0,128,1,1,602,0.00018841892264149143,0.0009961276293195824,96,400272,0.00019289953369198322
BATCH-2024-01292,12,Display,109,2024-09-29,2024-10-11,105,Amphenol,Germany,18,446.77,96,0,0,0.0,0,11,9,3,719,8.015372036339901e-05,0.00041034141517753633,113,576135,0.00016919115080672866
BATCH-2026-01293,18,Camera,5756,2026-09-14,2026-09-30,5698,Bosch,Germany,18,96.36,77,1,1,0.00017373175816539263,1,726,9,3,4,0.00021806730730221415,0.0007021012099867912,110,557568,0.00017585459338616095
BATCH-2026-01294,46,Motherboard,3169,2026-05-30,2026-06-11,2961,Liteon,China,58,348.77,65,1,0,0.0,0,619,5,2,111,0.000177376316521378,0.0004995509860038717,96,502846,0.0002354934172429249
BATCH-2024-01295,28,PCB,4577,2024-12-19,2025-01-03,4439,Kioxia,China,36,390.8,86,0,0,0.0,0,92,12,4,638,6.548471380186631e-05,0.00020932699508353792,108,509896,0.0002244207567666141
BATCH-2025-01296,7,PCB,8714,2025-07-12,2025-07-31,8323,Foxconn,USA,50,411.74,84,1,1,0.00011475786091347258,0,297,7,3,433,0.0003217144075727912,0.0015438669764764946,105,555087,0.0002244207567666141
BATCH-2025-01297,50,Power IC,4562,2025-01-09,2025-01-18,4409,APC,South Korea,30,481.03,64,2,2,0.00043840420868040335,1,113,1,1,617,0.0002753509047441992,0.0007401953979905162,113,559124,0.00017735448108886377
BATCH-2025-01298,35,Connector,4602,2025-01-15,2025-01-21,4436,Nokia,Japan,42,219.49,61,3,1,0.000217296827466319,1,119,1,1,611,0.00019787338089100073,0.0003538789829112609,102,503406,0.00020757696267843906
BATCH-2026-01299,6,Connector,6452,2026-05-02,2026-05-22,6340,NVIDIA,Germany,38,463.53,74,1,1,0.00015499070055796651,1,591,5,2,139,0.00023377595866623649,0.0009271237760431065,104,528560,0.00020757696267843906
BATCH-2026-01300,18,Sensor,3134,2026-09-12,2026-09-17,3020,Bosch,Germany,18,96.36,77,1,1,0.0003190810465858328,1,724,9,3,6,0.00021806730730221415,0.0007021012099867912,110,557568,0.00016450590746445605
BATCH-2024-01301,2,Speaker,6813,2024-12-30,2025-01-04,6726,TSMC,South Korea,34,349.29,92,0,0,0.0,0,103,12,4,627,0.0001216095118122708,0.0004158402802419921,99,473547,0.00019289953369198322
BATCH-2026-01302,6,Speaker,867,2026-04-16,2026-05-04,819,NVIDIA,Germany,38,463.53,74,1,1,0.0011534025374855825,1,575,4,2,155,0.00023377595866623649,0.0009271237760431065,104,528560,0.00019289953369198322
BATCH-2026-01303,47,Processor,3485,2026-03-26,2026-04-05,3402,Molex,Japan,37,191.75,76,2,2,0.0005738880918220947,1,554,3,1,176,0.00015063481442028842,0.00045023343696729267,102,507171,0.0001723848232239575
BATCH-2025-01304,37,Camera,4585,2025-07-22,2025-08-09,4539,Huawei,USA,60,118.5,92,1,1,0.00021810250817884405,1,307,7,3,423,0.00010426815057621344,0.0003557497462935021,91,442918,0.00017585459338616095
BATCH-2025-01305,1,Sensor,7323,2025-03-15,2025-03-26,7250,Samsung,USA,19,220.56,89,0,0,0.0,0,178,3,1,552,0.00017219294545324894,0.0013891588805521986,106,504263,0.00016450590746445605
BATCH-2025-01306,37,Sensor,4059,2025-06-24,2025-07-09,4004,Huawei,USA,60,118.5,92,0,0,0.0,0,279,6,2,451,0.00010426815057621344,0.0003557497462935021,91,442918,0.00016450590746445605
BATCH-2025-01307,9,Sensor,2449,2025-10-06,2025-10-25,2414,Sony,Taiwan,19,33.78,81,2,1,0.0004083299305839118,1,383,10,4,347,0.00014132799993781594,0.00029553061545999206,104,509780,0.00016450590746445605
BATCH-2026-01308,39,Microcontroller,4499,2026-03-29,2026-04-08,4285,Lenovo,Taiwan,57,331.63,71,0,0,0.0,0,557,3,1,173,0.00017438124238925042,0.000501056949565781,101,560841,0.00013908905895273712
BATCH-2024-01309,43,Charger,8152,2024-11-20,2024-12-03,7717,ASUSTeK,USA,30,46.84,60,0,0,0.0,0,63,11,4,667,0.00044469895714356904,0.0012463320250862553,87,411235,0.0002259435803313693
BATCH-2025-01310,22,Display,3529,2025-08-27,2025-09-13,3494,Flex,China,43,157.56,86,2,1,0.00028336639274582036,1,343,8,3,387,6.527455789884103e-05,0.00021075148645526503,94,530055,0.00016919115080672866
BATCH-2026-01311,14,Power IC,4413,2026-07-07,2026-07-19,4369,STMicroelectronics,South Korea,31,23.81,77,0,0,0.0,0,657,7,3,73,0.0001573864901705702,0.00046936123067953895,91,385139,0.00017735448108886377
BATCH-2025-01312,29,PCB,3513,2025-07-22,2025-08-05,3409,Seagate,Japan,40,285.23,77,0,0,0.0,0,307,7,3,423,0.00016256441034907573,0.0004929460254392659,92,456988,0.0002244207567666141
BATCH-2025-01313,18,Battery,4241,2025-08-10,2025-08-17,4131,Bosch,Germany,18,96.36,77,1,0,0.0,0,326,8,3,404,0.00021806730730221415,0.0007021012099867912,110,557568,0.00021173401481822628
BATCH-2026-01314,28,Microcontroller,6163,2026-04-05,2026-04-11,5848,Kioxia,China,36,390.8,86,1,0,0.0,0,564,4,2,166,6.548471380186631e-05,0.00020932699508353792,108,509896,0.00013908905895273712
BATCH-2025-01315,36,PCB,2579,2025-03-26,2025-03-31,2452,Ericsson,Germany,60,205.45,68,1,1,0.00038774718883288094,1,189,3,1,541,0.00016582352511078637,0.0003750099810004351,109,536222,0.0002244207567666141
BATCH-2025-01316,31,Battery,3233,2025-07-09,2025-07-28,3201,Kyocera,USA,35,236.61,85,0,0,0.0,0,294,7,3,436,0.00018411673535101585,0.0009126920964599268,104,605811,0.00021173401481822628
BATCH-2026-01317,32,Camera,8859,2026-07-13,2026-07-24,8750,Canon,South Korea,54,382.97,81,1,0,0.0,0,663,7,3,67,8.286140374041643e-05,0.0002525478149158471,93,484783,0.00017585459338616095
BATCH-2025-01318,38,Battery,590,2025-05-29,2025-06-05,565,Xiaomi,South Korea,52,142.13,62,2,1,0.001694915254237288,1,253,5,2,477,0.0002941454324685746,0.0007248486269555904,106,537180,0.00021173401481822628
BATCH-2025-01319,30,Battery,275,2025-03-01,2025-03-13,260,Western Digital,Germany,16,59.04,65,3,2,0.007272727272727273,1,164,3,1,566,0.00026662885278630423,0.0008545899187981254,93,459619,0.00021173401481822628
BATCH-2025-01320,39,Memory,808,2025-03-01,2025-03-06,758,Lenovo,Taiwan,57,331.63,71,1,1,0.0012376237623762376,1,164,3,1,566,0.00017438124238925042,0.000501056949565781,101,560841,0.00013960848603418856
BATCH-2026-01321,30,Power IC,4012,2026-06-14,2026-07-03,3727,Western Digital,Germany,16,59.04,65,0,0,0.0,0,634,6,2,96,0.00026662885278630423,0.0008545899187981254,93,459619,0.00017735448108886377
BATCH-2024-01322,6,Camera,5345,2024-10-09,2024-10-19,4746,NVIDIA,Germany,38,463.53,74,1,1,0.00018709073900841907,1,21,10,4,709,0.00023377595866623649,0.0009271237760431065,104,528560,0.00017585459338616095
BATCH-2025-01323,41,Fan,2200,2025-10-20,2025-11-01,2178,HP,Japan,60,204.38,85,3,3,0.0013636363636363637,1,397,10,4,333,0.00012231852387452777,0.00025339821295037224,87,408153,0.00012855165100050963
BATCH-2026-01324,21,Connector,745,2026-07-18,2026-08-06,721,Jabil,Taiwan,58,416.67,76,0,0,0.0,0,668,7,3,62,0.00034128023110612925,0.0012045823376322067,117,579869,0.00020757696267843906
BATCH-2026-01325,44,Memory,4864,2026-07-23,2026-08-10,4665,Wistron,South Korea,50,232.01,87,0,0,0.0,0,673,7,3,57,0.00010336577465557791,0.000380745741124954,117,590216,0.00013960848603418856
BATCH-2025-01326,26,Speaker,2797,2025-10-15,2025-10-30,2620,Texas Instruments,South Korea,53,5.67,67,1,0,0.0,0,392,10,4,338,0.0002658174764162671,0.0009122443285503541,102,493376,0.00019289953369198322
BATCH-2026-01327,37,Camera,5529,2026-02-17,2026-02-22,5454,Huawei,USA,60,118.5,92,1,0,0.0,0,517,2,1,213,0.00010426815057621344,0.0003557497462935021,91,442918,0.00017585459338616095
BATCH-2024-01328,33,Speaker,143,2024-09-30,2024-10-12,140,Denso,Taiwan,41,277.68,84,2,1,0.006993006993006993,1,12,9,3,718,0.00013528007016307464,0.0006519489677036868,119,602071,0.00019289953369198322
BATCH-2025-01329,40,Display,4940,2025-07-29,2025-08-10,4762,Dell,China,20,392.38,81,0,0,0.0,0,314,7,3,416,0.00013234425192726218,0.0003712523513249762,101,498329,0.00016919115080672866
BATCH-2025-01330,5,Motherboard,6590,2025-10-25,2025-11-03,6524,Apple,Japan,38,226.29,64,2,1,0.00015174506828528073,1,402,10,4,328,0.00029304167774806515,0.0010333897385835877,92,488005,0.0002354934172429249
BATCH-2025-01331,47,Fan,2275,2025-11-19,2025-11-30,2252,Molex,Japan,37,191.75,76,0,0,0.0,0,427,11,4,303,0.00015063481442028842,0.00045023343696729267,102,507171,0.00012855165100050963
BATCH-2026-01332,49,Battery,3257,2026-02-19,2026-03-07,3137,Coherent,USA,42,45.65,73,0,0,0.0,0,519,2,1,211,0.00034438539861380375,0.0009931063632699735,93,417736,0.00021173401481822628
BATCH-2025-01333,7,Speaker,4596,2025-09-11,2025-09-29,4516,Foxconn,USA,50,411.74,84,2,1,0.0002175805047867711,1,358,9,3,372,0.0003217144075727912,0.0015438669764764946,105,555087,0.00019289953369198322
BATCH-2025-01334,1,Microcontroller,9559,2025-09-19,2025-09-29,9463,Samsung,USA,19,220.56,89,0,0,0.0,0,366,9,3,364,0.00017219294545324894,0.0013891588805521986,106,504263,0.00013908905895273712
BATCH-2025-01335,50,Battery,4521,2025-09-02,2025-09-17,4341,APC,South Korea,30,481.03,64,1,1,0.00022119000221190003,1,349,9,3,381,0.0002753509047441992,0.0007401953979905162,113,559124,0.00021173401481822628
BATCH-2025-01336,43,Memory,4425,2025-01-11,2025-01-19,4150,ASUSTeK,USA,30,46.84,60,4,4,0.000903954802259887,1,115,1,1,615,0.00044469895714356904,0.0012463320250862553,87,411235,0.00013960848603418856
BATCH-2026-01337,16,Sensor,4779,2026-05-05,2026-05-25,4656,Hitachi,China,57,483.82,88,0,0,0.0,0,594,5,2,136,8.336477286677332e-05,0.0004697935134049564,95,503392,0.00016450590746445605
BATCH-2025-01338,37,Motherboard,5988,2025-08-18,2025-08-29,5928,Huawei,USA,60,118.5,92,0,0,0.0,0,334,8,3,396,0.00010426815057621344,0.0003557497462935021,91,442918,0.0002354934172429249
BATCH-2026-01339,9,Memory,2138,2026-01-28,2026-02-15,2099,Sony,Taiwan,19,33.78,81,0,0,0.0,0,497,1,1,233,0.00014132799993781594,0.00029553061545999206,104,509780,0.00013960848603418856
BATCH-2024-01340,26,Speaker,4337,2024-10-09,2024-10-14,4282,Texas Instruments,South Korea,53,5.67,67,0,0,0.0,0,21,10,4,709,0.0002658174764162671,0.0009122443285503541,102,493376,0.00019289953369198322
BATCH-2025-01341,37,Memory,10000,2025-10-17,2025-11-05,9375,Huawei,USA,60,118.5,92,1,1,0.0001,0,394,10,4,336,0.00010426815057621344,0.0003557497462935021,91,442918,0.00013960848603418856
BATCH-2025-01342,28,Sensor,2819,2025-08-29,2025-09-13,2791,Kioxia,China,36,390.8,86,1,1,0.000354735721887194,1,345,8,3,385,6.548471380186631e-05,0.00020932699508353792,108,509896,0.00016450590746445605
BATCH-2025-01343,50,Connector,3023,2025-07-08,2025-07-26,2937,APC,South Korea,30,481.03,64,2,1,0.0003307972213033411,1,293,7,3,437,0.0002753509047441992,0.0007401953979905162,113,559124,0.00020757696267843906
BATCH-2026-01344,9,PCB,7890,2026-04-13,2026-05-02,7811,Sony,Taiwan,19,33.78,81,1,1,0.00012674271229404308,0,572,4,2,158,0.00014132799993781594,0.00029553061545999206,104,509780,0.0002244207567666141
BATCH-2026-01345,5,Charger,501,2026-01-29,2026-02-12,491,Apple,Japan,38,226.29,64,0,0,0.0,0,498,1,1,232,0.00029304167774806515,0.0010333897385835877,92,488005,0.0002259435803313693
BATCH-2026-01346,38,Speaker,8283,2026-06-26,2026-07-02,7949,Xiaomi,South Korea,52,142.13,62,2,1,0.00012072920439454304,0,646,6,2,84,0.0002941454324685746,0.0007248486269555904,106,537180,0.00019289953369198322
BATCH-2025-01347,41,Display,8240,2025-01-09,2025-01-14,7973,HP,Japan,60,204.38,85,1,1,0.00012135922330097087,0,113,1,1,617,0.00012231852387452777,0.00025339821295037224,87,408153,0.00016919115080672866
BATCH-2026-01348,44,Speaker,2822,2026-02-04,2026-02-15,2738,Wistron,South Korea,50,232.01,87,0,0,0.0,0,504,2,1,226,0.00010336577465557791,0.000380745741124954,117,590216,0.00019289953369198322
BATCH-2024-01349,1,Charger,5955,2024-12-27,2025-01-02,5813,Samsung,USA,19,220.56,89,2,2,0.00033585222502099076,1,100,12,4,630,0.00017219294545324894,0.0013891588805521986,106,504263,0.0002259435803313693
BATCH-2024-01350,33,Motherboard,7777,2024-10-13,2024-10-21,7152,Denso,Taiwan,41,277.68,84,0,0,0.0,0,25,10,4,705,0.00013528007016307464,0.0006519489677036868,119,602071,0.0002354934172429249
BATCH-2024-01351,4,PCB,3262,2024-12-18,2025-01-05,3229,Intel,China,48,393.46,88,0,0,0.0,0,91,12,4,639,0.00018841892264149143,0.0009961276293195824,96,400272,0.0002244207567666141
BATCH-2026-01352,5,Memory,4684,2026-02-01,2026-02-16,4454,Apple,Japan,38,226.29,64,1,1,0.0002134927412467976,1,501,2,1,229,0.00029304167774806515,0.0010333897385835877,92,488005,0.00013960848603418856
BATCH-2025-01353,28,Camera,8096,2025-09-21,2025-09-27,7875,Kioxia,China,36,390.8,86,1,1,0.00012351778656126481,0,368,9,3,362,6.548471380186631e-05,0.00020932699508353792,108,509896,0.00017585459338616095
BATCH-2026-01354,45,Microcontroller,7775,2026-06-07,2026-06-22,7220,Pegatron,Taiwan,47,251.52,66,1,0,0.0,0,627,6,2,103,0.0001275169517997213,0.0003266025273992103,94,477190,0.00013908905895273712
BATCH-2025-01355,30,Charger,4044,2025-03-10,2025-03-18,3901,Western Digital,Germany,16,59.04,65,0,0,0.0,0,173,3,1,557,0.00026662885278630423,0.0008545899187981254,93,459619,0.0002259435803313693
BATCH-2025-01356,23,Charger,4391,2025-10-09,2025-10-17,4347,ASE,Japan,50,402.77,91,0,0,0.0,0,386,10,4,344,6.663525433902222e-05,0.00015954052120490043,90,441864,0.0002259435803313693
BATCH-2025-01357,13,Power IC,7113,2025-10-02,2025-10-11,6796,Onsemi,USA,46,98.93,89,0,0,0.0,0,379,10,4,351,0.00013306539717335389,0.0004888825988608853,89,428711,0.00017735448108886377
BATCH-2025-01358,28,Power IC,6836,2025-05-10,2025-05-21,6768,Kioxia,China,36,390.8,86,1,1,0.0001462843768285547,1,234,5,2,496,6.548471380186631e-05,0.00020932699508353792,108,509896,0.00017735448108886377
BATCH-2025-01359,30,Battery,9268,2025-11-27,2025-12-14,8969,Western Digital,Germany,16,59.04,65,1,1,0.00010789814415192059,0,435,11,4,295,0.00026662885278630423,0.0008545899187981254,93,459619,0.00021173401481822628
BATCH-2024-01360,31,Speaker,8613,2024-12-20,2025-01-07,8088,Kyocera,USA,35,236.61,85,1,1,0.00011610356437942645,0,93,12,4,637,0.00018411673535101585,0.0009126920964599268,104,605811,0.00019289953369198322
BATCH-2025-01361,6,Speaker,8444,2025-07-02,2025-07-17,8360,NVIDIA,Germany,38,463.53,74,2,2,0.00023685457129322596,1,287,7,3,443,0.00023377595866623649,0.0009271237760431065,104,528560,0.00019289953369198322
BATCH-2025-01362,50,Microcontroller,2877,2025-08-28,2025-09-09,2738,APC,South Korea,30,481.03,64,3,3,0.0010427528675703858,1,344,8,3,386,0.0002753509047441992,0.0007401953979905162,113,559124,0.00013908905895273712
BATCH-2025-01363,34,Speaker,2085,2025-09-04,2025-09-09,2025,Renesas,China,19,153.37,81,1,1,0.00047961630695443646,1,351,9,3,379,0.00020629854890063796,0.000928870183527049,112,540044,0.00019289953369198322
BATCH-2026-01364,12,Power IC,8899,2026-02-21,2026-03-10,8810,Amphenol,Germany,18,446.77,96,0,0,0.0,0,521,2,1,209,8.015372036339901e-05,0.00041034141517753633,113,576135,0.00017735448108886377
BATCH-2025-01365,32,Charger,8916,2025-01-27,2025-02-15,8327,Canon,South Korea,54,382.97,81,1,1,0.00011215791834903544,0,131,1,1,599,8.286140374041643e-05,0.0002525478149158471,93,484783,0.0002259435803313693
BATCH-2025-01366,44,Microcontroller,5764,2025-05-24,2025-06-12,5706,Wistron,South Korea,50,232.01,87,0,0,0.0,0,248,5,2,482,0.00010336577465557791,0.000380745741124954,117,590216,0.00013908905895273712
BATCH-2025-01367,13,Speaker,4608,2025-02-23,2025-03-12,4562,Onsemi,USA,46,98.93,89,0,0,0.0,0,158,2,1,572,0.00013306539717335389,0.0004888825988608853,89,428711,0.00019289953369198322
BATCH-2026-01368,7,Processor,3935,2026-07-14,2026-08-03,3752,Foxconn,USA,50,411.74,84,0,0,0.0,0,664,7,3,66,0.0003217144075727912,0.0015438669764764946,105,555087,0.0001723848232239575
BATCH-2026-01369,4,PCB,3796,2026-03-18,2026-03-24,3675,Intel,China,48,393.46,88,0,0,0.0,0,546,3,1,184,0.00018841892264149143,0.0009961276293195824,96,400272,0.0002244207567666141
BATCH-2026-01370,34,Display,4138,2026-09-10,2026-09-21,4068,Renesas,China,19,153.37,81,0,0,0.0,0,722,9,3,8,0.00020629854890063796,0.000928870183527049,112,540044,0.00016919115080672866
BATCH-2026-01371,37,Camera,5765,2026-06-22,2026-07-07,5599,Huawei,USA,60,118.5,92,0,0,0.0,0,642,6,2,88,0.00010426815057621344,0.0003557497462935021,91,442918,0.00017585459338616095
BATCH-2026-01372,24,PCB,2239,2026-01-10,2026-01-22,2130,Qualcomm,Germany,53,145.59,74,0,0,0.0,0,479,1,1,251,0.00017211444124561363,0.00048508112533674527,88,458321,0.0002244207567666141
BATCH-2026-01373,19,Charger,5340,2026-03-25,2026-04-12,5062,Sumitomo,USA,36,238.9,64,0,0,0.0,0,553,3,1,177,0.00016876737493119937,0.00039378300837730447,91,458378,0.0002259435803313693
BATCH-2025-01374,32,Camera,2584,2025-09-06,2025-09-21,2525,Canon,South Korea,54,382.97,81,2,2,0.0007739938080495357,1,353,9,3,377,8.286140374041643e-05,0.0002525478149158471,93,484783,0.00017585459338616095
BATCH-2026-01375,40,Connector,8786,2026-02-28,2026-03-20,8675,Dell,China,20,392.38,81,1,1,0.00011381743683132256,0,528,2,1,202,0.00013234425192726218,0.0003712523513249762,101,498329,0.00020757696267843906
BATCH-2025-01376,32,Connector,8598,2025-06-23,2025-06-28,8220,Canon,South Korea,54,382.97,81,0,0,0.0,0,278,6,2,452,8.286140374041643e-05,0.0002525478149158471,93,484783,0.00020757696267843906
BATCH-2025-01377,32,Microcontroller,9346,2025-10-10,2025-10-23,8941,Canon,South Korea,54,382.97,81,1,0,0.0,0,387,10,4,343,8.286140374041643e-05,0.0002525478149158471,93,484783,0.00013908905895273712
BATCH-2026-01378,41,Sensor,7853,2026-04-25,2026-05-10,7774,HP,Japan,60,204.38,85,0,0,0.0,0,584,4,2,146,0.00012231852387452777,0.00025339821295037224,87,408153,0.00016450590746445605
BATCH-2026-01379,30,Camera,2917,2026-03-13,2026-03-27,2717,Western Digital,Germany,16,59.04,65,2,2,0.0006856359273225917,1,541,3,1,189,0.00026662885278630423,0.0008545899187981254,93,459619,0.00017585459338616095
BATCH-2026-01380,12,Power IC,2355,2026-08-03,2026-08-11,2280,Amphenol,Germany,18,446.77,96,0,0,0.0,0,684,8,3,46,8.015372036339901e-05,0.00041034141517753633,113,576135,0.00017735448108886377
BATCH-2025-01381,27,Camera,893,2025-06-08,2025-06-23,884,Infineon,Taiwan,51,333.1,89,0,0,0.0,0,263,6,2,467,0.00011089276239704126,0.00035581711278072977,111,553940,0.00017585459338616095
BATCH-2024-01382,36,Speaker,1674,2024-11-03,2024-11-15,1545,Ericsson,Germany,60,205.45,68,2,0,0.0,0,46,11,4,684,0.00016582352511078637,0.0003750099810004351,109,536222,0.00019289953369198322
BATCH-2024-01383,11,Camera,3494,2024-09-24,2024-09-29,3459,Murata,Japan,22,178.55,88,0,0,0.0,0,6,9,3,724,0.00015599689945027513,0.0009387029695731565,105,551463,0.00017585459338616095
BATCH-2025-01384,19,Power IC,408,2025-12-13,2025-12-27,391,Sumitomo,USA,36,238.9,64,1,1,0.0024509803921568627,1,451,12,4,279,0.00016876737493119937,0.00039378300837730447,91,458378,0.00017735448108886377
BATCH-2025-01385,41,Processor,1771,2025-05-07,2025-05-23,1651,HP,Japan,60,204.38,85,0,0,0.0,0,231,5,2,499,0.00012231852387452777,0.00025339821295037224,87,408153,0.0001723848232239575
BATCH-2024-01386,44,Connector,4178,2024-10-31,2024-11-12,3934,Wistron,South Korea,50,232.01,87,1,1,0.00023934897079942556,1,43,10,4,687,0.00010336577465557791,0.000380745741124954,117,590216,0.00020757696267843906
BATCH-2026-01387,39,PCB,3090,2026-07-17,2026-07-23,2855,Lenovo,Taiwan,57,331.63,71,1,0,0.0,0,667,7,3,63,0.00017438124238925042,0.000501056949565781,101,560841,0.0002244207567666141
BATCH-2026-01388,46,Speaker,3176,2026-04-24,2026-05-01,3085,Liteon,China,58,348.77,65,1,1,0.00031486146095717883,1,583,4,2,147,0.000177376316521378,0.0004995509860038717,96,502846,0.00019289953369198322
BATCH-2025-01389,10,Charger,6066,2025-12-24,2026-01-06,5906,Panasonic,China,54,316.57,91,0,0,0.0,0,462,12,4,268,0.000144927638474753,0.0007549544377028447,94,435868,0.0002259435803313693
BATCH-2025-01390,10,Camera,1120,2025-08-15,2025-08-20,1066,Panasonic,China,54,316.57,91,1,1,0.0008928571428571428,1,331,8,3,399,0.000144927638474753,0.0007549544377028447,94,435868,0.00017585459338616095
BATCH-2025-01391,14,Speaker,4949,2025-06-04,2025-06-19,4668,STMicroelectronics,South Korea,31,23.81,77,1,1,0.00020206102242877348,1,259,6,2,471,0.0001573864901705702,0.00046936123067953895,91,385139,0.00019289953369198322
BATCH-2026-01392,30,Fan,1767,2026-08-19,2026-08-31,1719,Western Digital,Germany,16,59.04,65,1,0,0.0,0,700,8,3,30,0.00026662885278630423,0.0008545899187981254,93,459619,0.00012855165100050963
BATCH-2025-01393,29,Power IC,3453,2025-02-24,2025-03-09,3370,Seagate,Japan,40,285.23,77,0,0,0.0,0,159,2,1,571,0.00016256441034907573,0.0004929460254392659,92,456988,0.00017735448108886377
BATCH-2026-01394,34,Power IC,1749,2026-08-04,2026-08-09,1721,Renesas,China,19,153.37,81,0,0,0.0,0,685,8,3,45,0.00020629854890063796,0.000928870183527049,112,540044,0.00017735448108886377
BATCH-2026-01395,33,Motherboard,6903,2026-01-06,2026-01-24,6705,Denso,Taiwan,41,277.68,84,2,2,0.0002897291032884253,1,475,1,1,255,0.00013528007016307464,0.0006519489677036868,119,602071,0.0002354934172429249
BATCH-2025-01396,36,Battery,2426,2025-12-08,2025-12-21,2243,Ericsson,Germany,60,205.45,68,1,0,0.0,0,446,12,4,284,0.00016582352511078637,0.0003750099810004351,109,536222,0.00021173401481822628
BATCH-2025-01397,49,Motherboard,7575,2025-02-08,2025-02-14,7298,Coherent,USA,42,45.65,73,1,0,0.0,0,143,2,1,587,0.00034438539861380375,0.0009931063632699735,93,417736,0.0002354934172429249
BATCH-2025-01398,15,Motherboard,4918,2025-09-10,2025-09-24,4752,SK Hynix,Taiwan,40,342.16,65,0,0,0.0,0,357,9,3,373,0.00026051175061660777,0.0007352320636847295,93,436297,0.0002354934172429249
BATCH-2026-01399,30,Fan,3786,2026-05-24,2026-06-06,3631,Western Digital,Germany,16,59.04,65,1,1,0.0002641310089804543,1,613,5,2,117,0.00026662885278630423,0.0008545899187981254,93,459619,0.00012855165100050963
BATCH-2025-01400,44,Charger,6387,2025-05-14,2025-05-28,6323,Wistron,South Korea,50,232.01,87,0,0,0.0,0,238,5,2,492,0.00010336577465557791,0.000380745741124954,117,590216,0.0002259435803313693
BATCH-2025-01401,22,Charger,7332,2025-11-24,2025-12-07,7149,Flex,China,43,157.56,86,1,1,0.00013638843426077467,1,432,11,4,298,6.527455789884103e-05,0.00021075148645526503,94,530055,0.0002259435803313693
BATCH-2024-01402,2,PCB,8532,2024-11-06,2024-11-11,8447,TSMC,South Korea,34,349.29,92,0,0,0.0,0,49,11,4,681,0.0001216095118122708,0.0004158402802419921,99,473547,0.0002244207567666141
BATCH-2025-01403,16,Power IC,2441,2025-02-09,2025-02-19,2285,Hitachi,China,57,483.82,88,0,0,0.0,0,144,2,1,586,8.336477286677332e-05,0.0004697935134049564,95,503392,0.00017735448108886377
BATCH-2026-01404,45,Memory,8857,2026-08-13,2026-08-30,8713,Pegatron,Taiwan,47,251.52,66,1,1,0.00011290504685559444,0,694,8,3,36,0.0001275169517997213,0.0003266025273992103,94,477190,0.00013960848603418856
BATCH-2025-01405,11,Battery,1835,2025-05-06,2025-05-19,1737,Murata,Japan,22,178.55,88,2,2,0.0010899182561307902,1,230,5,2,500,0.00015599689945027513,0.0009387029695731565,105,551463,0.00021173401481822628
BATCH-2025-01406,20,Battery,9990,2025-11-29,2025-12-07,9890,Delta Electronics,South Korea,30,335.57,68,0,0,0.0,0,437,11,4,293,0.00014552538396359592,0.00035285670745256997,82,427248,0.00021173401481822628
BATCH-2026-01407,49,Battery,6436,2026-09-03,2026-09-20,6325,Coherent,USA,42,45.65,73,1,0,0.0,0,715,9,3,15,0.00034438539861380375,0.0009931063632699735,93,417736,0.00021173401481822628
BATCH-2026-01408,12,Sensor,5630,2026-04-04,2026-04-10,5574,Amphenol,Germany,18,446.77,96,1,1,0.00017761989342806393,1,563,4,2,167,8.015372036339901e-05,0.00041034141517753633,113,576135,0.00016450590746445605
BATCH-2025-01409,28,Camera,657,2025-10-23,2025-11-08,615,Kioxia,China,36,390.8,86,0,0,0.0,0,400,10,4,330,6.548471380186631e-05,0.00020932699508353792,108,509896,0.00017585459338616095
BATCH-2025-01410,28,Memory,649,2025-10-30,2025-11-06,640,Kioxia,China,36,390.8,86,0,0,0.0,0,407,10,4,323,6.548471380186631e-05,0.00020932699508353792,108,509896,0.00013960848603418856
BATCH-2025-01411,46,Charger,4396,2025-01-01,2025-01-09,4196,Liteon,China,58,348.77,65,2,1,0.00022747952684258417,1,105,1,1,625,0.000177376316521378,0.0004995509860038717,96,502846,0.0002259435803313693
BATCH-2024-01412,47,Microcontroller,6274,2024-10-18,2024-10-28,6131,Molex,Japan,37,191.75,76,0,0,0.0,0,30,10,4,700,0.00015063481442028842,0.00045023343696729267,102,507171,0.00013908905895273712
BATCH-2025-01413,13,Memory,3833,2025-04-20,2025-05-01,3677,Onsemi,USA,46,98.93,89,2,0,0.0,0,214,4,2,516,0.00013306539717335389,0.0004888825988608853,89,428711,0.00013960848603418856
BATCH-2025-01414,18,Microcontroller,5107,2025-11-28,2025-12-18,5056,Bosch,Germany,18,96.36,77,1,1,0.00019580967299784609,1,436,11,4,294,0.00021806730730221415,0.0007021012099867912,110,557568,0.00013908905895273712
BATCH-2025-01415,20,Sensor,4800,2025-01-05,2025-01-11,4687,Delta Electronics,South Korea,30,335.57,68,0,0,0.0,0,109,1,1,621,0.00014552538396359592,0.00035285670745256997,82,427248,0.00016450590746445605
BATCH-2025-01416,18,PCB,1827,2025-07-17,2025-07-31,1800,Bosch,Germany,18,96.36,77,0,0,0.0,0,302,7,3,428,0.00021806730730221415,0.0007021012099867912,110,557568,0.0002244207567666141
BATCH-2026-01417,18,Processor,8587,2026-07-31,2026-08-06,8350,Bosch,Germany,18,96.36,77,0,0,0.0,0,681,7,3,49,0.00021806730730221415,0.0007021012099867912,110,557568,0.0001723848232239575
BATCH-2026-01418,21,Microcontroller,4221,2026-03-18,2026-04-06,4053,Jabil,Taiwan,58,416.67,76,0,0,0.0,0,546,3,1,184,0.00034128023110612925,0.0012045823376322067,117,579869,0.00013908905895273712
BATCH-2026-01419,41,Connector,273,2026-03-25,2026-04-12,270,HP,Japan,60,204.38,85,0,0,0.0,0,553,3,1,177,0.00012231852387452777,0.00025339821295037224,87,408153,0.00020757696267843906
BATCH-2024-01420,18,Display,9949,2024-10-04,2024-10-17,9489,Bosch,Germany,18,96.36,77,0,0,0.0,0,16,10,4,714,0.00021806730730221415,0.0007021012099867912,110,557568,0.00016919115080672866
BATCH-2026-01421,46,Speaker,6101,2026-05-15,2026-06-04,5739,Liteon,China,58,348.77,65,1,1,0.00016390755613833797,1,604,5,2,126,0.000177376316521378,0.0004995509860038717,96,502846,0.00019289953369198322
BATCH-2026-01422,44,PCB,3016,2026-01-23,2026-01-28,2822,Wistron,South Korea,50,232.01,87,0,0,0.0,0,492,1,1,238,0.00010336577465557791,0.000380745741124954,117,590216,0.0002244207567666141
BATCH-2025-01423,38,PCB,2266,2025-08-12,2025-08-30,2188,Xiaomi,South Korea,52,142.13,62,1,0,0.0,0,328,8,3,402,0.0002941454324685746,0.0007248486269555904,106,537180,0.0002244207567666141
BATCH-2026-01424,9,Power IC,5149,2026-02-01,2026-02-19,5098,Sony,Taiwan,19,33.78,81,0,0,0.0,0,501,2,1,229,0.00014132799993781594,0.00029553061545999206,104,509780,0.00017735448108886377
BATCH-2026-01425,22,Power IC,7530,2026-03-21,2026-03-31,7232,Flex,China,43,157.56,86,0,0,0.0,0,549,3,1,181,6.527455789884103e-05,0.00021075148645526503,94,530055,0.00017735448108886377
BATCH-2025-01426,47,Processor,9272,2025-01-27,2025-02-10,8899,Molex,Japan,37,191.75,76,0,0,0.0,0,131,1,1,599,0.00015063481442028842,0.00045023343696729267,102,507171,0.0001723848232239575
BATCH-2025-01427,48,Processor,4130,2025-09-22,2025-10-08,3954,TE Connectivity,Germany,25,315.88,71,1,0,0.0,0,369,9,3,361,0.000215467021331229,0.0009668394253566584,108,542251,0.0001723848232239575
BATCH-2025-01428,32,Display,4373,2025-03-26,2025-04-08,4301,Canon,South Korea,54,382.97,81,1,1,0.000228675966155957,1,189,3,1,541,8.286140374041643e-05,0.0002525478149158471,93,484783,0.00016919115080672866
BATCH-2025-01429,30,Processor,6482,2025-08-04,2025-08-10,6282,Western Digital,Germany,16,59.04,65,0,0,0.0,0,320,8,3,410,0.00026662885278630423,0.0008545899187981254,93,459619,0.0001723848232239575
BATCH-2025-01430,11,Memory,9769,2025-01-27,2025-02-05,9671,Murata,Japan,22,178.55,88,1,0,0.0,0,131,1,1,599,0.00015599689945027513,0.0009387029695731565,105,551463,0.00013960848603418856
BATCH-2025-01431,33,Camera,3378,2025-09-01,2025-09-11,3296,Denso,Taiwan,41,277.68,84,2,1,0.0002960331557134399,1,348,9,3,382,0.00013528007016307464,0.0006519489677036868,119,602071,0.00017585459338616095
BATCH-2025-01432,44,Memory,648,2025-03-07,2025-03-12,619,Wistron,South Korea,50,232.01,87,0,0,0.0,0,170,3,1,560,0.00010336577465557791,0.000380745741124954,117,590216,0.00013960848603418856
BATCH-2025-01433,18,PCB,7162,2025-12-15,2025-12-20,6803,Bosch,Germany,18,96.36,77,2,1,0.00013962580284836637,1,453,12,4,277,0.00021806730730221415,0.0007021012099867912,110,557568,0.0002244207567666141
BATCH-2025-01434,29,Motherboard,9302,2025-03-26,2025-04-05,8774,Seagate,Japan,40,285.23,77,0,0,0.0,0,189,3,1,541,0.00016256441034907573,0.0004929460254392659,92,456988,0.0002354934172429249
BATCH-2025-01435,4,Fan,7773,2025-09-05,2025-09-19,7578,Intel,China,48,393.46,88,0,0,0.0,0,352,9,3,378,0.00018841892264149143,0.0009961276293195824,96,400272,0.00012855165100050963
BATCH-2025-01436,45,Processor,6619,2025-01-02,2025-01-08,6543,Pegatron,Taiwan,47,251.52,66,3,0,0.0,0,106,1,1,624,0.0001275169517997213,0.0003266025273992103,94,477190,0.0001723848232239575
BATCH-2024-01437,33,Camera,1106,2024-11-02,2024-11-12,1095,Denso,Taiwan,41,277.68,84,0,0,0.0,0,45,11,4,685,0.00013528007016307464,0.0006519489677036868,119,602071,0.00017585459338616095
BATCH-2025-01438,1,Memory,5936,2025-05-01,2025-05-13,5703,Samsung,USA,19,220.56,89,2,0,0.0,0,225,5,2,505,0.00017219294545324894,0.0013891588805521986,106,504263,0.00013960848603418856
BATCH-2026-01439,49,Microcontroller,4909,2026-08-04,2026-08-17,4639,Coherent,USA,42,45.65,73,1,1,0.00020370747606437156,1,685,8,3,45,0.00034438539861380375,0.0009931063632699735,93,417736,0.00013908905895273712
BATCH-2025-01440,7,Power IC,6524,2025-04-30,2025-05-16,6018,Foxconn,USA,50,411.74,84,1,0,0.0,0,224,4,2,506,0.0003217144075727912,0.0015438669764764946,105,555087,0.00017735448108886377
BATCH-2024-01441,15,Motherboard,2568,2024-12-17,2025-01-05,2394,SK Hynix,Taiwan,40,342.16,65,2,1,0.0003894080996884735,1,90,12,4,640,0.00026051175061660777,0.0007352320636847295,93,436297,0.0002354934172429249
BATCH-2026-01442,17,PCB,6294,2026-02-16,2026-03-06,6138,Mitsubishi,Japan,33,186.49,72,2,1,0.00015888147442008263,1,516,2,1,214,0.00014815223187369047,0.00046308585294764547,114,569061,0.0002244207567666141
BATCH-2024-01443,38,Battery,8924,2024-10-23,2024-10-31,8537,Xiaomi,South Korea,52,142.13,62,0,0,0.0,0,35,10,4,695,0.0002941454324685746,0.0007248486269555904,106,537180,0.00021173401481822628
BATCH-2026-01444,10,Processor,5092,2026-08-28,2026-09-10,4950,Panasonic,China,54,316.57,91,0,0,0.0,0,709,8,3,21,0.000144927638474753,0.0007549544377028447,94,435868,0.0001723848232239575
BATCH-2024-01445,28,Connector,5927,2024-09-20,2024-09-28,5868,Kioxia,China,36,390.8,86,1,1,0.00016871941960519654,1,2,9,3,728,6.548471380186631e-05,0.00020932699508353792,108,509896,0.00020757696267843906
BATCH-2025-01446,34,Display,8675,2025-05-16,2025-05-21,8376,Renesas,China,19,153.37,81,0,0,0.0,0,240,5,2,490,0.00020629854890063796,0.000928870183527049,112,540044,0.00016919115080672866
BATCH-2025-01447,23,Fan,3206,2025-11-09,2025-11-25,3094,ASE,Japan,50,402.77,91,0,0,0.0,0,417,11,4,313,6.663525433902222e-05,0.00015954052120490043,90,441864,0.00012855165100050963
BATCH-2025-01448,31,Motherboard,1311,2025-01-16,2025-01-31,1279,Kyocera,USA,35,236.61,85,2,2,0.0015255530129672007,1,120,1,1,610,0.00018411673535101585,0.0009126920964599268,104,605811,0.0002354934172429249
BATCH-2025-01449,6,Microcontroller,6748,2025-08-07,2025-08-16,6529,NVIDIA,Germany,38,463.53,74,1,0,0.0,0,323,8,3,407,0.00023377595866623649,0.0009271237760431065,104,528560,0.00013908905895273712
BATCH-2026-01450,18,Battery,5474,2026-09-12,2026-09-21,5419,Bosch,Germany,18,96.36,77,0,0,0.0,0,724,9,3,6,0.00021806730730221415,0.0007021012099867912,110,557568,0.00021173401481822628
BATCH-2025-01451,42,Battery,3046,2025-08-19,2025-08-29,2996,Acer,Germany,34,85.15,90,1,0,0.0,0,335,8,3,395,5.058942432590356e-05,0.0001440589145000144,106,511239,0.00021173401481822628
BATCH-2025-01452,9,Microcontroller,615,2025-05-19,2025-06-07,609,Sony,Taiwan,19,33.78,81,1,0,0.0,0,243,5,2,487,0.00014132799993781594,0.00029553061545999206,104,509780,0.00013908905895273712
BATCH-2025-01453,38,Display,9006,2025-08-13,2025-08-31,8916,Xiaomi,South Korea,52,142.13,62,0,0,0.0,0,329,8,3,401,0.0002941454324685746,0.0007248486269555904,106,537180,0.00016919115080672866
BATCH-2025-01454,13,Motherboard,9119,2025-05-09,2025-05-20,8632,Onsemi,USA,46,98.93,89,0,0,0.0,0,233,5,2,497,0.00013306539717335389,0.0004888825988608853,89,428711,0.0002354934172429249
BATCH-2024-01455,13,Connector,6127,2024-10-15,2024-10-25,6066,Onsemi,USA,46,98.93,89,0,0,0.0,0,27,10,4,703,0.00013306539717335389,0.0004888825988608853,89,428711,0.00020757696267843906
BATCH-2025-01456,15,Sensor,1113,2025-05-27,2025-06-09,1038,SK Hynix,Taiwan,40,342.16,65,1,0,0.0,0,251,5,2,479,0.00026051175061660777,0.0007352320636847295,93,436297,0.00016450590746445605
BATCH-2025-01457,22,Display,4343,2025-09-03,2025-09-20,4230,Flex,China,43,157.56,86,2,2,0.00046051116739580933,1,350,9,3,380,6.527455789884103e-05,0.00021075148645526503,94,530055,0.00016919115080672866
BATCH-2025-01458,23,Processor,144,2025-06-05,2025-06-13,143,ASE,Japan,50,402.77,91,0,0,0.0,0,260,6,2,470,6.663525433902222e-05,0.00015954052120490043,90,441864,0.0001723848232239575
BATCH-2026-01459,49,PCB,283,2026-07-18,2026-07-26,272,Coherent,USA,42,45.65,73,2,1,0.0035335689045936395,1,668,7,3,62,0.00034438539861380375,0.0009931063632699735,93,417736,0.0002244207567666141
BATCH-2025-01460,21,Motherboard,7154,2025-11-25,2025-12-10,7070,Jabil,Taiwan,58,416.67,76,0,0,0.0,0,433,11,4,297,0.00034128023110612925,0.0012045823376322067,117,579869,0.0002354934172429249
BATCH-2025-01461,20,Display,7072,2025-08-03,2025-08-18,6762,Delta Electronics,South Korea,30,335.57,68,2,2,0.0002828054298642534,1,319,8,3,411,0.00014552538396359592,0.00035285670745256997,82,427248,0.00016919115080672866
BATCH-2024-01462,29,Microcontroller,3003,2024-12-06,2024-12-15,2924,Seagate,Japan,40,285.23,77,1,1,0.000333000333000333,1,79,12,4,651,0.00016256441034907573,0.0004929460254392659,92,456988,0.00013908905895273712
BATCH-2026-01463,50,Sensor,8632,2026-01-07,2026-01-12,8156,APC,South Korea,30,481.03,64,0,0,0.0,0,476,1,1,254,0.0002753509047441992,0.0007401953979905162,113,559124,0.00016450590746445605
BATCH-2026-01464,26,Memory,1119,2026-02-09,2026-02-27,1108,Texas Instruments,South Korea,53,5.67,67,2,2,0.0017873100983020554,1,509,2,1,221,0.0002658174764162671,0.0009122443285503541,102,493376,0.00013960848603418856
BATCH-2025-01465,33,Processor,3954,2025-03-25,2025-03-30,3859,Denso,Taiwan,41,277.68,84,1,1,0.00025290844714213456,1,188,3,1,542,0.00013528007016307464,0.0006519489677036868,119,602071,0.0001723848232239575
BATCH-2026-01466,41,Power IC,8771,2026-09-15,2026-09-29,8447,HP,Japan,60,204.38,85,2,1,0.00011401208528103979,0,727,9,3,3,0.00012231852387452777,0.00025339821295037224,87,408153,0.00017735448108886377
BATCH-2025-01467,42,Connector,5245,2025-02-06,2025-02-26,5069,Acer,Germany,34,85.15,90,0,0,0.0,0,141,2,1,589,5.058942432590356e-05,0.0001440589145000144,106,511239,0.00020757696267843906
BATCH-2026-01468,33,Connector,1633,2026-06-18,2026-07-07,1476,Denso,Taiwan,41,277.68,84,1,1,0.000612369871402327,1,638,6,2,92,0.00013528007016307464,0.0006519489677036868,119,602071,0.00020757696267843906
BATCH-2025-01469,13,Processor,7342,2025-05-15,2025-06-03,7217,Onsemi,USA,46,98.93,89,0,0,0.0,0,239,5,2,491,0.00013306539717335389,0.0004888825988608853,89,428711,0.0001723848232239575
BATCH-2025-01470,44,Display,4955,2025-08-29,2025-09-18,4848,Wistron,South Korea,50,232.01,87,1,0,0.0,0,345,8,3,385,0.00010336577465557791,0.000380745741124954,117,590216,0.00016919115080672866
BATCH-2026-01471,30,PCB,8536,2026-06-07,2026-06-18,8192,Western Digital,Germany,16,59.04,65,2,1,0.00011715089034676664,0,627,6,2,103,0.00026662885278630423,0.0008545899187981254,93,459619,0.0002244207567666141
BATCH-2026-01472,20,Fan,5816,2026-07-28,2026-08-13,5463,Delta Electronics,South Korea,30,335.57,68,1,1,0.000171939477303989,1,678,7,3,52,0.00014552538396359592,0.00035285670745256997,82,427248,0.00012855165100050963
BATCH-2026-01473,29,Motherboard,7634,2026-08-18,2026-08-28,6996,Seagate,Japan,40,285.23,77,0,0,0.0,0,699,8,3,31,0.00016256441034907573,0.0004929460254392659,92,456988,0.0002354934172429249
BATCH-2026-01474,16,Battery,3846,2026-08-11,2026-08-19,3808,Hitachi,China,57,483.82,88,0,0,0.0,0,692,8,3,38,8.336477286677332e-05,0.0004697935134049564,95,503392,0.00021173401481822628
BATCH-2025-01475,9,Motherboard,6114,2025-10-28,2025-11-15,5660,Sony,Taiwan,19,33.78,81,2,2,0.00032711808963035657,1,405,10,4,325,0.00014132799993781594,0.00029553061545999206,104,509780,0.0002354934172429249
BATCH-2025-01476,16,Motherboard,3388,2025-12-24,2026-01-05,3354,Hitachi,China,57,483.82,88,1,1,0.00029515938606847696,1,462,12,4,268,8.336477286677332e-05,0.0004697935134049564,95,503392,0.0002354934172429249
BATCH-2026-01477,20,Speaker,9426,2026-03-28,2026-04-17,8835,Delta Electronics,South Korea,30,335.57,68,0,0,0.0,0,556,3,1,174,0.00014552538396359592,0.00035285670745256997,82,427248,0.00019289953369198322
BATCH-2025-01478,30,Speaker,2490,2025-05-07,2025-05-16,2465,Western Digital,Germany,16,59.04,65,0,0,0.0,0,231,5,2,499,0.00026662885278630423,0.0008545899187981254,93,459619,0.00019289953369198322
BATCH-2025-01479,37,Memory,827,2025-12-09,2025-12-26,799,Huawei,USA,60,118.5,92,0,0,0.0,0,447,12,4,283,0.00010426815057621344,0.0003557497462935021,91,442918,0.00013960848603418856
BATCH-2025-01480,37,Battery,221,2025-06-07,2025-06-22,219,Huawei,USA,60,118.5,92,0,0,0.0,0,262,6,2,468,0.00010426815057621344,0.0003557497462935021,91,442918,0.00021173401481822628
BATCH-2025-01481,49,Battery,9581,2025-04-11,2025-04-22,9252,Coherent,USA,42,45.65,73,3,2,0.00020874647740319382,1,205,4,2,525,0.00034438539861380375,0.0009931063632699735,93,417736,0.00021173401481822628
BATCH-2026-01482,22,Camera,6418,2026-02-06,2026-02-16,6290,Flex,China,43,157.56,86,1,1,0.0001558117793705204,1,506,2,1,224,6.527455789884103e-05,0.00021075148645526503,94,530055,0.00017585459338616095
BATCH-2026-01483,28,Processor,878,2026-07-20,2026-07-25,869,Kioxia,China,36,390.8,86,0,0,0.0,0,670,7,3,60,6.548471380186631e-05,0.00020932699508353792,108,509896,0.0001723848232239575
BATCH-2026-01484,21,Sensor,956,2026-04-20,2026-05-05,898,Jabil,Taiwan,58,416.67,76,1,1,0.0010460251046025104,1,579,4,2,151,0.00034128023110612925,0.0012045823376322067,117,579869,0.00016450590746445605
BATCH-2025-01485,18,Processor,3529,2025-01-02,2025-01-15,3378,Bosch,Germany,18,96.36,77,1,1,0.00028336639274582036,1,106,1,1,624,0.00021806730730221415,0.0007021012099867912,110,557568,0.0001723848232239575
BATCH-2026-01486,8,Camera,9221,2026-04-02,2026-04-14,8549,LG Chem,South Korea,40,115.16,76,0,0,0.0,0,561,4,2,169,0.00013285380642027623,0.00028745834951003884,92,477433,0.00017585459338616095
BATCH-2026-01487,30,Motherboard,2693,2026-03-14,2026-03-23,2555,Western Digital,Germany,16,59.04,65,0,0,0.0,0,542,3,1,188,0.00026662885278630423,0.0008545899187981254,93,459619,0.0002354934172429249
BATCH-2025-01488,13,Connector,3642,2025-04-10,2025-04-27,3606,Onsemi,USA,46,98.93,89,0,0,0.0,0,204,4,2,526,0.00013306539717335389,0.0004888825988608853,89,428711,0.00020757696267843906
BATCH-2026-01489,37,Speaker,2766,2026-05-16,2026-05-24,2669,Huawei,USA,60,118.5,92,0,0,0.0,0,605,5,2,125,0.00010426815057621344,0.0003557497462935021,91,442918,0.00019289953369198322
BATCH-2025-01490,14,Speaker,519,2025-12-10,2025-12-28,514,STMicroelectronics,South Korea,31,23.81,77,0,0,0.0,0,448,12,4,282,0.0001573864901705702,0.00046936123067953895,91,385139,0.00019289953369198322
BATCH-2024-01491,43,Charger,3830,2024-11-07,2024-11-23,3783,ASUSTeK,USA,30,46.84,60,0,0,0.0,0,50,11,4,680,0.00044469895714356904,0.0012463320250862553,87,411235,0.0002259435803313693
BATCH-2026-01492,37,Display,6695,2026-03-29,2026-04-06,6628,Huawei,USA,60,118.5,92,1,1,0.00014936519790888724,1,557,3,1,173,0.00010426815057621344,0.0003557497462935021,91,442918,0.00016919115080672866
BATCH-2026-01493,21,Motherboard,5350,2026-01-11,2026-01-26,5139,Jabil,Taiwan,58,416.67,76,0,0,0.0,0,480,1,1,250,0.00034128023110612925,0.0012045823376322067,117,579869,0.0002354934172429249
BATCH-2025-01494,33,Charger,9291,2025-12-20,2026-01-03,8939,Denso,Taiwan,41,277.68,84,2,1,0.00010763104079216446,0,458,12,4,272,0.00013528007016307464,0.0006519489677036868,119,602071,0.0002259435803313693
BATCH-2026-01495,33,Connector,2944,2026-05-08,2026-05-19,2807,Denso,Taiwan,41,277.68,84,1,1,0.00033967391304347825,1,597,5,2,133,0.00013528007016307464,0.0006519489677036868,119,602071,0.00020757696267843906
BATCH-2026-01496,33,PCB,1507,2026-04-21,2026-05-10,1463,Denso,Taiwan,41,277.68,84,1,1,0.0006635700066357001,1,580,4,2,150,0.00013528007016307464,0.0006519489677036868,119,602071,0.0002244207567666141
BATCH-2025-01497,22,Microcontroller,2447,2025-07-27,2025-08-07,2423,Flex,China,43,157.56,86,0,0,0.0,0,312,7,3,418,6.527455789884103e-05,0.00021075148645526503,94,530055,0.00013908905895273712
BATCH-2025-01498,40,Processor,3225,2025-11-27,2025-12-04,3193,Dell,China,20,392.38,81,0,0,0.0,0,435,11,4,295,0.00013234425192726218,0.0003712523513249762,101,498329,0.0001723848232239575
BATCH-2026-01499,30,Power IC,775,2026-01-05,2026-01-18,741,Western Digital,Germany,16,59.04,65,2,2,0.0025806451612903226,1,474,1,1,256,0.00026662885278630423,0.0008545899187981254,93,459619,0.00017735448108886377
BATCH-2025-01500,35,Motherboard,7244,2025-01-14,2025-01-22,7172,Nokia,Japan,42,219.49,61,3,2,0.0002760905577029266,1,118,1,1,612,0.00019787338089100073,0.0003538789829112609,102,503406,0.0002354934172429249
BATCH-2026-01501,11,Camera,8097,2026-02-08,2026-02-27,7677,Murata,Japan,22,178.55,88,0,0,0.0,0,508,2,1,222,0.00015599689945027513,0.0009387029695731565,105,551463,0.00017585459338616095
BATCH-2024-01502,40,Camera,2456,2024-10-28,2024-11-14,2422,Dell,China,20,392.38,81,1,1,0.00040716612377850165,1,40,10,4,690,0.00013234425192726218,0.0003712523513249762,101,498329,0.00017585459338616095
BATCH-2025-01503,10,Battery,4089,2025-08-16,2025-08-25,3914,Panasonic,China,54,316.57,91,0,0,0.0,0,332,8,3,398,0.000144927638474753,0.0007549544377028447,94,435868,0.00021173401481822628
BATCH-2026-01504,47,Sensor,3938,2026-05-13,2026-06-02,3616,Molex,Japan,37,191.75,76,1,1,0.00025393600812595224,1,602,5,2,128,0.00015063481442028842,0.00045023343696729267,102,507171,0.00016450590746445605
BATCH-2025-01505,6,Sensor,6209,2025-07-15,2025-07-24,6147,NVIDIA,Germany,38,463.53,74,1,1,0.00016105653084232566,1,300,7,3,430,0.00023377595866623649,0.0009271237760431065,104,528560,0.00016450590746445605
BATCH-2024-01506,16,Connector,6910,2024-11-27,2024-12-02,6652,Hitachi,China,57,483.82,88,0,0,0.0,0,70,11,4,660,8.336477286677332e-05,0.0004697935134049564,95,503392,0.00020757696267843906
BATCH-2025-01507,13,Battery,6285,2025-06-25,2025-07-11,6091,Onsemi,USA,46,98.93,89,0,0,0.0,0,280,6,2,450,0.00013306539717335389,0.0004888825988608853,89,428711,0.00021173401481822628
BATCH-2025-01508,8,Connector,7321,2025-09-22,2025-10-02,7160,LG Chem,South Korea,40,115.16,76,3,2,0.0002731867231252561,1,369,9,3,361,0.00013285380642027623,0.00028745834951003884,92,477433,0.00020757696267843906
BATCH-2026-01509,38,Camera,5074,2026-05-08,2026-05-27,4898,Xiaomi,South Korea,52,142.13,62,1,0,0.0,0,597,5,2,133,0.0002941454324685746,0.0007248486269555904,106,537180,0.00017585459338616095
BATCH-2025-01510,14,Speaker,3379,2025-11-25,2025-12-03,3345,STMicroelectronics,South Korea,31,23.81,77,1,1,0.0002959455460195324,1,433,11,4,297,0.0001573864901705702,0.00046936123067953895,91,385139,0.00019289953369198322
BATCH-2024-01511,15,Sensor,3407,2024-10-10,2024-10-17,3294,SK Hynix,Taiwan,40,342.16,65,0,0,0.0,0,22,10,4,708,0.00026051175061660777,0.0007352320636847295,93,436297,0.00016450590746445605
BATCH-2026-01512,48,Processor,3599,2026-09-05,2026-09-16,3563,TE Connectivity,Germany,25,315.88,71,1,0,0.0,0,717,9,3,13,0.000215467021331229,0.0009668394253566584,108,542251,0.0001723848232239575
BATCH-2024-01513,39,Motherboard,378,2024-09-22,2024-10-11,368,Lenovo,Taiwan,57,331.63,71,0,0,0.0,0,4,9,3,726,0.00017438124238925042,0.000501056949565781,101,560841,0.0002354934172429249
BATCH-2025-01514,47,Fan,9512,2025-04-22,2025-05-10,9417,Molex,Japan,37,191.75,76,0,0,0.0,0,216,4,2,514,0.00015063481442028842,0.00045023343696729267,102,507171,0.00012855165100050963
BATCH-2025-01515,8,Power IC,342,2025-06-05,2025-06-10,332,LG Chem,South Korea,40,115.16,76,1,0,0.0,0,260,6,2,470,0.00013285380642027623,0.00028745834951003884,92,477433,0.00017735448108886377
BATCH-2025-01516,23,Charger,4327,2025-06-13,2025-06-29,4284,ASE,Japan,50,402.77,91,0,0,0.0,0,268,6,2,462,6.663525433902222e-05,0.00015954052120490043,90,441864,0.0002259435803313693
BATCH-2025-01517,26,PCB,4824,2025-02-14,2025-02-19,4611,Texas Instruments,South Korea,53,5.67,67,2,1,0.00020729684908789387,1,149,2,1,581,0.0002658174764162671,0.0009122443285503541,102,493376,0.0002244207567666141
BATCH-2025-01518,48,Display,1378,2025-06-19,2025-07-06,1354,TE Connectivity,Germany,25,315.88,71,1,0,0.0,0,274,6,2,456,0.000215467021331229,0.0009668394253566584,108,542251,0.00016919115080672866
BATCH-2026-01519,1,Motherboard,2896,2026-08-20,2026-09-01,2867,Samsung,USA,19,220.56,89,0,0,0.0,0,701,8,3,29,0.00017219294545324894,0.0013891588805521986,106,504263,0.0002354934172429249
BATCH-2026-01520,14,Connector,3585,2026-03-09,2026-03-22,3400,STMicroelectronics,South Korea,31,23.81,77,0,0,0.0,0,537,3,1,193,0.0001573864901705702,0.00046936123067953895,91,385139,0.00020757696267843906
BATCH-2025-01521,4,Processor,487,2025-11-11,2025-11-24,467,Intel,China,48,393.46,88,0,0,0.0,0,419,11,4,311,0.00018841892264149143,0.0009961276293195824,96,400272,0.0001723848232239575
BATCH-2025-01522,38,Microcontroller,9324,2025-12-11,2025-12-24,9002,Xiaomi,South Korea,52,142.13,62,1,0,0.0,0,449,12,4,281,0.0002941454324685746,0.0007248486269555904,106,537180,0.00013908905895273712
BATCH-2025-01523,1,Speaker,4388,2025-02-05,2025-02-12,4344,Samsung,USA,19,220.56,89,0,0,0.0,0,140,2,1,590,0.00017219294545324894,0.0013891588805521986,106,504263,0.00019289953369198322
BATCH-2024-01524,4,Power IC,1195,2024-10-18,2024-10-24,1183,Intel,China,48,393.46,88,0,0,0.0,0,30,10,4,700,0.00018841892264149143,0.0009961276293195824,96,400272,0.00017735448108886377
BATCH-2026-01525,15,Processor,3265,2026-05-02,2026-05-09,3146,SK Hynix,Taiwan,40,342.16,65,1,1,0.00030627871362940275,1,591,5,2,139,0.00026051175061660777,0.0007352320636847295,93,436297,0.0001723848232239575
BATCH-2026-01526,40,Microcontroller,5232,2026-01-21,2026-01-27,5080,Dell,China,20,392.38,81,0,0,0.0,0,490,1,1,240,0.00013234425192726218,0.0003712523513249762,101,498329,0.00013908905895273712
BATCH-2026-01527,33,Processor,6082,2026-08-08,2026-08-25,6010,Denso,Taiwan,41,277.68,84,1,1,0.0001644195988161789,1,689,8,3,41,0.00013528007016307464,0.0006519489677036868,119,602071,0.0001723848232239575
BATCH-2026-01528,11,Processor,1370,2026-07-22,2026-07-30,1352,Murata,Japan,22,178.55,88,1,1,0.00072992700729927,1,672,7,3,58,0.00015599689945027513,0.0009387029695731565,105,551463,0.0001723848232239575
BATCH-2026-01529,27,Power IC,6623,2026-09-17,2026-10-04,6490,Infineon,Taiwan,51,333.1,89,0,0,0.0,0,729,9,3,1,0.00011089276239704126,0.00035581711278072977,111,553940,0.00017735448108886377
BATCH-2026-01530,2,Connector,3568,2026-07-31,2026-08-10,3501,TSMC,South Korea,34,349.29,92,0,0,0.0,0,681,7,3,49,0.0001216095118122708,0.0004158402802419921,99,473547,0.00020757696267843906
BATCH-2026-01531,14,Fan,7767,2026-06-22,2026-07-10,7555,STMicroelectronics,South Korea,31,23.81,77,1,1,0.00012874983906270118,0,642,6,2,88,0.0001573864901705702,0.00046936123067953895,91,385139,0.00012855165100050963
BATCH-2025-01532,8,Power IC,7485,2025-09-18,2025-09-28,7303,LG Chem,South Korea,40,115.16,76,0,0,0.0,0,365,9,3,365,0.00013285380642027623,0.00028745834951003884,92,477433,0.00017735448108886377
BATCH-2025-01533,45,Camera,8399,2025-05-12,2025-05-24,8059,Pegatron,Taiwan,47,251.52,66,0,0,0.0,0,236,5,2,494,0.0001275169517997213,0.0003266025273992103,94,477190,0.00017585459338616095
BATCH-2025-01534,44,Fan,9647,2025-05-03,2025-05-12,9512,Wistron,South Korea,50,232.01,87,1,0,0.0,0,227,5,2,503,0.00010336577465557791,0.000380745741124954,117,590216,0.00012855165100050963
BATCH-2025-01535,28,Camera,8506,2025-01-20,2025-02-04,8421,Kioxia,China,36,390.8,86,0,0,0.0,0,124,1,1,606,6.548471380186631e-05,0.00020932699508353792,108,509896,0.00017585459338616095
BATCH-2025-01536,26,Sensor,6298,2025-05-24,2025-06-11,6235,Texas Instruments,South Korea,53,5.67,67,2,2,0.00031756113051762465,1,248,5,2,482,0.0002658174764162671,0.0009122443285503541,102,493376,0.00016450590746445605
BATCH-2025-01537,2,Battery,4818,2025-07-07,2025-07-25,4770,TSMC,South Korea,34,349.29,92,0,0,0.0,0,292,7,3,438,0.0001216095118122708,0.0004158402802419921,99,473547,0.00021173401481822628
BATCH-2026-01538,40,Sensor,1101,2026-01-17,2026-01-30,1082,Dell,China,20,392.38,81,1,0,0.0,0,486,1,1,244,0.00013234425192726218,0.0003712523513249762,101,498329,0.00016450590746445605
BATCH-2024-01539,37,Charger,3633,2024-12-07,2024-12-15,3547,Huawei,USA,60,118.5,92,0,0,0.0,0,80,12,4,650,0.00010426815057621344,0.0003557497462935021,91,442918,0.0002259435803313693
BATCH-2025-01540,50,Sensor,2008,2025-08-07,2025-08-14,1988,APC,South Korea,30,481.03,64,0,0,0.0,0,323,8,3,407,0.0002753509047441992,0.0007401953979905162,113,559124,0.00016450590746445605
BATCH-2025-01541,32,Sensor,2931,2025-03-19,2025-03-27,2791,Canon,South Korea,54,382.97,81,0,0,0.0,0,182,3,1,548,8.286140374041643e-05,0.0002525478149158471,93,484783,0.00016450590746445605
BATCH-2026-01542,22,Processor,2889,2026-06-02,2026-06-21,2855,Flex,China,43,157.56,86,0,0,0.0,0,622,6,2,108,6.527455789884103e-05,0.00021075148645526503,94,530055,0.0001723848232239575
BATCH-2026-01543,7,Battery,1405,2026-08-15,2026-09-03,1309,Foxconn,USA,50,411.74,84,1,1,0.0007117437722419929,1,696,8,3,34,0.0003217144075727912,0.0015438669764764946,105,555087,0.00021173401481822628
BATCH-2026-01544,41,Sensor,8431,2026-05-05,2026-05-18,8347,HP,Japan,60,204.38,85,1,1,0.00011860989206499822,0,594,5,2,136,0.00012231852387452777,0.00025339821295037224,87,408153,0.00016450590746445605
BATCH-2026-01545,21,PCB,3826,2026-03-21,2026-04-02,3788,Jabil,Taiwan,58,416.67,76,2,2,0.0005227391531625719,1,549,3,1,181,0.00034128023110612925,0.0012045823376322067,117,579869,0.0002244207567666141
BATCH-2026-01546,15,Sensor,3757,2026-03-14,2026-03-19,3499,SK Hynix,Taiwan,40,342.16,65,0,0,0.0,0,542,3,1,188,0.00026051175061660777,0.0007352320636847295,93,436297,0.00016450590746445605
BATCH-2025-01547,34,Memory,245,2025-11-28,2025-12-09,235,Renesas,China,19,153.37,81,0,0,0.0,0,436,11,4,294,0.00020629854890063796,0.000928870183527049,112,540044,0.00013960848603418856
BATCH-2024-01548,30,Power IC,2971,2024-10-27,2024-11-16,2726,Western Digital,Germany,16,59.04,65,2,2,0.0006731740154830024,1,39,10,4,691,0.00026662885278630423,0.0008545899187981254,93,459619,0.00017735448108886377
BATCH-2025-01549,39,Speaker,1430,2025-08-15,2025-09-03,1335,Lenovo,Taiwan,57,331.63,71,3,3,0.002097902097902098,1,331,8,3,399,0.00017438124238925042,0.000501056949565781,101,560841,0.00019289953369198322
BATCH-2025-01550,15,Charger,3567,2025-12-12,2025-12-19,3403,SK Hynix,Taiwan,40,342.16,65,0,0,0.0,0,450,12,4,280,0.00026051175061660777,0.0007352320636847295,93,436297,0.0002259435803313693
BATCH-2025-01551,15,Fan,8715,2025-04-27,2025-05-10,8204,SK Hynix,Taiwan,40,342.16,65,3,2,0.00022948938611589215,1,221,4,2,509,0.00026051175061660777,0.0007352320636847295,93,436297,0.00012855165100050963
BATCH-2025-01552,17,Charger,1577,2025-03-26,2025-04-14,1561,Mitsubishi,Japan,33,186.49,72,0,0,0.0,0,189,3,1,541,0.00014815223187369047,0.00046308585294764547,114,569061,0.0002259435803313693
BATCH-2025-01553,32,Display,2758,2025-01-23,2025-02-11,2730,Canon,South Korea,54,382.97,81,1,0,0.0,0,127,1,1,603,8.286140374041643e-05,0.0002525478149158471,93,484783,0.00016919115080672866
BATCH-2026-01554,47,Power IC,6657,2026-06-14,2026-06-21,6349,Molex,Japan,37,191.75,76,1,1,0.0001502178158329578,1,634,6,2,96,0.00015063481442028842,0.00045023343696729267,102,507171,0.00017735448108886377
BATCH-2025-01555,29,Fan,714,2025-01-04,2025-01-22,692,Seagate,Japan,40,285.23,77,1,1,0.0014005602240896359,1,108,1,1,622,0.00016256441034907573,0.0004929460254392659,92,456988,0.00012855165100050963
BATCH-2026-01556,1,Charger,8641,2026-05-30,2026-06-09,8458,Samsung,USA,19,220.56,89,0,0,0.0,0,619,5,2,111,0.00017219294545324894,0.0013891588805521986,106,504263,0.0002259435803313693
BATCH-2026-01557,6,Microcontroller,6009,2026-01-25,2026-02-02,5803,NVIDIA,Germany,38,463.53,74,1,0,0.0,0,494,1,1,236,0.00023377595866623649,0.0009271237760431065,104,528560,0.00013908905895273712
BATCH-2025-01558,43,Sensor,7013,2025-10-20,2025-10-31,6655,ASUSTeK,USA,30,46.84,60,1,1,0.00014259232853272493,1,397,10,4,333,0.00044469895714356904,0.0012463320250862553,87,411235,0.00016450590746445605
BATCH-2026-01559,48,Motherboard,7416,2026-02-23,2026-03-07,7014,TE Connectivity,Germany,25,315.88,71,3,2,0.00026968716289104636,1,523,2,1,207,0.000215467021331229,0.0009668394253566584,108,542251,0.0002354934172429249
BATCH-2025-01560,48,Processor,3017,2025-11-11,2025-11-23,2987,TE Connectivity,Germany,25,315.88,71,0,0,0.0,0,419,11,4,311,0.000215467021331229,0.0009668394253566584,108,542251,0.0001723848232239575
BATCH-2026-01561,21,Connector,6155,2026-04-18,2026-04-27,5936,Jabil,Taiwan,58,416.67,76,0,0,0.0,0,577,4,2,153,0.00034128023110612925,0.0012045823376322067,117,579869,0.00020757696267843906
BATCH-2025-01562,30,Fan,5741,2025-03-13,2025-03-28,5363,Western Digital,Germany,16,59.04,65,3,2,0.00034837136387388956,1,176,3,1,554,0.00026662885278630423,0.0008545899187981254,93,459619,0.00012855165100050963
BATCH-2025-01563,2,Connector,1883,2025-11-11,2025-11-24,1864,TSMC,South Korea,34,349.29,92,2,1,0.0005310674455655868,1,419,11,4,311,0.0001216095118122708,0.0004158402802419921,99,473547,0.00020757696267843906
BATCH-2025-01564,24,Connector,766,2025-04-17,2025-05-06,731,Qualcomm,Germany,53,145.59,74,1,1,0.0013054830287206266,1,211,4,2,519,0.00017211444124561363,0.00048508112533674527,88,458321,0.00020757696267843906
BATCH-2025-01565,27,Memory,4356,2025-10-29,2025-11-04,4154,Infineon,Taiwan,51,333.1,89,1,0,0.0,0,406,10,4,324,0.00011089276239704126,0.00035581711278072977,111,553940,0.00013960848603418856
BATCH-2025-01566,3,Memory,4349,2025-04-20,2025-05-06,4257,Corning,Taiwan,24,487.86,63,1,1,0.00022993791676247414,1,214,4,2,516,0.0005290924687400791,0.0022824547846740364,105,511267,0.00013960848603418856
BATCH-2025-01567,23,Speaker,7864,2025-04-15,2025-05-04,7725,ASE,Japan,50,402.77,91,0,0,0.0,0,209,4,2,521,6.663525433902222e-05,0.00015954052120490043,90,441864,0.00019289953369198322
BATCH-2025-01568,33,Fan,2345,2025-01-05,2025-01-17,2322,Denso,Taiwan,41,277.68,84,3,1,0.00042643923240938164,1,109,1,1,621,0.00013528007016307464,0.0006519489677036868,119,602071,0.00012855165100050963
BATCH-2024-01569,49,Power IC,9801,2024-11-07,2024-11-22,9288,Coherent,USA,42,45.65,73,1,1,0.00010203040506070809,0,50,11,4,680,0.00034438539861380375,0.0009931063632699735,93,417736,0.00017735448108886377
BATCH-2025-01570,23,Memory,6452,2025-01-15,2025-01-29,6302,ASE,Japan,50,402.77,91,1,1,0.00015499070055796651,1,119,1,1,611,6.663525433902222e-05,0.00015954052120490043,90,441864,0.00013960848603418856
BATCH-2026-01571,44,Power IC,3488,2026-03-08,2026-03-22,3360,Wistron,South Korea,50,232.01,87,0,0,0.0,0,536,3,1,194,0.00010336577465557791,0.000380745741124954,117,590216,0.00017735448108886377
BATCH-2025-01572,39,Power IC,3106,2025-03-10,2025-03-21,2934,Lenovo,Taiwan,57,331.63,71,2,1,0.0003219575016097875,1,173,3,1,557,0.00017438124238925042,0.000501056949565781,101,560841,0.00017735448108886377
BATCH-2024-01573,49,Connector,1590,2024-11-08,2024-11-26,1506,Coherent,USA,42,45.65,73,0,0,0.0,0,51,11,4,679,0.00034438539861380375,0.0009931063632699735,93,417736,0.00020757696267843906
BATCH-2024-01574,6,Memory,2699,2024-12-05,2024-12-21,2574,NVIDIA,Germany,38,463.53,74,1,1,0.0003705075954057058,1,78,12,4,652,0.00023377595866623649,0.0009271237760431065,104,528560,0.00013960848603418856
BATCH-2025-01575,10,Memory,1767,2025-06-30,2025-07-06,1749,Panasonic,China,54,316.57,91,0,0,0.0,0,285,6,2,445,0.000144927638474753,0.0007549544377028447,94,435868,0.00013960848603418856
BATCH-2025-01576,40,Processor,3818,2025-04-01,2025-04-15,3780,Dell,China,20,392.38,81,1,1,0.00026191723415400735,1,195,4,2,535,0.00013234425192726218,0.0003712523513249762,101,498329,0.0001723848232239575
BATCH-2024-01577,39,Power IC,8259,2024-11-16,2024-12-06,7878,Lenovo,Taiwan,57,331.63,71,1,1,0.0001210800339024095,0,59,11,4,671,0.00017438124238925042,0.000501056949565781,101,560841,0.00017735448108886377
BATCH-2024-01578,22,Microcontroller,8846,2024-12-22,2025-01-03,8758,Flex,China,43,157.56,86,0,0,0.0,0,95,12,4,635,6.527455789884103e-05,0.00021075148645526503,94,530055,0.00013908905895273712
BATCH-2025-01579,10,Connector,3744,2025-04-16,2025-05-06,3601,Panasonic,China,54,316.57,91,1,1,0.0002670940170940171,1,210,4,2,520,0.000144927638474753,0.0007549544377028447,94,435868,0.00020757696267843906
BATCH-2025-01580,11,PCB,8015,2025-01-11,2025-01-18,7566,Murata,Japan,22,178.55,88,1,0,0.0,0,115,1,1,615,0.00015599689945027513,0.0009387029695731565,105,551463,0.0002244207567666141
BATCH-2024-01581,38,Connector,5282,2024-09-29,2024-10-08,5044,Xiaomi,South Korea,52,142.13,62,2,2,0.0003786444528587656,1,11,9,3,719,0.0002941454324685746,0.0007248486269555904,106,537180,0.00020757696267843906
BATCH-2026-01582,27,Processor,2178,2026-09-12,2026-09-28,2132,Infineon,Taiwan,51,333.1,89,0,0,0.0,0,724,9,3,6,0.00011089276239704126,0.00035581711278072977,111,553940,0.0001723848232239575
BATCH-2026-01583,30,Fan,3585,2026-01-10,2026-01-26,3356,Western Digital,Germany,16,59.04,65,1,1,0.0002789400278940028,1,479,1,1,251,0.00026662885278630423,0.0008545899187981254,93,459619,0.00012855165100050963
BATCH-2026-01584,42,Power IC,8702,2026-01-30,2026-02-09,8273,Acer,Germany,34,85.15,90,1,1,0.00011491611123879568,0,499,1,1,231,5.058942432590356e-05,0.0001440589145000144,106,511239,0.00017735448108886377
BATCH-2026-01585,12,Memory,6273,2026-07-09,2026-07-23,5999,Amphenol,Germany,18,446.77,96,1,1,0.00015941335883947074,1,659,7,3,71,8.015372036339901e-05,0.00041034141517753633,113,576135,0.00013960848603418856
BATCH-2025-01586,9,Charger,7569,2025-06-25,2025-07-05,7493,Sony,Taiwan,19,33.78,81,2,2,0.0002642356982428326,1,280,6,2,450,0.00014132799993781594,0.00029553061545999206,104,509780,0.0002259435803313693
BATCH-2025-01587,27,Connector,8647,2025-01-22,2025-02-07,8561,Infineon,Taiwan,51,333.1,89,0,0,0.0,0,126,1,1,604,0.00011089276239704126,0.00035581711278072977,111,553940,0.00020757696267843906
BATCH-2026-01588,30,PCB,250,2026-03-25,2026-03-31,236,Western Digital,Germany,16,59.04,65,0,0,0.0,0,553,3,1,177,0.00026662885278630423,0.0008545899187981254,93,459619,0.0002244207567666141
BATCH-2026-01589,49,Motherboard,1135,2026-07-01,2026-07-10,1110,Coherent,USA,42,45.65,73,3,1,0.000881057268722467,1,651,7,3,79,0.00034438539861380375,0.0009931063632699735,93,417736,0.0002354934172429249
BATCH-2025-01590,28,Camera,5391,2025-10-19,2025-11-06,5337,Kioxia,China,36,390.8,86,0,0,0.0,0,396,10,4,334,6.548471380186631e-05,0.00020932699508353792,108,509896,0.00017585459338616095
BATCH-2026-01591,9,Display,5887,2026-07-07,2026-07-22,5614,Sony,Taiwan,19,33.78,81,2,2,0.00033973161202649905,1,657,7,3,73,0.00014132799993781594,0.00029553061545999206,104,509780,0.00016919115080672866
BATCH-2024-01592,43,Charger,8255,2024-10-20,2024-10-26,7625,ASUSTeK,USA,30,46.84,60,2,1,0.00012113870381586917,0,32,10,4,698,0.00044469895714356904,0.0012463320250862553,87,411235,0.0002259435803313693
BATCH-2025-01593,48,Motherboard,6685,2025-10-14,2025-10-20,6386,TE Connectivity,Germany,25,315.88,71,1,0,0.0,0,391,10,4,339,0.000215467021331229,0.0009668394253566584,108,542251,0.0002354934172429249
BATCH-2026-01594,21,Sensor,8409,2026-04-07,2026-04-12,8325,Jabil,Taiwan,58,416.67,76,1,1,0.00011892020454275182,0,566,4,2,164,0.00034128023110612925,0.0012045823376322067,117,579869,0.00016450590746445605
BATCH-2025-01595,28,Motherboard,8906,2025-10-24,2025-11-03,8516,Kioxia,China,36,390.8,86,0,0,0.0,0,401,10,4,329,6.548471380186631e-05,0.00020932699508353792,108,509896,0.0002354934172429249
BATCH-2025-01596,50,Power IC,1131,2025-07-08,2025-07-16,1097,APC,South Korea,30,481.03,64,1,1,0.0008841732979664014,1,293,7,3,437,0.0002753509047441992,0.0007401953979905162,113,559124,0.00017735448108886377
BATCH-2024-01597,12,Microcontroller,1382,2024-11-28,2024-12-18,1368,Amphenol,Germany,18,446.77,96,0,0,0.0,0,71,11,4,659,8.015372036339901e-05,0.00041034141517753633,113,576135,0.00013908905895273712
BATCH-2025-01598,6,Charger,737,2025-05-01,2025-05-07,709,NVIDIA,Germany,38,463.53,74,2,2,0.0027137042062415195,1,225,5,2,505,0.00023377595866623649,0.0009271237760431065,104,528560,0.0002259435803313693
BATCH-2026-01599,50,PCB,7769,2026-06-23,2026-07-10,7621,APC,South Korea,30,481.03,64,2,2,0.00025743338911056766,1,643,6,2,87,0.0002753509047441992,0.0007401953979905162,113,559124,0.0002244207567666141
BATCH-2025-01600,33,Connector,9073,2025-05-03,2025-05-12,8924,Denso,Taiwan,41,277.68,84,1,1,0.00011021712774165106,0,227,5,2,503,0.00013528007016307464,0.0006519489677036868,119,602071,0.00020757696267843906
BATCH-2026-01601,30,Fan,1449,2026-01-28,2026-02-14,1377,Western Digital,Germany,16,59.04,65,3,2,0.0013802622498274672,1,497,1,1,233,0.00026662885278630423,0.0008545899187981254,93,459619,0.00012855165100050963
BATCH-2026-01602,45,Sensor,9528,2026-07-13,2026-07-27,9292,Pegatron,Taiwan,47,251.52,66,0,0,0.0,0,663,7,3,67,0.0001275169517997213,0.0003266025273992103,94,477190,0.00016450590746445605
BATCH-2025-01603,4,Fan,1764,2025-06-22,2025-06-30,1718,Intel,China,48,393.46,88,0,0,0.0,0,277,6,2,453,0.00018841892264149143,0.0009961276293195824,96,400272,0.00012855165100050963
BATCH-2025-01604,36,Fan,7899,2025-04-30,2025-05-19,7685,Ericsson,Germany,60,205.45,68,2,1,0.000126598303582732,0,224,4,2,506,0.00016582352511078637,0.0003750099810004351,109,536222,0.00012855165100050963
BATCH-2025-01605,26,Processor,129,2025-01-29,2025-02-17,128,Texas Instruments,South Korea,53,5.67,67,1,1,0.007751937984496124,1,133,1,1,597,0.0002658174764162671,0.0009122443285503541,102,493376,0.0001723848232239575
BATCH-2025-01606,48,Processor,9678,2025-03-05,2025-03-10,9303,TE Connectivity,Germany,25,315.88,71,1,0,0.0,0,168,3,1,562,0.000215467021331229,0.0009668394253566584,108,542251,0.0001723848232239575
BATCH-2026-01607,15,Motherboard,3397,2026-03-21,2026-03-29,3363,SK Hynix,Taiwan,40,342.16,65,1,0,0.0,0,549,3,1,181,0.00026051175061660777,0.0007352320636847295,93,436297,0.0002354934172429249
BATCH-2026-01608,5,Camera,1514,2026-03-18,2026-03-30,1386,Apple,Japan,38,226.29,64,3,2,0.001321003963011889,1,546,3,1,184,0.00029304167774806515,0.0010333897385835877,92,488005,0.00017585459338616095
BATCH-2024-01609,1,Processor,6847,2024-11-15,2024-11-23,5959,Samsung,USA,19,220.56,89,1,1,0.0001460493646852636,1,58,11,4,672,0.00017219294545324894,0.0013891588805521986,106,504263,0.0001723848232239575
BATCH-2026-01610,46,Speaker,4192,2026-08-08,2026-08-18,3809,Liteon,China,58,348.77,65,1,1,0.00023854961832061068,1,689,8,3,41,0.000177376316521378,0.0004995509860038717,96,502846,0.00019289953369198322
BATCH-2026-01611,33,Charger,8346,2026-03-16,2026-04-03,8141,Denso,Taiwan,41,277.68,84,2,2,0.00023963575365444525,1,544,3,1,186,0.00013528007016307464,0.0006519489677036868,119,602071,0.0002259435803313693
BATCH-2026-01612,41,PCB,2503,2026-09-04,2026-09-17,2478,HP,Japan,60,204.38,85,0,0,0.0,0,716,9,3,14,0.00012231852387452777,0.00025339821295037224,87,408153,0.0002244207567666141
BATCH-2026-01613,19,Processor,6938,2026-02-16,2026-03-03,6321,Sumitomo,USA,36,238.9,64,1,0,0.0,0,516,2,1,214,0.00016876737493119937,0.00039378300837730447,91,458378,0.0001723848232239575
BATCH-2025-01614,28,Fan,967,2025-06-24,2025-07-14,957,Kioxia,China,36,390.8,86,0,0,0.0,0,279,6,2,451,6.548471380186631e-05,0.00020932699508353792,108,509896,0.00012855165100050963
BATCH-2026-01615,10,Sensor,1390,2026-06-12,2026-06-25,1309,Panasonic,China,54,316.57,91,1,0,0.0,0,632,6,2,98,0.000144927638474753,0.0007549544377028447,94,435868,0.00016450590746445605
BATCH-2026-01616,13,PCB,8805,2026-08-28,2026-09-15,8315,Onsemi,USA,46,98.93,89,0,0,0.0,0,709,8,3,21,0.00013306539717335389,0.0004888825988608853,89,428711,0.0002244207567666141
BATCH-2026-01617,50,Sensor,7610,2026-05-09,2026-05-15,7255,APC,South Korea,30,481.03,64,2,2,0.00026281208935611036,1,598,5,2,132,0.0002753509047441992,0.0007401953979905162,113,559124,0.00016450590746445605
BATCH-2026-01618,35,Battery,1230,2026-07-05,2026-07-22,1175,Nokia,Japan,42,219.49,61,1,1,0.0008130081300813008,1,655,7,3,75,0.00019787338089100073,0.0003538789829112609,102,503406,0.00021173401481822628
BATCH-2026-01619,34,Memory,6101,2026-07-12,2026-07-25,5895,Renesas,China,19,153.37,81,1,1,0.00016390755613833797,1,662,7,3,68,0.00020629854890063796,0.000928870183527049,112,540044,0.00013960848603418856
BATCH-2026-01620,33,Fan,4198,2026-04-24,2026-05-08,4086,Denso,Taiwan,41,277.68,84,1,1,0.00023820867079561695,1,583,4,2,147,0.00013528007016307464,0.0006519489677036868,119,602071,0.00012855165100050963
BATCH-2025-01621,37,Memory,6193,2025-09-24,2025-10-04,6131,Huawei,USA,60,118.5,92,1,0,0.0,0,371,9,3,359,0.00010426815057621344,0.0003557497462935021,91,442918,0.00013960848603418856
BATCH-2025-01622,37,Motherboard,8321,2025-06-13,2025-06-19,8184,Huawei,USA,60,118.5,92,0,0,0.0,0,268,6,2,462,0.00010426815057621344,0.0003557497462935021,91,442918,0.0002354934172429249
BATCH-2024-01623,41,Memory,7808,2024-11-11,2024-11-26,7303,HP,Japan,60,204.38,85,0,0,0.0,0,54,11,4,676,0.00012231852387452777,0.00025339821295037224,87,408153,0.00013960848603418856
BATCH-2025-01624,34,Sensor,5284,2025-12-02,2025-12-19,5231,Renesas,China,19,153.37,81,0,0,0.0,0,440,12,4,290,0.00020629854890063796,0.000928870183527049,112,540044,0.00016450590746445605
BATCH-2025-01625,21,Battery,3409,2025-06-01,2025-06-11,3227,Jabil,Taiwan,58,416.67,76,0,0,0.0,0,256,6,2,474,0.00034128023110612925,0.0012045823376322067,117,579869,0.00021173401481822628
BATCH-2025-01626,21,Charger,8471,2025-09-02,2025-09-18,8386,Jabil,Taiwan,58,416.67,76,1,1,0.00011804981702278361,0,349,9,3,381,0.00034128023110612925,0.0012045823376322067,117,579869,0.0002259435803313693
BATCH-2025-01627,23,Connector,5012,2025-01-11,2025-01-23,4962,ASE,Japan,50,402.77,91,0,0,0.0,0,115,1,1,615,6.663525433902222e-05,0.00015954052120490043,90,441864,0.00020757696267843906
BATCH-2025-01628,35,Charger,5301,2025-10-01,2025-10-18,5248,Nokia,Japan,42,219.49,61,2,2,0.0003772873042822109,1,378,10,4,352,0.00019787338089100073,0.0003538789829112609,102,503406,0.0002259435803313693
BATCH-2025-01629,45,Charger,8248,2025-05-18,2025-05-28,7831,Pegatron,Taiwan,47,251.52,66,0,0,0.0,0,242,5,2,488,0.0001275169517997213,0.0003266025273992103,94,477190,0.0002259435803313693
BATCH-2026-01630,33,Camera,1054,2026-07-13,2026-07-31,1021,Denso,Taiwan,41,277.68,84,0,0,0.0,0,663,7,3,67,0.00013528007016307464,0.0006519489677036868,119,602071,0.00017585459338616095
BATCH-2025-01631,45,Sensor,847,2025-02-09,2025-02-18,792,Pegatron,Taiwan,47,251.52,66,1,1,0.0011806375442739079,1,144,2,1,586,0.0001275169517997213,0.0003266025273992103,94,477190,0.00016450590746445605
BATCH-2025-01632,19,Power IC,2780,2025-12-31,2026-01-14,2692,Sumitomo,USA,36,238.9,64,4,4,0.0014388489208633094,1,469,12,4,261,0.00016876737493119937,0.00039378300837730447,91,458378,0.00017735448108886377
BATCH-2026-01633,6,Fan,7071,2026-08-06,2026-08-25,6281,NVIDIA,Germany,38,463.53,74,0,0,0.0,0,687,8,3,43,0.00023377595866623649,0.0009271237760431065,104,528560,0.00012855165100050963
BATCH-2026-01634,11,Microcontroller,7875,2026-01-27,2026-02-16,7414,Murata,Japan,22,178.55,88,1,1,0.00012698412698412698,0,496,1,1,234,0.00015599689945027513,0.0009387029695731565,105,551463,0.00013908905895273712
BATCH-2025-01635,6,Processor,9615,2025-03-20,2025-03-31,9519,NVIDIA,Germany,38,463.53,74,2,2,0.0002080083203328133,1,183,3,1,547,0.00023377595866623649,0.0009271237760431065,104,528560,0.0001723848232239575
BATCH-2026-01636,3,PCB,5856,2026-01-13,2026-01-26,5719,Corning,Taiwan,24,487.86,63,2,1,0.00017076502732240437,1,482,1,1,248,0.0005290924687400791,0.0022824547846740364,105,511267,0.0002244207567666141
BATCH-2025-01637,47,Camera,4755,2025-12-01,2025-12-15,4628,Molex,Japan,37,191.75,76,1,1,0.0002103049421661409,1,439,12,4,291,0.00015063481442028842,0.00045023343696729267,102,507171,0.00017585459338616095
BATCH-2026-01638,2,Speaker,7371,2026-09-11,2026-09-26,7297,TSMC,South Korea,34,349.29,92,2,1,0.000135666802333469,1,723,9,3,7,0.0001216095118122708,0.0004158402802419921,99,473547,0.00019289953369198322
BATCH-2026-01639,19,PCB,4740,2026-02-22,2026-02-28,4693,Sumitomo,USA,36,238.9,64,0,0,0.0,0,522,2,1,208,0.00016876737493119937,0.00039378300837730447,91,458378,0.0002244207567666141
BATCH-2025-01640,7,Power IC,6408,2025-10-30,2025-11-08,5954,Foxconn,USA,50,411.74,84,1,0,0.0,0,407,10,4,323,0.0003217144075727912,0.0015438669764764946,105,555087,0.00017735448108886377
BATCH-2025-01641,24,Battery,859,2025-01-16,2025-01-22,850,Qualcomm,Germany,53,145.59,74,1,1,0.0011641443538998836,1,120,1,1,610,0.00017211444124561363,0.00048508112533674527,88,458321,0.00021173401481822628
BATCH-2024-01642,24,Sensor,1846,2024-10-03,2024-10-19,1811,Qualcomm,Germany,53,145.59,74,1,0,0.0,0,15,10,4,715,0.00017211444124561363,0.00048508112533674527,88,458321,0.00016450590746445605
BATCH-2025-01643,11,Charger,2222,2025-02-28,2025-03-12,2075,Murata,Japan,22,178.55,88,0,0,0.0,0,163,2,1,567,0.00015599689945027513,0.0009387029695731565,105,551463,0.0002259435803313693
BATCH-2025-01644,40,Connector,4976,2025-06-22,2025-06-27,4825,Dell,China,20,392.38,81,0,0,0.0,0,277,6,2,453,0.00013234425192726218,0.0003712523513249762,101,498329,0.00020757696267843906
BATCH-2026-01645,24,Battery,7443,2026-05-26,2026-06-15,7369,Qualcomm,Germany,53,145.59,74,1,1,0.00013435442697836894,1,615,5,2,115,0.00017211444124561363,0.00048508112533674527,88,458321,0.00021173401481822628
BATCH-2025-01646,5,PCB,5926,2025-05-10,2025-05-23,5549,Apple,Japan,38,226.29,64,4,3,0.0005062436719541006,1,234,5,2,496,0.00029304167774806515,0.0010333897385835877,92,488005,0.0002244207567666141
BATCH-2026-01647,27,Processor,7026,2026-04-08,2026-04-17,6956,Infineon,Taiwan,51,333.1,89,2,2,0.0002846569883290635,1,567,4,2,163,0.00011089276239704126,0.00035581711278072977,111,553940,0.0001723848232239575
BATCH-2026-01648,6,Sensor,5339,2026-08-20,2026-08-25,5286,NVIDIA,Germany,38,463.53,74,3,3,0.0005619029780857839,1,701,8,3,29,0.00023377595866623649,0.0009271237760431065,104,528560,0.00016450590746445605
BATCH-2024-01649,28,Processor,7059,2024-12-28,2025-01-14,6988,Kioxia,China,36,390.8,86,0,0,0.0,0,101,12,4,629,6.548471380186631e-05,0.00020932699508353792,108,509896,0.0001723848232239575
BATCH-2025-01650,40,Camera,8826,2025-10-30,2025-11-14,8738,Dell,China,20,392.38,81,1,0,0.0,0,407,10,4,323,0.00013234425192726218,0.0003712523513249762,101,498329,0.00017585459338616095
BATCH-2024-01651,30,Charger,7692,2024-12-24,2025-01-09,7615,Western Digital,Germany,16,59.04,65,2,2,0.00026001040041601667,1,97,12,4,633,0.00026662885278630423,0.0008545899187981254,93,459619,0.0002259435803313693
BATCH-2025-01652,49,Memory,5337,2025-10-26,2025-11-04,5177,Coherent,USA,42,45.65,73,4,2,0.00037474236462432077,1,403,10,4,327,0.00034438539861380375,0.0009931063632699735,93,417736,0.00013960848603418856
BATCH-2026-01653,28,Power IC,6494,2026-04-23,2026-05-12,6098,Kioxia,China,36,390.8,86,0,0,0.0,0,582,4,2,148,6.548471380186631e-05,0.00020932699508353792,108,509896,0.00017735448108886377
BATCH-2025-01654,39,Camera,3000,2025-10-12,2025-10-24,2888,Lenovo,Taiwan,57,331.63,71,0,0,0.0,0,389,10,4,341,0.00017438124238925042,0.000501056949565781,101,560841,0.00017585459338616095
BATCH-2025-01655,7,Motherboard,8238,2025-04-26,2025-05-05,7887,Foxconn,USA,50,411.74,84,1,1,0.00012138868657441127,0,220,4,2,510,0.0003217144075727912,0.0015438669764764946,105,555087,0.0002354934172429249
BATCH-2026-01656,29,Memory,8212,2026-03-04,2026-03-22,7966,Seagate,Japan,40,285.23,77,1,1,0.00012177301509985388,0,532,3,1,198,0.00016256441034907573,0.0004929460254392659,92,456988,0.00013960848603418856
BATCH-2026-01657,13,Processor,1229,2026-09-12,2026-09-27,1217,Onsemi,USA,46,98.93,89,0,0,0.0,0,724,9,3,6,0.00013306539717335389,0.0004888825988608853,89,428711,0.0001723848232239575
BATCH-2024-01658,13,Power IC,2568,2024-11-26,2024-12-05,2530,Onsemi,USA,46,98.93,89,0,0,0.0,0,69,11,4,661,0.00013306539717335389,0.0004888825988608853,89,428711,0.00017735448108886377
BATCH-2025-01659,2,Camera,5721,2025-07-02,2025-07-17,5423,TSMC,South Korea,34,349.29,92,0,0,0.0,0,287,7,3,443,0.0001216095118122708,0.0004158402802419921,99,473547,0.00017585459338616095
BATCH-2025-01660,33,Camera,6958,2025-12-19,2026-01-02,6734,Denso,Taiwan,41,277.68,84,1,1,0.00014371945961483184,1,457,12,4,273,0.00013528007016307464,0.0006519489677036868,119,602071,0.00017585459338616095
BATCH-2024-01661,19,PCB,8933,2024-10-15,2024-10-27,8429,Sumitomo,USA,36,238.9,64,0,0,0.0,0,27,10,4,703,0.00016876737493119937,0.00039378300837730447,91,458378,0.0002244207567666141
BATCH-2025-01662,14,Memory,6708,2025-10-10,2025-10-20,6580,STMicroelectronics,South Korea,31,23.81,77,0,0,0.0,0,387,10,4,343,0.0001573864901705702,0.00046936123067953895,91,385139,0.00013960848603418856
BATCH-2025-01663,46,Charger,2466,2025-08-16,2025-08-29,2338,Liteon,China,58,348.77,65,1,1,0.00040551500405515005,1,332,8,3,398,0.000177376316521378,0.0004995509860038717,96,502846,0.0002259435803313693
BATCH-2025-01664,23,Memory,4359,2025-02-18,2025-03-05,4315,ASE,Japan,50,402.77,91,0,0,0.0,0,153,2,1,577,6.663525433902222e-05,0.00015954052120490043,90,441864,0.00013960848603418856
BATCH-2026-01665,5,Display,4274,2026-01-18,2026-01-28,4108,Apple,Japan,38,226.29,64,1,0,0.0,0,487,1,1,243,0.00029304167774806515,0.0010333897385835877,92,488005,0.00016919115080672866
BATCH-2026-01666,16,Display,1640,2026-09-06,2026-09-18,1624,Hitachi,China,57,483.82,88,0,0,0.0,0,718,9,3,12,8.336477286677332e-05,0.0004697935134049564,95,503392,0.00016919115080672866
BATCH-2025-01667,49,Speaker,2314,2025-03-12,2025-03-18,2203,Coherent,USA,42,45.65,73,1,0,0.0,0,175,3,1,555,0.00034438539861380375,0.0009931063632699735,93,417736,0.00019289953369198322
BATCH-2025-01668,39,Charger,6247,2025-12-04,2025-12-21,6053,Lenovo,Taiwan,57,331.63,71,0,0,0.0,0,442,12,4,288,0.00017438124238925042,0.000501056949565781,101,560841,0.0002259435803313693
BATCH-2025-01669,20,Processor,7402,2025-10-13,2025-10-25,7286,Delta Electronics,South Korea,30,335.57,68,1,1,0.00013509862199405565,1,390,10,4,340,0.00014552538396359592,0.00035285670745256997,82,427248,0.0001723848232239575
BATCH-2026-01670,50,Speaker,2288,2026-01-26,2026-02-12,2109,APC,South Korea,30,481.03,64,1,1,0.00043706293706293706,1,495,1,1,235,0.0002753509047441992,0.0007401953979905162,113,559124,0.00019289953369198322
BATCH-2026-01671,42,Battery,232,2026-01-17,2026-02-05,230,Acer,Germany,34,85.15,90,0,0,0.0,0,486,1,1,244,5.058942432590356e-05,0.0001440589145000144,106,511239,0.00021173401481822628
BATCH-2025-01672,26,Camera,8292,2025-12-08,2025-12-18,8162,Texas Instruments,South Korea,53,5.67,67,1,1,0.000120598166907863,0,446,12,4,284,0.0002658174764162671,0.0009122443285503541,102,493376,0.00017585459338616095
BATCH-2024-01673,34,Connector,5749,2024-10-19,2024-10-30,5692,Renesas,China,19,153.37,81,1,0,0.0,0,31,10,4,699,0.00020629854890063796,0.000928870183527049,112,540044,0.00020757696267843906
BATCH-2026-01674,19,Microcontroller,4884,2026-01-02,2026-01-08,4499,Sumitomo,USA,36,238.9,64,1,1,0.00020475020475020476,1,471,1,1,259,0.00016876737493119937,0.00039378300837730447,91,458378,0.00013908905895273712
BATCH-2026-01675,35,Microcontroller,4716,2026-07-12,2026-08-01,4501,Nokia,Japan,42,219.49,61,1,1,0.00021204410517387616,1,662,7,3,68,0.00019787338089100073,0.0003538789829112609,102,503406,0.00013908905895273712
BATCH-2026-01676,29,Motherboard,5849,2026-08-02,2026-08-20,5791,Seagate,Japan,40,285.23,77,1,1,0.00017096939647803043,1,683,8,3,47,0.00016256441034907573,0.0004929460254392659,92,456988,0.0002354934172429249
BATCH-2025-01677,18,PCB,5127,2025-08-16,2025-08-22,4910,Bosch,Germany,18,96.36,77,0,0,0.0,0,332,8,3,398,0.00021806730730221415,0.0007021012099867912,110,557568,0.0002244207567666141
BATCH-2025-01678,6,Memory,1648,2025-09-25,2025-09-30,1525,NVIDIA,Germany,38,463.53,74,1,1,0.0006067961165048543,1,372,9,3,358,0.00023377595866623649,0.0009271237760431065,104,528560,0.00013960848603418856
BATCH-2026-01679,31,Speaker,9822,2026-06-03,2026-06-14,9724,Kyocera,USA,35,236.61,85,3,1,0.00010181225819588678,0,623,6,2,107,0.00018411673535101585,0.0009126920964599268,104,605811,0.00019289953369198322
BATCH-2026-01680,40,Connector,7625,2026-08-27,2026-09-12,7452,Dell,China,20,392.38,81,1,1,0.00013114754098360657,0,708,8,3,22,0.00013234425192726218,0.0003712523513249762,101,498329,0.00020757696267843906
BATCH-2024-01681,9,Power IC,5452,2024-12-14,2024-12-30,5236,Sony,Taiwan,19,33.78,81,1,0,0.0,0,87,12,4,643,0.00014132799993781594,0.00029553061545999206,104,509780,0.00017735448108886377
BATCH-2025-01682,3,Sensor,8251,2025-09-28,2025-10-14,8133,Corning,Taiwan,24,487.86,63,0,0,0.0,0,375,9,3,355,0.0005290924687400791,0.0022824547846740364,105,511267,0.00016450590746445605
BATCH-2026-01683,24,Microcontroller,5216,2026-07-02,2026-07-18,5034,Qualcomm,Germany,53,145.59,74,1,1,0.00019171779141104295,1,652,7,3,78,0.00017211444124561363,0.00048508112533674527,88,458321,0.00013908905895273712
BATCH-2024-01684,7,Display,8403,2024-12-03,2024-12-21,8275,Foxconn,USA,50,411.74,84,0,0,0.0,0,76,12,4,654,0.0003217144075727912,0.0015438669764764946,105,555087,0.00016919115080672866
BATCH-2026-01685,37,Display,5724,2026-07-24,2026-08-01,5667,Huawei,USA,60,118.5,92,2,1,0.00017470300489168413,1,674,7,3,56,0.00010426815057621344,0.0003557497462935021,91,442918,0.00016919115080672866
BATCH-2025-01686,9,Processor,4614,2025-03-26,2025-04-01,4460,Sony,Taiwan,19,33.78,81,1,0,0.0,0,189,3,1,541,0.00014132799993781594,0.00029553061545999206,104,509780,0.0001723848232239575
BATCH-2026-01687,46,Microcontroller,3739,2026-06-19,2026-07-01,3638,Liteon,China,58,348.77,65,0,0,0.0,0,639,6,2,91,0.000177376316521378,0.0004995509860038717,96,502846,0.00013908905895273712
BATCH-2026-01688,46,Motherboard,2279,2026-05-12,2026-05-23,2210,Liteon,China,58,348.77,65,1,1,0.00043878894251864854,1,601,5,2,129,0.000177376316521378,0.0004995509860038717,96,502846,0.0002354934172429249
BATCH-2026-01689,40,Processor,7532,2026-04-09,2026-04-27,7224,Dell,China,20,392.38,81,1,1,0.0001327668613913967,0,568,4,2,162,0.00013234425192726218,0.0003712523513249762,101,498329,0.0001723848232239575
BATCH-2026-01690,50,Sensor,3944,2026-05-14,2026-05-25,3905,APC,South Korea,30,481.03,64,2,2,0.0005070993914807302,1,603,5,2,127,0.0002753509047441992,0.0007401953979905162,113,559124,0.00016450590746445605
BATCH-2025-01691,16,Camera,4407,2025-09-19,2025-10-05,4363,Hitachi,China,57,483.82,88,0,0,0.0,0,366,9,3,364,8.336477286677332e-05,0.0004697935134049564,95,503392,0.00017585459338616095
BATCH-2026-01692,22,Processor,8506,2026-04-03,2026-04-11,8357,Flex,China,43,157.56,86,1,1,0.00011756407241946862,0,562,4,2,168,6.527455789884103e-05,0.00021075148645526503,94,530055,0.0001723848232239575
BATCH-2024-01693,19,Processor,9370,2024-12-24,2025-01-08,9046,Sumitomo,USA,36,238.9,64,1,1,0.00010672358591248666,0,97,12,4,633,0.00016876737493119937,0.00039378300837730447,91,458378,0.0001723848232239575
BATCH-2026-01694,29,Display,8880,2026-03-12,2026-03-27,8708,Seagate,Japan,40,285.23,77,2,2,0.00022522522522522523,1,540,3,1,190,0.00016256441034907573,0.0004929460254392659,92,456988,0.00016919115080672866
BATCH-2025-01695,15,Battery,9252,2025-07-08,2025-07-26,9159,SK Hynix,Taiwan,40,342.16,65,1,1,0.00010808473843493298,0,293,7,3,437,0.00026051175061660777,0.0007352320636847295,93,436297,0.00021173401481822628
BATCH-2026-01696,17,Charger,4919,2026-04-20,2026-04-28,4628,Mitsubishi,Japan,33,186.49,72,0,0,0.0,0,579,4,2,151,0.00014815223187369047,0.00046308585294764547,114,569061,0.0002259435803313693
BATCH-2026-01697,30,Display,3400,2026-07-20,2026-07-26,3274,Western Digital,Germany,16,59.04,65,1,1,0.0002941176470588235,1,670,7,3,60,0.00026662885278630423,0.0008545899187981254,93,459619,0.00016919115080672866
BATCH-2024-01698,3,Processor,1911,2024-12-01,2024-12-18,1817,Corning,Taiwan,24,487.86,63,2,2,0.0010465724751439038,1,74,12,4,656,0.0005290924687400791,0.0022824547846740364,105,511267,0.0001723848232239575
BATCH-2025-01699,36,Power IC,6573,2025-06-06,2025-06-25,6134,Ericsson,Germany,60,205.45,68,0,0,0.0,0,261,6,2,469,0.00016582352511078637,0.0003750099810004351,109,536222,0.00017735448108886377
BATCH-2025-01700,4,Processor,1999,2025-01-22,2025-01-27,1979,Intel,China,48,393.46,88,2,1,0.0005002501250625312,1,126,1,1,604,0.00018841892264149143,0.0009961276293195824,96,400272,0.0001723848232239575
BATCH-2024-01701,34,Display,9430,2024-11-26,2024-12-11,8519,Renesas,China,19,153.37,81,1,1,0.00010604453870625662,0,69,11,4,661,0.00020629854890063796,0.000928870183527049,112,540044,0.00016919115080672866
BATCH-2026-01702,41,Display,2491,2026-05-31,2026-06-10,2466,HP,Japan,60,204.38,85,1,1,0.0004014452027298274,1,620,5,2,110,0.00012231852387452777,0.00025339821295037224,87,408153,0.00016919115080672866
BATCH-2024-01703,35,Processor,605,2024-12-12,2024-12-17,543,Nokia,Japan,42,219.49,61,1,0,0.0,0,85,12,4,645,0.00019787338089100073,0.0003538789829112609,102,503406,0.0001723848232239575
BATCH-2026-01704,31,Battery,9728,2026-03-01,2026-03-11,9350,Kyocera,USA,35,236.61,85,1,1,0.00010279605263157894,0,529,3,1,201,0.00018411673535101585,0.0009126920964599268,104,605811,0.00021173401481822628
BATCH-2025-01705,3,Memory,325,2025-12-27,2026-01-07,304,Corning,Taiwan,24,487.86,63,1,0,0.0,0,465,12,4,265,0.0005290924687400791,0.0022824547846740364,105,511267,0.00013960848603418856
BATCH-2025-01706,7,Motherboard,2058,2025-10-22,2025-11-09,2037,Foxconn,USA,50,411.74,84,1,1,0.00048590864917395527,1,399,10,4,331,0.0003217144075727912,0.0015438669764764946,105,555087,0.0002354934172429249
BATCH-2026-01707,37,Sensor,8844,2026-08-24,2026-09-01,8677,Huawei,USA,60,118.5,92,1,1,0.00011307100859339665,0,705,8,3,25,0.00010426815057621344,0.0003557497462935021,91,442918,0.00016450590746445605
BATCH-2026-01708,49,Processor,3740,2026-08-02,2026-08-16,3537,Coherent,USA,42,45.65,73,2,2,0.0005347593582887701,1,683,8,3,47,0.00034438539861380375,0.0009931063632699735,93,417736,0.0001723848232239575
BATCH-2025-01709,26,Connector,4846,2025-03-27,2025-04-04,4707,Texas Instruments,South Korea,53,5.67,67,2,1,0.0002063557573256294,1,190,3,1,540,0.0002658174764162671,0.0009122443285503541,102,493376,0.00020757696267843906
BATCH-2025-01710,48,Display,7651,2025-08-28,2025-09-08,7365,TE Connectivity,Germany,25,315.88,71,0,0,0.0,0,344,8,3,386,0.000215467021331229,0.0009668394253566584,108,542251,0.00016919115080672866
BATCH-2024-01711,27,Fan,4693,2024-09-18,2024-09-26,4533,Infineon,Taiwan,51,333.1,89,1,1,0.00021308331557639036,1,0,9,3,730,0.00011089276239704126,0.00035581711278072977,111,553940,0.00012855165100050963
BATCH-2025-01712,3,Display,6900,2025-01-24,2025-02-03,6472,Corning,Taiwan,24,487.86,63,2,2,0.0002898550724637681,1,128,1,1,602,0.0005290924687400791,0.0022824547846740364,105,511267,0.00016919115080672866
BATCH-2025-01713,13,Charger,5136,2025-03-15,2025-04-04,5085,Onsemi,USA,46,98.93,89,0,0,0.0,0,178,3,1,552,0.00013306539717335389,0.0004888825988608853,89,428711,0.0002259435803313693
BATCH-2024-01714,1,Processor,1254,2024-12-02,2024-12-11,1224,Samsung,USA,19,220.56,89,1,0,0.0,0,75,12,4,655,0.00017219294545324894,0.0013891588805521986,106,504263,0.0001723848232239575
BATCH-2025-01715,16,Motherboard,3008,2025-03-29,2025-04-07,2786,Hitachi,China,57,483.82,88,0,0,0.0,0,192,3,1,538,8.336477286677332e-05,0.0004697935134049564,95,503392,0.0002354934172429249
BATCH-2026-01716,17,Camera,9574,2026-01-08,2026-01-16,9162,Mitsubishi,Japan,33,186.49,72,2,2,0.00020889910173386254,1,477,1,1,253,0.00014815223187369047,0.00046308585294764547,114,569061,0.00017585459338616095
BATCH-2025-01717,9,Sensor,6944,2025-02-03,2025-02-20,6875,Sony,Taiwan,19,33.78,81,2,2,0.0002880184331797235,1,138,2,1,592,0.00014132799993781594,0.00029553061545999206,104,509780,0.00016450590746445605
BATCH-2025-01718,8,Sensor,6438,2025-03-30,2025-04-13,6271,LG Chem,South Korea,40,115.16,76,0,0,0.0,0,193,3,1,537,0.00013285380642027623,0.00028745834951003884,92,477433,0.00016450590746445605
BATCH-2025-01719,20,Motherboard,7344,2025-05-14,2025-05-30,6511,Delta Electronics,South Korea,30,335.57,68,1,1,0.00013616557734204794,1,238,5,2,492,0.00014552538396359592,0.00035285670745256997,82,427248,0.0002354934172429249
BATCH-2025-01720,46,Motherboard,8067,2025-04-17,2025-05-03,7445,Liteon,China,58,348.77,65,0,0,0.0,0,211,4,2,519,0.000177376316521378,0.0004995509860038717,96,502846,0.0002354934172429249
BATCH-2025-01721,47,Camera,8452,2025-07-23,2025-07-31,8334,Molex,Japan,37,191.75,76,2,2,0.000236630383341221,1,308,7,3,422,0.00015063481442028842,0.00045023343696729267,102,507171,0.00017585459338616095
BATCH-2025-01722,5,Memory,527,2025-04-01,2025-04-06,493,Apple,Japan,38,226.29,64,1,0,0.0,0,195,4,2,535,0.00029304167774806515,0.0010333897385835877,92,488005,0.00013960848603418856
BATCH-2025-01723,8,Speaker,157,2025-11-02,2025-11-21,155,LG Chem,South Korea,40,115.16,76,1,0,0.0,0,410,11,4,320,0.00013285380642027623,0.00028745834951003884,92,477433,0.00019289953369198322
BATCH-2026-01724,18,Camera,8927,2026-05-30,2026-06-14,8272,Bosch,Germany,18,96.36,77,1,1,0.0001120197154699227,0,619,5,2,111,0.00021806730730221415,0.0007021012099867912,110,557568,0.00017585459338616095
BATCH-2025-01725,37,Sensor,9701,2025-05-28,2025-06-02,9210,Huawei,USA,60,118.5,92,0,0,0.0,0,252,5,2,478,0.00010426815057621344,0.0003557497462935021,91,442918,0.00016450590746445605
BATCH-2025-01726,35,Connector,4305,2025-11-02,2025-11-13,4042,Nokia,Japan,42,219.49,61,0,0,0.0,0,410,11,4,320,0.00019787338089100073,0.0003538789829112609,102,503406,0.00020757696267843906
BATCH-2026-01727,40,Connector,2328,2026-09-11,2026-09-24,2305,Dell,China,20,392.38,81,0,0,0.0,0,723,9,3,7,0.00013234425192726218,0.0003712523513249762,101,498329,0.00020757696267843906
BATCH-2026-01728,36,Microcontroller,3778,2026-09-12,2026-09-23,3603,Ericsson,Germany,60,205.45,68,0,0,0.0,0,724,9,3,6,0.00016582352511078637,0.0003750099810004351,109,536222,0.00013908905895273712
BATCH-2026-01729,49,Memory,3937,2026-05-03,2026-05-17,3723,Coherent,USA,42,45.65,73,3,3,0.000762001524003048,1,592,5,2,138,0.00034438539861380375,0.0009931063632699735,93,417736,0.00013960848603418856
BATCH-2024-01730,34,Display,7308,2024-10-03,2024-10-19,7099,Renesas,China,19,153.37,81,1,1,0.00013683634373289546,1,15,10,4,715,0.00020629854890063796,0.000928870183527049,112,540044,0.00016919115080672866
BATCH-2025-01731,36,Power IC,7837,2025-12-07,2025-12-12,7521,Ericsson,Germany,60,205.45,68,0,0,0.0,0,445,12,4,285,0.00016582352511078637,0.0003750099810004351,109,536222,0.00017735448108886377
BATCH-2025-01732,42,Fan,2029,2025-10-14,2025-10-26,2009,Acer,Germany,34,85.15,90,1,0,0.0,0,391,10,4,339,5.058942432590356e-05,0.0001440589145000144,106,511239,0.00012855165100050963
BATCH-2026-01733,6,Connector,4785,2026-04-16,2026-04-30,4482,NVIDIA,Germany,38,463.53,74,2,1,0.0002089864158829676,1,575,4,2,155,0.00023377595866623649,0.0009271237760431065,104,528560,0.00020757696267843906
BATCH-2024-01734,8,Microcontroller,9899,2024-10-25,2024-11-07,9746,LG Chem,South Korea,40,115.16,76,0,0,0.0,0,37,10,4,693,0.00013285380642027623,0.00028745834951003884,92,477433,0.00013908905895273712
BATCH-2026-01735,15,Battery,8452,2026-01-25,2026-02-05,8334,SK Hynix,Taiwan,40,342.16,65,1,1,0.0001183151916706105,0,494,1,1,236,0.00026051175061660777,0.0007352320636847295,93,436297,0.00021173401481822628
BATCH-2025-01736,20,Fan,410,2025-01-02,2025-01-20,396,Delta Electronics,South Korea,30,335.57,68,1,1,0.0024390243902439024,1,106,1,1,624,0.00014552538396359592,0.00035285670745256997,82,427248,0.00012855165100050963
BATCH-2025-01737,25,Motherboard,3516,2025-06-23,2025-07-08,3481,Broadcom,USA,26,71.6,85,0,0,0.0,0,278,6,2,452,9.454505074439549e-05,0.0003137783114627588,84,481980,0.0002354934172429249
BATCH-2026-01738,30,Camera,1638,2026-01-16,2026-01-29,1599,Western Digital,Germany,16,59.04,65,2,2,0.001221001221001221,1,485,1,1,245,0.00026662885278630423,0.0008545899187981254,93,459619,0.00017585459338616095
BATCH-2025-01739,19,Battery,5445,2025-08-02,2025-08-13,5033,Sumitomo,USA,36,238.9,64,0,0,0.0,0,318,8,3,412,0.00016876737493119937,0.00039378300837730447,91,458378,0.00021173401481822628
BATCH-2024-01740,23,Camera,5694,2024-10-22,2024-10-29,5602,ASE,Japan,50,402.77,91,1,1,0.00017562346329469617,1,34,10,4,696,6.663525433902222e-05,0.00015954052120490043,90,441864,0.00017585459338616095
BATCH-2025-01741,33,Display,8554,2025-09-07,2025-09-14,8468,Denso,Taiwan,41,277.68,84,0,0,0.0,0,354,9,3,376,0.00013528007016307464,0.0006519489677036868,119,602071,0.00016919115080672866
BATCH-2025-01742,16,Sensor,4394,2025-08-20,2025-09-08,4061,Hitachi,China,57,483.82,88,0,0,0.0,0,336,8,3,394,8.336477286677332e-05,0.0004697935134049564,95,503392,0.00016450590746445605
BATCH-2025-01743,49,PCB,8218,2025-03-01,2025-03-13,7654,Coherent,USA,42,45.65,73,1,1,0.00012168410805548795,0,164,3,1,566,0.00034438539861380375,0.0009931063632699735,93,417736,0.0002244207567666141
BATCH-2026-01744,18,Power IC,4265,2026-05-13,2026-05-28,4222,Bosch,Germany,18,96.36,77,1,1,0.00023446658851113716,1,602,5,2,128,0.00021806730730221415,0.0007021012099867912,110,557568,0.00017735448108886377
BATCH-2025-01745,25,Memory,9661,2025-12-29,2026-01-03,9353,Broadcom,USA,26,71.6,85,0,0,0.0,0,467,12,4,263,9.454505074439549e-05,0.0003137783114627588,84,481980,0.00013960848603418856
BATCH-2024-01746,9,Battery,7938,2024-12-31,2025-01-07,7859,Sony,Taiwan,19,33.78,81,3,3,0.0003779289493575208,1,104,12,4,626,0.00014132799993781594,0.00029553061545999206,104,509780,0.00021173401481822628
BATCH-2026-01747,13,Microcontroller,6352,2026-08-22,2026-09-01,6219,Onsemi,USA,46,98.93,89,0,0,0.0,0,703,8,3,27,0.00013306539717335389,0.0004888825988608853,89,428711,0.00013908905895273712
BATCH-2025-01748,31,Battery,8349,2025-01-30,2025-02-07,8036,Kyocera,USA,35,236.61,85,1,0,0.0,0,134,1,1,596,0.00018411673535101585,0.0009126920964599268,104,605811,0.00021173401481822628
BATCH-2026-01749,16,Charger,3021,2026-07-16,2026-07-30,2938,Hitachi,China,57,483.82,88,0,0,0.0,0,666,7,3,64,8.336477286677332e-05,0.0004697935134049564,95,503392,0.0002259435803313693
BATCH-2026-01750,46,PCB,1196,2026-08-12,2026-08-24,1125,Liteon,China,58,348.77,65,2,2,0.0016722408026755853,1,693,8,3,37,0.000177376316521378,0.0004995509860038717,96,502846,0.0002244207567666141
BATCH-2024-01751,5,Fan,4549,2024-12-28,2025-01-12,4276,Apple,Japan,38,226.29,64,1,1,0.00021982853374367993,1,101,12,4,629,0.00029304167774806515,0.0010333897385835877,92,488005,0.00012855165100050963
BATCH-2025-01752,3,Motherboard,4587,2025-06-15,2025-07-03,4238,Corning,Taiwan,24,487.86,63,0,0,0.0,0,270,6,2,460,0.0005290924687400791,0.0022824547846740364,105,511267,0.0002354934172429249
BATCH-2024-01753,8,PCB,4752,2024-10-15,2024-10-22,4704,LG Chem,South Korea,40,115.16,76,3,1,0.00021043771043771043,1,27,10,4,703,0.00013285380642027623,0.00028745834951003884,92,477433,0.0002244207567666141
BATCH-2025-01754,2,Processor,2291,2025-12-12,2025-12-26,2236,TSMC,South Korea,34,349.29,92,0,0,0.0,0,450,12,4,280,0.0001216095118122708,0.0004158402802419921,99,473547,0.0001723848232239575
BATCH-2026-01755,4,Processor,4001,2026-03-02,2026-03-17,3961,Intel,China,48,393.46,88,1,1,0.00024993751562109475,1,530,3,1,200,0.00018841892264149143,0.0009961276293195824,96,400272,0.0001723848232239575
BATCH-2025-01756,11,Battery,7524,2025-07-23,2025-07-28,7328,Murata,Japan,22,178.55,88,2,2,0.0002658160552897395,1,308,7,3,422,0.00015599689945027513,0.0009387029695731565,105,551463,0.00021173401481822628
BATCH-2025-01757,35,Camera,7594,2025-06-29,2025-07-11,6972,Nokia,Japan,42,219.49,61,2,0,0.0,0,284,6,2,446,0.00019787338089100073,0.0003538789829112609,102,503406,0.00017585459338616095
BATCH-2026-01758,5,Battery,5651,2026-04-10,2026-04-23,5262,Apple,Japan,38,226.29,64,2,1,0.00017695983011856308,1,569,4,2,161,0.00029304167774806515,0.0010333897385835877,92,488005,0.00021173401481822628
BATCH-2026-01759,14,Charger,3779,2026-06-30,2026-07-13,3741,STMicroelectronics,South Korea,31,23.81,77,0,0,0.0,0,650,6,2,80,0.0001573864901705702,0.00046936123067953895,91,385139,0.0002259435803313693
BATCH-2026-01760,36,PCB,9088,2026-08-11,2026-08-31,8726,Ericsson,Germany,60,205.45,68,2,0,0.0,0,692,8,3,38,0.00016582352511078637,0.0003750099810004351,109,536222,0.0002244207567666141
BATCH-2026-01761,6,PCB,3230,2026-04-28,2026-05-17,3067,NVIDIA,Germany,38,463.53,74,0,0,0.0,0,587,4,2,143,0.00023377595866623649,0.0009271237760431065,104,528560,0.0002244207567666141
BATCH-2026-01762,33,Sensor,9655,2026-05-07,2026-05-15,9265,Denso,Taiwan,41,277.68,84,2,1,0.00010357327809425168,0,596,5,2,134,0.00013528007016307464,0.0006519489677036868,119,602071,0.00016450590746445605
BATCH-2024-01763,17,Motherboard,8440,2024-11-21,2024-11-27,8356,Mitsubishi,Japan,33,186.49,72,1,1,0.00011848341232227489,0,64,11,4,666,0.00014815223187369047,0.00046308585294764547,114,569061,0.0002354934172429249
BATCH-2024-01764,35,Processor,3559,2024-10-13,2024-10-29,3367,Nokia,Japan,42,219.49,61,0,0,0.0,0,25,10,4,705,0.00019787338089100073,0.0003538789829112609,102,503406,0.0001723848232239575
BATCH-2026-01765,17,PCB,510,2026-08-13,2026-09-01,484,Mitsubishi,Japan,33,186.49,72,2,2,0.00392156862745098,1,694,8,3,36,0.00014815223187369047,0.00046308585294764547,114,569061,0.0002244207567666141
BATCH-2024-01766,8,Processor,5108,2024-11-05,2024-11-18,5057,LG Chem,South Korea,40,115.16,76,2,2,0.00039154267815191856,1,48,11,4,682,0.00013285380642027623,0.00028745834951003884,92,477433,0.0001723848232239575
BATCH-2025-01767,45,Sensor,6454,2025-11-30,2025-12-20,6181,Pegatron,Taiwan,47,251.52,66,5,5,0.0007747133560582584,1,438,11,4,292,0.0001275169517997213,0.0003266025273992103,94,477190,0.00016450590746445605
BATCH-2025-01768,12,Motherboard,8666,2025-04-08,2025-04-14,8148,Amphenol,Germany,18,446.77,96,0,0,0.0,0,202,4,2,528,8.015372036339901e-05,0.00041034141517753633,113,576135,0.0002354934172429249
BATCH-2026-01769,19,Battery,8514,2026-05-28,2026-06-13,8205,Sumitomo,USA,36,238.9,64,1,1,0.00011745360582569885,0,617,5,2,113,0.00016876737493119937,0.00039378300837730447,91,458378,0.00021173401481822628
BATCH-2025-01770,29,Processor,2573,2025-08-12,2025-08-23,2445,Seagate,Japan,40,285.23,77,1,1,0.000388651379712398,1,328,8,3,402,0.00016256441034907573,0.0004929460254392659,92,456988,0.0001723848232239575
BATCH-2025-01771,14,Memory,4706,2025-08-26,2025-09-13,4566,STMicroelectronics,South Korea,31,23.81,77,0,0,0.0,0,342,8,3,388,0.0001573864901705702,0.00046936123067953895,91,385139,0.00013960848603418856
BATCH-2025-01772,38,Camera,4331,2025-11-01,2025-11-11,4098,Xiaomi,South Korea,52,142.13,62,0,0,0.0,0,409,11,4,321,0.0002941454324685746,0.0007248486269555904,106,537180,0.00017585459338616095
BATCH-2026-01773,30,Speaker,5319,2026-06-17,2026-07-07,5107,Western Digital,Germany,16,59.04,65,0,0,0.0,0,637,6,2,93,0.00026662885278630423,0.0008545899187981254,93,459619,0.00019289953369198322
BATCH-2025-01774,46,Charger,4573,2025-07-15,2025-07-24,4364,Liteon,China,58,348.77,65,1,0,0.0,0,300,7,3,430,0.000177376316521378,0.0004995509860038717,96,502846,0.0002259435803313693
BATCH-2026-01775,49,Microcontroller,4256,2026-03-02,2026-03-15,4167,Coherent,USA,42,45.65,73,0,0,0.0,0,530,3,1,200,0.00034438539861380375,0.0009931063632699735,93,417736,0.00013908905895273712
BATCH-2025-01776,25,Fan,7748,2025-12-16,2026-01-04,7539,Broadcom,USA,26,71.6,85,0,0,0.0,0,454,12,4,276,9.454505074439549e-05,0.0003137783114627588,84,481980,0.00012855165100050963
BATCH-2025-01777,20,Sensor,7839,2025-04-05,2025-04-24,7342,Delta Electronics,South Korea,30,335.57,68,2,1,0.00012756729174639623,0,199,4,2,531,0.00014552538396359592,0.00035285670745256997,82,427248,0.00016450590746445605
BATCH-2024-01778,25,Connector,9434,2024-12-01,2024-12-14,9340,Broadcom,USA,26,71.6,85,0,0,0.0,0,74,12,4,656,9.454505074439549e-05,0.0003137783114627588,84,481980,0.00020757696267843906
BATCH-2025-01779,29,Charger,1448,2025-12-28,2026-01-16,1401,Seagate,Japan,40,285.23,77,2,2,0.0013812154696132596,1,466,12,4,264,0.00016256441034907573,0.0004929460254392659,92,456988,0.0002259435803313693
BATCH-2026-01780,27,Microcontroller,8706,2026-07-08,2026-07-18,8364,Infineon,Taiwan,51,333.1,89,1,1,0.00011486331265793706,0,658,7,3,72,0.00011089276239704126,0.00035581711278072977,111,553940,0.00013908905895273712
BATCH-2025-01781,12,Battery,3900,2025-10-26,2025-11-01,3835,Amphenol,Germany,18,446.77,96,0,0,0.0,0,403,10,4,327,8.015372036339901e-05,0.00041034141517753633,113,576135,0.00021173401481822628
BATCH-2025-01782,36,Camera,610,2025-05-03,2025-05-23,601,Ericsson,Germany,60,205.45,68,3,2,0.003278688524590164,1,227,5,2,503,0.00016582352511078637,0.0003750099810004351,109,536222,0.00017585459338616095
BATCH-2025-01783,43,Camera,6462,2025-02-14,2025-02-24,6163,ASUSTeK,USA,30,46.84,60,2,2,0.00030950170225936243,1,149,2,1,581,0.00044469895714356904,0.0012463320250862553,87,411235,0.00017585459338616095
BATCH-2026-01784,15,Camera,2985,2026-05-10,2026-05-22,2809,SK Hynix,Taiwan,40,342.16,65,1,0,0.0,0,599,5,2,131,0.00026051175061660777,0.0007352320636847295,93,436297,0.00017585459338616095
BATCH-2026-01785,7,Fan,3716,2026-01-11,2026-01-22,3679,Foxconn,USA,50,411.74,84,0,0,0.0,0,480,1,1,250,0.0003217144075727912,0.0015438669764764946,105,555087,0.00012855165100050963
BATCH-2025-01786,38,Battery,8787,2025-10-02,2025-10-11,8392,Xiaomi,South Korea,52,142.13,62,1,0,0.0,0,379,10,4,351,0.0002941454324685746,0.0007248486269555904,106,537180,0.00021173401481822628
BATCH-2025-01787,46,Microcontroller,3996,2025-02-12,2025-02-23,3831,Liteon,China,58,348.77,65,2,2,0.0005005005005005005,1,147,2,1,583,0.000177376316521378,0.0004995509860038717,96,502846,0.00013908905895273712
BATCH-2025-01788,7,Microcontroller,3257,2025-02-09,2025-02-16,3224,Foxconn,USA,50,411.74,84,0,0,0.0,0,144,2,1,586,0.0003217144075727912,0.0015438669764764946,105,555087,0.00013908905895273712
BATCH-2026-01789,4,Motherboard,4655,2026-04-20,2026-05-02,4405,Intel,China,48,393.46,88,1,0,0.0,0,579,4,2,151,0.00018841892264149143,0.0009961276293195824,96,400272,0.0002354934172429249
BATCH-2026-01790,8,Memory,8156,2026-06-20,2026-06-27,8074,LG Chem,South Korea,40,115.16,76,2,2,0.0002452182442373713,1,640,6,2,90,0.00013285380642027623,0.00028745834951003884,92,477433,0.00013960848603418856
BATCH-2025-01791,6,Processor,914,2025-10-05,2025-10-12,905,NVIDIA,Germany,38,463.53,74,1,1,0.0010940919037199124,1,382,10,4,348,0.00023377595866623649,0.0009271237760431065,104,528560,0.0001723848232239575
BATCH-2024-01792,10,Power IC,9626,2024-12-08,2024-12-16,9333,Panasonic,China,54,316.57,91,0,0,0.0,0,81,12,4,649,0.000144927638474753,0.0007549544377028447,94,435868,0.00017735448108886377
BATCH-2024-01793,7,Battery,4273,2024-10-01,2024-10-12,4230,Foxconn,USA,50,411.74,84,0,0,0.0,0,13,10,4,717,0.0003217144075727912,0.0015438669764764946,105,555087,0.00021173401481822628
BATCH-2025-01794,38,Sensor,9474,2025-10-02,2025-10-15,9107,Xiaomi,South Korea,52,142.13,62,2,1,0.00010555203715431708,0,379,10,4,351,0.0002941454324685746,0.0007248486269555904,106,537180,0.00016450590746445605
BATCH-2025-01795,5,Sensor,3254,2025-02-13,2025-02-19,3025,Apple,Japan,38,226.29,64,3,2,0.0006146281499692685,1,148,2,1,582,0.00029304167774806515,0.0010333897385835877,92,488005,0.00016450590746445605
BATCH-2025-01796,44,Display,3478,2025-12-15,2025-12-28,3443,Wistron,South Korea,50,232.01,87,0,0,0.0,0,453,12,4,277,0.00010336577465557791,0.000380745741124954,117,590216,0.00016919115080672866
BATCH-2024-01797,21,Motherboard,2670,2024-11-15,2024-12-04,2509,Jabil,Taiwan,58,416.67,76,1,0,0.0,0,58,11,4,672,0.00034128023110612925,0.0012045823376322067,117,579869,0.0002354934172429249
BATCH-2024-01798,2,Camera,4010,2024-12-21,2025-01-02,3933,TSMC,South Korea,34,349.29,92,0,0,0.0,0,94,12,4,636,0.0001216095118122708,0.0004158402802419921,99,473547,0.00017585459338616095
BATCH-2025-01799,47,Connector,5965,2025-08-06,2025-08-16,5857,Molex,Japan,37,191.75,76,0,0,0.0,0,322,8,3,408,0.00015063481442028842,0.00045023343696729267,102,507171,0.00020757696267843906
BATCH-2025-01800,6,Memory,6032,2025-12-31,2026-01-11,5813,NVIDIA,Germany,38,463.53,74,1,1,0.00016578249336870026,1,469,12,4,261,0.00023377595866623649,0.0009271237760431065,104,528560,0.00013960848603418856
BATCH-2026-01801,44,Charger,8728,2026-06-03,2026-06-11,8068,Wistron,South Korea,50,232.01,87,0,0,0.0,0,623,6,2,107,0.00010336577465557791,0.000380745741124954,117,590216,0.0002259435803313693
BATCH-2025-01802,29,Speaker,9118,2025-12-19,2026-01-06,8980,Seagate,Japan,40,285.23,77,1,0,0.0,0,457,12,4,273,0.00016256441034907573,0.0004929460254392659,92,456988,0.00019289953369198322
BATCH-2025-01803,43,Camera,281,2025-01-07,2025-01-15,277,ASUSTeK,USA,30,46.84,60,2,1,0.0035587188612099642,1,111,1,1,619,0.00044469895714356904,0.0012463320250862553,87,411235,0.00017585459338616095
BATCH-2025-01804,35,Processor,6869,2025-06-10,2025-06-27,6412,Nokia,Japan,42,219.49,61,0,0,0.0,0,265,6,2,465,0.00019787338089100073,0.0003538789829112609,102,503406,0.0001723848232239575
BATCH-2025-01805,3,Camera,9242,2025-09-11,2025-09-23,8713,Corning,Taiwan,24,487.86,63,1,1,0.00010820168794633196,0,358,9,3,372,0.0005290924687400791,0.0022824547846740364,105,511267,0.00017585459338616095
BATCH-2026-01806,14,Microcontroller,7493,2026-03-10,2026-03-22,7029,STMicroelectronics,South Korea,31,23.81,77,1,1,0.00013345789403443215,1,538,3,1,192,0.0001573864901705702,0.00046936123067953895,91,385139,0.00013908905895273712
BATCH-2026-01807,41,Memory,1006,2026-02-20,2026-03-11,996,HP,Japan,60,204.38,85,0,0,0.0,0,520,2,1,210,0.00012231852387452777,0.00025339821295037224,87,408153,0.00013960848603418856
BATCH-2026-01808,12,Charger,7180,2026-02-13,2026-02-22,6889,Amphenol,Germany,18,446.77,96,1,0,0.0,0,513,2,1,217,8.015372036339901e-05,0.00041034141517753633,113,576135,0.0002259435803313693
BATCH-2025-01809,21,PCB,3644,2025-03-19,2025-04-06,3608,Jabil,Taiwan,58,416.67,76,1,1,0.00027442371020856203,1,182,3,1,548,0.00034128023110612925,0.0012045823376322067,117,579869,0.0002244207567666141
BATCH-2026-01810,37,Motherboard,8676,2026-04-24,2026-05-05,8589,Huawei,USA,60,118.5,92,0,0,0.0,0,583,4,2,147,0.00010426815057621344,0.0003557497462935021,91,442918,0.0002354934172429249
BATCH-2025-01811,39,Microcontroller,6848,2025-11-06,2025-11-20,6614,Lenovo,Taiwan,57,331.63,71,2,1,0.00014602803738317756,1,414,11,4,316,0.00017438124238925042,0.000501056949565781,101,560841,0.00013908905895273712
BATCH-2025-01812,6,Camera,4294,2025-09-06,2025-09-14,4251,NVIDIA,Germany,38,463.53,74,2,1,0.0002328830926874709,1,353,9,3,377,0.00023377595866623649,0.0009271237760431065,104,528560,0.00017585459338616095
BATCH-2025-01813,35,Motherboard,1074,2025-08-23,2025-09-12,1052,Nokia,Japan,42,219.49,61,0,0,0.0,0,339,8,3,391,0.00019787338089100073,0.0003538789829112609,102,503406,0.0002354934172429249
BATCH-2026-01814,44,Processor,9743,2026-03-08,2026-03-27,9557,Wistron,South Korea,50,232.01,87,0,0,0.0,0,536,3,1,194,0.00010336577465557791,0.000380745741124954,117,590216,0.0001723848232239575
BATCH-2024-01815,1,Speaker,4644,2024-10-02,2024-10-11,4537,Samsung,USA,19,220.56,89,1,0,0.0,0,14,10,4,716,0.00017219294545324894,0.0013891588805521986,106,504263,0.00019289953369198322
BATCH-2025-01816,50,Speaker,6682,2025-05-18,2025-06-05,6439,APC,South Korea,30,481.03,64,2,1,0.000149655791679138,1,242,5,2,488,0.0002753509047441992,0.0007401953979905162,113,559124,0.00019289953369198322
BATCH-2024-01817,17,PCB,984,2024-09-26,2024-10-11,905,Mitsubishi,Japan,33,186.49,72,2,2,0.0020325203252032522,1,8,9,3,722,0.00014815223187369047,0.00046308585294764547,114,569061,0.0002244207567666141
BATCH-2025-01818,23,Battery,3803,2025-03-07,2025-03-21,3765,ASE,Japan,50,402.77,91,2,1,0.00026295030239284776,1,170,3,1,560,6.663525433902222e-05,0.00015954052120490043,90,441864,0.00021173401481822628
BATCH-2025-01819,4,Charger,2718,2025-11-14,2025-11-27,2645,Intel,China,48,393.46,88,0,0,0.0,0,422,11,4,308,0.00018841892264149143,0.0009961276293195824,96,400272,0.0002259435803313693
BATCH-2026-01820,44,Battery,503,2026-07-06,2026-07-26,482,Wistron,South Korea,50,232.01,87,1,1,0.0019880715705765406,1,656,7,3,74,0.00010336577465557791,0.000380745741124954,117,590216,0.00021173401481822628
BATCH-2025-01821,35,Power IC,8900,2025-11-12,2025-11-29,8446,Nokia,Japan,42,219.49,61,1,1,0.00011235955056179776,0,420,11,4,310,0.00019787338089100073,0.0003538789829112609,102,503406,0.00017735448108886377
BATCH-2025-01822,40,Motherboard,1875,2025-02-15,2025-03-04,1842,Dell,China,20,392.38,81,1,0,0.0,0,150,2,1,580,0.00013234425192726218,0.0003712523513249762,101,498329,0.0002354934172429249
BATCH-2026-01823,1,Sensor,6405,2026-03-06,2026-03-25,6341,Samsung,USA,19,220.56,89,1,1,0.000156128024980484,1,534,3,1,196,0.00017219294545324894,0.0013891588805521986,106,504263,0.00016450590746445605
BATCH-2024-01824,33,Charger,3109,2024-11-04,2024-11-24,3078,Denso,Taiwan,41,277.68,84,2,2,0.000643293663557414,1,47,11,4,683,0.00013528007016307464,0.0006519489677036868,119,602071,0.0002259435803313693
BATCH-2025-01825,18,Processor,9044,2025-02-25,2025-03-03,8954,Bosch,Germany,18,96.36,77,1,1,0.00011057054400707652,0,160,2,1,570,0.00021806730730221415,0.0007021012099867912,110,557568,0.0001723848232239575
BATCH-2024-01826,18,Camera,361,2024-09-27,2024-10-10,345,Bosch,Germany,18,96.36,77,0,0,0.0,0,9,9,3,721,0.00021806730730221415,0.0007021012099867912,110,557568,0.00017585459338616095
BATCH-2026-01827,15,Camera,4298,2026-09-12,2026-09-21,4018,SK Hynix,Taiwan,40,342.16,65,0,0,0.0,0,724,9,3,6,0.00026051175061660777,0.0007352320636847295,93,436297,0.00017585459338616095
BATCH-2025-01828,36,Memory,4542,2025-09-23,2025-09-30,4497,Ericsson,Germany,60,205.45,68,2,2,0.00044033465433729633,1,370,9,3,360,0.00016582352511078637,0.0003750099810004351,109,536222,0.00013960848603418856
BATCH-2025-01829,48,Power IC,441,2025-09-22,2025-10-11,427,TE Connectivity,Germany,25,315.88,71,0,0,0.0,0,369,9,3,361,0.000215467021331229,0.0009668394253566584,108,542251,0.00017735448108886377
BATCH-2025-01830,38,Battery,2542,2025-01-09,2025-01-28,2450,Xiaomi,South Korea,52,142.13,62,3,3,0.0011801730920535012,1,113,1,1,617,0.0002941454324685746,0.0007248486269555904,106,537180,0.00021173401481822628
BATCH-2026-01831,34,Camera,799,2026-05-28,2026-06-17,791,Renesas,China,19,153.37,81,1,1,0.0012515644555694619,1,617,5,2,113,0.00020629854890063796,0.000928870183527049,112,540044,0.00017585459338616095
BATCH-2026-01832,2,Processor,7244,2026-08-09,2026-08-18,7172,TSMC,South Korea,34,349.29,92,0,0,0.0,0,690,8,3,40,0.0001216095118122708,0.0004158402802419921,99,473547,0.0001723848232239575
BATCH-2026-01833,18,Camera,934,2026-05-24,2026-06-12,915,Bosch,Germany,18,96.36,77,1,0,0.0,0,613,5,2,117,0.00021806730730221415,0.0007021012099867912,110,557568,0.00017585459338616095
BATCH-2025-01834,4,Display,3872,2025-08-02,2025-08-20,3829,Intel,China,48,393.46,88,0,0,0.0,0,318,8,3,412,0.00018841892264149143,0.0009961276293195824,96,400272,0.00016919115080672866
BATCH-2025-01835,30,Fan,6655,2025-03-04,2025-03-11,6573,Western Digital,Germany,16,59.04,65,1,0,0.0,0,167,3,1,563,0.00026662885278630423,0.0008545899187981254,93,459619,0.00012855165100050963
BATCH-2025-01836,23,Display,1269,2025-10-09,2025-10-29,1256,ASE,Japan,50,402.77,91,0,0,0.0,0,386,10,4,344,6.663525433902222e-05,0.00015954052120490043,90,441864,0.00016919115080672866
BATCH-2025-01837,47,Speaker,7208,2025-11-11,2025-11-28,6731,Molex,Japan,37,191.75,76,1,1,0.00013873473917869035,1,419,11,4,311,0.00015063481442028842,0.00045023343696729267,102,507171,0.00019289953369198322
BATCH-2025-01838,26,Motherboard,8994,2025-04-20,2025-05-06,8539,Texas Instruments,South Korea,53,5.67,67,0,0,0.0,0,214,4,2,516,0.0002658174764162671,0.0009122443285503541,102,493376,0.0002354934172429249
BATCH-2025-01839,45,Speaker,2750,2025-12-04,2025-12-14,2722,Pegatron,Taiwan,47,251.52,66,2,1,0.0003636363636363636,1,442,12,4,288,0.0001275169517997213,0.0003266025273992103,94,477190,0.00019289953369198322
BATCH-2025-01840,22,Microcontroller,7601,2025-07-17,2025-08-06,7369,Flex,China,43,157.56,86,2,1,0.00013156163662675965,0,302,7,3,428,6.527455789884103e-05,0.00021075148645526503,94,530055,0.00013908905895273712
BATCH-2025-01841,18,PCB,9481,2025-12-01,2025-12-15,9156,Bosch,Germany,18,96.36,77,1,0,0.0,0,439,12,4,291,0.00021806730730221415,0.0007021012099867912,110,557568,0.0002244207567666141
BATCH-2026-01842,38,Charger,4842,2026-03-14,2026-03-23,4624,Xiaomi,South Korea,52,142.13,62,2,2,0.0004130524576621231,1,542,3,1,188,0.0002941454324685746,0.0007248486269555904,106,537180,0.0002259435803313693
BATCH-2026-01843,2,Microcontroller,8518,2026-06-10,2026-06-20,8361,TSMC,South Korea,34,349.29,92,0,0,0.0,0,630,6,2,100,0.0001216095118122708,0.0004158402802419921,99,473547,0.00013908905895273712
BATCH-2025-01844,26,Motherboard,6961,2025-07-12,2025-07-23,6487,Texas Instruments,South Korea,53,5.67,67,3,1,0.00014365752047119666,1,297,7,3,433,0.0002658174764162671,0.0009122443285503541,102,493376,0.0002354934172429249
BATCH-2025-01845,50,Microcontroller,7737,2025-05-30,2025-06-16,7358,APC,South Korea,30,481.03,64,2,0,0.0,0,254,5,2,476,0.0002753509047441992,0.0007401953979905162,113,559124,0.00013908905895273712
BATCH-2024-01846,13,Connector,1024,2024-11-16,2024-11-27,998,Onsemi,USA,46,98.93,89,2,1,0.0009765625,1,59,11,4,671,0.00013306539717335389,0.0004888825988608853,89,428711,0.00020757696267843906
BATCH-2025-01847,43,Display,9985,2025-04-04,2025-04-15,9751,ASUSTeK,USA,30,46.84,60,2,2,0.00020030045067601402,1,198,4,2,532,0.00044469895714356904,0.0012463320250862553,87,411235,0.00016919115080672866
BATCH-2025-01848,8,Display,1145,2025-12-06,2025-12-24,1134,LG Chem,South Korea,40,115.16,76,0,0,0.0,0,444,12,4,286,0.00013285380642027623,0.00028745834951003884,92,477433,0.00016919115080672866
BATCH-2024-01849,28,Display,3115,2024-09-25,2024-10-07,3038,Kioxia,China,36,390.8,86,1,0,0.0,0,7,9,3,723,6.548471380186631e-05,0.00020932699508353792,108,509896,0.00016919115080672866
BATCH-2025-01850,36,Connector,5144,2025-01-16,2025-01-22,5093,Ericsson,Germany,60,205.45,68,3,3,0.0005832037325038881,1,120,1,1,610,0.00016582352511078637,0.0003750099810004351,109,536222,0.00020757696267843906
BATCH-2025-01851,37,Display,3083,2025-07-15,2025-07-22,3052,Huawei,USA,60,118.5,92,0,0,0.0,0,300,7,3,430,0.00010426815057621344,0.0003557497462935021,91,442918,0.00016919115080672866
BATCH-2025-01852,43,Processor,2743,2025-11-17,2025-12-04,2640,ASUSTeK,USA,30,46.84,60,1,1,0.0003645643456069996,1,425,11,4,305,0.00044469895714356904,0.0012463320250862553,87,411235,0.0001723848232239575
BATCH-2025-01853,13,Processor,238,2025-07-27,2025-08-10,235,Onsemi,USA,46,98.93,89,1,1,0.004201680672268907,1,312,7,3,418,0.00013306539717335389,0.0004888825988608853,89,428711,0.0001723848232239575
BATCH-2025-01854,1,Microcontroller,6454,2025-10-03,2025-10-17,6389,Samsung,USA,19,220.56,89,0,0,0.0,0,380,10,4,350,0.00017219294545324894,0.0013891588805521986,106,504263,0.00013908905895273712
BATCH-2026-01855,19,Speaker,6660,2026-01-25,2026-02-08,6391,Sumitomo,USA,36,238.9,64,1,0,0.0,0,494,1,1,236,0.00016876737493119937,0.00039378300837730447,91,458378,0.00019289953369198322
BATCH-2025-01856,4,Speaker,5836,2025-02-28,2025-03-17,5736,Intel,China,48,393.46,88,1,0,0.0,0,163,2,1,567,0.00018841892264149143,0.0009961276293195824,96,400272,0.00019289953369198322
BATCH-2026-01857,25,Display,9272,2026-02-12,2026-02-22,9112,Broadcom,USA,26,71.6,85,0,0,0.0,0,512,2,1,218,9.454505074439549e-05,0.0003137783114627588,84,481980,0.00016919115080672866
BATCH-2026-01858,40,Speaker,334,2026-02-17,2026-03-07,310,Dell,China,20,392.38,81,0,0,0.0,0,517,2,1,213,0.00013234425192726218,0.0003712523513249762,101,498329,0.00019289953369198322
BATCH-2025-01859,38,Charger,7386,2025-12-20,2025-12-26,6959,Xiaomi,South Korea,52,142.13,62,1,0,0.0,0,458,12,4,272,0.0002941454324685746,0.0007248486269555904,106,537180,0.0002259435803313693
BATCH-2026-01860,5,Charger,354,2026-08-04,2026-08-23,333,Apple,Japan,38,226.29,64,3,3,0.00847457627118644,1,685,8,3,45,0.00029304167774806515,0.0010333897385835877,92,488005,0.0002259435803313693
BATCH-2026-01861,38,Speaker,5858,2026-09-10,2026-09-25,5517,Xiaomi,South Korea,52,142.13,62,3,2,0.0003414134516899966,1,722,9,3,8,0.0002941454324685746,0.0007248486269555904,106,537180,0.00019289953369198322
BATCH-2026-01862,34,Charger,5257,2026-07-20,2026-07-31,5014,Renesas,China,19,153.37,81,0,0,0.0,0,670,7,3,60,0.00020629854890063796,0.000928870183527049,112,540044,0.0002259435803313693
BATCH-2026-01863,40,Microcontroller,5467,2026-04-16,2026-04-25,5169,Dell,China,20,392.38,81,0,0,0.0,0,575,4,2,155,0.00013234425192726218,0.0003712523513249762,101,498329,0.00013908905895273712
BATCH-2025-01864,22,Motherboard,8847,2025-05-14,2025-05-21,8211,Flex,China,43,157.56,86,1,0,0.0,0,238,5,2,492,6.527455789884103e-05,0.00021075148645526503,94,530055,0.0002354934172429249
BATCH-2026-01865,47,Camera,7219,2026-02-22,2026-03-11,7147,Molex,Japan,37,191.75,76,3,3,0.000415570023548968,1,522,2,1,208,0.00015063481442028842,0.00045023343696729267,102,507171,0.00017585459338616095
BATCH-2026-01866,41,Display,2003,2026-06-27,2026-07-15,1983,HP,Japan,60,204.38,85,1,1,0.0004992511233150275,1,647,6,2,83,0.00012231852387452777,0.00025339821295037224,87,408153,0.00016919115080672866
BATCH-2025-01867,13,Charger,6424,2025-09-25,2025-10-07,6206,Onsemi,USA,46,98.93,89,0,0,0.0,0,372,9,3,358,0.00013306539717335389,0.0004888825988608853,89,428711,0.0002259435803313693
BATCH-2025-01868,22,Processor,1458,2025-05-25,2025-06-05,1440,Flex,China,43,157.56,86,0,0,0.0,0,249,5,2,481,6.527455789884103e-05,0.00021075148645526503,94,530055,0.0001723848232239575
BATCH-2025-01869,33,Processor,1096,2025-08-17,2025-08-31,1065,Denso,Taiwan,41,277.68,84,0,0,0.0,0,333,8,3,397,0.00013528007016307464,0.0006519489677036868,119,602071,0.0001723848232239575
BATCH-2024-01870,34,Sensor,5979,2024-10-16,2024-11-03,5645,Renesas,China,19,153.37,81,1,1,0.00016725204883759825,1,28,10,4,702,0.00020629854890063796,0.000928870183527049,112,540044,0.00016450590746445605
BATCH-2026-01871,16,Charger,367,2026-08-06,2026-08-23,363,Hitachi,China,57,483.82,88,0,0,0.0,0,687,8,3,43,8.336477286677332e-05,0.0004697935134049564,95,503392,0.0002259435803313693
BATCH-2025-01872,45,Sensor,4807,2025-11-21,2025-12-03,4685,Pegatron,Taiwan,47,251.52,66,0,0,0.0,0,429,11,4,301,0.0001275169517997213,0.0003266025273992103,94,477190,0.00016450590746445605
BATCH-2026-01873,10,Fan,8836,2026-05-08,2026-05-18,8748,Panasonic,China,54,316.57,91,1,0,0.0,0,597,5,2,133,0.000144927638474753,0.0007549544377028447,94,435868,0.00012855165100050963
BATCH-2025-01874,23,Motherboard,3495,2025-09-03,2025-09-09,3406,ASE,Japan,50,402.77,91,1,1,0.0002861230329041488,1,350,9,3,380,6.663525433902222e-05,0.00015954052120490043,90,441864,0.0002354934172429249
BATCH-2025-01875,29,Memory,9155,2025-03-07,2025-03-16,8542,Seagate,Japan,40,285.23,77,0,0,0.0,0,170,3,1,560,0.00016256441034907573,0.0004929460254392659,92,456988,0.00013960848603418856
BATCH-2025-01876,32,Processor,1311,2025-05-25,2025-06-06,1238,Canon,South Korea,54,382.97,81,0,0,0.0,0,249,5,2,481,8.286140374041643e-05,0.0002525478149158471,93,484783,0.0001723848232239575
BATCH-2025-01877,22,Battery,4399,2025-10-11,2025-10-25,4355,Flex,China,43,157.56,86,0,0,0.0,0,388,10,4,342,6.527455789884103e-05,0.00021075148645526503,94,530055,0.00021173401481822628
BATCH-2025-01878,31,Battery,1631,2025-12-13,2025-12-31,1575,Kyocera,USA,35,236.61,85,0,0,0.0,0,451,12,4,279,0.00018411673535101585,0.0009126920964599268,104,605811,0.00021173401481822628
BATCH-2025-01879,4,Power IC,479,2025-12-19,2025-12-30,435,Intel,China,48,393.46,88,2,2,0.0041753653444676405,1,457,12,4,273,0.00018841892264149143,0.0009961276293195824,96,400272,0.00017735448108886377
BATCH-2025-01880,42,Connector,8422,2025-10-06,2025-10-21,8033,Acer,Germany,34,85.15,90,2,2,0.00023747328425552126,1,383,10,4,347,5.058942432590356e-05,0.0001440589145000144,106,511239,0.00020757696267843906
BATCH-2025-01881,43,Connector,311,2025-06-21,2025-07-02,297,ASUSTeK,USA,30,46.84,60,2,2,0.006430868167202572,1,276,6,2,454,0.00044469895714356904,0.0012463320250862553,87,411235,0.00020757696267843906
BATCH-2024-01882,21,Charger,4297,2024-10-09,2024-10-20,4113,Jabil,Taiwan,58,416.67,76,0,0,0.0,0,21,10,4,709,0.00034128023110612925,0.0012045823376322067,117,579869,0.0002259435803313693
BATCH-2026-01883,13,Camera,1521,2026-03-20,2026-03-26,1506,Onsemi,USA,46,98.93,89,1,1,0.0006574621959237344,1,548,3,1,182,0.00013306539717335389,0.0004888825988608853,89,428711,0.00017585459338616095
BATCH-2026-01884,29,Memory,5473,2026-03-27,2026-04-14,5386,Seagate,Japan,40,285.23,77,0,0,0.0,0,555,3,1,175,0.00016256441034907573,0.0004929460254392659,92,456988,0.00013960848603418856
BATCH-2026-01885,24,Display,6163,2026-09-01,2026-09-08,5766,Qualcomm,Germany,53,145.59,74,0,0,0.0,0,713,9,3,17,0.00017211444124561363,0.00048508112533674527,88,458321,0.00016919115080672866
BATCH-2025-01886,1,Camera,7946,2025-07-02,2025-07-12,7867,Samsung,USA,19,220.56,89,1,1,0.00012584948401711554,0,287,7,3,443,0.00017219294545324894,0.0013891588805521986,106,504263,0.00017585459338616095
BATCH-2024-01887,7,Connector,3120,2024-11-01,2024-11-18,3089,Foxconn,USA,50,411.74,84,2,2,0.000641025641025641,1,44,11,4,686,0.0003217144075727912,0.0015438669764764946,105,555087,0.00020757696267843906
BATCH-2025-01888,1,Connector,1074,2025-06-12,2025-06-26,1063,Samsung,USA,19,220.56,89,0,0,0.0,0,267,6,2,463,0.00017219294545324894,0.0013891588805521986,106,504263,0.00020757696267843906
BATCH-2026-01889,39,Sensor,1213,2026-02-05,2026-02-12,1182,Lenovo,Taiwan,57,331.63,71,2,1,0.0008244023083264633,1,505,2,1,225,0.00017438124238925042,0.000501056949565781,101,560841,0.00016450590746445605
BATCH-2025-01890,1,Processor,7796,2025-11-29,2025-12-18,7718,Samsung,USA,19,220.56,89,0,0,0.0,0,437,11,4,293,0.00017219294545324894,0.0013891588805521986,106,504263,0.0001723848232239575
BATCH-2026-01891,43,Display,3680,2026-04-24,2026-05-03,3546,ASUSTeK,USA,30,46.84,60,1,1,0.0002717391304347826,1,583,4,2,147,0.00044469895714356904,0.0012463320250862553,87,411235,0.00016919115080672866
BATCH-2026-01892,45,Fan,2509,2026-08-25,2026-08-30,2483,Pegatron,Taiwan,47,251.52,66,0,0,0.0,0,706,8,3,24,0.0001275169517997213,0.0003266025273992103,94,477190,0.00012855165100050963
BATCH-2026-01893,30,Fan,9603,2026-01-25,2026-02-09,9170,Western Digital,Germany,16,59.04,65,2,0,0.0,0,494,1,1,236,0.00026662885278630423,0.0008545899187981254,93,459619,0.00012855165100050963
BATCH-2025-01894,16,Processor,8338,2025-06-07,2025-06-19,8255,Hitachi,China,57,483.82,88,0,0,0.0,0,262,6,2,468,8.336477286677332e-05,0.0004697935134049564,95,503392,0.0001723848232239575
BATCH-2025-01895,14,Connector,487,2025-05-30,2025-06-05,481,STMicroelectronics,South Korea,31,23.81,77,1,1,0.002053388090349076,1,254,5,2,476,0.0001573864901705702,0.00046936123067953895,91,385139,0.00020757696267843906
BATCH-2024-01896,30,Fan,9774,2024-10-27,2024-11-09,9354,Western Digital,Germany,16,59.04,65,1,0,0.0,0,39,10,4,691,0.00026662885278630423,0.0008545899187981254,93,459619,0.00012855165100050963
BATCH-2025-01897,42,Connector,646,2025-10-22,2025-10-30,616,Acer,Germany,34,85.15,90,1,0,0.0,0,399,10,4,331,5.058942432590356e-05,0.0001440589145000144,106,511239,0.00020757696267843906
BATCH-2024-01898,18,Camera,3868,2024-11-06,2024-11-17,3829,Bosch,Germany,18,96.36,77,2,2,0.000517063081695967,1,49,11,4,681,0.00021806730730221415,0.0007021012099867912,110,557568,0.00017585459338616095
BATCH-2026-01899,15,Processor,5815,2026-01-09,2026-01-15,5734,SK Hynix,Taiwan,40,342.16,65,1,1,0.00017196904557179707,1,478,1,1,252,0.00026051175061660777,0.0007352320636847295,93,436297,0.0001723848232239575
BATCH-2026-01900,26,Power IC,7221,2026-02-21,2026-03-10,6738,Texas Instruments,South Korea,53,5.67,67,1,1,0.00013848497438027975,1,521,2,1,209,0.0002658174764162671,0.0009122443285503541,102,493376,0.00017735448108886377
BATCH-2025-01901,18,Connector,7897,2025-05-14,2025-05-20,7515,Bosch,Germany,18,96.36,77,2,1,0.00012663036596175764,0,238,5,2,492,0.00021806730730221415,0.0007021012099867912,110,557568,0.00020757696267843906
BATCH-2025-01902,36,Battery,6355,2025-02-09,2025-02-22,6069,Ericsson,Germany,60,205.45,68,1,0,0.0,0,144,2,1,586,0.00016582352511078637,0.0003750099810004351,109,536222,0.00021173401481822628
BATCH-2025-01903,49,Battery,1235,2025-10-28,2025-11-17,1182,Coherent,USA,42,45.65,73,1,1,0.0008097165991902834,1,405,10,4,325,0.00034438539861380375,0.0009931063632699735,93,417736,0.00021173401481822628
BATCH-2025-01904,8,Charger,6674,2025-04-21,2025-05-03,6476,LG Chem,South Korea,40,115.16,76,0,0,0.0,0,215,4,2,515,0.00013285380642027623,0.00028745834951003884,92,477433,0.0002259435803313693
BATCH-2026-01905,2,Fan,2817,2026-04-05,2026-04-22,2789,TSMC,South Korea,34,349.29,92,1,1,0.0003549875754348598,1,564,4,2,166,0.0001216095118122708,0.0004158402802419921,99,473547,0.00012855165100050963
BATCH-2026-01906,27,Speaker,4301,2026-06-03,2026-06-20,4190,Infineon,Taiwan,51,333.1,89,1,1,0.00023250406882120437,1,623,6,2,107,0.00011089276239704126,0.00035581711278072977,111,553940,0.00019289953369198322
BATCH-2025-01907,32,Charger,877,2025-05-22,2025-05-28,854,Canon,South Korea,54,382.97,81,0,0,0.0,0,246,5,2,484,8.286140374041643e-05,0.0002525478149158471,93,484783,0.0002259435803313693
BATCH-2026-01908,6,Connector,2003,2026-04-03,2026-04-18,1888,NVIDIA,Germany,38,463.53,74,0,0,0.0,0,562,4,2,168,0.00023377595866623649,0.0009271237760431065,104,528560,0.00020757696267843906
BATCH-2026-01909,7,Display,347,2026-08-26,2026-09-05,331,Foxconn,USA,50,411.74,84,0,0,0.0,0,707,8,3,23,0.0003217144075727912,0.0015438669764764946,105,555087,0.00016919115080672866
BATCH-2025-01910,33,Charger,4950,2025-08-22,2025-08-27,4900,Denso,Taiwan,41,277.68,84,1,0,0.0,0,338,8,3,392,0.00013528007016307464,0.0006519489677036868,119,602071,0.0002259435803313693
BATCH-2024-01911,19,Memory,7381,2024-09-28,2024-10-13,6734,Sumitomo,USA,36,238.9,64,0,0,0.0,0,10,9,3,720,0.00016876737493119937,0.00039378300837730447,91,458378,0.00013960848603418856
BATCH-2026-01912,44,Display,7473,2026-03-19,2026-03-31,6805,Wistron,South Korea,50,232.01,87,0,0,0.0,0,547,3,1,183,0.00010336577465557791,0.000380745741124954,117,590216,0.00016919115080672866
BATCH-2026-01913,7,Camera,7944,2026-08-29,2026-09-07,7667,Foxconn,USA,50,411.74,84,0,0,0.0,0,710,8,3,20,0.0003217144075727912,0.0015438669764764946,105,555087,0.00017585459338616095
BATCH-2025-01914,21,Camera,653,2025-03-08,2025-03-23,617,Jabil,Taiwan,58,416.67,76,3,3,0.004594180704441042,1,171,3,1,559,0.00034128023110612925,0.0012045823376322067,117,579869,0.00017585459338616095
BATCH-2026-01915,45,Fan,7291,2026-02-12,2026-02-25,6695,Pegatron,Taiwan,47,251.52,66,1,0,0.0,0,512,2,1,218,0.0001275169517997213,0.0003266025273992103,94,477190,0.00012855165100050963
BATCH-2025-01916,50,Display,3458,2025-03-23,2025-04-06,3300,APC,South Korea,30,481.03,64,3,3,0.0008675534991324465,1,186,3,1,544,0.0002753509047441992,0.0007401953979905162,113,559124,0.00016919115080672866
BATCH-2025-01917,4,Connector,5855,2025-02-12,2025-02-23,5796,Intel,China,48,393.46,88,1,1,0.0001707941929974381,1,147,2,1,583,0.00018841892264149143,0.0009961276293195824,96,400272,0.00020757696267843906
BATCH-2025-01918,48,PCB,3772,2025-11-13,2025-11-29,3598,TE Connectivity,Germany,25,315.88,71,2,1,0.0002651113467656416,1,421,11,4,309,0.000215467021331229,0.0009668394253566584,108,542251,0.0002244207567666141
BATCH-2025-01919,17,Display,346,2025-05-21,2025-06-07,324,Mitsubishi,Japan,33,186.49,72,0,0,0.0,0,245,5,2,485,0.00014815223187369047,0.00046308585294764547,114,569061,0.00016919115080672866
BATCH-2025-01920,12,Power IC,2228,2025-02-25,2025-03-03,2184,Amphenol,Germany,18,446.77,96,1,1,0.0004488330341113106,1,160,2,1,570,8.015372036339901e-05,0.00041034141517753633,113,576135,0.00017735448108886377
BATCH-2024-01921,42,Fan,3768,2024-11-19,2024-11-25,3649,Acer,Germany,34,85.15,90,0,0,0.0,0,62,11,4,668,5.058942432590356e-05,0.0001440589145000144,106,511239,0.00012855165100050963
BATCH-2025-01922,17,Charger,3610,2025-04-13,2025-04-26,3441,Mitsubishi,Japan,33,186.49,72,1,0,0.0,0,207,4,2,523,0.00014815223187369047,0.00046308585294764547,114,569061,0.0002259435803313693
BATCH-2025-01923,24,Speaker,6758,2025-11-03,2025-11-16,6690,Qualcomm,Germany,53,145.59,74,2,2,0.0002959455460195324,1,411,11,4,319,0.00017211444124561363,0.00048508112533674527,88,458321,0.00019289953369198322
BATCH-2024-01924,35,Charger,4435,2024-12-17,2024-12-27,4122,Nokia,Japan,42,219.49,61,2,2,0.00045095828635851183,1,90,12,4,640,0.00019787338089100073,0.0003538789829112609,102,503406,0.0002259435803313693
BATCH-2024-01925,21,Memory,9426,2024-10-07,2024-10-26,9317,Jabil,Taiwan,58,416.67,76,1,1,0.00010608953957139826,0,19,10,4,711,0.00034128023110612925,0.0012045823376322067,117,579869,0.00013960848603418856
BATCH-2026-01926,17,Microcontroller,1176,2026-08-25,2026-08-31,1123,Mitsubishi,Japan,33,186.49,72,3,0,0.0,0,706,8,3,24,0.00014815223187369047,0.00046308585294764547,114,569061,0.00013908905895273712
BATCH-2026-01927,25,Connector,1026,2026-04-26,2026-05-12,972,Broadcom,USA,26,71.6,85,0,0,0.0,0,585,4,2,145,9.454505074439549e-05,0.0003137783114627588,84,481980,0.00020757696267843906
BATCH-2026-01928,47,Fan,4313,2026-02-13,2026-02-22,3971,Molex,Japan,37,191.75,76,1,1,0.00023185717597959656,1,513,2,1,217,0.00015063481442028842,0.00045023343696729267,102,507171,0.00012855165100050963
BATCH-2025-01929,23,Power IC,2844,2025-12-16,2025-12-28,2751,ASE,Japan,50,402.77,91,1,1,0.00035161744022503517,1,454,12,4,276,6.663525433902222e-05,0.00015954052120490043,90,441864,0.00017735448108886377
BATCH-2025-01930,17,Motherboard,2179,2025-02-27,2025-03-06,1976,Mitsubishi,Japan,33,186.49,72,4,4,0.0018357044515832951,1,162,2,1,568,0.00014815223187369047,0.00046308585294764547,114,569061,0.0002354934172429249
BATCH-2024-01931,42,Fan,5889,2024-09-28,2024-10-16,5523,Acer,Germany,34,85.15,90,1,1,0.00016980811682798438,1,10,9,3,720,5.058942432590356e-05,0.0001440589145000144,106,511239,0.00012855165100050963
BATCH-2026-01932,31,Connector,3664,2026-04-10,2026-04-23,3548,Kyocera,USA,35,236.61,85,0,0,0.0,0,569,4,2,161,0.00018411673535101585,0.0009126920964599268,104,605811,0.00020757696267843906
BATCH-2025-01933,42,Charger,813,2025-09-01,2025-09-16,805,Acer,Germany,34,85.15,90,0,0,0.0,0,348,9,3,382,5.058942432590356e-05,0.0001440589145000144,106,511239,0.0002259435803313693
BATCH-2026-01934,41,PCB,8104,2026-04-30,2026-05-20,7710,HP,Japan,60,204.38,85,2,2,0.00024679170779861795,1,589,4,2,141,0.00012231852387452777,0.00025339821295037224,87,408153,0.0002244207567666141
BATCH-2025-01935,22,Motherboard,2441,2025-12-02,2025-12-16,2417,Flex,China,43,157.56,86,0,0,0.0,0,440,12,4,290,6.527455789884103e-05,0.00021075148645526503,94,530055,0.0002354934172429249
BATCH-2026-01936,34,Display,7523,2026-05-03,2026-05-22,7418,Renesas,China,19,153.37,81,0,0,0.0,0,592,5,2,138,0.00020629854890063796,0.000928870183527049,112,540044,0.00016919115080672866
BATCH-2025-01937,3,Speaker,993,2025-04-10,2025-04-26,950,Corning,Taiwan,24,487.86,63,1,1,0.0010070493454179255,1,204,4,2,526,0.0005290924687400791,0.0022824547846740364,105,511267,0.00019289953369198322
BATCH-2025-01938,30,Battery,7931,2025-11-20,2025-12-01,7573,Western Digital,Germany,16,59.04,65,0,0,0.0,0,428,11,4,302,0.00026662885278630423,0.0008545899187981254,93,459619,0.00021173401481822628
BATCH-2025-01939,28,Charger,2308,2025-01-19,2025-01-29,2284,Kioxia,China,36,390.8,86,0,0,0.0,0,123,1,1,607,6.548471380186631e-05,0.00020932699508353792,108,509896,0.0002259435803313693
BATCH-2024-01940,14,Display,3159,2024-10-23,2024-11-12,3127,STMicroelectronics,South Korea,31,23.81,77,0,0,0.0,0,35,10,4,695,0.0001573864901705702,0.00046936123067953895,91,385139,0.00016919115080672866
BATCH-2025-01941,21,Motherboard,9582,2025-11-10,2025-11-19,9207,Jabil,Taiwan,58,416.67,76,2,1,0.00010436234606553955,0,418,11,4,312,0.00034128023110612925,0.0012045823376322067,117,579869,0.0002354934172429249
BATCH-2024-01942,35,Processor,7097,2024-10-02,2024-10-21,6665,Nokia,Japan,42,219.49,61,2,1,0.0001409046075806679,1,14,10,4,716,0.00019787338089100073,0.0003538789829112609,102,503406,0.0001723848232239575
BATCH-2025-01943,33,Processor,8757,2025-04-03,2025-04-12,8237,Denso,Taiwan,41,277.68,84,0,0,0.0,0,197,4,2,533,0.00013528007016307464,0.0006519489677036868,119,602071,0.0001723848232239575
BATCH-2025-01944,36,Memory,5531,2025-04-18,2025-05-02,5321,Ericsson,Germany,60,205.45,68,1,1,0.0001807991321641656,1,212,4,2,518,0.00016582352511078637,0.0003750099810004351,109,536222,0.00013960848603418856
BATCH-2026-01945,39,Motherboard,8524,2026-02-28,2026-03-19,8052,Lenovo,Taiwan,57,331.63,71,1,1,0.00011731581417175035,0,528,2,1,202,0.00017438124238925042,0.000501056949565781,101,560841,0.0002354934172429249
BATCH-2026-01946,36,PCB,8915,2026-09-05,2026-09-19,8826,Ericsson,Germany,60,205.45,68,1,1,0.00011217049915872125,0,717,9,3,13,0.00016582352511078637,0.0003750099810004351,109,536222,0.0002244207567666141
BATCH-2025-01947,20,Display,8855,2025-12-23,2026-01-03,8766,Delta Electronics,South Korea,30,335.57,68,0,0,0.0,0,461,12,4,269,0.00014552538396359592,0.00035285670745256997,82,427248,0.00016919115080672866
BATCH-2026-01948,36,Camera,2953,2026-08-26,2026-09-08,2708,Ericsson,Germany,60,205.45,68,1,1,0.0003386386725364037,1,707,8,3,23,0.00016582352511078637,0.0003750099810004351,109,536222,0.00017585459338616095
BATCH-2025-01949,13,Fan,2983,2025-06-05,2025-06-15,2953,Onsemi,USA,46,98.93,89,0,0,0.0,0,260,6,2,470,0.00013306539717335389,0.0004888825988608853,89,428711,0.00012855165100050963
BATCH-2026-01950,9,Sensor,4020,2026-01-17,2026-01-23,3838,Sony,Taiwan,19,33.78,81,2,1,0.0002487562189054726,1,486,1,1,244,0.00014132799993781594,0.00029553061545999206,104,509780,0.00016450590746445605
BATCH-2025-01951,12,Memory,8536,2025-01-22,2025-02-04,8346,Amphenol,Germany,18,446.77,96,0,0,0.0,0,126,1,1,604,8.015372036339901e-05,0.00041034141517753633,113,576135,0.00013960848603418856
BATCH-2026-01952,30,Motherboard,7759,2026-06-30,2026-07-10,7681,Western Digital,Germany,16,59.04,65,2,2,0.0002577651759247326,1,650,6,2,80,0.00026662885278630423,0.0008545899187981254,93,459619,0.0002354934172429249
BATCH-2025-01953,43,Microcontroller,3012,2025-11-01,2025-11-19,2919,ASUSTeK,USA,30,46.84,60,4,1,0.00033200531208499334,1,409,11,4,321,0.00044469895714356904,0.0012463320250862553,87,411235,0.00013908905895273712
BATCH-2026-01954,2,Fan,2048,2026-03-24,2026-04-10,2028,TSMC,South Korea,34,349.29,92,1,1,0.00048828125,1,552,3,1,178,0.0001216095118122708,0.0004158402802419921,99,473547,0.00012855165100050963
BATCH-2026-01955,32,Microcontroller,525,2026-08-23,2026-09-06,515,Canon,South Korea,54,382.97,81,2,0,0.0,0,704,8,3,26,8.286140374041643e-05,0.0002525478149158471,93,484783,0.00013908905895273712
BATCH-2026-01956,14,Microcontroller,3237,2026-09-06,2026-09-21,3051,STMicroelectronics,South Korea,31,23.81,77,2,0,0.0,0,718,9,3,12,0.0001573864901705702,0.00046936123067953895,91,385139,0.00013908905895273712
BATCH-2024-01957,41,Processor,881,2024-09-21,2024-10-05,859,HP,Japan,60,204.38,85,0,0,0.0,0,3,9,3,727,0.00012231852387452777,0.00025339821295037224,87,408153,0.0001723848232239575
BATCH-2026-01958,3,Display,2651,2026-03-29,2026-04-17,2528,Corning,Taiwan,24,487.86,63,1,1,0.0003772161448509996,1,557,3,1,173,0.0005290924687400791,0.0022824547846740364,105,511267,0.00016919115080672866
BATCH-2026-01959,39,PCB,1614,2026-05-22,2026-06-09,1567,Lenovo,Taiwan,57,331.63,71,1,0,0.0,0,611,5,2,119,0.00017438124238925042,0.000501056949565781,101,560841,0.0002244207567666141
BATCH-2025-01960,37,Fan,8653,2025-10-01,2025-10-17,7951,Huawei,USA,60,118.5,92,0,0,0.0,0,378,10,4,352,0.00010426815057621344,0.0003557497462935021,91,442918,0.00012855165100050963
BATCH-2025-01961,5,Fan,5204,2025-11-29,2025-12-07,5010,Apple,Japan,38,226.29,64,2,2,0.0003843197540353574,1,437,11,4,293,0.00029304167774806515,0.0010333897385835877,92,488005,0.00012855165100050963
BATCH-2026-01962,27,Motherboard,4599,2026-05-21,2026-06-07,4553,Infineon,Taiwan,51,333.1,89,1,1,0.00021743857360295715,1,610,5,2,120,0.00011089276239704126,0.00035581711278072977,111,553940,0.0002354934172429249
BATCH-2025-01963,13,Processor,5774,2025-10-08,2025-10-21,5716,Onsemi,USA,46,98.93,89,1,1,0.00017319016279875303,1,385,10,4,345,0.00013306539717335389,0.0004888825988608853,89,428711,0.0001723848232239575
BATCH-2025-01964,4,Power IC,154,2025-07-04,2025-07-20,148,Intel,China,48,393.46,88,1,0,0.0,0,289,7,3,441,0.00018841892264149143,0.0009961276293195824,96,400272,0.00017735448108886377
BATCH-2025-01965,42,Microcontroller,5136,2025-06-23,2025-07-06,5085,Acer,Germany,34,85.15,90,3,2,0.0003894080996884735,1,278,6,2,452,5.058942432590356e-05,0.0001440589145000144,106,511239,0.00013908905895273712
BATCH-2025-01966,2,Processor,5578,2025-09-25,2025-10-15,5055,TSMC,South Korea,34,349.29,92,0,0,0.0,0,372,9,3,358,0.0001216095118122708,0.0004158402802419921,99,473547,0.0001723848232239575
BATCH-2025-01967,41,Charger,9270,2025-09-05,2025-09-19,8982,HP,Japan,60,204.38,85,1,1,0.00010787486515641856,0,352,9,3,378,0.00012231852387452777,0.00025339821295037224,87,408153,0.0002259435803313693
BATCH-2024-01968,6,Camera,6037,2024-11-15,2024-11-24,5640,NVIDIA,Germany,38,463.53,74,3,1,0.00016564518800728838,1,58,11,4,672,0.00023377595866623649,0.0009271237760431065,104,528560,0.00017585459338616095
BATCH-2024-01969,50,Fan,8125,2024-09-18,2024-10-02,8044,APC,South Korea,30,481.03,64,0,0,0.0,0,0,9,3,730,0.0002753509047441992,0.0007401953979905162,113,559124,0.00012855165100050963
BATCH-2025-01970,12,Sensor,1326,2025-10-11,2025-10-18,1308,Amphenol,Germany,18,446.77,96,0,0,0.0,0,388,10,4,342,8.015372036339901e-05,0.00041034141517753633,113,576135,0.00016450590746445605
BATCH-2026-01971,9,Display,8082,2026-03-11,2026-03-20,7805,Sony,Taiwan,19,33.78,81,0,0,0.0,0,539,3,1,191,0.00014132799993781594,0.00029553061545999206,104,509780,0.00016919115080672866
BATCH-2024-01972,45,Display,6636,2024-10-01,2024-10-09,6391,Pegatron,Taiwan,47,251.52,66,0,0,0.0,0,13,10,4,717,0.0001275169517997213,0.0003266025273992103,94,477190,0.00016919115080672866
BATCH-2026-01973,5,Microcontroller,9821,2026-08-21,2026-08-28,9689,Apple,Japan,38,226.29,64,3,3,0.0003054678749618165,1,702,8,3,28,0.00029304167774806515,0.0010333897385835877,92,488005,0.00013908905895273712
BATCH-2025-01974,20,Connector,5149,2025-09-07,2025-09-16,4793,Delta Electronics,South Korea,30,335.57,68,1,0,0.0,0,354,9,3,376,0.00014552538396359592,0.00035285670745256997,82,427248,0.00020757696267843906
BATCH-2025-01975,17,Camera,5374,2025-06-14,2025-07-04,5185,Mitsubishi,Japan,33,186.49,72,0,0,0.0,0,269,6,2,461,0.00014815223187369047,0.00046308585294764547,114,569061,0.00017585459338616095
BATCH-2025-01976,22,Display,3890,2025-05-07,2025-05-25,3780,Flex,China,43,157.56,86,1,1,0.0002570694087403599,1,231,5,2,499,6.527455789884103e-05,0.00021075148645526503,94,530055,0.00016919115080672866
BATCH-2025-01977,48,Power IC,3137,2025-07-11,2025-07-23,3036,TE Connectivity,Germany,25,315.88,71,1,1,0.000318775900541919,1,296,7,3,434,0.000215467021331229,0.0009668394253566584,108,542251,0.00017735448108886377
BATCH-2024-01978,9,Processor,2806,2024-12-31,2025-01-05,2727,Sony,Taiwan,19,33.78,81,1,1,0.0003563791874554526,1,104,12,4,626,0.00014132799993781594,0.00029553061545999206,104,509780,0.0001723848232239575
BATCH-2026-01979,7,PCB,8838,2026-02-25,2026-03-10,8317,Foxconn,USA,50,411.74,84,2,2,0.00022629554197782303,1,525,2,1,205,0.0003217144075727912,0.0015438669764764946,105,555087,0.0002244207567666141
BATCH-2024-01980,48,Processor,7107,2024-11-24,2024-12-09,6699,TE Connectivity,Germany,25,315.88,71,1,1,0.0001407063458561981,1,67,11,4,663,0.000215467021331229,0.0009668394253566584,108,542251,0.0001723848232239575
BATCH-2025-01981,31,Charger,4043,2025-10-09,2025-10-17,3844,Kyocera,USA,35,236.61,85,1,0,0.0,0,386,10,4,344,0.00018411673535101585,0.0009126920964599268,104,605811,0.0002259435803313693
BATCH-2025-01982,40,PCB,2354,2025-08-14,2025-09-03,2330,Dell,China,20,392.38,81,1,1,0.0004248088360237893,1,330,8,3,400,0.00013234425192726218,0.0003712523513249762,101,498329,0.0002244207567666141
BATCH-2026-01983,15,Microcontroller,7616,2026-05-01,2026-05-10,7445,SK Hynix,Taiwan,40,342.16,65,1,0,0.0,0,590,5,2,140,0.00026051175061660777,0.0007352320636847295,93,436297,0.00013908905895273712
BATCH-2026-01984,42,Fan,2161,2026-08-04,2026-08-19,2123,Acer,Germany,34,85.15,90,0,0,0.0,0,685,8,3,45,5.058942432590356e-05,0.0001440589145000144,106,511239,0.00012855165100050963
BATCH-2025-01985,9,Motherboard,2208,2025-04-04,2025-04-10,2186,Sony,Taiwan,19,33.78,81,1,0,0.0,0,198,4,2,532,0.00014132799993781594,0.00029553061545999206,104,509780,0.0002354934172429249
BATCH-2026-01986,10,Connector,4850,2026-02-20,2026-03-06,4660,Panasonic,China,54,316.57,91,0,0,0.0,0,520,2,1,210,0.000144927638474753,0.0007549544377028447,94,435868,0.00020757696267843906
BATCH-2026-01987,25,Motherboard,9118,2026-01-24,2026-01-29,8606,Broadcom,USA,26,71.6,85,1,0,0.0,0,493,1,1,237,9.454505074439549e-05,0.0003137783114627588,84,481980,0.0002354934172429249
BATCH-2024-01988,14,Camera,3421,2024-11-14,2024-11-22,3299,STMicroelectronics,South Korea,31,23.81,77,1,1,0.00029231218941829873,1,57,11,4,673,0.0001573864901705702,0.00046936123067953895,91,385139,0.00017585459338616095
BATCH-2025-01989,42,Charger,8098,2025-03-23,2025-04-10,7671,Acer,Germany,34,85.15,90,0,0,0.0,0,186,3,1,544,5.058942432590356e-05,0.0001440589145000144,106,511239,0.0002259435803313693
BATCH-2025-01990,29,PCB,2778,2025-06-06,2025-06-11,2707,Seagate,Japan,40,285.23,77,4,3,0.0010799136069114472,1,261,6,2,469,0.00016256441034907573,0.0004929460254392659,92,456988,0.0002244207567666141
BATCH-2025-01991,50,Memory,1666,2025-05-22,2025-06-03,1603,APC,South Korea,30,481.03,64,1,1,0.0006002400960384153,1,246,5,2,484,0.0002753509047441992,0.0007401953979905162,113,559124,0.00013960848603418856
BATCH-2026-01992,8,Memory,5886,2026-02-13,2026-02-28,5593,LG Chem,South Korea,40,115.16,76,2,1,0.00016989466530750936,1,513,2,1,217,0.00013285380642027623,0.00028745834951003884,92,477433,0.00013960848603418856
BATCH-2026-01993,39,PCB,6001,2026-07-04,2026-07-18,5660,Lenovo,Taiwan,57,331.63,71,2,2,0.0003332777870354941,1,654,7,3,76,0.00017438124238925042,0.000501056949565781,101,560841,0.0002244207567666141
BATCH-2025-01994,20,Fan,2376,2025-04-20,2025-05-05,2305,Delta Electronics,South Korea,30,335.57,68,0,0,0.0,0,214,4,2,516,0.00014552538396359592,0.00035285670745256997,82,427248,0.00012855165100050963
BATCH-2026-01995,33,Processor,2988,2026-08-16,2026-08-30,2958,Denso,Taiwan,41,277.68,84,1,0,0.0,0,697,8,3,33,0.00013528007016307464,0.0006519489677036868,119,602071,0.0001723848232239575
BATCH-2026-01996,44,Microcontroller,9978,2026-06-20,2026-06-30,9878,Wistron,South Korea,50,232.01,87,1,1,0.00010022048506714773,0,640,6,2,90,0.00010336577465557791,0.000380745741124954,117,590216,0.00013908905895273712
BATCH-2025-01997,43,PCB,4405,2025-04-28,2025-05-18,4180,ASUSTeK,USA,30,46.84,60,0,0,0.0,0,222,4,2,508,0.00044469895714356904,0.0012463320250862553,87,411235,0.0002244207567666141
BATCH-2026-01998,23,Microcontroller,1391,2026-09-06,2026-09-17,1377,ASE,Japan,50,402.77,91,0,0,0.0,0,718,9,3,12,6.663525433902222e-05,0.00015954052120490043,90,441864,0.00013908905895273712
BATCH-2024-01999,24,Speaker,5707,2024-12-26,2025-01-07,5650,Qualcomm,Germany,53,145.59,74,0,0,0.0,0,99,12,4,631,0.00017211444124561363,0.00048508112533674527,88,458321,0.00019289953369198322
BATCH-2025-02000,12,PCB,1646,2025-12-01,2025-12-12,1630,Amphenol,Germany,18,446.77,96,0,0,0.0,0,439,12,4,291,8.015372036339901e-05,0.00041034141517753633,113,576135,0.0002244207567666141
BATCH-2024-02001,13,Motherboard,4067,2024-11-26,2024-12-13,4026,Onsemi,USA,46,98.93,89,0,0,0.0,0,69,11,4,661,0.00013306539717335389,0.0004888825988608853,89,428711,0.0002354934172429249
BATCH-2025-02002,43,Battery,3459,2025-05-31,2025-06-17,3423,ASUSTeK,USA,30,46.84,60,1,0,0.0,0,255,5,2,475,0.00044469895714356904,0.0012463320250862553,87,411235,0.00021173401481822628
BATCH-2025-02003,16,Power IC,2177,2025-10-30,2025-11-05,2030,Hitachi,China,57,483.82,88,0,0,0.0,0,407,10,4,323,8.336477286677332e-05,0.0004697935134049564,95,503392,0.00017735448108886377
BATCH-2026-02004,37,PCB,5828,2026-07-13,2026-07-30,5770,Huawei,USA,60,118.5,92,0,0,0.0,0,663,7,3,67,0.00010426815057621344,0.0003557497462935021,91,442918,0.0002244207567666141
BATCH-2026-02005,19,PCB,8652,2026-08-15,2026-08-27,8188,Sumitomo,USA,36,238.9,64,2,0,0.0,0,696,8,3,34,0.00016876737493119937,0.00039378300837730447,91,458378,0.0002244207567666141
BATCH-2025-02006,10,Microcontroller,5905,2025-06-01,2025-06-13,5846,Panasonic,China,54,316.57,91,0,0,0.0,0,256,6,2,474,0.000144927638474753,0.0007549544377028447,94,435868,0.00013908905895273712
BATCH-2026-02007,22,PCB,309,2026-07-30,2026-08-04,293,Flex,China,43,157.56,86,0,0,0.0,0,680,7,3,50,6.527455789884103e-05,0.00021075148645526503,94,530055,0.0002244207567666141
BATCH-2025-02008,21,Speaker,2048,2025-09-11,2025-09-24,1969,Jabil,Taiwan,58,416.67,76,0,0,0.0,0,358,9,3,372,0.00034128023110612925,0.0012045823376322067,117,579869,0.00019289953369198322
BATCH-2025-02009,9,Memory,2678,2025-10-21,2025-10-28,2585,Sony,Taiwan,19,33.78,81,0,0,0.0,0,398,10,4,332,0.00014132799993781594,0.00029553061545999206,104,509780,0.00013960848603418856
BATCH-2024-02010,37,PCB,3648,2024-12-28,2025-01-02,3612,Huawei,USA,60,118.5,92,0,0,0.0,0,101,12,4,629,0.00010426815057621344,0.0003557497462935021,91,442918,0.0002244207567666141
BATCH-2026-02011,45,Microcontroller,9809,2026-07-23,2026-08-06,9360,Pegatron,Taiwan,47,251.52,66,1,1,0.00010194719135487817,0,673,7,3,57,0.0001275169517997213,0.0003266025273992103,94,477190,0.00013908905895273712
BATCH-2025-02012,17,PCB,4420,2025-06-26,2025-07-12,4087,Mitsubishi,Japan,33,186.49,72,1,0,0.0,0,281,6,2,449,0.00014815223187369047,0.00046308585294764547,114,569061,0.0002244207567666141
BATCH-2025-02013,12,Processor,476,2025-07-09,2025-07-29,452,Amphenol,Germany,18,446.77,96,0,0,0.0,0,294,7,3,436,8.015372036339901e-05,0.00041034141517753633,113,576135,0.0001723848232239575
BATCH-2025-02014,14,Charger,1713,2025-11-03,2025-11-18,1644,STMicroelectronics,South Korea,31,23.81,77,1,0,0.0,0,411,11,4,319,0.0001573864901705702,0.00046936123067953895,91,385139,0.0002259435803313693
BATCH-2025-02015,24,Camera,6948,2025-10-27,2025-11-02,6801,Qualcomm,Germany,53,145.59,74,3,1,0.00014392630972941855,1,404,10,4,326,0.00017211444124561363,0.00048508112533674527,88,458321,0.00017585459338616095
BATCH-2025-02016,25,Charger,9565,2025-12-10,2025-12-17,9370,Broadcom,USA,26,71.6,85,0,0,0.0,0,448,12,4,282,9.454505074439549e-05,0.0003137783114627588,84,481980,0.0002259435803313693
BATCH-2026-02017,13,Speaker,7856,2026-02-05,2026-02-11,7405,Onsemi,USA,46,98.93,89,0,0,0.0,0,505,2,1,225,0.00013306539717335389,0.0004888825988608853,89,428711,0.00019289953369198322
BATCH-2025-02018,19,Fan,155,2025-10-16,2025-11-05,153,Sumitomo,USA,36,238.9,64,0,0,0.0,0,393,10,4,337,0.00016876737493119937,0.00039378300837730447,91,458378,0.00012855165100050963
BATCH-2025-02019,50,Connector,6153,2025-10-19,2025-10-24,5864,APC,South Korea,30,481.03,64,3,2,0.00032504469364537625,1,396,10,4,334,0.0002753509047441992,0.0007401953979905162,113,559124,0.00020757696267843906
BATCH-2025-02020,3,Charger,6271,2025-11-12,2025-11-25,5936,Corning,Taiwan,24,487.86,63,1,1,0.00015946420028703555,1,420,11,4,310,0.0005290924687400791,0.0022824547846740364,105,511267,0.0002259435803313693
BATCH-2025-02021,48,Speaker,9794,2025-12-01,2025-12-14,9240,TE Connectivity,Germany,25,315.88,71,3,2,0.00020420665713702266,1,439,12,4,291,0.000215467021331229,0.0009668394253566584,108,542251,0.00019289953369198322
BATCH-2026-02022,41,Fan,6940,2026-07-05,2026-07-21,6799,HP,Japan,60,204.38,85,0,0,0.0,0,655,7,3,75,0.00012231852387452777,0.00025339821295037224,87,408153,0.00012855165100050963
BATCH-2025-02023,10,Battery,2596,2025-02-21,2025-03-05,2521,Panasonic,China,54,316.57,91,1,1,0.0003852080123266564,1,156,2,1,574,0.000144927638474753,0.0007549544377028447,94,435868,0.00021173401481822628
BATCH-2025-02024,10,PCB,1442,2025-09-26,2025-10-11,1428,Panasonic,China,54,316.57,91,0,0,0.0,0,373,9,3,357,0.000144927638474753,0.0007549544377028447,94,435868,0.0002244207567666141
BATCH-2025-02025,37,Processor,2445,2025-05-09,2025-05-27,2421,Huawei,USA,60,118.5,92,1,0,0.0,0,233,5,2,497,0.00010426815057621344,0.0003557497462935021,91,442918,0.0001723848232239575
BATCH-2024-02026,10,Microcontroller,3099,2024-11-26,2024-12-04,3068,Panasonic,China,54,316.57,91,0,0,0.0,0,69,11,4,661,0.000144927638474753,0.0007549544377028447,94,435868,0.00013908905895273712
BATCH-2025-02027,33,Connector,7692,2025-12-04,2025-12-18,7615,Denso,Taiwan,41,277.68,84,1,0,0.0,0,442,12,4,288,0.00013528007016307464,0.0006519489677036868,119,602071,0.00020757696267843906
BATCH-2026-02028,40,Memory,6297,2026-05-11,2026-05-23,6018,Dell,China,20,392.38,81,0,0,0.0,0,600,5,2,130,0.00013234425192726218,0.0003712523513249762,101,498329,0.00013960848603418856
BATCH-2025-02029,48,Memory,1124,2025-04-17,2025-04-29,1096,TE Connectivity,Germany,25,315.88,71,0,0,0.0,0,211,4,2,519,0.000215467021331229,0.0009668394253566584,108,542251,0.00013960848603418856
BATCH-2026-02030,36,Processor,4708,2026-02-11,2026-03-03,4515,Ericsson,Germany,60,205.45,68,3,1,0.00021240441801189465,1,511,2,1,219,0.00016582352511078637,0.0003750099810004351,109,536222,0.0001723848232239575
BATCH-2026-02031,1,Battery,8486,2026-04-15,2026-05-05,8240,Samsung,USA,19,220.56,89,1,1,0.00011784115012962527,0,574,4,2,156,0.00017219294545324894,0.0013891588805521986,106,504263,0.00021173401481822628
BATCH-2025-02032,31,Memory,5188,2025-04-19,2025-05-07,4771,Kyocera,USA,35,236.61,85,1,1,0.00019275250578257516,1,213,4,2,517,0.00018411673535101585,0.0009126920964599268,104,605811,0.00013960848603418856
BATCH-2024-02033,34,Memory,6153,2024-10-23,2024-11-02,6038,Renesas,China,19,153.37,81,0,0,0.0,0,35,10,4,695,0.00020629854890063796,0.000928870183527049,112,540044,0.00013960848603418856
BATCH-2025-02034,23,Fan,7146,2025-06-02,2025-06-07,6993,ASE,Japan,50,402.77,91,1,1,0.0001399384270920795,1,257,6,2,473,6.663525433902222e-05,0.00015954052120490043,90,441864,0.00012855165100050963
BATCH-2025-02035,25,PCB,9314,2025-10-22,2025-10-30,8934,Broadcom,USA,26,71.6,85,0,0,0.0,0,399,10,4,331,9.454505074439549e-05,0.0003137783114627588,84,481980,0.0002244207567666141
BATCH-2026-02036,2,Battery,640,2026-08-26,2026-09-05,628,TSMC,South Korea,34,349.29,92,0,0,0.0,0,707,8,3,23,0.0001216095118122708,0.0004158402802419921,99,473547,0.00021173401481822628
BATCH-2025-02037,19,Fan,6841,2025-06-06,2025-06-15,6457,Sumitomo,USA,36,238.9,64,0,0,0.0,0,261,6,2,469,0.00016876737493119937,0.00039378300837730447,91,458378,0.00012855165100050963
BATCH-2026-02038,44,Charger,308,2026-07-06,2026-07-14,291,Wistron,South Korea,50,232.01,87,1,1,0.003246753246753247,1,656,7,3,74,0.00010336577465557791,0.000380745741124954,117,590216,0.0002259435803313693
BATCH-2025-02039,12,Motherboard,907,2025-07-01,2025-07-11,898,Amphenol,Germany,18,446.77,96,0,0,0.0,0,286,7,3,444,8.015372036339901e-05,0.00041034141517753633,113,576135,0.0002354934172429249
BATCH-2025-02040,33,Sensor,7424,2025-01-12,2025-01-28,7350,Denso,Taiwan,41,277.68,84,1,0,0.0,0,116,1,1,614,0.00013528007016307464,0.0006519489677036868,119,602071,0.00016450590746445605
BATCH-2024-02041,37,Battery,7725,2024-12-23,2024-12-30,7648,Huawei,USA,60,118.5,92,2,1,0.00012944983818770226,0,96,12,4,634,0.00010426815057621344,0.0003557497462935021,91,442918,0.00021173401481822628
BATCH-2026-02042,47,Charger,7995,2026-08-04,2026-08-10,7546,Molex,Japan,37,191.75,76,0,0,0.0,0,685,8,3,45,0.00015063481442028842,0.00045023343696729267,102,507171,0.0002259435803313693
BATCH-2025-02043,44,Battery,1949,2025-06-13,2025-06-21,1834,Wistron,South Korea,50,232.01,87,1,0,0.0,0,268,6,2,462,0.00010336577465557791,0.000380745741124954,117,590216,0.00021173401481822628
BATCH-2025-02044,14,PCB,1530,2025-10-14,2025-10-29,1439,STMicroelectronics,South Korea,31,23.81,77,0,0,0.0,0,391,10,4,339,0.0001573864901705702,0.00046936123067953895,91,385139,0.0002244207567666141
BATCH-2024-02045,33,Speaker,425,2024-11-14,2024-11-28,416,Denso,Taiwan,41,277.68,84,0,0,0.0,0,57,11,4,673,0.00013528007016307464,0.0006519489677036868,119,602071,0.00019289953369198322
BATCH-2026-02046,46,Battery,4617,2026-03-20,2026-04-04,4419,Liteon,China,58,348.77,65,1,1,0.00021659085986571366,1,548,3,1,182,0.000177376316521378,0.0004995509860038717,96,502846,0.00021173401481822628
BATCH-2025-02047,47,Sensor,3473,2025-10-10,2025-10-27,3296,Molex,Japan,37,191.75,76,1,1,0.00028793550244745177,1,387,10,4,343,0.00015063481442028842,0.00045023343696729267,102,507171,0.00016450590746445605
BATCH-2026-02048,23,PCB,7892,2026-04-04,2026-04-11,7778,ASE,Japan,50,402.77,91,2,2,0.00025342118601115053,1,563,4,2,167,6.663525433902222e-05,0.00015954052120490043,90,441864,0.0002244207567666141
BATCH-2025-02049,12,Connector,5629,2025-04-10,2025-04-16,5573,Amphenol,Germany,18,446.77,96,0,0,0.0,0,204,4,2,526,8.015372036339901e-05,0.00041034141517753633,113,576135,0.00020757696267843906
BATCH-2025-02050,21,Charger,3183,2025-11-18,2025-11-25,3151,Jabil,Taiwan,58,416.67,76,2,2,0.0006283380458686773,1,426,11,4,304,0.00034128023110612925,0.0012045823376322067,117,579869,0.0002259435803313693
BATCH-2025-02051,2,Microcontroller,331,2025-08-18,2025-09-02,318,TSMC,South Korea,34,349.29,92,1,1,0.0030211480362537764,1,334,8,3,396,0.0001216095118122708,0.0004158402802419921,99,473547,0.00013908905895273712
BATCH-2025-02052,17,Motherboard,464,2025-09-06,2025-09-17,443,Mitsubishi,Japan,33,186.49,72,1,0,0.0,0,353,9,3,377,0.00014815223187369047,0.00046308585294764547,114,569061,0.0002354934172429249
BATCH-2025-02053,41,Motherboard,5475,2025-05-30,2025-06-06,5406,HP,Japan,60,204.38,85,0,0,0.0,0,254,5,2,476,0.00012231852387452777,0.00025339821295037224,87,408153,0.0002354934172429249
BATCH-2025-02054,49,Display,2840,2025-12-25,2026-01-05,2812,Coherent,USA,42,45.65,73,0,0,0.0,0,463,12,4,267,0.00034438539861380375,0.0009931063632699735,93,417736,0.00016919115080672866
BATCH-2025-02055,5,Fan,4377,2025-06-08,2025-06-17,4215,Apple,Japan,38,226.29,64,2,2,0.0004569339730408956,1,263,6,2,467,0.00029304167774806515,0.0010333897385835877,92,488005,0.00012855165100050963
BATCH-2025-02056,33,Microcontroller,9028,2025-02-09,2025-02-24,8525,Denso,Taiwan,41,277.68,84,1,1,0.00011076650420912716,0,144,2,1,586,0.00013528007016307464,0.0006519489677036868,119,602071,0.00013908905895273712
BATCH-2026-02057,2,Display,6710,2026-07-08,2026-07-15,6643,TSMC,South Korea,34,349.29,92,0,0,0.0,0,658,7,3,72,0.0001216095118122708,0.0004158402802419921,99,473547,0.00016919115080672866
BATCH-2025-02058,28,Power IC,8792,2025-03-11,2025-03-16,8704,Kioxia,China,36,390.8,86,0,0,0.0,0,174,3,1,556,6.548471380186631e-05,0.00020932699508353792,108,509896,0.00017735448108886377
BATCH-2025-02059,37,Memory,277,2025-05-24,2025-06-09,271,Huawei,USA,60,118.5,92,1,0,0.0,0,248,5,2,482,0.00010426815057621344,0.0003557497462935021,91,442918,0.00013960848603418856
BATCH-2024-02060,24,Charger,1387,2024-11-16,2024-11-21,1324,Qualcomm,Germany,53,145.59,74,0,0,0.0,0,59,11,4,671,0.00017211444124561363,0.00048508112533674527,88,458321,0.0002259435803313693
BATCH-2025-02061,29,Microcontroller,7003,2025-11-12,2025-11-18,6769,Seagate,Japan,40,285.23,77,1,1,0.0001427959445951735,1,420,11,4,310,0.00016256441034907573,0.0004929460254392659,92,456988,0.00013908905895273712
BATCH-2025-02062,25,PCB,7114,2025-03-31,2025-04-07,6913,Broadcom,USA,26,71.6,85,0,0,0.0,0,194,3,1,536,9.454505074439549e-05,0.0003137783114627588,84,481980,0.0002244207567666141
BATCH-2025-02063,17,Speaker,5769,2025-09-02,2025-09-18,5595,Mitsubishi,Japan,33,186.49,72,0,0,0.0,0,349,9,3,381,0.00014815223187369047,0.00046308585294764547,114,569061,0.00019289953369198322
BATCH-2025-02064,39,Connector,8252,2025-07-22,2025-07-29,8101,Lenovo,Taiwan,57,331.63,71,3,2,0.0002423654871546292,1,307,7,3,423,0.00017438124238925042,0.000501056949565781,101,560841,0.00020757696267843906
BATCH-2026-02065,48,Battery,8369,2026-04-12,2026-04-24,7843,TE Connectivity,Germany,25,315.88,71,0,0,0.0,0,571,4,2,159,0.000215467021331229,0.0009668394253566584,108,542251,0.00021173401481822628
BATCH-2024-02066,46,Sensor,3052,2024-10-19,2024-11-06,2872,Liteon,China,58,348.77,65,2,2,0.000655307994757536,1,31,10,4,699,0.000177376316521378,0.0004995509860038717,96,502846,0.00016450590746445605
BATCH-2025-02067,4,PCB,3053,2025-10-23,2025-11-07,2912,Intel,China,48,393.46,88,1,1,0.00032754667540124465,1,400,10,4,330,0.00018841892264149143,0.0009961276293195824,96,400272,0.0002244207567666141
BATCH-2025-02068,8,Microcontroller,9577,2025-07-26,2025-08-06,9451,LG Chem,South Korea,40,115.16,76,0,0,0.0,0,311,7,3,419,0.00013285380642027623,0.00028745834951003884,92,477433,0.00013908905895273712
BATCH-2025-02069,28,Charger,6200,2025-06-21,2025-07-06,5934,Kioxia,China,36,390.8,86,0,0,0.0,0,276,6,2,454,6.548471380186631e-05,0.00020932699508353792,108,509896,0.0002259435803313693
BATCH-2025-02070,48,Memory,1278,2025-03-05,2025-03-22,1210,TE Connectivity,Germany,25,315.88,71,2,2,0.001564945226917058,1,168,3,1,562,0.000215467021331229,0.0009668394253566584,108,542251,0.00013960848603418856
BATCH-2024-02071,39,Display,4839,2024-10-13,2024-10-25,4686,Lenovo,Taiwan,57,331.63,71,2,2,0.0004133085348212441,1,25,10,4,705,0.00017438124238925042,0.000501056949565781,101,560841,0.00016919115080672866
BATCH-2024-02072,12,Battery,240,2024-12-24,2025-01-01,228,Amphenol,Germany,18,446.77,96,1,1,0.004166666666666667,1,97,12,4,633,8.015372036339901e-05,0.00041034141517753633,113,576135,0.00021173401481822628
BATCH-2026-02073,45,PCB,9568,2026-07-05,2026-07-17,8970,Pegatron,Taiwan,47,251.52,66,1,1,0.00010451505016722408,0,655,7,3,75,0.0001275169517997213,0.0003266025273992103,94,477190,0.0002244207567666141
BATCH-2025-02074,20,Power IC,9999,2025-02-09,2025-02-26,9774,Delta Electronics,South Korea,30,335.57,68,0,0,0.0,0,144,2,1,586,0.00014552538396359592,0.00035285670745256997,82,427248,0.00017735448108886377
BATCH-2025-02075,18,Camera,1763,2025-05-10,2025-05-26,1674,Bosch,Germany,18,96.36,77,0,0,0.0,0,234,5,2,496,0.00021806730730221415,0.0007021012099867912,110,557568,0.00017585459338616095
BATCH-2024-02076,26,PCB,235,2024-10-03,2024-10-23,229,Texas Instruments,South Korea,53,5.67,67,1,0,0.0,0,15,10,4,715,0.0002658174764162671,0.0009122443285503541,102,493376,0.0002244207567666141
BATCH-2025-02077,46,Power IC,5255,2025-02-19,2025-03-08,5177,Liteon,China,58,348.77,65,2,1,0.00019029495718363463,1,154,2,1,576,0.000177376316521378,0.0004995509860038717,96,502846,0.00017735448108886377
BATCH-2025-02078,39,Motherboard,1042,2025-01-13,2025-01-27,1014,Lenovo,Taiwan,57,331.63,71,0,0,0.0,0,117,1,1,613,0.00017438124238925042,0.000501056949565781,101,560841,0.0002354934172429249
BATCH-2025-02079,19,PCB,4512,2025-02-15,2025-02-21,4467,Sumitomo,USA,36,238.9,64,0,0,0.0,0,150,2,1,580,0.00016876737493119937,0.00039378300837730447,91,458378,0.0002244207567666141
BATCH-2025-02080,44,Battery,1055,2025-01-07,2025-01-13,1007,Wistron,South Korea,50,232.01,87,0,0,0.0,0,111,1,1,619,0.00010336577465557791,0.000380745741124954,117,590216,0.00021173401481822628
BATCH-2025-02081,7,Camera,7024,2025-09-15,2025-09-22,6935,Foxconn,USA,50,411.74,84,0,0,0.0,0,362,9,3,368,0.0003217144075727912,0.0015438669764764946,105,555087,0.00017585459338616095
BATCH-2025-02082,38,Speaker,9928,2025-10-17,2025-10-24,9714,Xiaomi,South Korea,52,142.13,62,0,0,0.0,0,394,10,4,336,0.0002941454324685746,0.0007248486269555904,106,537180,0.00019289953369198322
BATCH-2026-02083,50,Microcontroller,9339,2026-05-18,2026-06-01,8718,APC,South Korea,30,481.03,64,0,0,0.0,0,607,5,2,123,0.0002753509047441992,0.0007401953979905162,113,559124,0.00013908905895273712
BATCH-2026-02084,33,Power IC,1428,2026-06-22,2026-06-27,1382,Denso,Taiwan,41,277.68,84,0,0,0.0,0,642,6,2,88,0.00013528007016307464,0.0006519489677036868,119,602071,0.00017735448108886377
BATCH-2025-02085,50,Display,4810,2025-06-06,2025-06-12,4481,APC,South Korea,30,481.03,64,1,1,0.0002079002079002079,1,261,6,2,469,0.0002753509047441992,0.0007401953979905162,113,559124,0.00016919115080672866
BATCH-2026-02086,12,Connector,8813,2026-03-07,2026-03-25,8725,Amphenol,Germany,18,446.77,96,0,0,0.0,0,535,3,1,195,8.015372036339901e-05,0.00041034141517753633,113,576135,0.00020757696267843906
BATCH-2024-02087,37,Battery,7199,2024-10-23,2024-11-08,6978,Huawei,USA,60,118.5,92,1,1,0.00013890818169190166,1,35,10,4,695,0.00010426815057621344,0.0003557497462935021,91,442918,0.00021173401481822628
BATCH-2025-02088,33,Connector,3757,2025-11-27,2025-12-09,3719,Denso,Taiwan,41,277.68,84,1,1,0.00026616981634282674,1,435,11,4,295,0.00013528007016307464,0.0006519489677036868,119,602071,0.00020757696267843906
BATCH-2025-02089,27,Camera,6418,2025-05-05,2025-05-14,6354,Infineon,Taiwan,51,333.1,89,0,0,0.0,0,229,5,2,501,0.00011089276239704126,0.00035581711278072977,111,553940,0.00017585459338616095
BATCH-2025-02090,21,Motherboard,9563,2025-04-13,2025-04-26,9018,Jabil,Taiwan,58,416.67,76,1,1,0.00010456969570218551,0,207,4,2,523,0.00034128023110612925,0.0012045823376322067,117,579869,0.0002354934172429249
BATCH-2024-02091,32,PCB,8522,2024-12-09,2024-12-19,8133,Canon,South Korea,54,382.97,81,3,3,0.00035203003989673785,1,82,12,4,648,8.286140374041643e-05,0.0002525478149158471,93,484783,0.0002244207567666141
BATCH-2026-02092,33,Battery,5767,2026-03-12,2026-03-17,5562,Denso,Taiwan,41,277.68,84,1,1,0.00017340038148083925,1,540,3,1,190,0.00013528007016307464,0.0006519489677036868,119,602071,0.00021173401481822628
BATCH-2024-02093,29,Microcontroller,3590,2024-09-20,2024-10-05,3529,Seagate,Japan,40,285.23,77,0,0,0.0,0,2,9,3,728,0.00016256441034907573,0.0004929460254392659,92,456988,0.00013908905895273712
BATCH-2025-02094,11,Microcontroller,7835,2025-04-06,2025-04-20,7553,Murata,Japan,22,178.55,88,0,0,0.0,0,200,4,2,530,0.00015599689945027513,0.0009387029695731565,105,551463,0.00013908905895273712
BATCH-2025-02095,50,PCB,3698,2025-06-03,2025-06-21,3523,APC,South Korea,30,481.03,64,0,0,0.0,0,258,6,2,472,0.0002753509047441992,0.0007401953979905162,113,559124,0.0002244207567666141
BATCH-2024-02096,24,Sensor,5262,2024-10-17,2024-10-29,5122,Qualcomm,Germany,53,145.59,74,1,1,0.00019004180919802356,1,29,10,4,701,0.00017211444124561363,0.00048508112533674527,88,458321,0.00016450590746445605
BATCH-2026-02097,18,Connector,3724,2026-07-13,2026-07-26,3616,Bosch,Germany,18,96.36,77,1,1,0.0002685284640171858,1,663,7,3,67,0.00021806730730221415,0.0007021012099867912,110,557568,0.00020757696267843906
BATCH-2025-02098,26,Battery,7712,2025-06-21,2025-06-30,7299,Texas Instruments,South Korea,53,5.67,67,2,2,0.00025933609958506224,1,276,6,2,454,0.0002658174764162671,0.0009122443285503541,102,493376,0.00021173401481822628
BATCH-2024-02099,20,Camera,8459,2024-10-02,2024-10-14,8199,Delta Electronics,South Korea,30,335.57,68,0,0,0.0,0,14,10,4,716,0.00014552538396359592,0.00035285670745256997,82,427248,0.00017585459338616095
BATCH-2025-02100,9,Battery,9476,2025-08-09,2025-08-29,9253,Sony,Taiwan,19,33.78,81,0,0,0.0,0,325,8,3,405,0.00014132799993781594,0.00029553061545999206,104,509780,0.00021173401481822628
BATCH-2026-02101,5,Display,262,2026-07-06,2026-07-21,259,Apple,Japan,38,226.29,64,0,0,0.0,0,656,7,3,74,0.00029304167774806515,0.0010333897385835877,92,488005,0.00016919115080672866
BATCH-2025-02102,38,Motherboard,5073,2025-10-19,2025-11-03,4787,Xiaomi,South Korea,52,142.13,62,0,0,0.0,0,396,10,4,334,0.0002941454324685746,0.0007248486269555904,106,537180,0.0002354934172429249
BATCH-2026-02103,4,Memory,5742,2026-03-06,2026-03-20,5488,Intel,China,48,393.46,88,0,0,0.0,0,534,3,1,196,0.00018841892264149143,0.0009961276293195824,96,400272,0.00013960848603418856
BATCH-2025-02104,10,Microcontroller,5372,2025-12-25,2026-01-10,5123,Panasonic,China,54,316.57,91,0,0,0.0,0,463,12,4,267,0.000144927638474753,0.0007549544377028447,94,435868,0.00013908905895273712
BATCH-2025-02105,34,PCB,7518,2025-12-15,2025-12-20,7443,Renesas,China,19,153.37,81,3,3,0.0003990422984836393,1,453,12,4,277,0.00020629854890063796,0.000928870183527049,112,540044,0.0002244207567666141
BATCH-2025-02106,30,Speaker,5497,2025-05-01,2025-05-06,5126,Western Digital,Germany,16,59.04,65,0,0,0.0,0,225,5,2,505,0.00026662885278630423,0.0008545899187981254,93,459619,0.00019289953369198322
BATCH-2025-02107,24,Motherboard,7814,2025-09-27,2025-10-02,7482,Qualcomm,Germany,53,145.59,74,0,0,0.0,0,374,9,3,356,0.00017211444124561363,0.00048508112533674527,88,458321,0.0002354934172429249
BATCH-2025-02108,44,Fan,3690,2025-12-16,2025-12-21,3653,Wistron,South Korea,50,232.01,87,0,0,0.0,0,454,12,4,276,0.00010336577465557791,0.000380745741124954,117,590216,0.00012855165100050963
BATCH-2025-02109,28,Charger,454,2025-08-21,2025-09-09,432,Kioxia,China,36,390.8,86,1,0,0.0,0,337,8,3,393,6.548471380186631e-05,0.00020932699508353792,108,509896,0.0002259435803313693
BATCH-2025-02110,9,Display,2379,2025-11-09,2025-11-26,2303,Sony,Taiwan,19,33.78,81,0,0,0.0,0,417,11,4,313,0.00014132799993781594,0.00029553061545999206,104,509780,0.00016919115080672866
BATCH-2025-02111,36,Connector,9013,2025-01-21,2025-02-06,8923,Ericsson,Germany,60,205.45,68,1,1,0.00011095084877399312,0,125,1,1,605,0.00016582352511078637,0.0003750099810004351,109,536222,0.00020757696267843906
BATCH-2026-02112,6,Camera,3974,2026-02-06,2026-02-11,3903,NVIDIA,Germany,38,463.53,74,2,1,0.0002516356316054353,1,506,2,1,224,0.00023377595866623649,0.0009271237760431065,104,528560,0.00017585459338616095
BATCH-2025-02113,37,Microcontroller,6180,2025-09-23,2025-10-03,6083,Huawei,USA,60,118.5,92,0,0,0.0,0,370,9,3,360,0.00010426815057621344,0.0003557497462935021,91,442918,0.00013908905895273712
BATCH-2025-02114,42,Battery,2754,2025-08-20,2025-09-09,2712,Acer,Germany,34,85.15,90,0,0,0.0,0,336,8,3,394,5.058942432590356e-05,0.0001440589145000144,106,511239,0.00021173401481822628
BATCH-2026-02115,11,Speaker,2606,2026-08-31,2026-09-12,2515,Murata,Japan,22,178.55,88,1,0,0.0,0,712,8,3,18,0.00015599689945027513,0.0009387029695731565,105,551463,0.00019289953369198322
BATCH-2025-02116,28,Sensor,5366,2025-04-03,2025-04-08,5312,Kioxia,China,36,390.8,86,0,0,0.0,0,197,4,2,533,6.548471380186631e-05,0.00020932699508353792,108,509896,0.00016450590746445605
BATCH-2026-02117,34,Processor,3233,2026-06-25,2026-07-09,3183,Renesas,China,19,153.37,81,1,1,0.0003093102381688834,1,645,6,2,85,0.00020629854890063796,0.000928870183527049,112,540044,0.0001723848232239575
BATCH-2025-02118,34,Power IC,2289,2025-12-25,2026-01-09,2266,Renesas,China,19,153.37,81,1,0,0.0,0,463,12,4,267,0.00020629854890063796,0.000928870183527049,112,540044,0.00017735448108886377
BATCH-2025-02119,2,Charger,5516,2025-05-10,2025-05-24,5393,TSMC,South Korea,34,349.29,92,0,0,0.0,0,234,5,2,496,0.0001216095118122708,0.0004158402802419921,99,473547,0.0002259435803313693
BATCH-2024-02120,43,Fan,9149,2024-11-10,2024-11-19,8300,ASUSTeK,USA,30,46.84,60,2,0,0.0,0,53,11,4,677,0.00044469895714356904,0.0012463320250862553,87,411235,0.00012855165100050963
BATCH-2025-02121,3,Sensor,963,2025-04-21,2025-05-11,902,Corning,Taiwan,24,487.86,63,1,1,0.0010384215991692627,1,215,4,2,515,0.0005290924687400791,0.0022824547846740364,105,511267,0.00016450590746445605
BATCH-2024-02122,45,Speaker,6376,2024-12-23,2025-01-11,6291,Pegatron,Taiwan,47,251.52,66,2,1,0.00015683814303638644,1,96,12,4,634,0.0001275169517997213,0.0003266025273992103,94,477190,0.00019289953369198322
BATCH-2026-02123,6,Speaker,1394,2026-08-12,2026-08-26,1299,NVIDIA,Germany,38,463.53,74,1,1,0.0007173601147776184,1,693,8,3,37,0.00023377595866623649,0.0009271237760431065,104,528560,0.00019289953369198322
BATCH-2026-02124,4,Processor,186,2026-07-25,2026-08-14,182,Intel,China,48,393.46,88,0,0,0.0,0,675,7,3,55,0.00018841892264149143,0.0009961276293195824,96,400272,0.0001723848232239575
BATCH-2024-02125,33,Processor,7174,2024-10-01,2024-10-19,7002,Denso,Taiwan,41,277.68,84,0,0,0.0,0,13,10,4,717,0.00013528007016307464,0.0006519489677036868,119,602071,0.0001723848232239575
BATCH-2026-02126,19,Memory,1688,2026-07-07,2026-07-24,1584,Sumitomo,USA,36,238.9,64,2,2,0.001184834123222749,1,657,7,3,73,0.00016876737493119937,0.00039378300837730447,91,458378,0.00013960848603418856
BATCH-2025-02127,49,Connector,355,2025-01-02,2025-01-16,330,Coherent,USA,42,45.65,73,2,2,0.005633802816901409,1,106,1,1,624,0.00034438539861380375,0.0009931063632699735,93,417736,0.00020757696267843906
BATCH-2024-02128,50,Charger,4450,2024-10-16,2024-10-26,4231,APC,South Korea,30,481.03,64,1,0,0.0,0,28,10,4,702,0.0002753509047441992,0.0007401953979905162,113,559124,0.0002259435803313693
BATCH-2026-02129,47,PCB,312,2026-05-03,2026-05-11,304,Molex,Japan,37,191.75,76,0,0,0.0,0,592,5,2,138,0.00015063481442028842,0.00045023343696729267,102,507171,0.0002244207567666141
BATCH-2025-02130,31,Speaker,3063,2025-10-03,2025-10-19,2955,Kyocera,USA,35,236.61,85,0,0,0.0,0,380,10,4,350,0.00018411673535101585,0.0009126920964599268,104,605811,0.00019289953369198322
BATCH-2026-02131,21,Power IC,454,2026-09-16,2026-09-22,437,Jabil,Taiwan,58,416.67,76,0,0,0.0,0,728,9,3,2,0.00034128023110612925,0.0012045823376322067,117,579869,0.00017735448108886377
BATCH-2025-02132,50,Connector,5781,2025-07-31,2025-08-19,5353,APC,South Korea,30,481.03,64,3,3,0.0005189413596263622,1,316,7,3,414,0.0002753509047441992,0.0007401953979905162,113,559124,0.00020757696267843906
BATCH-2024-02133,35,Motherboard,1484,2024-11-04,2024-11-15,1425,Nokia,Japan,42,219.49,61,1,1,0.0006738544474393531,1,47,11,4,683,0.00019787338089100073,0.0003538789829112609,102,503406,0.0002354934172429249
BATCH-2024-02134,17,Connector,7707,2024-10-31,2024-11-16,7531,Mitsubishi,Japan,33,186.49,72,2,0,0.0,0,43,10,4,687,0.00014815223187369047,0.00046308585294764547,114,569061,0.00020757696267843906
BATCH-2025-02135,20,Connector,2836,2025-07-09,2025-07-27,2675,Delta Electronics,South Korea,30,335.57,68,0,0,0.0,0,294,7,3,436,0.00014552538396359592,0.00035285670745256997,82,427248,0.00020757696267843906
BATCH-2025-02136,41,Memory,6880,2025-01-29,2025-02-14,6811,HP,Japan,60,204.38,85,1,1,0.00014534883720930232,1,133,1,1,597,0.00012231852387452777,0.00025339821295037224,87,408153,0.00013960848603418856
BATCH-2026-02137,28,Charger,3302,2026-03-13,2026-03-25,3237,Kioxia,China,36,390.8,86,1,1,0.0003028467595396729,1,541,3,1,189,6.548471380186631e-05,0.00020932699508353792,108,509896,0.0002259435803313693
BATCH-2025-02138,6,Microcontroller,4232,2025-05-25,2025-05-30,3999,NVIDIA,Germany,38,463.53,74,2,2,0.0004725897920604915,1,249,5,2,481,0.00023377595866623649,0.0009271237760431065,104,528560,0.00013908905895273712
BATCH-2024-02139,27,Fan,9564,2024-10-23,2024-11-03,9347,Infineon,Taiwan,51,333.1,89,0,0,0.0,0,35,10,4,695,0.00011089276239704126,0.00035581711278072977,111,553940,0.00012855165100050963
BATCH-2026-02140,42,Memory,7050,2026-08-04,2026-08-23,6980,Acer,Germany,34,85.15,90,1,1,0.00014184397163120567,1,685,8,3,45,5.058942432590356e-05,0.0001440589145000144,106,511239,0.00013960848603418856
BATCH-2024-02141,19,Display,7119,2024-09-19,2024-10-05,6620,Sumitomo,USA,36,238.9,64,1,1,0.00014046916701783958,1,1,9,3,729,0.00016876737493119937,0.00039378300837730447,91,458378,0.00016919115080672866
BATCH-2025-02142,25,Memory,5769,2025-09-08,2025-09-18,5586,Broadcom,USA,26,71.6,85,0,0,0.0,0,355,9,3,375,9.454505074439549e-05,0.0003137783114627588,84,481980,0.00013960848603418856
BATCH-2025-02143,37,Fan,633,2025-05-14,2025-05-28,612,Huawei,USA,60,118.5,92,0,0,0.0,0,238,5,2,492,0.00010426815057621344,0.0003557497462935021,91,442918,0.00012855165100050963
BATCH-2025-02144,36,Display,2613,2025-08-26,2025-09-01,2502,Ericsson,Germany,60,205.45,68,1,0,0.0,0,342,8,3,388,0.00016582352511078637,0.0003750099810004351,109,536222,0.00016919115080672866
BATCH-2026-02145,49,Charger,9717,2026-02-11,2026-02-27,8997,Coherent,USA,42,45.65,73,0,0,0.0,0,511,2,1,219,0.00034438539861380375,0.0009931063632699735,93,417736,0.0002259435803313693
BATCH-2026-02146,41,Connector,5330,2026-09-01,2026-09-06,5277,HP,Japan,60,204.38,85,1,0,0.0,0,713,9,3,17,0.00012231852387452777,0.00025339821295037224,87,408153,0.00020757696267843906
BATCH-2026-02147,11,Motherboard,2098,2026-04-20,2026-05-10,2074,Murata,Japan,22,178.55,88,0,0,0.0,0,579,4,2,151,0.00015599689945027513,0.0009387029695731565,105,551463,0.0002354934172429249
BATCH-2026-02148,39,Sensor,5555,2026-04-09,2026-04-20,5499,Lenovo,Taiwan,57,331.63,71,1,1,0.00018001800180018,1,568,4,2,162,0.00017438124238925042,0.000501056949565781,101,560841,0.00016450590746445605
BATCH-2026-02149,46,Speaker,6985,2026-08-01,2026-08-13,6281,Liteon,China,58,348.77,65,1,1,0.00014316392269148176,1,682,8,3,48,0.000177376316521378,0.0004995509860038717,96,502846,0.00019289953369198322
BATCH-2025-02150,8,PCB,7739,2025-08-28,2025-09-07,7470,LG Chem,South Korea,40,115.16,76,1,0,0.0,0,344,8,3,386,0.00013285380642027623,0.00028745834951003884,92,477433,0.0002244207567666141
BATCH-2026-02151,32,Memory,5366,2026-09-12,2026-09-21,5266,Canon,South Korea,54,382.97,81,0,0,0.0,0,724,9,3,6,8.286140374041643e-05,0.0002525478149158471,93,484783,0.00013960848603418856
BATCH-2025-02152,9,Power IC,4075,2025-05-30,2025-06-11,3943,Sony,Taiwan,19,33.78,81,2,1,0.000245398773006135,1,254,5,2,476,0.00014132799993781594,0.00029553061545999206,104,509780,0.00017735448108886377
BATCH-2026-02153,14,Camera,5648,2026-08-22,2026-08-30,5296,STMicroelectronics,South Korea,31,23.81,77,2,2,0.0003541076487252125,1,703,8,3,27,0.0001573864901705702,0.00046936123067953895,91,385139,0.00017585459338616095
BATCH-2026-02154,46,Connector,9970,2026-01-12,2026-01-27,9870,Liteon,China,58,348.77,65,1,1,0.00010030090270812437,0,481,1,1,249,0.000177376316521378,0.0004995509860038717,96,502846,0.00020757696267843906
BATCH-2024-02155,27,PCB,7945,2024-10-05,2024-10-21,7431,Infineon,Taiwan,51,333.1,89,0,0,0.0,0,17,10,4,713,0.00011089276239704126,0.00035581711278072977,111,553940,0.0002244207567666141
BATCH-2026-02156,42,Charger,6765,2026-01-15,2026-01-25,6543,Acer,Germany,34,85.15,90,1,1,0.00014781966001478197,1,484,1,1,246,5.058942432590356e-05,0.0001440589145000144,106,511239,0.0002259435803313693
BATCH-2025-02157,3,Processor,922,2025-07-24,2025-08-06,865,Corning,Taiwan,24,487.86,63,0,0,0.0,0,309,7,3,421,0.0005290924687400791,0.0022824547846740364,105,511267,0.0001723848232239575
BATCH-2025-02158,21,Connector,2548,2025-04-24,2025-05-08,2420,Jabil,Taiwan,58,416.67,76,4,3,0.0011773940345368916,1,218,4,2,512,0.00034128023110612925,0.0012045823376322067,117,579869,0.00020757696267843906
BATCH-2024-02159,34,PCB,2204,2024-12-08,2024-12-16,2161,Renesas,China,19,153.37,81,0,0,0.0,0,81,12,4,649,0.00020629854890063796,0.000928870183527049,112,540044,0.0002244207567666141
BATCH-2026-02160,29,Processor,5330,2026-09-11,2026-09-24,5149,Seagate,Japan,40,285.23,77,1,0,0.0,0,723,9,3,7,0.00016256441034907573,0.0004929460254392659,92,456988,0.0001723848232239575
BATCH-2025-02161,2,Connector,7724,2025-09-24,2025-10-02,7301,TSMC,South Korea,34,349.29,92,0,0,0.0,0,371,9,3,359,0.0001216095118122708,0.0004158402802419921,99,473547,0.00020757696267843906
BATCH-2025-02162,10,Power IC,3793,2025-05-23,2025-06-07,3755,Panasonic,China,54,316.57,91,0,0,0.0,0,247,5,2,483,0.000144927638474753,0.0007549544377028447,94,435868,0.00017735448108886377
BATCH-2025-02163,19,Motherboard,7312,2025-07-25,2025-08-03,6918,Sumitomo,USA,36,238.9,64,1,1,0.00013676148796498905,1,310,7,3,420,0.00016876737493119937,0.00039378300837730447,91,458378,0.0002354934172429249
BATCH-2024-02164,12,Motherboard,548,2024-10-07,2024-10-20,543,Amphenol,Germany,18,446.77,96,0,0,0.0,0,19,10,4,711,8.015372036339901e-05,0.00041034141517753633,113,576135,0.0002354934172429249
BATCH-2025-02165,38,Motherboard,4625,2025-08-03,2025-08-14,4579,Xiaomi,South Korea,52,142.13,62,0,0,0.0,0,319,8,3,411,0.0002941454324685746,0.0007248486269555904,106,537180,0.0002354934172429249
BATCH-2025-02166,10,Camera,662,2025-11-04,2025-11-15,655,Panasonic,China,54,316.57,91,0,0,0.0,0,412,11,4,318,0.000144927638474753,0.0007549544377028447,94,435868,0.00017585459338616095
BATCH-2024-02167,48,Connector,9028,2024-12-13,2024-12-23,8482,TE Connectivity,Germany,25,315.88,71,1,1,0.00011076650420912716,0,86,12,4,644,0.000215467021331229,0.0009668394253566584,108,542251,0.00020757696267843906
BATCH-2026-02168,14,Connector,1605,2026-04-12,2026-04-27,1532,STMicroelectronics,South Korea,31,23.81,77,0,0,0.0,0,571,4,2,159,0.0001573864901705702,0.00046936123067953895,91,385139,0.00020757696267843906
BATCH-2025-02169,8,Charger,6239,2025-03-12,2025-03-18,6007,LG Chem,South Korea,40,115.16,76,0,0,0.0,0,175,3,1,555,0.00013285380642027623,0.00028745834951003884,92,477433,0.0002259435803313693
BATCH-2024-02170,42,Memory,7411,2024-09-18,2024-09-30,7321,Acer,Germany,34,85.15,90,0,0,0.0,0,0,9,3,730,5.058942432590356e-05,0.0001440589145000144,106,511239,0.00013960848603418856
BATCH-2025-02171,2,Sensor,5485,2025-09-23,2025-10-10,5430,TSMC,South Korea,34,349.29,92,0,0,0.0,0,370,9,3,360,0.0001216095118122708,0.0004158402802419921,99,473547,0.00016450590746445605
BATCH-2025-02172,23,Speaker,9118,2025-02-26,2025-03-15,9027,ASE,Japan,50,402.77,91,0,0,0.0,0,161,2,1,569,6.663525433902222e-05,0.00015954052120490043,90,441864,0.00019289953369198322
BATCH-2026-02173,1,Memory,8599,2026-01-01,2026-01-06,8297,Samsung,USA,19,220.56,89,0,0,0.0,0,470,1,1,260,0.00017219294545324894,0.0013891588805521986,106,504263,0.00013960848603418856
BATCH-2026-02174,15,Sensor,8583,2026-04-21,2026-04-30,8121,SK Hynix,Taiwan,40,342.16,65,2,1,0.0001165093790050099,0,580,4,2,150,0.00026051175061660777,0.0007352320636847295,93,436297,0.00016450590746445605
BATCH-2025-02175,30,PCB,9230,2025-07-24,2025-07-29,9138,Western Digital,Germany,16,59.04,65,0,0,0.0,0,309,7,3,421,0.00026662885278630423,0.0008545899187981254,93,459619,0.0002244207567666141
BATCH-2025-02176,46,Memory,377,2025-04-17,2025-04-27,367,Liteon,China,58,348.77,65,1,1,0.002652519893899204,1,211,4,2,519,0.000177376316521378,0.0004995509860038717,96,502846,0.00013960848603418856
BATCH-2026-02177,42,Charger,7380,2026-08-06,2026-08-22,7204,Acer,Germany,34,85.15,90,1,0,0.0,0,687,8,3,43,5.058942432590356e-05,0.0001440589145000144,106,511239,0.0002259435803313693
BATCH-2025-02178,13,Sensor,6385,2025-04-20,2025-04-25,6321,Onsemi,USA,46,98.93,89,0,0,0.0,0,214,4,2,516,0.00013306539717335389,0.0004888825988608853,89,428711,0.00016450590746445605
BATCH-2026-02179,7,Connector,2691,2026-09-01,2026-09-21,2664,Foxconn,USA,50,411.74,84,0,0,0.0,0,713,9,3,17,0.0003217144075727912,0.0015438669764764946,105,555087,0.00020757696267843906
BATCH-2026-02180,35,Camera,1017,2026-04-17,2026-04-23,959,Nokia,Japan,42,219.49,61,1,1,0.0009832841691248771,1,576,4,2,154,0.00019787338089100073,0.0003538789829112609,102,503406,0.00017585459338616095
BATCH-2025-02181,16,Speaker,8804,2025-07-27,2025-08-08,8716,Hitachi,China,57,483.82,88,1,1,0.00011358473421172194,0,312,7,3,418,8.336477286677332e-05,0.0004697935134049564,95,503392,0.00019289953369198322
BATCH-2025-02182,11,Speaker,2095,2025-10-07,2025-10-23,2058,Murata,Japan,22,178.55,88,0,0,0.0,0,384,10,4,346,0.00015599689945027513,0.0009387029695731565,105,551463,0.00019289953369198322
BATCH-2025-02183,11,Charger,4222,2025-09-21,2025-10-10,4133,Murata,Japan,22,178.55,88,1,1,0.00023685457129322596,1,368,9,3,362,0.00015599689945027513,0.0009387029695731565,105,551463,0.0002259435803313693
BATCH-2025-02184,12,Fan,9655,2025-08-15,2025-08-31,9558,Amphenol,Germany,18,446.77,96,0,0,0.0,0,331,8,3,399,8.015372036339901e-05,0.00041034141517753633,113,576135,0.00012855165100050963
BATCH-2025-02185,35,Memory,9846,2025-03-11,2025-03-21,9400,Nokia,Japan,42,219.49,61,2,1,0.00010156408693885842,0,174,3,1,556,0.00019787338089100073,0.0003538789829112609,102,503406,0.00013960848603418856
BATCH-2026-02186,36,PCB,1850,2026-04-27,2026-05-08,1770,Ericsson,Germany,60,205.45,68,1,1,0.0005405405405405405,1,586,4,2,144,0.00016582352511078637,0.0003750099810004351,109,536222,0.0002244207567666141
BATCH-2025-02187,8,Motherboard,655,2025-03-14,2025-04-02,633,LG Chem,South Korea,40,115.16,76,2,1,0.0015267175572519084,1,177,3,1,553,0.00013285380642027623,0.00028745834951003884,92,477433,0.0002354934172429249
BATCH-2026-02188,44,Display,2784,2026-08-25,2026-09-02,2687,Wistron,South Korea,50,232.01,87,0,0,0.0,0,706,8,3,24,0.00010336577465557791,0.000380745741124954,117,590216,0.00016919115080672866
BATCH-2025-02189,45,Charger,6999,2025-09-05,2025-09-11,6860,Pegatron,Taiwan,47,251.52,66,2,2,0.00028575510787255323,1,352,9,3,378,0.0001275169517997213,0.0003266025273992103,94,477190,0.0002259435803313693
BATCH-2026-02190,12,Memory,7833,2026-02-04,2026-02-14,7755,Amphenol,Germany,18,446.77,96,0,0,0.0,0,504,2,1,226,8.015372036339901e-05,0.00041034141517753633,113,576135,0.00013960848603418856
BATCH-2024-02191,49,Processor,7929,2024-12-24,2025-01-11,7492,Coherent,USA,42,45.65,73,1,1,0.0001261193088661874,0,97,12,4,633,0.00034438539861380375,0.0009931063632699735,93,417736,0.0001723848232239575
BATCH-2026-02192,30,Power IC,2582,2026-04-30,2026-05-13,2366,Western Digital,Germany,16,59.04,65,1,1,0.0003872966692486445,1,589,4,2,141,0.00026662885278630423,0.0008545899187981254,93,459619,0.00017735448108886377
BATCH-2026-02193,1,Memory,3516,2026-01-12,2026-01-22,3284,Samsung,USA,19,220.56,89,0,0,0.0,0,481,1,1,249,0.00017219294545324894,0.0013891588805521986,106,504263,0.00013960848603418856
BATCH-2025-02194,49,Speaker,6517,2025-12-14,2025-12-28,6450,Coherent,USA,42,45.65,73,1,1,0.00015344483658124905,1,452,12,4,278,0.00034438539861380375,0.0009931063632699735,93,417736,0.00019289953369198322
BATCH-2026-02195,22,Camera,5738,2026-09-09,2026-09-23,5549,Flex,China,43,157.56,86,1,0,0.0,0,721,9,3,9,6.527455789884103e-05,0.00021075148645526503,94,530055,0.00017585459338616095
BATCH-2025-02196,11,Sensor,1551,2025-07-08,2025-07-25,1535,Murata,Japan,22,178.55,88,0,0,0.0,0,293,7,3,437,0.00015599689945027513,0.0009387029695731565,105,551463,0.00016450590746445605
BATCH-2026-02197,8,Microcontroller,4528,2026-01-31,2026-02-10,4483,LG Chem,South Korea,40,115.16,76,1,1,0.00022084805653710247,1,500,1,1,230,0.00013285380642027623,0.00028745834951003884,92,477433,0.00013908905895273712
BATCH-2025-02198,5,Charger,6076,2025-08-03,2025-08-13,5797,Apple,Japan,38,226.29,64,1,1,0.00016458196181698485,1,319,8,3,411,0.00029304167774806515,0.0010333897385835877,92,488005,0.0002259435803313693
BATCH-2026-02199,13,Motherboard,3439,2026-03-13,2026-03-22,3369,Onsemi,USA,46,98.93,89,1,0,0.0,0,541,3,1,189,0.00013306539717335389,0.0004888825988608853,89,428711,0.0002354934172429249
BATCH-2026-02200,17,Connector,2761,2026-02-22,2026-02-28,2626,Mitsubishi,Japan,33,186.49,72,0,0,0.0,0,522,2,1,208,0.00014815223187369047,0.00046308585294764547,114,569061,0.00020757696267843906
BATCH-2025-02201,34,Display,129,2025-04-07,2025-04-13,126,Renesas,China,19,153.37,81,0,0,0.0,0,201,4,2,529,0.00020629854890063796,0.000928870183527049,112,540044,0.00016919115080672866
BATCH-2024-02202,26,Sensor,2228,2024-10-20,2024-11-05,2105,Texas Instruments,South Korea,53,5.67,67,2,1,0.0004488330341113106,1,32,10,4,698,0.0002658174764162671,0.0009122443285503541,102,493376,0.00016450590746445605
BATCH-2025-02203,35,PCB,1937,2025-11-16,2025-12-05,1843,Nokia,Japan,42,219.49,61,1,1,0.0005162622612287042,1,424,11,4,306,0.00019787338089100073,0.0003538789829112609,102,503406,0.0002244207567666141
BATCH-2025-02204,25,PCB,7942,2025-05-05,2025-05-13,7863,Broadcom,USA,26,71.6,85,2,0,0.0,0,229,5,2,501,9.454505074439549e-05,0.0003137783114627588,84,481980,0.0002244207567666141
BATCH-2026-02205,38,PCB,561,2026-03-13,2026-03-30,528,Xiaomi,South Korea,52,142.13,62,1,1,0.0017825311942959,1,541,3,1,189,0.0002941454324685746,0.0007248486269555904,106,537180,0.0002244207567666141
BATCH-2026-02206,31,Speaker,1359,2026-07-04,2026-07-16,1345,Kyocera,USA,35,236.61,85,1,1,0.0007358351729212656,1,654,7,3,76,0.00018411673535101585,0.0009126920964599268,104,605811,0.00019289953369198322
BATCH-2024-02207,38,Sensor,3173,2024-09-30,2024-10-19,3001,Xiaomi,South Korea,52,142.13,62,1,0,0.0,0,12,9,3,718,0.0002941454324685746,0.0007248486269555904,106,537180,0.00016450590746445605
BATCH-2026-02208,10,Speaker,6973,2026-06-06,2026-06-11,6903,Panasonic,China,54,316.57,91,0,0,0.0,0,626,6,2,104,0.000144927638474753,0.0007549544377028447,94,435868,0.00019289953369198322
BATCH-2024-02209,50,Camera,8474,2024-11-17,2024-11-29,7793,APC,South Korea,30,481.03,64,2,1,0.0001180080245456691,0,60,11,4,670,0.0002753509047441992,0.0007401953979905162,113,559124,0.00017585459338616095
BATCH-2024-02210,28,Processor,6518,2024-10-23,2024-11-09,6412,Kioxia,China,36,390.8,86,0,0,0.0,0,35,10,4,695,6.548471380186631e-05,0.00020932699508353792,108,509896,0.0001723848232239575
BATCH-2025-02211,27,Microcontroller,1353,2025-04-05,2025-04-17,1288,Infineon,Taiwan,51,333.1,89,2,2,0.0014781966001478197,1,199,4,2,531,0.00011089276239704126,0.00035581711278072977,111,553940,0.00013908905895273712
BATCH-2024-02212,2,Motherboard,7114,2024-11-20,2024-11-25,7043,TSMC,South Korea,34,349.29,92,1,1,0.0001405678942929435,1,63,11,4,667,0.0001216095118122708,0.0004158402802419921,99,473547,0.0002354934172429249
BATCH-2025-02213,40,Charger,3692,2025-02-25,2025-03-06,3652,Dell,China,20,392.38,81,1,1,0.00027085590465872155,1,160,2,1,570,0.00013234425192726218,0.0003712523513249762,101,498329,0.0002259435803313693
BATCH-2025-02214,36,Display,5401,2025-08-18,2025-09-06,4865,Ericsson,Germany,60,205.45,68,2,2,0.00037030179596371043,1,334,8,3,396,0.00016582352511078637,0.0003750099810004351,109,536222,0.00016919115080672866
BATCH-2025-02215,35,Battery,9100,2025-06-24,2025-07-11,9009,Nokia,Japan,42,219.49,61,2,1,0.00010989010989010989,0,279,6,2,451,0.00019787338089100073,0.0003538789829112609,102,503406,0.00021173401481822628
BATCH-2026-02216,33,Battery,833,2026-03-31,2026-04-20,794,Denso,Taiwan,41,277.68,84,0,0,0.0,0,559,3,1,171,0.00013528007016307464,0.0006519489677036868,119,602071,0.00021173401481822628
BATCH-2025-02217,18,Connector,7056,2025-12-17,2026-01-03,6716,Bosch,Germany,18,96.36,77,0,0,0.0,0,455,12,4,275,0.00021806730730221415,0.0007021012099867912,110,557568,0.00020757696267843906
BATCH-2025-02218,48,Memory,9553,2025-06-03,2025-06-11,9457,TE Connectivity,Germany,25,315.88,71,2,1,0.00010467915837956663,0,258,6,2,472,0.000215467021331229,0.0009668394253566584,108,542251,0.00013960848603418856
BATCH-2025-02219,48,PCB,281,2025-09-24,2025-10-01,262,TE Connectivity,Germany,25,315.88,71,0,0,0.0,0,371,9,3,359,0.000215467021331229,0.0009668394253566584,108,542251,0.0002244207567666141
BATCH-2026-02220,19,Battery,1495,2026-02-08,2026-02-19,1354,Sumitomo,USA,36,238.9,64,1,0,0.0,0,508,2,1,222,0.00016876737493119937,0.00039378300837730447,91,458378,0.00021173401481822628
BATCH-2026-02221,47,Fan,7852,2026-09-03,2026-09-19,7773,Molex,Japan,37,191.75,76,1,0,0.0,0,715,9,3,15,0.00015063481442028842,0.00045023343696729267,102,507171,0.00012855165100050963
BATCH-2025-02222,45,PCB,9305,2025-05-03,2025-05-14,8859,Pegatron,Taiwan,47,251.52,66,0,0,0.0,0,227,5,2,503,0.0001275169517997213,0.0003266025273992103,94,477190,0.0002244207567666141
BATCH-2026-02223,34,Connector,8559,2026-05-04,2026-05-24,8473,Renesas,China,19,153.37,81,2,1,0.00011683607898118939,0,593,5,2,137,0.00020629854890063796,0.000928870183527049,112,540044,0.00020757696267843906
BATCH-2025-02224,29,Display,2018,2025-04-14,2025-04-21,1934,Seagate,Japan,40,285.23,77,1,1,0.0004955401387512388,1,208,4,2,522,0.00016256441034907573,0.0004929460254392659,92,456988,0.00016919115080672866
BATCH-2026-02225,11,Processor,2242,2026-02-05,2026-02-22,2220,Murata,Japan,22,178.55,88,1,1,0.00044603033006244426,1,505,2,1,225,0.00015599689945027513,0.0009387029695731565,105,551463,0.0001723848232239575
BATCH-2026-02226,15,Motherboard,793,2026-04-21,2026-04-28,711,SK Hynix,Taiwan,40,342.16,65,2,2,0.0025220680958385876,1,580,4,2,150,0.00026051175061660777,0.0007352320636847295,93,436297,0.0002354934172429249
BATCH-2025-02227,3,Charger,1475,2025-02-21,2025-03-10,1363,Corning,Taiwan,24,487.86,63,4,3,0.002033898305084746,1,156,2,1,574,0.0005290924687400791,0.0022824547846740364,105,511267,0.0002259435803313693
BATCH-2026-02228,12,Display,6266,2026-08-29,2026-09-05,6203,Amphenol,Germany,18,446.77,96,0,0,0.0,0,710,8,3,20,8.015372036339901e-05,0.00041034141517753633,113,576135,0.00016919115080672866
BATCH-2025-02229,26,Power IC,1436,2025-03-20,2025-04-05,1369,Texas Instruments,South Korea,53,5.67,67,2,0,0.0,0,183,3,1,547,0.0002658174764162671,0.0009122443285503541,102,493376,0.00017735448108886377
BATCH-2025-02230,47,Fan,2941,2025-08-10,2025-08-29,2808,Molex,Japan,37,191.75,76,1,1,0.00034002040122407346,1,326,8,3,404,0.00015063481442028842,0.00045023343696729267,102,507171,0.00012855165100050963
BATCH-2026-02231,35,Power IC,2908,2026-06-27,2026-07-02,2735,Nokia,Japan,42,219.49,61,1,1,0.000343878954607978,1,647,6,2,83,0.00019787338089100073,0.0003538789829112609,102,503406,0.00017735448108886377
BATCH-2025-02232,3,PCB,6811,2025-06-19,2025-06-29,6510,Corning,Taiwan,24,487.86,63,1,0,0.0,0,274,6,2,456,0.0005290924687400791,0.0022824547846740364,105,511267,0.0002244207567666141
BATCH-2026-02233,21,Display,3267,2026-08-05,2026-08-21,3159,Jabil,Taiwan,58,416.67,76,1,1,0.00030609121518212427,1,686,8,3,44,0.00034128023110612925,0.0012045823376322067,117,579869,0.00016919115080672866
BATCH-2026-02234,8,Camera,6942,2026-07-03,2026-07-19,6681,LG Chem,South Korea,40,115.16,76,0,0,0.0,0,653,7,3,77,0.00013285380642027623,0.00028745834951003884,92,477433,0.00017585459338616095
BATCH-2025-02235,8,PCB,6809,2025-09-25,2025-10-09,6741,LG Chem,South Korea,40,115.16,76,1,1,0.000146864444118079,1,372,9,3,358,0.00013285380642027623,0.00028745834951003884,92,477433,0.0002244207567666141
BATCH-2025-02236,43,Connector,524,2025-06-25,2025-07-10,504,ASUSTeK,USA,30,46.84,60,1,1,0.0019083969465648854,1,280,6,2,450,0.00044469895714356904,0.0012463320250862553,87,411235,0.00020757696267843906
BATCH-2024-02237,25,Memory,7170,2024-09-28,2024-10-06,6959,Broadcom,USA,26,71.6,85,1,1,0.0001394700139470014,1,10,9,3,720,9.454505074439549e-05,0.0003137783114627588,84,481980,0.00013960848603418856
BATCH-2025-02238,39,PCB,8405,2025-09-25,2025-10-15,8055,Lenovo,Taiwan,57,331.63,71,0,0,0.0,0,372,9,3,358,0.00017438124238925042,0.000501056949565781,101,560841,0.0002244207567666141
BATCH-2025-02239,20,Sensor,6888,2025-07-05,2025-07-12,6542,Delta Electronics,South Korea,30,335.57,68,4,3,0.00043554006968641115,1,290,7,3,440,0.00014552538396359592,0.00035285670745256997,82,427248,0.00016450590746445605
BATCH-2025-02240,45,Connector,9732,2025-12-02,2025-12-19,9238,Pegatron,Taiwan,47,251.52,66,2,2,0.0002055076037813399,1,440,12,4,290,0.0001275169517997213,0.0003266025273992103,94,477190,0.00020757696267843906
BATCH-2026-02241,41,Microcontroller,6645,2026-08-10,2026-08-28,6340,HP,Japan,60,204.38,85,1,1,0.00015048908954100828,1,691,8,3,39,0.00012231852387452777,0.00025339821295037224,87,408153,0.00013908905895273712
BATCH-2025-02242,34,Camera,1030,2025-05-19,2025-06-06,1017,Renesas,China,19,153.37,81,1,1,0.000970873786407767,1,243,5,2,487,0.00020629854890063796,0.000928870183527049,112,540044,0.00017585459338616095
BATCH-2024-02243,6,Charger,3493,2024-12-25,2025-01-06,3257,NVIDIA,Germany,38,463.53,74,2,1,0.000286286859433152,1,98,12,4,632,0.00023377595866623649,0.0009271237760431065,104,528560,0.0002259435803313693
BATCH-2026-02244,24,Speaker,9526,2026-09-15,2026-09-28,9301,Qualcomm,Germany,53,145.59,74,3,3,0.0003149275666596683,1,727,9,3,3,0.00017211444124561363,0.00048508112533674527,88,458321,0.00019289953369198322
BATCH-2024-02245,48,Camera,4063,2024-10-06,2024-10-23,3821,TE Connectivity,Germany,25,315.88,71,0,0,0.0,0,18,10,4,712,0.000215467021331229,0.0009668394253566584,108,542251,0.00017585459338616095
BATCH-2025-02246,39,Connector,5500,2025-02-24,2025-03-14,5215,Lenovo,Taiwan,57,331.63,71,2,1,0.0001818181818181818,1,159,2,1,571,0.00017438124238925042,0.000501056949565781,101,560841,0.00020757696267843906
BATCH-2026-02247,8,Power IC,3170,2026-08-24,2026-09-06,3107,LG Chem,South Korea,40,115.16,76,0,0,0.0,0,705,8,3,25,0.00013285380642027623,0.00028745834951003884,92,477433,0.00017735448108886377
BATCH-2025-02248,36,Display,3678,2025-02-27,2025-03-04,3627,Ericsson,Germany,60,205.45,68,3,3,0.0008156606851549756,1,162,2,1,568,0.00016582352511078637,0.0003750099810004351,109,536222,0.00016919115080672866
BATCH-2026-02249,26,Motherboard,1863,2026-02-18,2026-02-27,1789,Texas Instruments,South Korea,53,5.67,67,1,1,0.0005367686527106817,1,518,2,1,212,0.0002658174764162671,0.0009122443285503541,102,493376,0.0002354934172429249
BATCH-2025-02250,17,Speaker,2033,2025-11-15,2025-11-24,2013,Mitsubishi,Japan,33,186.49,72,2,1,0.0004918839153959665,1,423,11,4,307,0.00014815223187369047,0.00046308585294764547,114,569061,0.00019289953369198322
BATCH-2025-02251,6,Connector,4449,2025-03-15,2025-04-01,4332,NVIDIA,Germany,38,463.53,74,1,1,0.0002247696111485727,1,178,3,1,552,0.00023377595866623649,0.0009271237760431065,104,528560,0.00020757696267843906
BATCH-2025-02252,25,Fan,7323,2025-05-19,2025-06-08,6934,Broadcom,USA,26,71.6,85,1,1,0.00013655605626109517,1,243,5,2,487,9.454505074439549e-05,0.0003137783114627588,84,481980,0.00012855165100050963
BATCH-2025-02253,1,Power IC,6940,2025-06-11,2025-06-18,6763,Samsung,USA,19,220.56,89,0,0,0.0,0,266,6,2,464,0.00017219294545324894,0.0013891588805521986,106,504263,0.00017735448108886377
BATCH-2026-02254,29,Sensor,110,2026-02-13,2026-03-03,106,Seagate,Japan,40,285.23,77,0,0,0.0,0,513,2,1,217,0.00016256441034907573,0.0004929460254392659,92,456988,0.00016450590746445605
BATCH-2024-02255,3,Sensor,9411,2024-11-17,2024-11-25,9139,Corning,Taiwan,24,487.86,63,2,1,0.00010625863351397301,0,60,11,4,670,0.0005290924687400791,0.0022824547846740364,105,511267,0.00016450590746445605
BATCH-2025-02256,42,Processor,4165,2025-11-26,2025-12-14,4123,Acer,Germany,34,85.15,90,0,0,0.0,0,434,11,4,296,5.058942432590356e-05,0.0001440589145000144,106,511239,0.0001723848232239575
BATCH-2025-02257,22,Microcontroller,7791,2025-02-17,2025-03-04,7285,Flex,China,43,157.56,86,0,0,0.0,0,152,2,1,578,6.527455789884103e-05,0.00021075148645526503,94,530055,0.00013908905895273712
BATCH-2025-02258,36,Charger,5541,2025-09-13,2025-09-29,5350,Ericsson,Germany,60,205.45,68,0,0,0.0,0,360,9,3,370,0.00016582352511078637,0.0003750099810004351,109,536222,0.0002259435803313693
BATCH-2026-02259,20,Motherboard,9528,2026-07-13,2026-07-30,8896,Delta Electronics,South Korea,30,335.57,68,1,1,0.00010495382031905961,0,663,7,3,67,0.00014552538396359592,0.00035285670745256997,82,427248,0.0002354934172429249
BATCH-2024-02260,36,Processor,5928,2024-10-12,2024-10-26,5645,Ericsson,Germany,60,205.45,68,3,2,0.00033738191632928474,1,24,10,4,706,0.00016582352511078637,0.0003750099810004351,109,536222,0.0001723848232239575
BATCH-2026-02261,45,Speaker,5717,2026-06-23,2026-06-29,5372,Pegatron,Taiwan,47,251.52,66,0,0,0.0,0,643,6,2,87,0.0001275169517997213,0.0003266025273992103,94,477190,0.00019289953369198322
BATCH-2025-02262,33,Battery,5487,2025-12-21,2026-01-07,5432,Denso,Taiwan,41,277.68,84,0,0,0.0,0,459,12,4,271,0.00013528007016307464,0.0006519489677036868,119,602071,0.00021173401481822628
BATCH-2024-02263,19,Battery,461,2024-12-20,2025-01-01,441,Sumitomo,USA,36,238.9,64,0,0,0.0,0,93,12,4,637,0.00016876737493119937,0.00039378300837730447,91,458378,0.00021173401481822628
BATCH-2024-02264,21,Camera,9807,2024-10-08,2024-10-19,9624,Jabil,Taiwan,58,416.67,76,1,0,0.0,0,20,10,4,710,0.00034128023110612925,0.0012045823376322067,117,579869,0.00017585459338616095
BATCH-2025-02265,49,Camera,3767,2025-08-11,2025-08-28,3718,Coherent,USA,42,45.65,73,2,0,0.0,0,327,8,3,403,0.00034438539861380375,0.0009931063632699735,93,417736,0.00017585459338616095
BATCH-2026-02266,50,Motherboard,187,2026-04-29,2026-05-07,174,APC,South Korea,30,481.03,64,3,1,0.0053475935828877,1,588,4,2,142,0.0002753509047441992,0.0007401953979905162,113,559124,0.0002354934172429249
BATCH-2025-02267,32,Microcontroller,6074,2025-02-18,2025-03-06,5699,Canon,South Korea,54,382.97,81,2,2,0.00032927230819888045,1,153,2,1,577,8.286140374041643e-05,0.0002525478149158471,93,484783,0.00013908905895273712
BATCH-2026-02268,31,Speaker,5817,2026-04-05,2026-04-12,5611,Kyocera,USA,35,236.61,85,2,1,0.00017190991920233798,1,564,4,2,166,0.00018411673535101585,0.0009126920964599268,104,605811,0.00019289953369198322
BATCH-2025-02269,45,Microcontroller,2198,2025-01-22,2025-02-05,2068,Pegatron,Taiwan,47,251.52,66,0,0,0.0,0,126,1,1,604,0.0001275169517997213,0.0003266025273992103,94,477190,0.00013908905895273712
BATCH-2026-02270,24,Battery,3457,2026-03-11,2026-03-17,3323,Qualcomm,Germany,53,145.59,74,0,0,0.0,0,539,3,1,191,0.00017211444124561363,0.00048508112533674527,88,458321,0.00021173401481822628
BATCH-2024-02271,44,Microcontroller,4458,2024-10-20,2024-10-25,4413,Wistron,South Korea,50,232.01,87,0,0,0.0,0,32,10,4,698,0.00010336577465557791,0.000380745741124954,117,590216,0.00013908905895273712
BATCH-2025-02272,43,PCB,5337,2025-05-31,2025-06-12,5190,ASUSTeK,USA,30,46.84,60,0,0,0.0,0,255,5,2,475,0.00044469895714356904,0.0012463320250862553,87,411235,0.0002244207567666141
BATCH-2025-02273,40,Battery,7376,2025-01-27,2025-02-08,6708,Dell,China,20,392.38,81,1,1,0.00013557483731019523,1,131,1,1,599,0.00013234425192726218,0.0003712523513249762,101,498329,0.00021173401481822628
BATCH-2025-02274,38,Camera,7022,2025-09-17,2025-09-22,6683,Xiaomi,South Korea,52,142.13,62,2,1,0.00014240956992309884,1,364,9,3,366,0.0002941454324685746,0.0007248486269555904,106,537180,0.00017585459338616095
BATCH-2025-02275,48,PCB,2009,2025-11-30,2025-12-10,1903,TE Connectivity,Germany,25,315.88,71,1,0,0.0,0,438,11,4,292,0.000215467021331229,0.0009668394253566584,108,542251,0.0002244207567666141
BATCH-2026-02276,31,Speaker,2675,2026-07-12,2026-08-01,2648,Kyocera,USA,35,236.61,85,1,1,0.00037383177570093456,1,662,7,3,68,0.00018411673535101585,0.0009126920964599268,104,605811,0.00019289953369198322
BATCH-2026-02277,47,Display,7423,2026-08-03,2026-08-11,6878,Molex,Japan,37,191.75,76,1,1,0.0001347164219318335,1,684,8,3,46,0.00015063481442028842,0.00045023343696729267,102,507171,0.00016919115080672866
BATCH-2025-02278,30,Camera,4032,2025-05-20,2025-06-05,3866,Western Digital,Germany,16,59.04,65,1,0,0.0,0,244,5,2,486,0.00026662885278630423,0.0008545899187981254,93,459619,0.00017585459338616095
BATCH-2026-02279,48,Power IC,9301,2026-02-18,2026-03-09,8840,TE Connectivity,Germany,25,315.88,71,1,1,0.00010751532093323298,0,518,2,1,212,0.000215467021331229,0.0009668394253566584,108,542251,0.00017735448108886377
BATCH-2025-02280,10,Processor,3626,2025-07-16,2025-07-27,3494,Panasonic,China,54,316.57,91,0,0,0.0,0,301,7,3,429,0.000144927638474753,0.0007549544377028447,94,435868,0.0001723848232239575
BATCH-2025-02281,11,Power IC,9749,2025-08-05,2025-08-24,9630,Murata,Japan,22,178.55,88,0,0,0.0,0,321,8,3,409,0.00015599689945027513,0.0009387029695731565,105,551463,0.00017735448108886377
BATCH-2025-02282,33,Processor,8023,2025-02-03,2025-02-21,7809,Denso,Taiwan,41,277.68,84,1,0,0.0,0,138,2,1,592,0.00013528007016307464,0.0006519489677036868,119,602071,0.0001723848232239575
BATCH-2025-02283,4,Connector,3099,2025-10-27,2025-11-02,3023,Intel,China,48,393.46,88,0,0,0.0,0,404,10,4,326,0.00018841892264149143,0.0009961276293195824,96,400272,0.00020757696267843906
BATCH-2025-02284,3,Charger,3302,2025-01-15,2025-01-24,3163,Corning,Taiwan,24,487.86,63,4,4,0.0012113870381586917,1,119,1,1,611,0.0005290924687400791,0.0022824547846740364,105,511267,0.0002259435803313693
BATCH-2025-02285,18,Camera,6840,2025-05-22,2025-06-08,6772,Bosch,Germany,18,96.36,77,1,1,0.00014619883040935673,1,246,5,2,484,0.00021806730730221415,0.0007021012099867912,110,557568,0.00017585459338616095
BATCH-2026-02286,31,Fan,2631,2026-09-05,2026-09-13,2543,Kyocera,USA,35,236.61,85,0,0,0.0,0,717,9,3,13,0.00018411673535101585,0.0009126920964599268,104,605811,0.00012855165100050963
BATCH-2025-02287,45,Display,6038,2025-09-27,2025-10-05,5895,Pegatron,Taiwan,47,251.52,66,0,0,0.0,0,374,9,3,356,0.0001275169517997213,0.0003266025273992103,94,477190,0.00016919115080672866
BATCH-2025-02288,27,Memory,8868,2025-03-01,2025-03-15,8350,Infineon,Taiwan,51,333.1,89,3,3,0.00033829499323410016,1,164,3,1,566,0.00011089276239704126,0.00035581711278072977,111,553940,0.00013960848603418856
BATCH-2025-02289,13,Fan,6358,2025-02-21,2025-03-10,6083,Onsemi,USA,46,98.93,89,0,0,0.0,0,156,2,1,574,0.00013306539717335389,0.0004888825988608853,89,428711,0.00012855165100050963
BATCH-2025-02290,13,Speaker,3976,2025-11-07,2025-11-20,3815,Onsemi,USA,46,98.93,89,1,0,0.0,0,415,11,4,315,0.00013306539717335389,0.0004888825988608853,89,428711,0.00019289953369198322
BATCH-2025-02291,16,Camera,9196,2025-06-23,2025-07-04,8943,Hitachi,China,57,483.82,88,0,0,0.0,0,278,6,2,452,8.336477286677332e-05,0.0004697935134049564,95,503392,0.00017585459338616095
BATCH-2026-02292,34,Memory,9764,2026-07-06,2026-07-14,9467,Renesas,China,19,153.37,81,1,1,0.00010241704219582139,0,656,7,3,74,0.00020629854890063796,0.000928870183527049,112,540044,0.00013960848603418856
BATCH-2026-02293,42,Microcontroller,7056,2026-02-03,2026-02-11,6985,Acer,Germany,34,85.15,90,0,0,0.0,0,503,2,1,227,5.058942432590356e-05,0.0001440589145000144,106,511239,0.00013908905895273712
BATCH-2026-02294,30,Battery,847,2026-08-25,2026-09-13,812,Western Digital,Germany,16,59.04,65,3,2,0.0023612750885478157,1,706,8,3,24,0.00026662885278630423,0.0008545899187981254,93,459619,0.00021173401481822628
BATCH-2025-02295,12,Power IC,7506,2025-10-16,2025-10-25,7390,Amphenol,Germany,18,446.77,96,1,1,0.0001332267519317879,1,393,10,4,337,8.015372036339901e-05,0.00041034141517753633,113,576135,0.00017735448108886377
BATCH-2026-02296,20,Microcontroller,7578,2026-06-29,2026-07-12,7214,Delta Electronics,South Korea,30,335.57,68,2,1,0.0001319609395618897,0,649,6,2,81,0.00014552538396359592,0.00035285670745256997,82,427248,0.00013908905895273712
BATCH-2026-02297,27,Connector,1225,2026-07-27,2026-08-16,1210,Infineon,Taiwan,51,333.1,89,2,2,0.0016326530612244899,1,677,7,3,53,0.00011089276239704126,0.00035581711278072977,111,553940,0.00020757696267843906
BATCH-2025-02298,19,Sensor,6277,2025-07-18,2025-08-04,5931,Sumitomo,USA,36,238.9,64,0,0,0.0,0,303,7,3,427,0.00016876737493119937,0.00039378300837730447,91,458378,0.00016450590746445605
BATCH-2024-02299,50,PCB,552,2024-12-10,2024-12-25,532,APC,South Korea,30,481.03,64,0,0,0.0,0,83,12,4,647,0.0002753509047441992,0.0007401953979905162,113,559124,0.0002244207567666141
BATCH-2026-02300,47,Battery,5240,2026-03-01,2026-03-15,5044,Molex,Japan,37,191.75,76,1,1,0.00019083969465648855,1,529,3,1,201,0.00015063481442028842,0.00045023343696729267,102,507171,0.00021173401481822628
BATCH-2025-02301,23,Sensor,9405,2025-02-12,2025-02-22,8796,ASE,Japan,50,402.77,91,1,1,0.0001063264221158958,0,147,2,1,583,6.663525433902222e-05,0.00015954052120490043,90,441864,0.00016450590746445605
BATCH-2026-02302,2,PCB,2665,2026-02-12,2026-02-26,2607,TSMC,South Korea,34,349.29,92,0,0,0.0,0,512,2,1,218,0.0001216095118122708,0.0004158402802419921,99,473547,0.0002244207567666141
BATCH-2025-02303,50,Connector,7197,2025-07-05,2025-07-20,6919,APC,South Korea,30,481.03,64,1,1,0.00013894678338196472,1,290,7,3,440,0.0002753509047441992,0.0007401953979905162,113,559124,0.00020757696267843906
BATCH-2026-02304,17,Charger,9614,2026-02-17,2026-02-28,9518,Mitsubishi,Japan,33,186.49,72,2,0,0.0,0,517,2,1,213,0.00014815223187369047,0.00046308585294764547,114,569061,0.0002259435803313693
BATCH-2025-02305,38,Speaker,8348,2025-12-05,2025-12-13,7818,Xiaomi,South Korea,52,142.13,62,1,1,0.00011978917105893628,0,443,12,4,287,0.0002941454324685746,0.0007248486269555904,106,537180,0.00019289953369198322
BATCH-2025-02306,12,Motherboard,8535,2025-01-15,2025-01-29,8450,Amphenol,Germany,18,446.77,96,0,0,0.0,0,119,1,1,611,8.015372036339901e-05,0.00041034141517753633,113,576135,0.0002354934172429249
BATCH-2025-02307,40,PCB,9493,2025-05-02,2025-05-22,9398,Dell,China,20,392.38,81,1,1,0.00010534077741493732,0,226,5,2,504,0.00013234425192726218,0.0003712523513249762,101,498329,0.0002244207567666141
BATCH-2025-02308,40,Display,9217,2025-02-13,2025-02-22,8998,Dell,China,20,392.38,81,0,0,0.0,0,148,2,1,582,0.00013234425192726218,0.0003712523513249762,101,498329,0.00016919115080672866
BATCH-2025-02309,41,Speaker,1650,2025-01-14,2025-01-19,1620,HP,Japan,60,204.38,85,0,0,0.0,0,118,1,1,612,0.00012231852387452777,0.00025339821295037224,87,408153,0.00019289953369198322
BATCH-2025-02310,48,Battery,2385,2025-10-18,2025-10-26,2291,TE Connectivity,Germany,25,315.88,71,1,1,0.0004192872117400419,1,395,10,4,335,0.000215467021331229,0.0009668394253566584,108,542251,0.00021173401481822628
BATCH-2026-02311,16,Power IC,9166,2026-07-02,2026-07-07,8867,Hitachi,China,57,483.82,88,0,0,0.0,0,652,7,3,78,8.336477286677332e-05,0.0004697935134049564,95,503392,0.00017735448108886377
BATCH-2025-02312,6,Charger,5249,2025-11-10,2025-11-25,4802,NVIDIA,Germany,38,463.53,74,0,0,0.0,0,418,11,4,312,0.00023377595866623649,0.0009271237760431065,104,528560,0.0002259435803313693
BATCH-2026-02313,45,Processor,421,2026-08-18,2026-08-25,394,Pegatron,Taiwan,47,251.52,66,2,1,0.0023752969121140144,1,699,8,3,31,0.0001275169517997213,0.0003266025273992103,94,477190,0.0001723848232239575
BATCH-2025-02314,50,Processor,9445,2025-06-07,2025-06-14,9133,APC,South Korea,30,481.03,64,1,1,0.00010587612493382742,0,262,6,2,468,0.0002753509047441992,0.0007401953979905162,113,559124,0.0001723848232239575
BATCH-2025-02315,40,Display,5042,2025-06-30,2025-07-05,4866,Dell,China,20,392.38,81,1,1,0.00019833399444664816,1,285,6,2,445,0.00013234425192726218,0.0003712523513249762,101,498329,0.00016919115080672866
BATCH-2026-02316,3,Display,1470,2026-04-28,2026-05-14,1453,Corning,Taiwan,24,487.86,63,1,1,0.0006802721088435374,1,587,4,2,143,0.0005290924687400791,0.0022824547846740364,105,511267,0.00016919115080672866
BATCH-2025-02317,4,Speaker,7550,2025-02-11,2025-02-24,7213,Intel,China,48,393.46,88,1,1,0.00013245033112582781,0,146,2,1,584,0.00018841892264149143,0.0009961276293195824,96,400272,0.00019289953369198322
BATCH-2024-02318,39,Memory,3730,2024-10-20,2024-10-26,3626,Lenovo,Taiwan,57,331.63,71,2,1,0.00026809651474530834,1,32,10,4,698,0.00017438124238925042,0.000501056949565781,101,560841,0.00013960848603418856
BATCH-2026-02319,21,Microcontroller,9284,2026-01-17,2026-01-31,9138,Jabil,Taiwan,58,416.67,76,1,0,0.0,0,486,1,1,244,0.00034128023110612925,0.0012045823376322067,117,579869,0.00013908905895273712
BATCH-2026-02320,49,Microcontroller,2026,2026-01-13,2026-01-29,1992,Coherent,USA,42,45.65,73,1,0,0.0,0,482,1,1,248,0.00034438539861380375,0.0009931063632699735,93,417736,0.00013908905895273712
BATCH-2025-02321,44,Sensor,3930,2025-01-10,2025-01-20,3759,Wistron,South Korea,50,232.01,87,3,2,0.0005089058524173028,1,114,1,1,616,0.00010336577465557791,0.000380745741124954,117,590216,0.00016450590746445605
BATCH-2026-02322,49,Fan,2742,2026-01-13,2026-01-23,2690,Coherent,USA,42,45.65,73,3,3,0.0010940919037199124,1,482,1,1,248,0.00034438539861380375,0.0009931063632699735,93,417736,0.00012855165100050963
BATCH-2026-02323,43,Motherboard,7743,2026-07-25,2026-08-11,7624,ASUSTeK,USA,30,46.84,60,1,1,0.00012914890869172155,0,675,7,3,55,0.00044469895714356904,0.0012463320250862553,87,411235,0.0002354934172429249
BATCH-2025-02324,17,Processor,5973,2025-08-03,2025-08-14,5753,Mitsubishi,Japan,33,186.49,72,2,2,0.0003348401138456387,1,319,8,3,411,0.00014815223187369047,0.00046308585294764547,114,569061,0.0001723848232239575
BATCH-2025-02325,29,Display,6386,2025-01-18,2025-01-25,6126,Seagate,Japan,40,285.23,77,1,1,0.00015659254619480113,1,122,1,1,608,0.00016256441034907573,0.0004929460254392659,92,456988,0.00016919115080672866
BATCH-2026-02326,21,Processor,3558,2026-03-08,2026-03-16,3522,Jabil,Taiwan,58,416.67,76,0,0,0.0,0,536,3,1,194,0.00034128023110612925,0.0012045823376322067,117,579869,0.0001723848232239575
BATCH-2025-02327,48,Microcontroller,1180,2025-08-19,2025-09-04,1099,TE Connectivity,Germany,25,315.88,71,1,0,0.0,0,335,8,3,395,0.000215467021331229,0.0009668394253566584,108,542251,0.00013908905895273712
BATCH-2026-02328,1,PCB,4209,2026-06-10,2026-06-25,4069,Samsung,USA,19,220.56,89,0,0,0.0,0,630,6,2,100,0.00017219294545324894,0.0013891588805521986,106,504263,0.0002244207567666141
BATCH-2025-02329,47,Processor,1169,2025-05-27,2025-06-16,1127,Molex,Japan,37,191.75,76,1,1,0.000855431993156544,1,251,5,2,479,0.00015063481442028842,0.00045023343696729267,102,507171,0.0001723848232239575
BATCH-2025-02330,36,Microcontroller,2270,2025-11-12,2025-11-24,2179,Ericsson,Germany,60,205.45,68,1,1,0.0004405286343612335,1,420,11,4,310,0.00016582352511078637,0.0003750099810004351,109,536222,0.00013908905895273712
BATCH-2026-02331,42,Display,4593,2026-02-04,2026-02-15,4227,Acer,Germany,34,85.15,90,0,0,0.0,0,504,2,1,226,5.058942432590356e-05,0.0001440589145000144,106,511239,0.00016919115080672866
BATCH-2026-02332,34,Display,9707,2026-05-13,2026-06-01,9610,Renesas,China,19,153.37,81,0,0,0.0,0,602,5,2,128,0.00020629854890063796,0.000928870183527049,112,540044,0.00016919115080672866
BATCH-2025-02333,17,Processor,1780,2025-05-01,2025-05-21,1697,Mitsubishi,Japan,33,186.49,72,0,0,0.0,0,225,5,2,505,0.00014815223187369047,0.00046308585294764547,114,569061,0.0001723848232239575
BATCH-2024-02334,11,Connector,9196,2024-11-25,2024-12-13,8694,Murata,Japan,22,178.55,88,0,0,0.0,0,68,11,4,662,0.00015599689945027513,0.0009387029695731565,105,551463,0.00020757696267843906
BATCH-2024-02335,39,Sensor,9710,2024-10-14,2024-10-19,9230,Lenovo,Taiwan,57,331.63,71,0,0,0.0,0,26,10,4,704,0.00017438124238925042,0.000501056949565781,101,560841,0.00016450590746445605
BATCH-2025-02336,28,Motherboard,9393,2025-09-08,2025-09-26,8823,Kioxia,China,36,390.8,86,2,0,0.0,0,355,9,3,375,6.548471380186631e-05,0.00020932699508353792,108,509896,0.0002354934172429249
BATCH-2025-02337,43,Speaker,224,2025-11-06,2025-11-21,210,ASUSTeK,USA,30,46.84,60,2,2,0.008928571428571428,1,414,11,4,316,0.00044469895714356904,0.0012463320250862553,87,411235,0.00019289953369198322
BATCH-2024-02338,41,Charger,1998,2024-11-21,2024-12-06,1886,HP,Japan,60,204.38,85,2,2,0.001001001001001001,1,64,11,4,666,0.00012231852387452777,0.00025339821295037224,87,408153,0.0002259435803313693
BATCH-2025-02339,36,Power IC,1801,2025-02-20,2025-03-01,1684,Ericsson,Germany,60,205.45,68,1,1,0.000555247084952804,1,155,2,1,575,0.00016582352511078637,0.0003750099810004351,109,536222,0.00017735448108886377
BATCH-2024-02340,35,Connector,1184,2024-11-26,2024-12-07,1172,Nokia,Japan,42,219.49,61,0,0,0.0,0,69,11,4,661,0.00019787338089100073,0.0003538789829112609,102,503406,0.00020757696267843906
BATCH-2025-02341,24,Battery,2211,2025-11-05,2025-11-15,2189,Qualcomm,Germany,53,145.59,74,0,0,0.0,0,413,11,4,317,0.00017211444124561363,0.00048508112533674527,88,458321,0.00021173401481822628
BATCH-2025-02342,34,Memory,8337,2025-02-18,2025-03-03,8103,Renesas,China,19,153.37,81,0,0,0.0,0,153,2,1,577,0.00020629854890063796,0.000928870183527049,112,540044,0.00013960848603418856
BATCH-2024-02343,38,Display,1956,2024-10-04,2024-10-09,1889,Xiaomi,South Korea,52,142.13,62,4,3,0.0015337423312883436,1,16,10,4,714,0.0002941454324685746,0.0007248486269555904,106,537180,0.00016919115080672866
BATCH-2026-02344,3,Connector,8839,2026-03-04,2026-03-21,8699,Corning,Taiwan,24,487.86,63,1,0,0.0,0,532,3,1,198,0.0005290924687400791,0.0022824547846740364,105,511267,0.00020757696267843906
BATCH-2026-02345,27,Memory,6452,2026-04-22,2026-04-28,6042,Infineon,Taiwan,51,333.1,89,0,0,0.0,0,581,4,2,149,0.00011089276239704126,0.00035581711278072977,111,553940,0.00013960848603418856
BATCH-2024-02346,34,Connector,8966,2024-10-05,2024-10-12,8679,Renesas,China,19,153.37,81,0,0,0.0,0,17,10,4,713,0.00020629854890063796,0.000928870183527049,112,540044,0.00020757696267843906
BATCH-2025-02347,36,Fan,5036,2025-09-06,2025-09-17,4930,Ericsson,Germany,60,205.45,68,0,0,0.0,0,353,9,3,377,0.00016582352511078637,0.0003750099810004351,109,536222,0.00012855165100050963
BATCH-2026-02348,19,Fan,9816,2026-06-12,2026-06-18,9392,Sumitomo,USA,36,238.9,64,0,0,0.0,0,632,6,2,98,0.00016876737493119937,0.00039378300837730447,91,458378,0.00012855165100050963
BATCH-2024-02349,28,Charger,3181,2024-12-12,2024-12-22,3054,Kioxia,China,36,390.8,86,0,0,0.0,0,85,12,4,645,6.548471380186631e-05,0.00020932699508353792,108,509896,0.0002259435803313693
BATCH-2026-02350,22,Camera,2139,2026-06-27,2026-07-08,2085,Flex,China,43,157.56,86,0,0,0.0,0,647,6,2,83,6.527455789884103e-05,0.00021075148645526503,94,530055,0.00017585459338616095
BATCH-2026-02351,28,Power IC,2293,2026-02-27,2026-03-07,2232,Kioxia,China,36,390.8,86,0,0,0.0,0,527,2,1,203,6.548471380186631e-05,0.00020932699508353792,108,509896,0.00017735448108886377
BATCH-2026-02352,42,Connector,4287,2026-01-16,2026-01-28,4230,Acer,Germany,34,85.15,90,0,0,0.0,0,485,1,1,245,5.058942432590356e-05,0.0001440589145000144,106,511239,0.00020757696267843906
BATCH-2025-02353,14,Display,8416,2025-05-04,2025-05-18,8131,STMicroelectronics,South Korea,31,23.81,77,0,0,0.0,0,228,5,2,502,0.0001573864901705702,0.00046936123067953895,91,385139,0.00016919115080672866
BATCH-2025-02354,9,Display,9737,2025-05-03,2025-05-17,9213,Sony,Taiwan,19,33.78,81,2,2,0.00020540207456095307,1,227,5,2,503,0.00014132799993781594,0.00029553061545999206,104,509780,0.00016919115080672866
BATCH-2026-02355,30,Memory,892,2026-01-19,2026-01-25,883,Western Digital,Germany,16,59.04,65,1,1,0.0011210762331838565,1,488,1,1,242,0.00026662885278630423,0.0008545899187981254,93,459619,0.00013960848603418856
BATCH-2025-02356,22,Display,7044,2025-07-20,2025-07-25,6974,Flex,China,43,157.56,86,1,1,0.00014196479273140261,1,305,7,3,425,6.527455789884103e-05,0.00021075148645526503,94,530055,0.00016919115080672866
BATCH-2026-02357,34,Memory,7233,2026-03-24,2026-04-11,6850,Renesas,China,19,153.37,81,0,0,0.0,0,552,3,1,178,0.00020629854890063796,0.000928870183527049,112,540044,0.00013960848603418856
BATCH-2025-02358,50,Sensor,5088,2025-12-11,2025-12-18,4656,APC,South Korea,30,481.03,64,2,0,0.0,0,449,12,4,281,0.0002753509047441992,0.0007401953979905162,113,559124,0.00016450590746445605
BATCH-2026-02359,27,PCB,6903,2026-07-30,2026-08-19,6705,Infineon,Taiwan,51,333.1,89,1,0,0.0,0,680,7,3,50,0.00011089276239704126,0.00035581711278072977,111,553940,0.0002244207567666141
BATCH-2026-02360,42,Charger,7155,2026-06-10,2026-06-29,6855,Acer,Germany,34,85.15,90,0,0,0.0,0,630,6,2,100,5.058942432590356e-05,0.0001440589145000144,106,511239,0.0002259435803313693
BATCH-2025-02361,48,Speaker,1495,2025-09-18,2025-09-28,1463,TE Connectivity,Germany,25,315.88,71,1,1,0.0006688963210702341,1,365,9,3,365,0.000215467021331229,0.0009668394253566584,108,542251,0.00019289953369198322
BATCH-2025-02362,32,Charger,979,2025-04-20,2025-05-08,962,Canon,South Korea,54,382.97,81,0,0,0.0,0,214,4,2,516,8.286140374041643e-05,0.0002525478149158471,93,484783,0.0002259435803313693
BATCH-2025-02363,47,PCB,1879,2025-05-19,2025-05-24,1844,Molex,Japan,37,191.75,76,1,1,0.0005321979776476849,1,243,5,2,487,0.00015063481442028842,0.00045023343696729267,102,507171,0.0002244207567666141
BATCH-2025-02364,5,Processor,8444,2025-10-07,2025-10-22,7895,Apple,Japan,38,226.29,64,2,1,0.00011842728564661298,0,384,10,4,346,0.00029304167774806515,0.0010333897385835877,92,488005,0.0001723848232239575
BATCH-2025-02365,8,Charger,3153,2025-10-25,2025-11-07,3099,LG Chem,South Korea,40,115.16,76,0,0,0.0,0,402,10,4,328,0.00013285380642027623,0.00028745834951003884,92,477433,0.0002259435803313693
BATCH-2025-02366,40,Memory,9645,2025-11-14,2025-11-28,9409,Dell,China,20,392.38,81,1,0,0.0,0,422,11,4,308,0.00013234425192726218,0.0003712523513249762,101,498329,0.00013960848603418856
BATCH-2026-02367,11,Processor,4577,2026-06-24,2026-07-06,4491,Murata,Japan,22,178.55,88,1,0,0.0,0,644,6,2,86,0.00015599689945027513,0.0009387029695731565,105,551463,0.0001723848232239575
BATCH-2025-02368,33,Speaker,7862,2025-04-10,2025-04-21,7586,Denso,Taiwan,41,277.68,84,1,1,0.0001271940981938438,0,204,4,2,526,0.00013528007016307464,0.0006519489677036868,119,602071,0.00019289953369198322
BATCH-2025-02369,21,Microcontroller,1947,2025-01-21,2025-02-06,1828,Jabil,Taiwan,58,416.67,76,1,0,0.0,0,125,1,1,605,0.00034128023110612925,0.0012045823376322067,117,579869,0.00013908905895273712
BATCH-2025-02370,39,Processor,3283,2025-08-24,2025-09-04,3250,Lenovo,Taiwan,57,331.63,71,0,0,0.0,0,340,8,3,390,0.00017438124238925042,0.000501056949565781,101,560841,0.0001723848232239575
BATCH-2025-02371,39,Processor,1361,2025-07-31,2025-08-14,1273,Lenovo,Taiwan,57,331.63,71,1,1,0.0007347538574577516,1,316,7,3,414,0.00017438124238925042,0.000501056949565781,101,560841,0.0001723848232239575
BATCH-2026-02372,35,Power IC,1000,2026-08-25,2026-09-01,938,Nokia,Japan,42,219.49,61,2,1,0.001,1,706,8,3,24,0.00019787338089100073,0.0003538789829112609,102,503406,0.00017735448108886377
BATCH-2024-02373,26,Battery,5071,2024-11-14,2024-11-24,4844,Texas Instruments,South Korea,53,5.67,67,1,1,0.00019719976336028398,1,57,11,4,673,0.0002658174764162671,0.0009122443285503541,102,493376,0.00021173401481822628
BATCH-2026-02374,48,Memory,6592,2026-02-13,2026-02-26,6232,TE Connectivity,Germany,25,315.88,71,2,1,0.00015169902912621358,1,513,2,1,217,0.000215467021331229,0.0009668394253566584,108,542251,0.00013960848603418856
BATCH-2026-02375,24,Speaker,5583,2026-01-11,2026-01-21,5432,Qualcomm,Germany,53,145.59,74,0,0,0.0,0,480,1,1,250,0.00017211444124561363,0.00048508112533674527,88,458321,0.00019289953369198322
BATCH-2024-02376,43,Power IC,5086,2024-10-04,2024-10-15,4857,ASUSTeK,USA,30,46.84,60,1,1,0.00019661816751867872,1,16,10,4,714,0.00044469895714356904,0.0012463320250862553,87,411235,0.00017735448108886377
BATCH-2025-02377,35,Memory,7595,2025-06-08,2025-06-17,7187,Nokia,Japan,42,219.49,61,4,3,0.00039499670836076365,1,263,6,2,467,0.00019787338089100073,0.0003538789829112609,102,503406,0.00013960848603418856
BATCH-2026-02378,23,PCB,4223,2026-04-19,2026-04-24,4181,ASE,Japan,50,402.77,91,1,0,0.0,0,578,4,2,152,6.663525433902222e-05,0.00015954052120490043,90,441864,0.0002244207567666141
BATCH-2026-02379,20,Camera,5171,2026-04-20,2026-05-02,4931,Delta Electronics,South Korea,30,335.57,68,1,1,0.00019338619222587506,1,579,4,2,151,0.00014552538396359592,0.00035285670745256997,82,427248,0.00017585459338616095
BATCH-2024-02380,23,PCB,8126,2024-12-03,2024-12-08,8045,ASE,Japan,50,402.77,91,1,0,0.0,0,76,12,4,654,6.663525433902222e-05,0.00015954052120490043,90,441864,0.0002244207567666141
BATCH-2025-02381,29,PCB,7895,2025-10-24,2025-11-04,7579,Seagate,Japan,40,285.23,77,0,0,0.0,0,401,10,4,329,0.00016256441034907573,0.0004929460254392659,92,456988,0.0002244207567666141
BATCH-2026-02382,39,Memory,9426,2026-04-02,2026-04-08,9284,Lenovo,Taiwan,57,331.63,71,1,1,0.00010608953957139826,0,561,4,2,169,0.00017438124238925042,0.000501056949565781,101,560841,0.00013960848603418856
BATCH-2025-02383,6,Speaker,3472,2025-02-16,2025-03-01,3397,NVIDIA,Germany,38,463.53,74,1,0,0.0,0,151,2,1,579,0.00023377595866623649,0.0009271237760431065,104,528560,0.00019289953369198322
BATCH-2026-02384,47,Processor,8888,2026-07-04,2026-07-18,8514,Molex,Japan,37,191.75,76,1,1,0.0001125112511251125,0,654,7,3,76,0.00015063481442028842,0.00045023343696729267,102,507171,0.0001723848232239575
BATCH-2026-02385,1,Battery,1519,2026-07-17,2026-07-22,1486,Samsung,USA,19,220.56,89,1,1,0.0006583278472679394,1,667,7,3,63,0.00017219294545324894,0.0013891588805521986,106,504263,0.00021173401481822628
BATCH-2026-02386,28,Fan,281,2026-06-04,2026-06-21,272,Kioxia,China,36,390.8,86,0,0,0.0,0,624,6,2,106,6.548471380186631e-05,0.00020932699508353792,108,509896,0.00012855165100050963
BATCH-2026-02387,45,Power IC,4079,2026-01-28,2026-02-07,3945,Pegatron,Taiwan,47,251.52,66,0,0,0.0,0,497,1,1,233,0.0001275169517997213,0.0003266025273992103,94,477190,0.00017735448108886377
BATCH-2025-02388,14,Power IC,2478,2025-03-16,2025-04-05,2314,STMicroelectronics,South Korea,31,23.81,77,0,0,0.0,0,179,3,1,551,0.0001573864901705702,0.00046936123067953895,91,385139,0.00017735448108886377
BATCH-2025-02389,17,Charger,2897,2025-10-09,2025-10-26,2701,Mitsubishi,Japan,33,186.49,72,1,1,0.00034518467380048324,1,386,10,4,344,0.00014815223187369047,0.00046308585294764547,114,569061,0.0002259435803313693
BATCH-2024-02390,26,Power IC,4001,2024-09-25,2024-10-08,3761,Texas Instruments,South Korea,53,5.67,67,1,1,0.00024993751562109475,1,7,9,3,723,0.0002658174764162671,0.0009122443285503541,102,493376,0.00017735448108886377
BATCH-2025-02391,12,Battery,9993,2025-10-24,2025-10-29,9249,Amphenol,Germany,18,446.77,96,1,1,0.00010007004903432403,0,401,10,4,329,8.015372036339901e-05,0.00041034141517753633,113,576135,0.00021173401481822628
BATCH-2026-02392,6,Camera,3720,2026-03-09,2026-03-29,3661,NVIDIA,Germany,38,463.53,74,0,0,0.0,0,537,3,1,193,0.00023377595866623649,0.0009271237760431065,104,528560,0.00017585459338616095
BATCH-2026-02393,19,Display,622,2026-05-19,2026-05-24,587,Sumitomo,USA,36,238.9,64,0,0,0.0,0,608,5,2,122,0.00016876737493119937,0.00039378300837730447,91,458378,0.00016919115080672866
BATCH-2026-02394,42,Microcontroller,7513,2026-03-04,2026-03-13,7329,Acer,Germany,34,85.15,90,0,0,0.0,0,532,3,1,198,5.058942432590356e-05,0.0001440589145000144,106,511239,0.00013908905895273712
BATCH-2025-02395,22,Processor,9134,2025-02-08,2025-02-28,8656,Flex,China,43,157.56,86,5,4,0.0004379242391066346,1,143,2,1,587,6.527455789884103e-05,0.00021075148645526503,94,530055,0.0001723848232239575
BATCH-2026-02396,47,Power IC,2383,2026-05-04,2026-05-10,2359,Molex,Japan,37,191.75,76,0,0,0.0,0,593,5,2,137,0.00015063481442028842,0.00045023343696729267,102,507171,0.00017735448108886377
BATCH-2025-02397,38,Display,1526,2025-03-24,2025-03-30,1455,Xiaomi,South Korea,52,142.13,62,2,2,0.001310615989515072,1,187,3,1,543,0.0002941454324685746,0.0007248486269555904,106,537180,0.00016919115080672866
BATCH-2026-02398,10,Charger,3210,2026-08-27,2026-09-16,3178,Panasonic,China,54,316.57,91,0,0,0.0,0,708,8,3,22,0.000144927638474753,0.0007549544377028447,94,435868,0.0002259435803313693
BATCH-2026-02399,27,Memory,8616,2026-03-16,2026-04-04,8052,Infineon,Taiwan,51,333.1,89,1,1,0.00011606313834726091,0,544,3,1,186,0.00011089276239704126,0.00035581711278072977,111,553940,0.00013960848603418856
BATCH-2025-02400,28,Motherboard,6650,2025-05-21,2025-06-04,6547,Kioxia,China,36,390.8,86,1,1,0.00015037593984962405,1,245,5,2,485,6.548471380186631e-05,0.00020932699508353792,108,509896,0.0002354934172429249
BATCH-2026-02401,13,PCB,5757,2026-02-18,2026-02-26,5594,Onsemi,USA,46,98.93,89,0,0,0.0,0,518,2,1,212,0.00013306539717335389,0.0004888825988608853,89,428711,0.0002244207567666141
BATCH-2026-02402,40,Charger,6809,2026-06-17,2026-07-03,6496,Dell,China,20,392.38,81,1,1,0.000146864444118079,1,637,6,2,93,0.00013234425192726218,0.0003712523513249762,101,498329,0.0002259435803313693
BATCH-2025-02403,46,Fan,8979,2025-04-28,2025-05-09,8889,Liteon,China,58,348.77,65,0,0,0.0,0,222,4,2,508,0.000177376316521378,0.0004995509860038717,96,502846,0.00012855165100050963
BATCH-2025-02404,13,Battery,2545,2025-10-25,2025-11-05,2442,Onsemi,USA,46,98.93,89,0,0,0.0,0,402,10,4,328,0.00013306539717335389,0.0004888825988608853,89,428711,0.00021173401481822628
BATCH-2025-02405,34,Fan,9181,2025-08-16,2025-09-03,8987,Renesas,China,19,153.37,81,0,0,0.0,0,332,8,3,398,0.00020629854890063796,0.000928870183527049,112,540044,0.00012855165100050963
BATCH-2026-02406,35,Charger,6316,2026-02-26,2026-03-18,5948,Nokia,Japan,42,219.49,61,2,1,0.00015832805573147562,1,526,2,1,204,0.00019787338089100073,0.0003538789829112609,102,503406,0.0002259435803313693
BATCH-2026-02407,26,Connector,4468,2026-08-13,2026-08-21,4238,Texas Instruments,South Korea,53,5.67,67,1,1,0.00022381378692927484,1,694,8,3,36,0.0002658174764162671,0.0009122443285503541,102,493376,0.00020757696267843906
BATCH-2025-02408,27,Power IC,2674,2025-04-10,2025-04-24,2610,Infineon,Taiwan,51,333.1,89,0,0,0.0,0,204,4,2,526,0.00011089276239704126,0.00035581711278072977,111,553940,0.00017735448108886377
BATCH-2025-02409,23,Power IC,1180,2025-06-08,2025-06-17,1159,ASE,Japan,50,402.77,91,0,0,0.0,0,263,6,2,467,6.663525433902222e-05,0.00015954052120490043,90,441864,0.00017735448108886377
BATCH-2025-02410,27,Memory,8500,2025-11-18,2025-11-28,8310,Infineon,Taiwan,51,333.1,89,0,0,0.0,0,426,11,4,304,0.00011089276239704126,0.00035581711278072977,111,553940,0.00013960848603418856
BATCH-2025-02411,12,Sensor,5964,2025-09-07,2025-09-27,5904,Amphenol,Germany,18,446.77,96,1,1,0.00016767270288397049,1,354,9,3,376,8.015372036339901e-05,0.00041034141517753633,113,576135,0.00016450590746445605
BATCH-2025-02412,32,Power IC,530,2025-06-26,2025-07-14,522,Canon,South Korea,54,382.97,81,0,0,0.0,0,281,6,2,449,8.286140374041643e-05,0.0002525478149158471,93,484783,0.00017735448108886377
BATCH-2026-02413,12,Display,3250,2026-04-05,2026-04-25,3187,Amphenol,Germany,18,446.77,96,0,0,0.0,0,564,4,2,166,8.015372036339901e-05,0.00041034141517753633,113,576135,0.00016919115080672866
BATCH-2024-02414,34,Speaker,4326,2024-11-01,2024-11-12,4167,Renesas,China,19,153.37,81,1,1,0.0002311604253351826,1,44,11,4,686,0.00020629854890063796,0.000928870183527049,112,540044,0.00019289953369198322
BATCH-2025-02415,39,Processor,2092,2025-04-24,2025-05-04,2057,Lenovo,Taiwan,57,331.63,71,1,0,0.0,0,218,4,2,512,0.00017438124238925042,0.000501056949565781,101,560841,0.0001723848232239575
BATCH-2026-02416,50,Speaker,4247,2026-08-24,2026-09-01,4025,APC,South Korea,30,481.03,64,0,0,0.0,0,705,8,3,25,0.0002753509047441992,0.0007401953979905162,113,559124,0.00019289953369198322
BATCH-2025-02417,44,Battery,2584,2025-01-08,2025-01-15,2535,Wistron,South Korea,50,232.01,87,0,0,0.0,0,112,1,1,618,0.00010336577465557791,0.000380745741124954,117,590216,0.00021173401481822628
BATCH-2025-02418,37,Fan,791,2025-12-14,2025-12-20,776,Huawei,USA,60,118.5,92,0,0,0.0,0,452,12,4,278,0.00010426815057621344,0.0003557497462935021,91,442918,0.00012855165100050963
BATCH-2026-02419,38,Memory,3898,2026-01-31,2026-02-18,3637,Xiaomi,South Korea,52,142.13,62,2,2,0.000513083632632119,1,500,1,1,230,0.0002941454324685746,0.0007248486269555904,106,537180,0.00013960848603418856
BATCH-2025-02420,9,Display,9368,2025-01-27,2025-02-10,9274,Sony,Taiwan,19,33.78,81,0,0,0.0,0,131,1,1,599,0.00014132799993781594,0.00029553061545999206,104,509780,0.00016919115080672866
BATCH-2025-02421,33,Speaker,6901,2025-05-26,2025-06-13,6782,Denso,Taiwan,41,277.68,84,0,0,0.0,0,250,5,2,480,0.00013528007016307464,0.0006519489677036868,119,602071,0.00019289953369198322
BATCH-2025-02422,3,Power IC,9066,2025-03-23,2025-04-03,8944,Corning,Taiwan,24,487.86,63,1,1,0.00011030222810500772,0,186,3,1,544,0.0005290924687400791,0.0022824547846740364,105,511267,0.00017735448108886377
BATCH-2025-02423,12,Memory,3400,2025-09-30,2025-10-11,3364,Amphenol,Germany,18,446.77,96,0,0,0.0,0,377,9,3,353,8.015372036339901e-05,0.00041034141517753633,113,576135,0.00013960848603418856
BATCH-2024-02424,1,Sensor,1167,2024-11-09,2024-11-21,1146,Samsung,USA,19,220.56,89,0,0,0.0,0,52,11,4,678,0.00017219294545324894,0.0013891588805521986,106,504263,0.00016450590746445605
BATCH-2025-02425,38,Connector,209,2025-10-15,2025-10-22,201,Xiaomi,South Korea,52,142.13,62,0,0,0.0,0,392,10,4,338,0.0002941454324685746,0.0007248486269555904,106,537180,0.00020757696267843906
BATCH-2025-02426,1,Memory,9898,2025-02-24,2025-03-01,9427,Samsung,USA,19,220.56,89,0,0,0.0,0,159,2,1,571,0.00017219294545324894,0.0013891588805521986,106,504263,0.00013960848603418856
BATCH-2025-02427,11,Charger,9694,2025-06-21,2025-07-06,9597,Murata,Japan,22,178.55,88,0,0,0.0,0,276,6,2,454,0.00015599689945027513,0.0009387029695731565,105,551463,0.0002259435803313693
BATCH-2024-02428,35,Connector,4657,2024-09-27,2024-10-12,4529,Nokia,Japan,42,219.49,61,1,1,0.00021473051320592657,1,9,9,3,721,0.00019787338089100073,0.0003538789829112609,102,503406,0.00020757696267843906
BATCH-2026-02429,31,Microcontroller,8664,2026-09-03,2026-09-14,8173,Kyocera,USA,35,236.61,85,1,0,0.0,0,715,9,3,15,0.00018411673535101585,0.0009126920964599268,104,605811,0.00013908905895273712
BATCH-2025-02430,6,Charger,2159,2025-01-06,2025-01-13,2059,NVIDIA,Germany,38,463.53,74,1,0,0.0,0,110,1,1,620,0.00023377595866623649,0.0009271237760431065,104,528560,0.0002259435803313693
BATCH-2025-02431,2,Memory,8440,2025-07-25,2025-08-04,8356,TSMC,South Korea,34,349.29,92,0,0,0.0,0,310,7,3,420,0.0001216095118122708,0.0004158402802419921,99,473547,0.00013960848603418856
BATCH-2025-02432,14,Fan,9923,2025-05-26,2025-06-14,9341,STMicroelectronics,South Korea,31,23.81,77,0,0,0.0,0,250,5,2,480,0.0001573864901705702,0.00046936123067953895,91,385139,0.00012855165100050963
BATCH-2025-02433,25,Speaker,4279,2025-08-17,2025-08-29,4035,Broadcom,USA,26,71.6,85,0,0,0.0,0,333,8,3,397,9.454505074439549e-05,0.0003137783114627588,84,481980,0.00019289953369198322
BATCH-2024-02434,35,Camera,8904,2024-11-18,2024-11-24,8637,Nokia,Japan,42,219.49,61,1,1,0.00011230907457322552,0,61,11,4,669,0.00019787338089100073,0.0003538789829112609,102,503406,0.00017585459338616095
BATCH-2025-02435,31,Microcontroller,4601,2025-01-29,2025-02-08,4555,Kyocera,USA,35,236.61,85,1,1,0.00021734405564007825,1,133,1,1,597,0.00018411673535101585,0.0009126920964599268,104,605811,0.00013908905895273712
BATCH-2025-02436,7,Processor,7797,2025-03-03,2025-03-18,7665,Foxconn,USA,50,411.74,84,0,0,0.0,0,166,3,1,564,0.0003217144075727912,0.0015438669764764946,105,555087,0.0001723848232239575
BATCH-2024-02437,34,Speaker,1957,2024-12-26,2025-01-06,1914,Renesas,China,19,153.37,81,0,0,0.0,0,99,12,4,631,0.00020629854890063796,0.000928870183527049,112,540044,0.00019289953369198322
BATCH-2025-02438,31,Charger,8669,2025-08-11,2025-08-19,8472,Kyocera,USA,35,236.61,85,0,0,0.0,0,327,8,3,403,0.00018411673535101585,0.0009126920964599268,104,605811,0.0002259435803313693
BATCH-2025-02439,21,Motherboard,7734,2025-03-24,2025-03-31,7657,Jabil,Taiwan,58,416.67,76,0,0,0.0,0,187,3,1,543,0.00034128023110612925,0.0012045823376322067,117,579869,0.0002354934172429249
BATCH-2025-02440,2,Motherboard,5109,2025-11-08,2025-11-18,5006,TSMC,South Korea,34,349.29,92,2,2,0.00039146604032100216,1,416,11,4,314,0.0001216095118122708,0.0004158402802419921,99,473547,0.0002354934172429249
BATCH-2026-02441,34,Processor,1139,2026-04-19,2026-05-03,1116,Renesas,China,19,153.37,81,2,2,0.001755926251097454,1,578,4,2,152,0.00020629854890063796,0.000928870183527049,112,540044,0.0001723848232239575
BATCH-2025-02442,25,Sensor,3649,2025-10-12,2025-10-19,3613,Broadcom,USA,26,71.6,85,0,0,0.0,0,389,10,4,341,9.454505074439549e-05,0.0003137783114627588,84,481980,0.00016450590746445605
BATCH-2025-02443,22,Camera,2312,2025-10-24,2025-11-05,2289,Flex,China,43,157.56,86,0,0,0.0,0,401,10,4,329,6.527455789884103e-05,0.00021075148645526503,94,530055,0.00017585459338616095
BATCH-2024-02444,11,Charger,4831,2024-12-28,2025-01-08,4735,Murata,Japan,22,178.55,88,0,0,0.0,0,101,12,4,629,0.00015599689945027513,0.0009387029695731565,105,551463,0.0002259435803313693
BATCH-2024-02445,29,Processor,6075,2024-10-13,2024-10-20,5717,Seagate,Japan,40,285.23,77,1,1,0.0001646090534979424,1,25,10,4,705,0.00016256441034907573,0.0004929460254392659,92,456988,0.0001723848232239575
BATCH-2025-02446,18,Sensor,1399,2025-06-27,2025-07-14,1305,Bosch,Germany,18,96.36,77,2,1,0.0007147962830593281,1,282,6,2,448,0.00021806730730221415,0.0007021012099867912,110,557568,0.00016450590746445605
BATCH-2024-02447,20,Processor,6977,2024-10-07,2024-10-17,6642,Delta Electronics,South Korea,30,335.57,68,1,1,0.00014332807797047442,1,19,10,4,711,0.00014552538396359592,0.00035285670745256997,82,427248,0.0001723848232239575
BATCH-2026-02448,10,Display,5360,2026-09-13,2026-09-18,5306,Panasonic,China,54,316.57,91,1,0,0.0,0,725,9,3,5,0.000144927638474753,0.0007549544377028447,94,435868,0.00016919115080672866
BATCH-2026-02449,15,Sensor,8403,2026-03-03,2026-03-12,8074,SK Hynix,Taiwan,40,342.16,65,2,2,0.00023801023444008093,1,531,3,1,199,0.00026051175061660777,0.0007352320636847295,93,436297,0.00016450590746445605
BATCH-2026-02450,38,Sensor,9262,2026-06-18,2026-07-08,8640,Xiaomi,South Korea,52,142.13,62,3,2,0.00021593608291945585,1,638,6,2,92,0.0002941454324685746,0.0007248486269555904,106,537180,0.00016450590746445605
BATCH-2025-02451,6,Display,9517,2025-06-10,2025-06-16,9122,NVIDIA,Germany,38,463.53,74,1,0,0.0,0,265,6,2,465,0.00023377595866623649,0.0009271237760431065,104,528560,0.00016919115080672866
BATCH-2026-02452,12,Power IC,3846,2026-03-15,2026-03-27,3775,Amphenol,Germany,18,446.77,96,0,0,0.0,0,543,3,1,187,8.015372036339901e-05,0.00041034141517753633,113,576135,0.00017735448108886377
BATCH-2025-02453,4,Camera,7567,2025-10-15,2025-11-01,7464,Intel,China,48,393.46,88,1,1,0.0001321527686005022,0,392,10,4,338,0.00018841892264149143,0.0009961276293195824,96,400272,0.00017585459338616095
BATCH-2025-02454,17,Motherboard,6432,2025-07-10,2025-07-15,6113,Mitsubishi,Japan,33,186.49,72,1,1,0.0001554726368159204,1,295,7,3,435,0.00014815223187369047,0.00046308585294764547,114,569061,0.0002354934172429249
BATCH-2026-02455,34,Battery,7339,2026-02-28,2026-03-18,7196,Renesas,China,19,153.37,81,0,0,0.0,0,528,2,1,202,0.00020629854890063796,0.000928870183527049,112,540044,0.00021173401481822628
BATCH-2026-02456,29,Speaker,6971,2026-04-10,2026-04-28,6712,Seagate,Japan,40,285.23,77,0,0,0.0,0,569,4,2,161,0.00016256441034907573,0.0004929460254392659,92,456988,0.00019289953369198322
BATCH-2026-02457,40,Memory,5244,2026-02-27,2026-03-11,5038,Dell,China,20,392.38,81,0,0,0.0,0,527,2,1,203,0.00013234425192726218,0.0003712523513249762,101,498329,0.00013960848603418856
BATCH-2025-02458,21,Battery,8308,2025-05-14,2025-05-21,8225,Jabil,Taiwan,58,416.67,76,0,0,0.0,0,238,5,2,492,0.00034128023110612925,0.0012045823376322067,117,579869,0.00021173401481822628
BATCH-2025-02459,11,Camera,4966,2025-01-17,2025-01-24,4916,Murata,Japan,22,178.55,88,0,0,0.0,0,121,1,1,609,0.00015599689945027513,0.0009387029695731565,105,551463,0.00017585459338616095
BATCH-2024-02460,20,Fan,5996,2024-09-28,2024-10-04,5711,Delta Electronics,South Korea,30,335.57,68,3,0,0.0,0,10,9,3,720,0.00014552538396359592,0.00035285670745256997,82,427248,0.00012855165100050963
BATCH-2025-02461,8,Speaker,8397,2025-07-05,2025-07-21,8313,LG Chem,South Korea,40,115.16,76,0,0,0.0,0,290,7,3,440,0.00013285380642027623,0.00028745834951003884,92,477433,0.00019289953369198322
BATCH-2024-02462,22,Fan,9847,2024-11-30,2024-12-14,9677,Flex,China,43,157.56,86,0,0,0.0,0,73,11,4,657,6.527455789884103e-05,0.00021075148645526503,94,530055,0.00012855165100050963
BATCH-2026-02463,48,Display,2760,2026-08-26,2026-09-08,2663,TE Connectivity,Germany,25,315.88,71,0,0,0.0,0,707,8,3,23,0.000215467021331229,0.0009668394253566584,108,542251,0.00016919115080672866
BATCH-2024-02464,34,Display,6790,2024-11-05,2024-11-12,6425,Renesas,China,19,153.37,81,1,1,0.00014727540500736376,1,48,11,4,682,0.00020629854890063796,0.000928870183527049,112,540044,0.00016919115080672866
BATCH-2026-02465,8,PCB,3088,2026-06-12,2026-06-17,2847,LG Chem,South Korea,40,115.16,76,1,1,0.0003238341968911917,1,632,6,2,98,0.00013285380642027623,0.00028745834951003884,92,477433,0.0002244207567666141
BATCH-2025-02466,12,Connector,1655,2025-11-08,2025-11-28,1634,Amphenol,Germany,18,446.77,96,1,1,0.0006042296072507553,1,416,11,4,314,8.015372036339901e-05,0.00041034141517753633,113,576135,0.00020757696267843906
BATCH-2025-02467,24,Motherboard,1452,2025-03-05,2025-03-13,1414,Qualcomm,Germany,53,145.59,74,2,2,0.0013774104683195593,1,168,3,1,562,0.00017211444124561363,0.00048508112533674527,88,458321,0.0002354934172429249
BATCH-2026-02468,31,Connector,3351,2026-06-09,2026-06-27,3263,Kyocera,USA,35,236.61,85,0,0,0.0,0,629,6,2,101,0.00018411673535101585,0.0009126920964599268,104,605811,0.00020757696267843906
BATCH-2025-02469,12,PCB,1842,2025-05-17,2025-05-30,1824,Amphenol,Germany,18,446.77,96,1,0,0.0,0,241,5,2,489,8.015372036339901e-05,0.00041034141517753633,113,576135,0.0002244207567666141
BATCH-2025-02470,38,Connector,5967,2025-08-30,2025-09-11,5580,Xiaomi,South Korea,52,142.13,62,1,0,0.0,0,346,8,3,384,0.0002941454324685746,0.0007248486269555904,106,537180,0.00020757696267843906
BATCH-2025-02471,17,Display,3065,2025-07-13,2025-07-20,2944,Mitsubishi,Japan,33,186.49,72,0,0,0.0,0,298,7,3,432,0.00014815223187369047,0.00046308585294764547,114,569061,0.00016919115080672866
BATCH-2026-02472,9,Motherboard,1365,2026-08-28,2026-09-05,1333,Sony,Taiwan,19,33.78,81,1,1,0.0007326007326007326,1,709,8,3,21,0.00014132799993781594,0.00029553061545999206,104,509780,0.0002354934172429249
BATCH-2024-02473,11,Memory,7877,2024-10-05,2024-10-10,7604,Murata,Japan,22,178.55,88,1,1,0.00012695188523549576,0,17,10,4,713,0.00015599689945027513,0.0009387029695731565,105,551463,0.00013960848603418856
BATCH-2026-02474,40,Fan,8817,2026-09-15,2026-10-03,8335,Dell,China,20,392.38,81,1,1,0.00011341726210729273,0,727,9,3,3,0.00013234425192726218,0.0003712523513249762,101,498329,0.00012855165100050963
BATCH-2026-02475,18,Power IC,156,2026-08-21,2026-09-04,148,Bosch,Germany,18,96.36,77,1,1,0.00641025641025641,1,702,8,3,28,0.00021806730730221415,0.0007021012099867912,110,557568,0.00017735448108886377
BATCH-2025-02476,48,Memory,8648,2025-10-23,2025-11-09,8228,TE Connectivity,Germany,25,315.88,71,0,0,0.0,0,400,10,4,330,0.000215467021331229,0.0009668394253566584,108,542251,0.00013960848603418856
BATCH-2025-02477,37,Fan,670,2025-06-25,2025-07-01,656,Huawei,USA,60,118.5,92,1,0,0.0,0,280,6,2,450,0.00010426815057621344,0.0003557497462935021,91,442918,0.00012855165100050963
BATCH-2026-02478,21,Motherboard,7405,2026-09-12,2026-10-01,7174,Jabil,Taiwan,58,416.67,76,4,2,0.0002700877785280216,1,724,9,3,6,0.00034128023110612925,0.0012045823376322067,117,579869,0.0002354934172429249
BATCH-2026-02479,3,Motherboard,5268,2026-08-17,2026-08-30,5147,Corning,Taiwan,24,487.86,63,1,1,0.00018982536066818528,1,698,8,3,32,0.0005290924687400791,0.0022824547846740364,105,511267,0.0002354934172429249
BATCH-2026-02480,9,Processor,735,2026-01-13,2026-01-26,705,Sony,Taiwan,19,33.78,81,2,1,0.0013605442176870747,1,482,1,1,248,0.00014132799993781594,0.00029553061545999206,104,509780,0.0001723848232239575
BATCH-2025-02481,29,Memory,8508,2025-06-29,2025-07-09,8285,Seagate,Japan,40,285.23,77,0,0,0.0,0,284,6,2,446,0.00016256441034907573,0.0004929460254392659,92,456988,0.00013960848603418856
BATCH-2026-02482,5,Camera,7339,2026-08-03,2026-08-10,7220,Apple,Japan,38,226.29,64,1,1,0.0001362583458236817,1,684,8,3,46,0.00029304167774806515,0.0010333897385835877,92,488005,0.00017585459338616095
BATCH-2024-02483,1,Battery,4017,2024-12-27,2025-01-06,3977,Samsung,USA,19,220.56,89,0,0,0.0,0,100,12,4,630,0.00017219294545324894,0.0013891588805521986,106,504263,0.00021173401481822628
BATCH-2024-02484,8,Charger,7810,2024-10-01,2024-10-15,7732,LG Chem,South Korea,40,115.16,76,1,0,0.0,0,13,10,4,717,0.00013285380642027623,0.00028745834951003884,92,477433,0.0002259435803313693
BATCH-2026-02485,12,Power IC,7700,2026-04-23,2026-04-30,7623,Amphenol,Germany,18,446.77,96,0,0,0.0,0,582,4,2,148,8.015372036339901e-05,0.00041034141517753633,113,576135,0.00017735448108886377
BATCH-2025-02486,49,Battery,1584,2025-03-23,2025-03-30,1552,Coherent,USA,42,45.65,73,1,1,0.0006313131313131314,1,186,3,1,544,0.00034438539861380375,0.0009931063632699735,93,417736,0.00021173401481822628
BATCH-2025-02487,20,Memory,6082,2025-01-30,2025-02-08,6021,Delta Electronics,South Korea,30,335.57,68,0,0,0.0,0,134,1,1,596,0.00014552538396359592,0.00035285670745256997,82,427248,0.00013960848603418856
BATCH-2025-02488,45,Microcontroller,2607,2025-05-10,2025-05-18,2423,Pegatron,Taiwan,47,251.52,66,0,0,0.0,0,234,5,2,496,0.0001275169517997213,0.0003266025273992103,94,477190,0.00013908905895273712
BATCH-2026-02489,40,Connector,9678,2026-06-02,2026-06-13,9569,Dell,China,20,392.38,81,1,0,0.0,0,622,6,2,108,0.00013234425192726218,0.0003712523513249762,101,498329,0.00020757696267843906
BATCH-2025-02490,30,Memory,4782,2025-07-05,2025-07-11,4619,Western Digital,Germany,16,59.04,65,1,1,0.00020911752404851526,1,290,7,3,440,0.00026662885278630423,0.0008545899187981254,93,459619,0.00013960848603418856
BATCH-2026-02491,24,Connector,5024,2026-01-04,2026-01-21,4529,Qualcomm,Germany,53,145.59,74,1,0,0.0,0,473,1,1,257,0.00017211444124561363,0.00048508112533674527,88,458321,0.00020757696267843906
BATCH-2025-02492,28,Processor,7763,2025-06-27,2025-07-02,7508,Kioxia,China,36,390.8,86,2,0,0.0,0,282,6,2,448,6.548471380186631e-05,0.00020932699508353792,108,509896,0.0001723848232239575
BATCH-2026-02493,49,Fan,576,2026-02-04,2026-02-18,538,Coherent,USA,42,45.65,73,0,0,0.0,0,504,2,1,226,0.00034438539861380375,0.0009931063632699735,93,417736,0.00012855165100050963
BATCH-2025-02494,9,Battery,7247,2025-04-08,2025-04-27,7029,Sony,Taiwan,19,33.78,81,2,2,0.00027597626604112044,1,202,4,2,528,0.00014132799993781594,0.00029553061545999206,104,509780,0.00021173401481822628
BATCH-2025-02495,6,Processor,1544,2025-09-17,2025-10-04,1480,NVIDIA,Germany,38,463.53,74,0,0,0.0,0,364,9,3,366,0.00023377595866623649,0.0009271237760431065,104,528560,0.0001723848232239575
BATCH-2026-02496,8,Camera,6025,2026-05-15,2026-06-01,5858,LG Chem,South Korea,40,115.16,76,1,1,0.00016597510373443983,1,604,5,2,126,0.00013285380642027623,0.00028745834951003884,92,477433,0.00017585459338616095
BATCH-2026-02497,15,Motherboard,904,2026-02-15,2026-03-03,895,SK Hynix,Taiwan,40,342.16,65,1,1,0.0011061946902654867,1,515,2,1,215,0.00026051175061660777,0.0007352320636847295,93,436297,0.0002354934172429249
BATCH-2025-02498,38,Battery,3996,2025-10-05,2025-10-11,3763,Xiaomi,South Korea,52,142.13,62,1,0,0.0,0,382,10,4,348,0.0002941454324685746,0.0007248486269555904,106,537180,0.00021173401481822628
BATCH-2025-02499,29,Charger,9551,2025-05-09,2025-05-27,9187,Seagate,Japan,40,285.23,77,0,0,0.0,0,233,5,2,497,0.00016256441034907573,0.0004929460254392659,92,456988,0.0002259435803313693
BATCH-2025-02500,9,Connector,9025,2025-01-24,2025-02-10,8935,Sony,Taiwan,19,33.78,81,0,0,0.0,0,128,1,1,602,0.00014132799993781594,0.00029553061545999206,104,509780,0.00020757696267843906
BATCH-2025-02501,17,Microcontroller,7175,2025-03-11,2025-03-30,7103,Mitsubishi,Japan,33,186.49,72,2,1,0.00013937282229965157,1,174,3,1,556,0.00014815223187369047,0.00046308585294764547,114,569061,0.00013908905895273712
BATCH-2026-02502,21,Fan,4485,2026-02-13,2026-02-21,4207,Jabil,Taiwan,58,416.67,76,1,1,0.0002229654403567447,1,513,2,1,217,0.00034128023110612925,0.0012045823376322067,117,579869,0.00012855165100050963
BATCH-2025-02503,14,Memory,2745,2025-12-15,2025-12-31,2628,STMicroelectronics,South Korea,31,23.81,77,0,0,0.0,0,453,12,4,277,0.0001573864901705702,0.00046936123067953895,91,385139,0.00013960848603418856
BATCH-2026-02504,21,Microcontroller,2713,2026-02-14,2026-02-27,2595,Jabil,Taiwan,58,416.67,76,1,0,0.0,0,514,2,1,216,0.00034128023110612925,0.0012045823376322067,117,579869,0.00013908905895273712
BATCH-2026-02505,10,Fan,9021,2026-03-17,2026-03-29,8931,Panasonic,China,54,316.57,91,1,1,0.00011085245538188671,0,545,3,1,185,0.000144927638474753,0.0007549544377028447,94,435868,0.00012855165100050963
BATCH-2024-02506,21,Camera,169,2024-11-10,2024-11-20,167,Jabil,Taiwan,58,416.67,76,1,1,0.005917159763313609,1,53,11,4,677,0.00034128023110612925,0.0012045823376322067,117,579869,0.00017585459338616095
BATCH-2026-02507,31,Sensor,2591,2026-03-18,2026-04-03,2534,Kyocera,USA,35,236.61,85,1,0,0.0,0,546,3,1,184,0.00018411673535101585,0.0009126920964599268,104,605811,0.00016450590746445605
BATCH-2026-02508,49,Speaker,3571,2026-06-17,2026-07-01,3483,Coherent,USA,42,45.65,73,1,1,0.0002800336040324839,1,637,6,2,93,0.00034438539861380375,0.0009931063632699735,93,417736,0.00019289953369198322
BATCH-2026-02509,1,Display,5361,2026-08-20,2026-09-04,5307,Samsung,USA,19,220.56,89,0,0,0.0,0,701,8,3,29,0.00017219294545324894,0.0013891588805521986,106,504263,0.00016919115080672866
BATCH-2026-02510,41,Microcontroller,2256,2026-06-09,2026-06-14,2136,HP,Japan,60,204.38,85,1,1,0.0004432624113475177,1,629,6,2,101,0.00012231852387452777,0.00025339821295037224,87,408153,0.00013908905895273712
BATCH-2024-02511,16,Microcontroller,6657,2024-12-27,2025-01-03,6565,Hitachi,China,57,483.82,88,0,0,0.0,0,100,12,4,630,8.336477286677332e-05,0.0004697935134049564,95,503392,0.00013908905895273712
BATCH-2026-02512,6,Camera,7674,2026-06-17,2026-07-04,7251,NVIDIA,Germany,38,463.53,74,2,2,0.00026062027625749283,1,637,6,2,93,0.00023377595866623649,0.0009271237760431065,104,528560,0.00017585459338616095
BATCH-2026-02513,48,Processor,9056,2026-02-28,2026-03-11,8854,TE Connectivity,Germany,25,315.88,71,1,1,0.00011042402826855124,0,528,2,1,202,0.000215467021331229,0.0009668394253566584,108,542251,0.0001723848232239575
BATCH-2024-02514,23,Camera,3022,2024-09-22,2024-10-05,2852,ASE,Japan,50,402.77,91,0,0,0.0,0,4,9,3,726,6.663525433902222e-05,0.00015954052120490043,90,441864,0.00017585459338616095
BATCH-2025-02515,9,Microcontroller,6817,2025-08-30,2025-09-15,6749,Sony,Taiwan,19,33.78,81,1,0,0.0,0,346,8,3,384,0.00014132799993781594,0.00029553061545999206,104,509780,0.00013908905895273712
BATCH-2025-02516,19,Motherboard,6541,2025-11-05,2025-11-10,5906,Sumitomo,USA,36,238.9,64,2,2,0.00030576364470264486,1,413,11,4,317,0.00016876737493119937,0.00039378300837730447,91,458378,0.0002354934172429249
BATCH-2025-02517,21,Camera,9794,2025-06-18,2025-06-27,9313,Jabil,Taiwan,58,416.67,76,3,3,0.000306309985705534,1,273,6,2,457,0.00034128023110612925,0.0012045823376322067,117,579869,0.00017585459338616095
BATCH-2025-02518,36,Speaker,3750,2025-01-07,2025-01-14,3610,Ericsson,Germany,60,205.45,68,2,0,0.0,0,111,1,1,619,0.00016582352511078637,0.0003750099810004351,109,536222,0.00019289953369198322
BATCH-2026-02519,21,Charger,7244,2026-07-16,2026-08-02,7172,Jabil,Taiwan,58,416.67,76,0,0,0.0,0,666,7,3,64,0.00034128023110612925,0.0012045823376322067,117,579869,0.0002259435803313693
BATCH-2026-02520,27,PCB,3963,2026-08-22,2026-09-09,3816,Infineon,Taiwan,51,333.1,89,0,0,0.0,0,703,8,3,27,0.00011089276239704126,0.00035581711278072977,111,553940,0.0002244207567666141
BATCH-2024-02521,7,Charger,7637,2024-11-14,2024-11-20,7476,Foxconn,USA,50,411.74,84,0,0,0.0,0,57,11,4,673,0.0003217144075727912,0.0015438669764764946,105,555087,0.0002259435803313693
BATCH-2025-02522,2,Motherboard,7197,2025-04-19,2025-05-04,6994,TSMC,South Korea,34,349.29,92,2,2,0.00027789356676392944,1,213,4,2,517,0.0001216095118122708,0.0004158402802419921,99,473547,0.0002354934172429249
BATCH-2025-02523,43,Memory,3313,2025-12-28,2026-01-17,3022,ASUSTeK,USA,30,46.84,60,1,1,0.00030184123151222455,1,466,12,4,264,0.00044469895714356904,0.0012463320250862553,87,411235,0.00013960848603418856
BATCH-2025-02524,42,Microcontroller,7511,2025-09-19,2025-09-28,7152,Acer,Germany,34,85.15,90,0,0,0.0,0,366,9,3,364,5.058942432590356e-05,0.0001440589145000144,106,511239,0.00013908905895273712
BATCH-2025-02525,4,Processor,1239,2025-06-27,2025-07-04,1227,Intel,China,48,393.46,88,0,0,0.0,0,282,6,2,448,0.00018841892264149143,0.0009961276293195824,96,400272,0.0001723848232239575
BATCH-2026-02526,45,PCB,1499,2026-04-15,2026-04-25,1426,Pegatron,Taiwan,47,251.52,66,1,0,0.0,0,574,4,2,156,0.0001275169517997213,0.0003266025273992103,94,477190,0.0002244207567666141
BATCH-2026-02527,42,Microcontroller,1299,2026-05-21,2026-05-30,1230,Acer,Germany,34,85.15,90,0,0,0.0,0,610,5,2,120,5.058942432590356e-05,0.0001440589145000144,106,511239,0.00013908905895273712
BATCH-2026-02528,24,PCB,6459,2026-03-02,2026-03-20,6394,Qualcomm,Germany,53,145.59,74,2,2,0.0003096454559529339,1,530,3,1,200,0.00017211444124561363,0.00048508112533674527,88,458321,0.0002244207567666141
BATCH-2024-02529,2,Sensor,4992,2024-10-09,2024-10-24,4942,TSMC,South Korea,34,349.29,92,0,0,0.0,0,21,10,4,709,0.0001216095118122708,0.0004158402802419921,99,473547,0.00016450590746445605
BATCH-2026-02530,1,PCB,1271,2026-06-15,2026-06-28,1258,Samsung,USA,19,220.56,89,0,0,0.0,0,635,6,2,95,0.00017219294545324894,0.0013891588805521986,106,504263,0.0002244207567666141
BATCH-2025-02531,33,Processor,6951,2025-08-11,2025-08-29,6748,Denso,Taiwan,41,277.68,84,0,0,0.0,0,327,8,3,403,0.00013528007016307464,0.0006519489677036868,119,602071,0.0001723848232239575
BATCH-2025-02532,35,Processor,3062,2025-02-23,2025-03-15,3031,Nokia,Japan,42,219.49,61,3,2,0.0006531678641410843,1,158,2,1,572,0.00019787338089100073,0.0003538789829112609,102,503406,0.0001723848232239575
BATCH-2025-02533,12,Speaker,994,2025-07-01,2025-07-15,984,Amphenol,Germany,18,446.77,96,0,0,0.0,0,286,7,3,444,8.015372036339901e-05,0.00041034141517753633,113,576135,0.00019289953369198322
BATCH-2025-02534,36,Memory,3102,2025-03-27,2025-04-16,3014,Ericsson,Germany,60,205.45,68,1,1,0.0003223726627981947,1,190,3,1,540,0.00016582352511078637,0.0003750099810004351,109,536222,0.00013960848603418856
BATCH-2026-02535,22,Sensor,8275,2026-02-27,2026-03-07,8070,Flex,China,43,157.56,86,1,1,0.00012084592145015106,0,527,2,1,203,6.527455789884103e-05,0.00021075148645526503,94,530055,0.00016450590746445605
BATCH-2026-02536,27,Processor,8287,2026-07-28,2026-08-02,7814,Infineon,Taiwan,51,333.1,89,1,1,0.00012067093037287318,0,678,7,3,52,0.00011089276239704126,0.00035581711278072977,111,553940,0.0001723848232239575
BATCH-2026-02537,19,Charger,5245,2026-07-19,2026-07-31,5009,Sumitomo,USA,36,238.9,64,1,1,0.00019065776930409913,1,669,7,3,61,0.00016876737493119937,0.00039378300837730447,91,458378,0.0002259435803313693
BATCH-2024-02538,20,Charger,4678,2024-11-24,2024-12-03,4520,Delta Electronics,South Korea,30,335.57,68,1,1,0.00021376656690893543,1,67,11,4,663,0.00014552538396359592,0.00035285670745256997,82,427248,0.0002259435803313693
BATCH-2025-02539,17,Memory,8769,2025-06-08,2025-06-17,8093,Mitsubishi,Japan,33,186.49,72,2,2,0.00022807617744326604,1,263,6,2,467,0.00014815223187369047,0.00046308585294764547,114,569061,0.00013960848603418856
BATCH-2026-02540,3,Camera,1479,2026-02-16,2026-02-26,1464,Corning,Taiwan,24,487.86,63,2,2,0.001352265043948614,1,516,2,1,214,0.0005290924687400791,0.0022824547846740364,105,511267,0.00017585459338616095
BATCH-2024-02541,1,Charger,140,2024-11-04,2024-11-16,136,Samsung,USA,19,220.56,89,2,2,0.014285714285714285,1,47,11,4,683,0.00017219294545324894,0.0013891588805521986,106,504263,0.0002259435803313693
BATCH-2026-02542,14,Sensor,9924,2026-01-13,2026-01-24,9125,STMicroelectronics,South Korea,31,23.81,77,1,0,0.0,0,482,1,1,248,0.0001573864901705702,0.00046936123067953895,91,385139,0.00016450590746445605
BATCH-2026-02543,20,Power IC,307,2026-07-21,2026-08-03,304,Delta Electronics,South Korea,30,335.57,68,0,0,0.0,0,671,7,3,59,0.00014552538396359592,0.00035285670745256997,82,427248,0.00017735448108886377
BATCH-2025-02544,40,Connector,9290,2025-10-04,2025-10-19,8474,Dell,China,20,392.38,81,2,2,0.00021528525296017224,1,381,10,4,349,0.00013234425192726218,0.0003712523513249762,101,498329,0.00020757696267843906
BATCH-2026-02545,10,Processor,4454,2026-05-20,2026-06-08,4409,Panasonic,China,54,316.57,91,0,0,0.0,0,609,5,2,121,0.000144927638474753,0.0007549544377028447,94,435868,0.0001723848232239575
BATCH-2025-02546,43,Sensor,4834,2025-01-27,2025-02-13,4786,ASUSTeK,USA,30,46.84,60,0,0,0.0,0,131,1,1,599,0.00044469895714356904,0.0012463320250862553,87,411235,0.00016450590746445605
BATCH-2025-02547,19,Power IC,2773,2025-06-06,2025-06-16,2626,Sumitomo,USA,36,238.9,64,0,0,0.0,0,261,6,2,469,0.00016876737493119937,0.00039378300837730447,91,458378,0.00017735448108886377
BATCH-2026-02548,30,Display,3536,2026-01-04,2026-01-12,3430,Western Digital,Germany,16,59.04,65,0,0,0.0,0,473,1,1,257,0.00026662885278630423,0.0008545899187981254,93,459619,0.00016919115080672866
BATCH-2026-02549,34,Speaker,1384,2026-01-25,2026-02-02,1346,Renesas,China,19,153.37,81,1,1,0.000722543352601156,1,494,1,1,236,0.00020629854890063796,0.000928870183527049,112,540044,0.00019289953369198322
BATCH-2025-02550,38,Charger,8204,2025-07-30,2025-08-15,7735,Xiaomi,South Korea,52,142.13,62,2,1,0.00012189176011701609,0,315,7,3,415,0.0002941454324685746,0.0007248486269555904,106,537180,0.0002259435803313693
BATCH-2025-02551,47,Charger,7955,2025-08-24,2025-09-07,7330,Molex,Japan,37,191.75,76,0,0,0.0,0,340,8,3,390,0.00015063481442028842,0.00045023343696729267,102,507171,0.0002259435803313693
BATCH-2026-02552,19,Fan,2152,2026-06-24,2026-06-29,2005,Sumitomo,USA,36,238.9,64,1,0,0.0,0,644,6,2,86,0.00016876737493119937,0.00039378300837730447,91,458378,0.00012855165100050963
BATCH-2026-02553,28,Camera,6019,2026-05-09,2026-05-14,5763,Kioxia,China,36,390.8,86,2,2,0.0003322811098189068,1,598,5,2,132,6.548471380186631e-05,0.00020932699508353792,108,509896,0.00017585459338616095
BATCH-2024-02554,27,Fan,6656,2024-10-13,2024-10-26,6553,Infineon,Taiwan,51,333.1,89,0,0,0.0,0,25,10,4,705,0.00011089276239704126,0.00035581711278072977,111,553940,0.00012855165100050963
BATCH-2025-02555,48,Camera,925,2025-02-27,2025-03-17,916,TE Connectivity,Germany,25,315.88,71,0,0,0.0,0,162,2,1,568,0.000215467021331229,0.0009668394253566584,108,542251,0.00017585459338616095
BATCH-2025-02556,30,Display,3937,2025-02-10,2025-02-23,3898,Western Digital,Germany,16,59.04,65,3,3,0.000762001524003048,1,145,2,1,585,0.00026662885278630423,0.0008545899187981254,93,459619,0.00016919115080672866
BATCH-2025-02557,19,Charger,9847,2025-10-02,2025-10-09,9125,Sumitomo,USA,36,238.9,64,0,0,0.0,0,379,10,4,351,0.00016876737493119937,0.00039378300837730447,91,458378,0.0002259435803313693
BATCH-2026-02558,25,Power IC,7330,2026-08-05,2026-08-21,7257,Broadcom,USA,26,71.6,85,1,1,0.00013642564802182812,1,686,8,3,44,9.454505074439549e-05,0.0003137783114627588,84,481980,0.00017735448108886377
BATCH-2026-02559,27,Sensor,3199,2026-05-03,2026-05-22,3066,Infineon,Taiwan,51,333.1,89,0,0,0.0,0,592,5,2,138,0.00011089276239704126,0.00035581711278072977,111,553940,0.00016450590746445605
BATCH-2026-02560,20,Processor,3711,2026-03-10,2026-03-22,3435,Delta Electronics,South Korea,30,335.57,68,1,0,0.0,0,538,3,1,192,0.00014552538396359592,0.00035285670745256997,82,427248,0.0001723848232239575
BATCH-2026-02561,4,Sensor,4105,2026-05-28,2026-06-04,4064,Intel,China,48,393.46,88,1,1,0.000243605359317905,1,617,5,2,113,0.00018841892264149143,0.0009961276293195824,96,400272,0.00016450590746445605
BATCH-2026-02562,8,Microcontroller,6224,2026-05-06,2026-05-24,5736,LG Chem,South Korea,40,115.16,76,1,1,0.00016066838046272492,1,595,5,2,135,0.00013285380642027623,0.00028745834951003884,92,477433,0.00013908905895273712
BATCH-2026-02563,13,Microcontroller,7900,2026-06-16,2026-07-06,7821,Onsemi,USA,46,98.93,89,2,1,0.00012658227848101267,0,636,6,2,94,0.00013306539717335389,0.0004888825988608853,89,428711,0.00013908905895273712
BATCH-2026-02564,18,Sensor,9589,2026-02-06,2026-02-15,9431,Bosch,Germany,18,96.36,77,0,0,0.0,0,506,2,1,224,0.00021806730730221415,0.0007021012099867912,110,557568,0.00016450590746445605
BATCH-2026-02565,20,Camera,2177,2026-01-05,2026-01-10,2123,Delta Electronics,South Korea,30,335.57,68,1,1,0.00045934772622875517,1,474,1,1,256,0.00014552538396359592,0.00035285670745256997,82,427248,0.00017585459338616095
BATCH-2024-02566,5,Processor,4256,2024-12-15,2024-12-29,4109,Apple,Japan,38,226.29,64,1,0,0.0,0,88,12,4,642,0.00029304167774806515,0.0010333897385835877,92,488005,0.0001723848232239575
BATCH-2025-02567,21,Speaker,1185,2025-09-15,2025-10-02,1133,Jabil,Taiwan,58,416.67,76,1,0,0.0,0,362,9,3,368,0.00034128023110612925,0.0012045823376322067,117,579869,0.00019289953369198322
BATCH-2025-02568,32,Microcontroller,1543,2025-12-03,2025-12-14,1528,Canon,South Korea,54,382.97,81,0,0,0.0,0,441,12,4,289,8.286140374041643e-05,0.0002525478149158471,93,484783,0.00013908905895273712
BATCH-2026-02569,36,Camera,618,2026-01-24,2026-02-06,612,Ericsson,Germany,60,205.45,68,1,0,0.0,0,493,1,1,237,0.00016582352511078637,0.0003750099810004351,109,536222,0.00017585459338616095
BATCH-2025-02570,3,Sensor,2460,2025-04-03,2025-04-15,2435,Corning,Taiwan,24,487.86,63,1,1,0.0004065040650406504,1,197,4,2,533,0.0005290924687400791,0.0022824547846740364,105,511267,0.00016450590746445605
BATCH-2025-02571,11,Display,1346,2025-05-28,2025-06-08,1316,Murata,Japan,22,178.55,88,0,0,0.0,0,252,5,2,478,0.00015599689945027513,0.0009387029695731565,105,551463,0.00016919115080672866
BATCH-2026-02572,18,Battery,9727,2026-03-04,2026-03-16,9217,Bosch,Germany,18,96.36,77,2,0,0.0,0,532,3,1,198,0.00021806730730221415,0.0007021012099867912,110,557568,0.00021173401481822628
BATCH-2024-02573,38,Sensor,1701,2024-12-05,2024-12-14,1608,Xiaomi,South Korea,52,142.13,62,0,0,0.0,0,78,12,4,652,0.0002941454324685746,0.0007248486269555904,106,537180,0.00016450590746445605
BATCH-2026-02574,12,Processor,3321,2026-06-15,2026-07-03,3288,Amphenol,Germany,18,446.77,96,0,0,0.0,0,635,6,2,95,8.015372036339901e-05,0.00041034141517753633,113,576135,0.0001723848232239575
BATCH-2025-02575,50,Power IC,3964,2025-09-11,2025-09-19,3630,APC,South Korea,30,481.03,64,1,1,0.0002522704339051463,1,358,9,3,372,0.0002753509047441992,0.0007401953979905162,113,559124,0.00017735448108886377
BATCH-2026-02576,20,Sensor,1333,2026-07-11,2026-07-18,1316,Delta Electronics,South Korea,30,335.57,68,0,0,0.0,0,661,7,3,69,0.00014552538396359592,0.00035285670745256997,82,427248,0.00016450590746445605
BATCH-2026-02577,14,Battery,3813,2026-01-25,2026-02-05,3731,STMicroelectronics,South Korea,31,23.81,77,2,2,0.0005245213742460005,1,494,1,1,236,0.0001573864901705702,0.00046936123067953895,91,385139,0.00021173401481822628
BATCH-2026-02578,2,Connector,9036,2026-08-21,2026-09-10,8946,TSMC,South Korea,34,349.29,92,2,1,0.00011066843736166445,0,702,8,3,28,0.0001216095118122708,0.0004158402802419921,99,473547,0.00020757696267843906
BATCH-2026-02579,3,Sensor,5809,2026-04-05,2026-04-15,5610,Corning,Taiwan,24,487.86,63,1,0,0.0,0,564,4,2,166,0.0005290924687400791,0.0022824547846740364,105,511267,0.00016450590746445605
BATCH-2025-02580,2,Power IC,1088,2025-12-09,2025-12-20,1033,TSMC,South Korea,34,349.29,92,0,0,0.0,0,447,12,4,283,0.0001216095118122708,0.0004158402802419921,99,473547,0.00017735448108886377
BATCH-2026-02581,12,Motherboard,1364,2026-09-07,2026-09-19,1350,Amphenol,Germany,18,446.77,96,0,0,0.0,0,719,9,3,11,8.015372036339901e-05,0.00041034141517753633,113,576135,0.0002354934172429249
BATCH-2025-02582,38,Connector,7567,2025-08-31,2025-09-15,6852,Xiaomi,South Korea,52,142.13,62,2,2,0.0002643055372010044,1,347,8,3,383,0.0002941454324685746,0.0007248486269555904,106,537180,0.00020757696267843906
BATCH-2025-02583,6,Charger,9385,2025-10-02,2025-10-17,8566,NVIDIA,Germany,38,463.53,74,2,0,0.0,0,379,10,4,351,0.00023377595866623649,0.0009271237760431065,104,528560,0.0002259435803313693
BATCH-2025-02584,13,Camera,1546,2025-07-03,2025-07-17,1531,Onsemi,USA,46,98.93,89,2,1,0.000646830530401035,1,288,7,3,442,0.00013306539717335389,0.0004888825988608853,89,428711,0.00017585459338616095
BATCH-2025-02585,14,Charger,7416,2025-09-17,2025-09-29,6985,STMicroelectronics,South Korea,31,23.81,77,0,0,0.0,0,364,9,3,366,0.0001573864901705702,0.00046936123067953895,91,385139,0.0002259435803313693
BATCH-2025-02586,9,Motherboard,4525,2025-04-30,2025-05-10,4352,Sony,Taiwan,19,33.78,81,1,1,0.00022099447513812155,1,224,4,2,506,0.00014132799993781594,0.00029553061545999206,104,509780,0.0002354934172429249
BATCH-2025-02587,39,PCB,9689,2025-12-18,2026-01-06,8942,Lenovo,Taiwan,57,331.63,71,0,0,0.0,0,456,12,4,274,0.00017438124238925042,0.000501056949565781,101,560841,0.0002244207567666141
BATCH-2024-02588,21,Camera,7477,2024-09-25,2024-10-15,7260,Jabil,Taiwan,58,416.67,76,0,0,0.0,0,7,9,3,723,0.00034128023110612925,0.0012045823376322067,117,579869,0.00017585459338616095
BATCH-2024-02589,36,Display,4371,2024-12-06,2024-12-12,4076,Ericsson,Germany,60,205.45,68,1,0,0.0,0,79,12,4,651,0.00016582352511078637,0.0003750099810004351,109,536222,0.00016919115080672866
BATCH-2026-02590,1,Fan,9816,2026-08-23,2026-09-12,9718,Samsung,USA,19,220.56,89,1,1,0.00010187449062754686,0,704,8,3,26,0.00017219294545324894,0.0013891588805521986,106,504263,0.00012855165100050963
BATCH-2026-02591,37,Battery,1454,2026-09-01,2026-09-20,1439,Huawei,USA,60,118.5,92,1,1,0.000687757909215956,1,713,9,3,17,0.00010426815057621344,0.0003557497462935021,91,442918,0.00021173401481822628
BATCH-2025-02592,17,Processor,6905,2025-06-22,2025-06-27,6775,Mitsubishi,Japan,33,186.49,72,1,1,0.0001448225923244026,1,277,6,2,453,0.00014815223187369047,0.00046308585294764547,114,569061,0.0001723848232239575
BATCH-2026-02593,46,Microcontroller,240,2026-04-06,2026-04-23,230,Liteon,China,58,348.77,65,0,0,0.0,0,565,4,2,165,0.000177376316521378,0.0004995509860038717,96,502846,0.00013908905895273712
BATCH-2025-02594,40,Microcontroller,752,2025-12-29,2026-01-15,739,Dell,China,20,392.38,81,1,1,0.0013297872340425532,1,467,12,4,263,0.00013234425192726218,0.0003712523513249762,101,498329,0.00013908905895273712
BATCH-2024-02595,39,Fan,7682,2024-12-11,2024-12-19,7605,Lenovo,Taiwan,57,331.63,71,0,0,0.0,0,84,12,4,646,0.00017438124238925042,0.000501056949565781,101,560841,0.00012855165100050963
BATCH-2024-02596,16,Camera,6865,2024-12-07,2024-12-24,6598,Hitachi,China,57,483.82,88,0,0,0.0,0,80,12,4,650,8.336477286677332e-05,0.0004697935134049564,95,503392,0.00017585459338616095
BATCH-2025-02597,1,Charger,8994,2025-09-13,2025-09-26,8823,Samsung,USA,19,220.56,89,0,0,0.0,0,360,9,3,370,0.00017219294545324894,0.0013891588805521986,106,504263,0.0002259435803313693
BATCH-2025-02598,2,Microcontroller,3803,2025-02-02,2025-02-16,3765,TSMC,South Korea,34,349.29,92,1,0,0.0,0,137,2,1,593,0.0001216095118122708,0.0004158402802419921,99,473547,0.00013908905895273712
BATCH-2025-02599,48,Connector,4037,2025-12-17,2025-12-24,3997,TE Connectivity,Germany,25,315.88,71,0,0,0.0,0,455,12,4,275,0.000215467021331229,0.0009668394253566584,108,542251,0.00020757696267843906
BATCH-2025-02600,42,Processor,3494,2025-11-17,2025-12-03,3459,Acer,Germany,34,85.15,90,3,3,0.0008586147681740126,1,425,11,4,305,5.058942432590356e-05,0.0001440589145000144,106,511239,0.0001723848232239575
BATCH-2025-02601,17,PCB,2026,2025-02-17,2025-02-27,1960,Mitsubishi,Japan,33,186.49,72,0,0,0.0,0,152,2,1,578,0.00014815223187369047,0.00046308585294764547,114,569061,0.0002244207567666141
BATCH-2025-02602,27,Camera,3980,2025-12-03,2025-12-14,3940,Infineon,Taiwan,51,333.1,89,0,0,0.0,0,441,12,4,289,0.00011089276239704126,0.00035581711278072977,111,553940,0.00017585459338616095
BATCH-2026-02603,22,Display,7330,2026-02-15,2026-02-23,7105,Flex,China,43,157.56,86,3,2,0.00027285129604365623,1,515,2,1,215,6.527455789884103e-05,0.00021075148645526503,94,530055,0.00016919115080672866
BATCH-2025-02604,43,Battery,7173,2025-02-22,2025-03-06,6924,ASUSTeK,USA,30,46.84,60,5,5,0.0006970584134950509,1,157,2,1,573,0.00044469895714356904,0.0012463320250862553,87,411235,0.00021173401481822628
BATCH-2026-02605,25,Fan,3096,2026-06-16,2026-06-25,3014,Broadcom,USA,26,71.6,85,1,1,0.00032299741602067185,1,636,6,2,94,9.454505074439549e-05,0.0003137783114627588,84,481980,0.00012855165100050963
BATCH-2024-02606,4,Fan,9224,2024-12-01,2024-12-15,9132,Intel,China,48,393.46,88,0,0,0.0,0,74,12,4,656,0.00018841892264149143,0.0009961276293195824,96,400272,0.00012855165100050963
BATCH-2026-02607,1,Processor,6739,2026-06-04,2026-06-11,6672,Samsung,USA,19,220.56,89,0,0,0.0,0,624,6,2,106,0.00017219294545324894,0.0013891588805521986,106,504263,0.0001723848232239575
BATCH-2025-02608,3,Microcontroller,9266,2025-10-30,2025-11-19,8478,Corning,Taiwan,24,487.86,63,2,2,0.0002158428663932657,1,407,10,4,323,0.0005290924687400791,0.0022824547846740364,105,511267,0.00013908905895273712
BATCH-2025-02609,23,Sensor,600,2025-01-25,2025-02-02,594,ASE,Japan,50,402.77,91,0,0,0.0,0,129,1,1,601,6.663525433902222e-05,0.00015954052120490043,90,441864,0.00016450590746445605
BATCH-2024-02610,25,Power IC,8738,2024-11-08,2024-11-21,8439,Broadcom,USA,26,71.6,85,1,0,0.0,0,51,11,4,679,9.454505074439549e-05,0.0003137783114627588,84,481980,0.00017735448108886377
BATCH-2025-02611,10,Display,9370,2025-07-10,2025-07-16,9040,Panasonic,China,54,316.57,91,0,0,0.0,0,295,7,3,435,0.000144927638474753,0.0007549544377028447,94,435868,0.00016919115080672866
BATCH-2025-02612,44,Display,916,2025-02-24,2025-03-03,890,Wistron,South Korea,50,232.01,87,0,0,0.0,0,159,2,1,571,0.00010336577465557791,0.000380745741124954,117,590216,0.00016919115080672866
BATCH-2026-02613,39,Display,7307,2026-07-31,2026-08-07,6938,Lenovo,Taiwan,57,331.63,71,1,1,0.0001368550704803613,1,681,7,3,49,0.00017438124238925042,0.000501056949565781,101,560841,0.00016919115080672866
BATCH-2026-02614,33,Charger,7902,2026-06-14,2026-06-24,7399,Denso,Taiwan,41,277.68,84,0,0,0.0,0,634,6,2,96,0.00013528007016307464,0.0006519489677036868,119,602071,0.0002259435803313693
BATCH-2024-02615,43,Memory,4362,2024-09-27,2024-10-14,3967,ASUSTeK,USA,30,46.84,60,0,0,0.0,0,9,9,3,721,0.00044469895714356904,0.0012463320250862553,87,411235,0.00013960848603418856
BATCH-2025-02616,24,Memory,9288,2025-10-31,2025-11-10,8916,Qualcomm,Germany,53,145.59,74,0,0,0.0,0,408,10,4,322,0.00017211444124561363,0.00048508112533674527,88,458321,0.00013960848603418856
BATCH-2025-02617,39,Camera,6744,2025-10-31,2025-11-06,6677,Lenovo,Taiwan,57,331.63,71,3,2,0.0002965599051008304,1,408,10,4,322,0.00017438124238925042,0.000501056949565781,101,560841,0.00017585459338616095
BATCH-2025-02618,13,Motherboard,1800,2025-02-24,2025-03-16,1771,Onsemi,USA,46,98.93,89,1,1,0.0005555555555555556,1,159,2,1,571,0.00013306539717335389,0.0004888825988608853,89,428711,0.0002354934172429249
BATCH-2026-02619,41,Charger,9501,2026-04-07,2026-04-14,8953,HP,Japan,60,204.38,85,1,1,0.00010525207872855489,0,566,4,2,164,0.00012231852387452777,0.00025339821295037224,87,408153,0.0002259435803313693
BATCH-2025-02620,5,Battery,2896,2025-08-01,2025-08-08,2813,Apple,Japan,38,226.29,64,1,1,0.0003453038674033149,1,317,8,3,413,0.00029304167774806515,0.0010333897385835877,92,488005,0.00021173401481822628
BATCH-2025-02621,49,Sensor,7493,2025-10-10,2025-10-22,7411,Coherent,USA,42,45.65,73,1,1,0.00013345789403443215,1,387,10,4,343,0.00034438539861380375,0.0009931063632699735,93,417736,0.00016450590746445605
BATCH-2026-02622,27,Memory,608,2026-06-18,2026-07-02,547,Infineon,Taiwan,51,333.1,89,0,0,0.0,0,638,6,2,92,0.00011089276239704126,0.00035581711278072977,111,553940,0.00013960848603418856
BATCH-2025-02623,49,Connector,335,2025-12-09,2025-12-20,307,Coherent,USA,42,45.65,73,0,0,0.0,0,447,12,4,283,0.00034438539861380375,0.0009931063632699735,93,417736,0.00020757696267843906
BATCH-2026-02624,33,Connector,4265,2026-04-27,2026-05-10,4051,Denso,Taiwan,41,277.68,84,3,1,0.00023446658851113716,1,586,4,2,144,0.00013528007016307464,0.0006519489677036868,119,602071,0.00020757696267843906
BATCH-2024-02625,33,Charger,1889,2024-10-27,2024-11-14,1870,Denso,Taiwan,41,277.68,84,1,1,0.0005293806246691371,1,39,10,4,691,0.00013528007016307464,0.0006519489677036868,119,602071,0.0002259435803313693
BATCH-2026-02626,1,Charger,2082,2026-02-21,2026-03-08,1998,Samsung,USA,19,220.56,89,0,0,0.0,0,521,2,1,209,0.00017219294545324894,0.0013891588805521986,106,504263,0.0002259435803313693
BATCH-2026-02627,1,Connector,3110,2026-05-19,2026-06-08,3034,Samsung,USA,19,220.56,89,0,0,0.0,0,608,5,2,122,0.00017219294545324894,0.0013891588805521986,106,504263,0.00020757696267843906
BATCH-2025-02628,35,Processor,7790,2025-07-27,2025-08-09,7242,Nokia,Japan,42,219.49,61,1,0,0.0,0,312,7,3,418,0.00019787338089100073,0.0003538789829112609,102,503406,0.0001723848232239575
BATCH-2026-02629,35,Motherboard,2479,2026-01-31,2026-02-07,2256,Nokia,Japan,42,219.49,61,2,2,0.0008067769261799112,1,500,1,1,230,0.00019787338089100073,0.0003538789829112609,102,503406,0.0002354934172429249
BATCH-2025-02630,16,Processor,6522,2025-11-07,2025-11-21,6457,Hitachi,China,57,483.82,88,1,1,0.00015332720024532353,1,415,11,4,315,8.336477286677332e-05,0.0004697935134049564,95,503392,0.0001723848232239575
BATCH-2025-02631,37,Camera,1627,2025-08-10,2025-08-15,1609,Huawei,USA,60,118.5,92,0,0,0.0,0,326,8,3,404,0.00010426815057621344,0.0003557497462935021,91,442918,0.00017585459338616095
BATCH-2024-02632,32,Processor,7654,2024-10-13,2024-10-22,7239,Canon,South Korea,54,382.97,81,0,0,0.0,0,25,10,4,705,8.286140374041643e-05,0.0002525478149158471,93,484783,0.0001723848232239575
BATCH-2026-02633,21,PCB,9351,2026-03-30,2026-04-04,9081,Jabil,Taiwan,58,416.67,76,1,0,0.0,0,558,3,1,172,0.00034128023110612925,0.0012045823376322067,117,579869,0.0002244207567666141
BATCH-2024-02634,39,Microcontroller,933,2024-11-28,2024-12-14,924,Lenovo,Taiwan,57,331.63,71,0,0,0.0,0,71,11,4,659,0.00017438124238925042,0.000501056949565781,101,560841,0.00013908905895273712
BATCH-2025-02635,28,Power IC,8617,2025-02-23,2025-03-08,8359,Kioxia,China,36,390.8,86,0,0,0.0,0,158,2,1,572,6.548471380186631e-05,0.00020932699508353792,108,509896,0.00017735448108886377
BATCH-2024-02636,50,Battery,3422,2024-12-21,2024-12-28,3202,APC,South Korea,30,481.03,64,0,0,0.0,0,94,12,4,636,0.0002753509047441992,0.0007401953979905162,113,559124,0.00021173401481822628
BATCH-2025-02637,18,Connector,9710,2025-09-11,2025-09-23,9155,Bosch,Germany,18,96.36,77,0,0,0.0,0,358,9,3,372,0.00021806730730221415,0.0007021012099867912,110,557568,0.00020757696267843906
BATCH-2026-02638,47,Motherboard,5195,2026-06-13,2026-07-02,4965,Molex,Japan,37,191.75,76,4,0,0.0,0,633,6,2,97,0.00015063481442028842,0.00045023343696729267,102,507171,0.0002354934172429249
BATCH-2024-02639,13,Camera,9777,2024-09-27,2024-10-07,9679,Onsemi,USA,46,98.93,89,0,0,0.0,0,9,9,3,721,0.00013306539717335389,0.0004888825988608853,89,428711,0.00017585459338616095
BATCH-2024-02640,32,Camera,5573,2024-12-18,2024-12-26,5190,Canon,South Korea,54,382.97,81,2,1,0.00017943656917279743,1,91,12,4,639,8.286140374041643e-05,0.0002525478149158471,93,484783,0.00017585459338616095
BATCH-2025-02641,11,Speaker,3522,2025-11-04,2025-11-22,3381,Murata,Japan,22,178.55,88,1,1,0.00028392958546280523,1,412,11,4,318,0.00015599689945027513,0.0009387029695731565,105,551463,0.00019289953369198322
BATCH-2025-02642,44,Microcontroller,6713,2025-02-01,2025-02-16,6463,Wistron,South Korea,50,232.01,87,1,0,0.0,0,136,2,1,594,0.00010336577465557791,0.000380745741124954,117,590216,0.00013908905895273712
BATCH-2025-02643,22,Memory,6554,2025-08-22,2025-09-08,6084,Flex,China,43,157.56,86,0,0,0.0,0,338,8,3,392,6.527455789884103e-05,0.00021075148645526503,94,530055,0.00013960848603418856
BATCH-2026-02644,36,Motherboard,4951,2026-02-21,2026-02-28,4528,Ericsson,Germany,60,205.45,68,1,1,0.00020197939810139365,1,521,2,1,209,0.00016582352511078637,0.0003750099810004351,109,536222,0.0002354934172429249
BATCH-2025-02645,45,Speaker,6671,2025-05-25,2025-06-10,6604,Pegatron,Taiwan,47,251.52,66,3,2,0.00029980512666766604,1,249,5,2,481,0.0001275169517997213,0.0003266025273992103,94,477190,0.00019289953369198322
BATCH-2025-02646,18,Power IC,9623,2025-09-14,2025-10-02,9073,Bosch,Germany,18,96.36,77,0,0,0.0,0,361,9,3,369,0.00021806730730221415,0.0007021012099867912,110,557568,0.00017735448108886377
BATCH-2026-02647,41,Connector,4483,2026-03-09,2026-03-24,4438,HP,Japan,60,204.38,85,1,1,0.00022306491188935982,1,537,3,1,193,0.00012231852387452777,0.00025339821295037224,87,408153,0.00020757696267843906
BATCH-2025-02648,27,Processor,645,2025-09-02,2025-09-07,617,Infineon,Taiwan,51,333.1,89,1,1,0.0015503875968992248,1,349,9,3,381,0.00011089276239704126,0.00035581711278072977,111,553940,0.0001723848232239575
BATCH-2025-02649,21,Battery,2918,2025-12-03,2025-12-23,2822,Jabil,Taiwan,58,416.67,76,0,0,0.0,0,441,12,4,289,0.00034128023110612925,0.0012045823376322067,117,579869,0.00021173401481822628
BATCH-2025-02650,40,Camera,4462,2025-03-17,2025-04-02,4417,Dell,China,20,392.38,81,1,1,0.00022411474675033618,1,180,3,1,550,0.00013234425192726218,0.0003712523513249762,101,498329,0.00017585459338616095
BATCH-2025-02651,14,Sensor,7173,2025-02-15,2025-03-04,7101,STMicroelectronics,South Korea,31,23.81,77,1,0,0.0,0,150,2,1,580,0.0001573864901705702,0.00046936123067953895,91,385139,0.00016450590746445605
BATCH-2025-02652,30,Microcontroller,7742,2025-02-05,2025-02-18,7341,Western Digital,Germany,16,59.04,65,1,0,0.0,0,140,2,1,590,0.00026662885278630423,0.0008545899187981254,93,459619,0.00013908905895273712
BATCH-2025-02653,27,Motherboard,2805,2025-09-30,2025-10-13,2733,Infineon,Taiwan,51,333.1,89,0,0,0.0,0,377,9,3,353,0.00011089276239704126,0.00035581711278072977,111,553940,0.0002354934172429249
BATCH-2025-02654,9,Battery,9489,2025-10-05,2025-10-21,9038,Sony,Taiwan,19,33.78,81,2,2,0.00021077036568658446,1,382,10,4,348,0.00014132799993781594,0.00029553061545999206,104,509780,0.00021173401481822628
BATCH-2025-02655,25,Speaker,4036,2025-04-12,2025-04-19,3953,Broadcom,USA,26,71.6,85,0,0,0.0,0,206,4,2,524,9.454505074439549e-05,0.0003137783114627588,84,481980,0.00019289953369198322
BATCH-2025-02656,28,Camera,2549,2025-06-20,2025-06-30,2521,Kioxia,China,36,390.8,86,2,1,0.00039231071008238524,1,275,6,2,455,6.548471380186631e-05,0.00020932699508353792,108,509896,0.00017585459338616095
BATCH-2026-02657,17,Camera,6106,2026-04-25,2026-05-07,5866,Mitsubishi,Japan,33,186.49,72,1,1,0.00016377333770062233,1,584,4,2,146,0.00014815223187369047,0.00046308585294764547,114,569061,0.00017585459338616095
BATCH-2025-02658,34,Processor,1461,2025-11-24,2025-12-02,1444,Renesas,China,19,153.37,81,0,0,0.0,0,432,11,4,298,0.00020629854890063796,0.000928870183527049,112,540044,0.0001723848232239575
BATCH-2026-02659,39,Power IC,3880,2026-08-29,2026-09-09,3693,Lenovo,Taiwan,57,331.63,71,2,1,0.0002577319587628866,1,710,8,3,20,0.00017438124238925042,0.000501056949565781,101,560841,0.00017735448108886377
BATCH-2025-02660,44,Display,2810,2025-02-01,2025-02-08,2782,Wistron,South Korea,50,232.01,87,3,1,0.00035587188612099647,1,136,2,1,594,0.00010336577465557791,0.000380745741124954,117,590216,0.00016919115080672866
BATCH-2025-02661,11,Camera,9953,2025-02-11,2025-03-01,9853,Murata,Japan,22,178.55,88,0,0,0.0,0,146,2,1,584,0.00015599689945027513,0.0009387029695731565,105,551463,0.00017585459338616095
BATCH-2025-02662,32,Power IC,2336,2025-11-11,2025-11-26,2199,Canon,South Korea,54,382.97,81,0,0,0.0,0,419,11,4,311,8.286140374041643e-05,0.0002525478149158471,93,484783,0.00017735448108886377
BATCH-2024-02663,8,Processor,7926,2024-11-17,2024-12-06,7533,LG Chem,South Korea,40,115.16,76,0,0,0.0,0,60,11,4,670,0.00013285380642027623,0.00028745834951003884,92,477433,0.0001723848232239575
BATCH-2026-02664,19,Motherboard,5518,2026-06-28,2026-07-15,5463,Sumitomo,USA,36,238.9,64,2,2,0.0003624501631025734,1,648,6,2,82,0.00016876737493119937,0.00039378300837730447,91,458378,0.0002354934172429249
BATCH-2026-02665,50,Motherboard,9462,2026-08-24,2026-09-06,8581,APC,South Korea,30,481.03,64,2,0,0.0,0,705,8,3,25,0.0002753509047441992,0.0007401953979905162,113,559124,0.0002354934172429249
BATCH-2025-02666,18,Display,6420,2025-12-01,2025-12-17,6217,Bosch,Germany,18,96.36,77,2,1,0.00015576323987538941,1,439,12,4,291,0.00021806730730221415,0.0007021012099867912,110,557568,0.00016919115080672866
BATCH-2025-02667,49,Speaker,916,2025-09-26,2025-10-03,894,Coherent,USA,42,45.65,73,1,1,0.001091703056768559,1,373,9,3,357,0.00034438539861380375,0.0009931063632699735,93,417736,0.00019289953369198322
BATCH-2025-02668,48,Power IC,4027,2025-07-27,2025-08-16,3863,TE Connectivity,Germany,25,315.88,71,1,1,0.00024832381425378696,1,312,7,3,418,0.000215467021331229,0.0009668394253566584,108,542251,0.00017735448108886377
BATCH-2024-02669,22,Power IC,6703,2024-11-16,2024-11-23,6339,Flex,China,43,157.56,86,0,0,0.0,0,59,11,4,671,6.527455789884103e-05,0.00021075148645526503,94,530055,0.00017735448108886377
BATCH-2026-02670,9,Power IC,1169,2026-04-01,2026-04-21,1085,Sony,Taiwan,19,33.78,81,0,0,0.0,0,560,4,2,170,0.00014132799993781594,0.00029553061545999206,104,509780,0.00017735448108886377
BATCH-2025-02671,23,Speaker,7301,2025-12-26,2026-01-09,6980,ASE,Japan,50,402.77,91,1,1,0.00013696753869332968,1,464,12,4,266,6.663525433902222e-05,0.00015954052120490043,90,441864,0.00019289953369198322
BATCH-2026-02672,32,Microcontroller,5836,2026-06-08,2026-06-23,5578,Canon,South Korea,54,382.97,81,0,0,0.0,0,628,6,2,102,8.286140374041643e-05,0.0002525478149158471,93,484783,0.00013908905895273712
BATCH-2026-02673,35,Battery,4675,2026-02-27,2026-03-05,4333,Nokia,Japan,42,219.49,61,1,1,0.000213903743315508,1,527,2,1,203,0.00019787338089100073,0.0003538789829112609,102,503406,0.00021173401481822628
BATCH-2024-02674,4,Camera,4419,2024-12-24,2025-01-02,4375,Intel,China,48,393.46,88,0,0,0.0,0,97,12,4,633,0.00018841892264149143,0.0009961276293195824,96,400272,0.00017585459338616095
BATCH-2026-02675,24,Battery,5310,2026-07-31,2026-08-18,5007,Qualcomm,Germany,53,145.59,74,0,0,0.0,0,681,7,3,49,0.00017211444124561363,0.00048508112533674527,88,458321,0.00021173401481822628
BATCH-2026-02676,45,Charger,3121,2026-07-21,2026-07-28,2945,Pegatron,Taiwan,47,251.52,66,1,0,0.0,0,671,7,3,59,0.0001275169517997213,0.0003266025273992103,94,477190,0.0002259435803313693
BATCH-2024-02677,43,Power IC,8571,2024-10-11,2024-10-29,8088,ASUSTeK,USA,30,46.84,60,0,0,0.0,0,23,10,4,707,0.00044469895714356904,0.0012463320250862553,87,411235,0.00017735448108886377
BATCH-2024-02678,26,Microcontroller,5780,2024-12-02,2024-12-15,5435,Texas Instruments,South Korea,53,5.67,67,0,0,0.0,0,75,12,4,655,0.0002658174764162671,0.0009122443285503541,102,493376,0.00013908905895273712
BATCH-2025-02679,27,PCB,1171,2025-03-28,2025-04-08,1153,Infineon,Taiwan,51,333.1,89,0,0,0.0,0,191,3,1,539,0.00011089276239704126,0.00035581711278072977,111,553940,0.0002244207567666141
BATCH-2025-02680,28,Sensor,9627,2025-04-25,2025-05-07,9531,Kioxia,China,36,390.8,86,0,0,0.0,0,219,4,2,511,6.548471380186631e-05,0.00020932699508353792,108,509896,0.00016450590746445605
BATCH-2026-02681,42,Charger,4659,2026-06-05,2026-06-14,4406,Acer,Germany,34,85.15,90,1,1,0.000214638334406525,1,625,6,2,105,5.058942432590356e-05,0.0001440589145000144,106,511239,0.0002259435803313693
BATCH-2025-02682,12,Battery,977,2025-01-16,2025-02-05,967,Amphenol,Germany,18,446.77,96,0,0,0.0,0,120,1,1,610,8.015372036339901e-05,0.00041034141517753633,113,576135,0.00021173401481822628
BATCH-2025-02683,14,Sensor,4959,2025-10-05,2025-10-10,4826,STMicroelectronics,South Korea,31,23.81,77,0,0,0.0,0,382,10,4,348,0.0001573864901705702,0.00046936123067953895,91,385139,0.00016450590746445605
BATCH-2026-02684,30,Charger,6777,2026-07-04,2026-07-20,6522,Western Digital,Germany,16,59.04,65,2,1,0.00014755791648221928,1,654,7,3,76,0.00026662885278630423,0.0008545899187981254,93,459619,0.0002259435803313693
BATCH-2026-02685,26,Battery,9578,2026-07-21,2026-07-29,9216,Texas Instruments,South Korea,53,5.67,67,2,1,0.00010440593025683859,0,671,7,3,59,0.0002658174764162671,0.0009122443285503541,102,493376,0.00021173401481822628
BATCH-2026-02686,6,Processor,1120,2026-01-04,2026-01-11,1091,NVIDIA,Germany,38,463.53,74,1,1,0.0008928571428571428,1,473,1,1,257,0.00023377595866623649,0.0009271237760431065,104,528560,0.0001723848232239575
BATCH-2025-02687,36,Connector,2916,2025-12-28,2026-01-04,2755,Ericsson,Germany,60,205.45,68,0,0,0.0,0,466,12,4,264,0.00016582352511078637,0.0003750099810004351,109,536222,0.00020757696267843906
BATCH-2025-02688,27,Power IC,6783,2025-02-20,2025-02-27,6518,Infineon,Taiwan,51,333.1,89,0,0,0.0,0,155,2,1,575,0.00011089276239704126,0.00035581711278072977,111,553940,0.00017735448108886377
BATCH-2026-02689,23,Power IC,8228,2026-01-07,2026-01-27,8146,ASE,Japan,50,402.77,91,0,0,0.0,0,476,1,1,254,6.663525433902222e-05,0.00015954052120490043,90,441864,0.00017735448108886377
BATCH-2025-02690,28,Speaker,8127,2025-05-10,2025-05-16,7973,Kioxia,China,36,390.8,86,1,1,0.00012304663467454166,0,234,5,2,496,6.548471380186631e-05,0.00020932699508353792,108,509896,0.00019289953369198322
BATCH-2026-02691,34,Display,323,2026-01-08,2026-01-19,304,Renesas,China,19,153.37,81,1,1,0.0030959752321981426,1,477,1,1,253,0.00020629854890063796,0.000928870183527049,112,540044,0.00016919115080672866
BATCH-2024-02692,21,Motherboard,616,2024-11-22,2024-12-05,591,Jabil,Taiwan,58,416.67,76,1,1,0.0016233766233766235,1,65,11,4,665,0.00034128023110612925,0.0012045823376322067,117,579869,0.0002354934172429249
BATCH-2024-02693,8,Speaker,4602,2024-12-14,2024-12-28,4219,LG Chem,South Korea,40,115.16,76,2,2,0.000434593654932638,1,87,12,4,643,0.00013285380642027623,0.00028745834951003884,92,477433,0.00019289953369198322
BATCH-2026-02694,4,Camera,729,2026-08-19,2026-08-27,722,Intel,China,48,393.46,88,0,0,0.0,0,700,8,3,30,0.00018841892264149143,0.0009961276293195824,96,400272,0.00017585459338616095
BATCH-2026-02695,50,PCB,3462,2026-06-03,2026-06-08,3299,APC,South Korea,30,481.03,64,1,1,0.00028885037550548814,1,623,6,2,107,0.0002753509047441992,0.0007401953979905162,113,559124,0.0002244207567666141
BATCH-2026-02696,17,Fan,7756,2026-09-16,2026-09-23,7653,Mitsubishi,Japan,33,186.49,72,0,0,0.0,0,728,9,3,2,0.00014815223187369047,0.00046308585294764547,114,569061,0.00012855165100050963
BATCH-2026-02697,23,Display,1134,2026-07-16,2026-07-25,1123,ASE,Japan,50,402.77,91,0,0,0.0,0,666,7,3,64,6.663525433902222e-05,0.00015954052120490043,90,441864,0.00016919115080672866
BATCH-2025-02698,32,Battery,4899,2025-03-04,2025-03-11,4850,Canon,South Korea,54,382.97,81,1,1,0.00020412329046744235,1,167,3,1,563,8.286140374041643e-05,0.0002525478149158471,93,484783,0.00021173401481822628
BATCH-2025-02699,35,Motherboard,5539,2025-10-17,2025-10-24,5413,Nokia,Japan,42,219.49,61,1,1,0.00018053800324968405,1,394,10,4,336,0.00019787338089100073,0.0003538789829112609,102,503406,0.0002354934172429249
BATCH-2026-02700,27,Camera,6935,2026-09-04,2026-09-15,6677,Infineon,Taiwan,51,333.1,89,1,1,0.00014419610670511897,1,716,9,3,14,0.00011089276239704126,0.00035581711278072977,111,553940,0.00017585459338616095
BATCH-2025-02701,29,Microcontroller,4471,2025-09-22,2025-09-29,4426,Seagate,Japan,40,285.23,77,1,1,0.00022366360993066427,1,369,9,3,361,0.00016256441034907573,0.0004929460254392659,92,456988,0.00013908905895273712
BATCH-2026-02702,27,Battery,3727,2026-01-03,2026-01-23,3572,Infineon,Taiwan,51,333.1,89,0,0,0.0,0,472,1,1,258,0.00011089276239704126,0.00035581711278072977,111,553940,0.00021173401481822628
BATCH-2025-02703,44,Power IC,4325,2025-03-08,2025-03-17,4153,Wistron,South Korea,50,232.01,87,0,0,0.0,0,171,3,1,559,0.00010336577465557791,0.000380745741124954,117,590216,0.00017735448108886377
BATCH-2026-02704,3,Display,200,2026-02-05,2026-02-11,187,Corning,Taiwan,24,487.86,63,1,0,0.0,0,505,2,1,225,0.0005290924687400791,0.0022824547846740364,105,511267,0.00016919115080672866
BATCH-2025-02705,47,Motherboard,422,2025-01-18,2025-02-03,395,Molex,Japan,37,191.75,76,1,0,0.0,0,122,1,1,608,0.00015063481442028842,0.00045023343696729267,102,507171,0.0002354934172429249
BATCH-2026-02706,37,Fan,7458,2026-03-18,2026-04-04,7037,Huawei,USA,60,118.5,92,0,0,0.0,0,546,3,1,184,0.00010426815057621344,0.0003557497462935021,91,442918,0.00012855165100050963
BATCH-2025-02707,47,Camera,245,2025-06-08,2025-06-17,240,Molex,Japan,37,191.75,76,1,1,0.004081632653061225,1,263,6,2,467,0.00015063481442028842,0.00045023343696729267,102,507171,0.00017585459338616095
BATCH-2026-02708,48,Microcontroller,7912,2026-03-18,2026-04-07,7833,TE Connectivity,Germany,25,315.88,71,0,0,0.0,0,546,3,1,184,0.000215467021331229,0.0009668394253566584,108,542251,0.00013908905895273712
BATCH-2026-02709,37,Charger,3376,2026-01-01,2026-01-11,3342,Huawei,USA,60,118.5,92,0,0,0.0,0,470,1,1,260,0.00010426815057621344,0.0003557497462935021,91,442918,0.0002259435803313693
BATCH-2026-02710,2,PCB,3024,2026-05-15,2026-05-31,2947,TSMC,South Korea,34,349.29,92,2,1,0.00033068783068783067,1,604,5,2,126,0.0001216095118122708,0.0004158402802419921,99,473547,0.0002244207567666141
BATCH-2024-02711,44,Fan,9937,2024-11-30,2024-12-19,9838,Wistron,South Korea,50,232.01,87,0,0,0.0,0,73,11,4,657,0.00010336577465557791,0.000380745741124954,117,590216,0.00012855165100050963
BATCH-2024-02712,44,Memory,4344,2024-10-09,2024-10-22,4124,Wistron,South Korea,50,232.01,87,1,1,0.00023020257826887662,1,21,10,4,709,0.00010336577465557791,0.000380745741124954,117,590216,0.00013960848603418856
BATCH-2026-02713,3,Sensor,574,2026-05-31,2026-06-19,543,Corning,Taiwan,24,487.86,63,1,1,0.0017421602787456446,1,620,5,2,110,0.0005290924687400791,0.0022824547846740364,105,511267,0.00016450590746445605
BATCH-2024-02714,41,Memory,6767,2024-10-03,2024-10-21,6442,HP,Japan,60,204.38,85,0,0,0.0,0,15,10,4,715,0.00012231852387452777,0.00025339821295037224,87,408153,0.00013960848603418856
BATCH-2024-02715,4,Connector,4637,2024-10-23,2024-11-08,4495,Intel,China,48,393.46,88,0,0,0.0,0,35,10,4,695,0.00018841892264149143,0.0009961276293195824,96,400272,0.00020757696267843906
BATCH-2025-02716,47,Power IC,3674,2025-06-07,2025-06-24,3549,Molex,Japan,37,191.75,76,0,0,0.0,0,262,6,2,468,0.00015063481442028842,0.00045023343696729267,102,507171,0.00017735448108886377
BATCH-2024-02717,21,PCB,5334,2024-11-12,2024-11-30,5281,Jabil,Taiwan,58,416.67,76,1,1,0.00018747656542932134,1,55,11,4,675,0.00034128023110612925,0.0012045823376322067,117,579869,0.0002244207567666141
BATCH-2025-02718,38,Microcontroller,9959,2025-06-20,2025-07-09,9304,Xiaomi,South Korea,52,142.13,62,1,1,0.00010041168792047395,0,275,6,2,455,0.0002941454324685746,0.0007248486269555904,106,537180,0.00013908905895273712
BATCH-2026-02719,28,Camera,2345,2026-08-24,2026-09-06,2319,Kioxia,China,36,390.8,86,0,0,0.0,0,705,8,3,25,6.548471380186631e-05,0.00020932699508353792,108,509896,0.00017585459338616095
BATCH-2025-02720,47,Display,4080,2025-10-28,2025-11-03,4039,Molex,Japan,37,191.75,76,0,0,0.0,0,405,10,4,325,0.00015063481442028842,0.00045023343696729267,102,507171,0.00016919115080672866
BATCH-2025-02721,13,Speaker,4658,2025-07-09,2025-07-15,4611,Onsemi,USA,46,98.93,89,0,0,0.0,0,294,7,3,436,0.00013306539717335389,0.0004888825988608853,89,428711,0.00019289953369198322
BATCH-2026-02722,21,Camera,375,2026-08-01,2026-08-21,367,Jabil,Taiwan,58,416.67,76,2,2,0.005333333333333333,1,682,8,3,48,0.00034128023110612925,0.0012045823376322067,117,579869,0.00017585459338616095
BATCH-2024-02723,31,Display,9065,2024-09-22,2024-10-04,8527,Kyocera,USA,35,236.61,85,0,0,0.0,0,4,9,3,726,0.00018411673535101585,0.0009126920964599268,104,605811,0.00016919115080672866
BATCH-2024-02724,43,Sensor,1043,2024-09-23,2024-09-30,958,ASUSTeK,USA,30,46.84,60,1,1,0.0009587727708533077,1,5,9,3,725,0.00044469895714356904,0.0012463320250862553,87,411235,0.00016450590746445605
BATCH-2026-02725,3,Battery,4252,2026-03-09,2026-03-24,3958,Corning,Taiwan,24,487.86,63,1,0,0.0,0,537,3,1,193,0.0005290924687400791,0.0022824547846740364,105,511267,0.00021173401481822628
BATCH-2026-02726,3,Charger,3890,2026-05-30,2026-06-11,3656,Corning,Taiwan,24,487.86,63,1,0,0.0,0,619,5,2,111,0.0005290924687400791,0.0022824547846740364,105,511267,0.0002259435803313693
BATCH-2025-02727,4,Battery,3214,2025-02-25,2025-03-07,3182,Intel,China,48,393.46,88,0,0,0.0,0,160,2,1,570,0.00018841892264149143,0.0009961276293195824,96,400272,0.00021173401481822628
BATCH-2024-02728,4,Camera,9782,2024-09-22,2024-10-01,9429,Intel,China,48,393.46,88,0,0,0.0,0,4,9,3,726,0.00018841892264149143,0.0009961276293195824,96,400272,0.00017585459338616095
BATCH-2026-02729,17,Display,4292,2026-03-23,2026-04-06,4198,Mitsubishi,Japan,33,186.49,72,1,1,0.00023299161230195712,1,551,3,1,179,0.00014815223187369047,0.00046308585294764547,114,569061,0.00016919115080672866
BATCH-2025-02730,47,Sensor,6165,2025-11-14,2025-12-02,6027,Molex,Japan,37,191.75,76,1,0,0.0,0,422,11,4,308,0.00015063481442028842,0.00045023343696729267,102,507171,0.00016450590746445605
BATCH-2026-02731,4,Fan,4412,2026-04-23,2026-05-08,4119,Intel,China,48,393.46,88,0,0,0.0,0,582,4,2,148,0.00018841892264149143,0.0009961276293195824,96,400272,0.00012855165100050963
BATCH-2025-02732,1,Camera,2719,2025-12-27,2026-01-02,2692,Samsung,USA,19,220.56,89,0,0,0.0,0,465,12,4,265,0.00017219294545324894,0.0013891588805521986,106,504263,0.00017585459338616095
BATCH-2026-02733,5,Processor,700,2026-03-05,2026-03-23,652,Apple,Japan,38,226.29,64,0,0,0.0,0,533,3,1,197,0.00029304167774806515,0.0010333897385835877,92,488005,0.0001723848232239575
BATCH-2025-02734,50,Processor,3775,2025-04-30,2025-05-14,3500,APC,South Korea,30,481.03,64,1,1,0.00026490066225165563,1,224,4,2,506,0.0002753509047441992,0.0007401953979905162,113,559124,0.0001723848232239575
BATCH-2025-02735,4,Camera,2821,2025-03-20,2025-03-30,2742,Intel,China,48,393.46,88,0,0,0.0,0,183,3,1,547,0.00018841892264149143,0.0009961276293195824,96,400272,0.00017585459338616095
BATCH-2025-02736,31,Speaker,3054,2025-01-30,2025-02-10,3023,Kyocera,USA,35,236.61,85,1,1,0.0003274394237066143,1,134,1,1,596,0.00018411673535101585,0.0009126920964599268,104,605811,0.00019289953369198322
BATCH-2024-02737,20,Battery,149,2024-11-13,2024-11-28,142,Delta Electronics,South Korea,30,335.57,68,0,0,0.0,0,56,11,4,674,0.00014552538396359592,0.00035285670745256997,82,427248,0.00021173401481822628
BATCH-2025-02738,30,Sensor,1886,2025-05-21,2025-06-04,1838,Western Digital,Germany,16,59.04,65,0,0,0.0,0,245,5,2,485,0.00026662885278630423,0.0008545899187981254,93,459619,0.00016450590746445605
BATCH-2025-02739,15,Memory,4645,2025-06-25,2025-07-02,4385,SK Hynix,Taiwan,40,342.16,65,0,0,0.0,0,280,6,2,450,0.00026051175061660777,0.0007352320636847295,93,436297,0.00013960848603418856
BATCH-2024-02740,29,Motherboard,8055,2024-10-15,2024-11-01,7936,Seagate,Japan,40,285.23,77,1,1,0.00012414649286157667,0,27,10,4,703,0.00016256441034907573,0.0004929460254392659,92,456988,0.0002354934172429249
BATCH-2026-02741,50,Fan,4203,2026-05-22,2026-06-05,3972,APC,South Korea,30,481.03,64,3,2,0.0004758505829169641,1,611,5,2,119,0.0002753509047441992,0.0007401953979905162,113,559124,0.00012855165100050963
BATCH-2025-02742,7,Fan,8929,2025-06-25,2025-07-05,8763,Foxconn,USA,50,411.74,84,0,0,0.0,0,280,6,2,450,0.0003217144075727912,0.0015438669764764946,105,555087,0.00012855165100050963
BATCH-2025-02743,45,Power IC,6364,2025-08-04,2025-08-24,6071,Pegatron,Taiwan,47,251.52,66,1,1,0.00015713387806411063,1,320,8,3,410,0.0001275169517997213,0.0003266025273992103,94,477190,0.00017735448108886377
BATCH-2026-02744,38,Fan,857,2026-03-09,2026-03-17,817,Xiaomi,South Korea,52,142.13,62,2,2,0.002333722287047841,1,537,3,1,193,0.0002941454324685746,0.0007248486269555904,106,537180,0.00012855165100050963
BATCH-2026-02745,25,Processor,305,2026-03-09,2026-03-28,292,Broadcom,USA,26,71.6,85,0,0,0.0,0,537,3,1,193,9.454505074439549e-05,0.0003137783114627588,84,481980,0.0001723848232239575
BATCH-2026-02746,15,Processor,5357,2026-08-29,2026-09-07,5050,SK Hynix,Taiwan,40,342.16,65,1,0,0.0,0,710,8,3,20,0.00026051175061660777,0.0007352320636847295,93,436297,0.0001723848232239575
BATCH-2024-02747,20,Speaker,4067,2024-11-19,2024-12-07,3742,Delta Electronics,South Korea,30,335.57,68,1,0,0.0,0,62,11,4,668,0.00014552538396359592,0.00035285670745256997,82,427248,0.00019289953369198322
BATCH-2025-02748,19,Display,7244,2025-06-11,2025-06-24,7045,Sumitomo,USA,36,238.9,64,1,1,0.0001380452788514633,1,266,6,2,464,0.00016876737493119937,0.00039378300837730447,91,458378,0.00016919115080672866
BATCH-2024-02749,10,Display,4168,2024-12-13,2024-12-21,4049,Panasonic,China,54,316.57,91,0,0,0.0,0,86,12,4,644,0.000144927638474753,0.0007549544377028447,94,435868,0.00016919115080672866
BATCH-2025-02750,33,Charger,8164,2025-07-11,2025-07-18,7936,Denso,Taiwan,41,277.68,84,0,0,0.0,0,296,7,3,434,0.00013528007016307464,0.0006519489677036868,119,602071,0.0002259435803313693
BATCH-2025-02751,19,Speaker,7275,2025-02-28,2025-03-06,6933,Sumitomo,USA,36,238.9,64,2,1,0.0001374570446735395,1,163,2,1,567,0.00016876737493119937,0.00039378300837730447,91,458378,0.00019289953369198322
BATCH-2025-02752,26,Sensor,2223,2025-11-28,2025-12-09,2065,Texas Instruments,South Korea,53,5.67,67,1,1,0.000449842555105713,1,436,11,4,294,0.0002658174764162671,0.0009122443285503541,102,493376,0.00016450590746445605
BATCH-2025-02753,34,Fan,6225,2025-03-09,2025-03-27,6155,Renesas,China,19,153.37,81,1,1,0.0001606425702811245,1,172,3,1,558,0.00020629854890063796,0.000928870183527049,112,540044,0.00012855165100050963
BATCH-2025-02754,7,PCB,545,2025-10-21,2025-10-29,505,Foxconn,USA,50,411.74,84,1,1,0.001834862385321101,1,398,10,4,332,0.0003217144075727912,0.0015438669764764946,105,555087,0.0002244207567666141
BATCH-2025-02755,41,Processor,1670,2025-04-15,2025-05-05,1653,HP,Japan,60,204.38,85,0,0,0.0,0,209,4,2,521,0.00012231852387452777,0.00025339821295037224,87,408153,0.0001723848232239575
BATCH-2025-02756,3,Charger,580,2025-10-17,2025-10-31,550,Corning,Taiwan,24,487.86,63,1,1,0.0017241379310344827,1,394,10,4,336,0.0005290924687400791,0.0022824547846740364,105,511267,0.0002259435803313693
BATCH-2025-02757,3,Motherboard,2665,2025-02-28,2025-03-08,2600,Corning,Taiwan,24,487.86,63,3,2,0.00075046904315197,1,163,2,1,567,0.0005290924687400791,0.0022824547846740364,105,511267,0.0002354934172429249
BATCH-2024-02758,44,Battery,660,2024-10-15,2024-10-27,647,Wistron,South Korea,50,232.01,87,0,0,0.0,0,27,10,4,703,0.00010336577465557791,0.000380745741124954,117,590216,0.00021173401481822628
BATCH-2025-02759,40,Charger,4392,2025-06-23,2025-07-08,4329,Dell,China,20,392.38,81,1,1,0.00022768670309653916,1,278,6,2,452,0.00013234425192726218,0.0003712523513249762,101,498329,0.0002259435803313693
BATCH-2025-02760,32,Charger,9673,2025-05-25,2025-06-01,9526,Canon,South Korea,54,382.97,81,1,1,0.00010338054378166029,0,249,5,2,481,8.286140374041643e-05,0.0002525478149158471,93,484783,0.0002259435803313693
BATCH-2025-02761,40,Processor,6002,2025-07-06,2025-07-12,5942,Dell,China,20,392.38,81,3,2,0.0003332222592469177,1,291,7,3,439,0.00013234425192726218,0.0003712523513249762,101,498329,0.0001723848232239575
BATCH-2026-02762,45,Microcontroller,9130,2026-02-11,2026-02-24,8370,Pegatron,Taiwan,47,251.52,66,1,0,0.0,0,511,2,1,219,0.0001275169517997213,0.0003266025273992103,94,477190,0.00013908905895273712
BATCH-2024-02763,10,Connector,4722,2024-10-21,2024-11-08,4649,Panasonic,China,54,316.57,91,0,0,0.0,0,33,10,4,697,0.000144927638474753,0.0007549544377028447,94,435868,0.00020757696267843906
BATCH-2025-02764,46,Camera,7962,2025-02-05,2025-02-13,7853,Liteon,China,58,348.77,65,1,1,0.00012559658377292137,0,140,2,1,590,0.000177376316521378,0.0004995509860038717,96,502846,0.00017585459338616095
BATCH-2026-02765,48,Speaker,344,2026-05-31,2026-06-11,320,TE Connectivity,Germany,25,315.88,71,3,3,0.00872093023255814,1,620,5,2,110,0.000215467021331229,0.0009668394253566584,108,542251,0.00019289953369198322
BATCH-2024-02766,1,Connector,4763,2024-11-11,2024-11-29,4715,Samsung,USA,19,220.56,89,0,0,0.0,0,54,11,4,676,0.00017219294545324894,0.0013891588805521986,106,504263,0.00020757696267843906
BATCH-2025-02767,24,Power IC,8142,2025-02-19,2025-03-10,7917,Qualcomm,Germany,53,145.59,74,0,0,0.0,0,154,2,1,576,0.00017211444124561363,0.00048508112533674527,88,458321,0.00017735448108886377
BATCH-2025-02768,10,Memory,2179,2025-11-07,2025-11-20,2109,Panasonic,China,54,316.57,91,0,0,0.0,0,415,11,4,315,0.000144927638474753,0.0007549544377028447,94,435868,0.00013960848603418856
BATCH-2025-02769,25,Connector,3932,2025-06-21,2025-06-26,3830,Broadcom,USA,26,71.6,85,3,0,0.0,0,276,6,2,454,9.454505074439549e-05,0.0003137783114627588,84,481980,0.00020757696267843906
BATCH-2025-02770,2,Connector,7012,2025-12-05,2025-12-15,6925,TSMC,South Korea,34,349.29,92,1,1,0.0001426126640045636,1,443,12,4,287,0.0001216095118122708,0.0004158402802419921,99,473547,0.00020757696267843906
BATCH-2024-02771,24,Display,5363,2024-11-26,2024-12-16,5309,Qualcomm,Germany,53,145.59,74,0,0,0.0,0,69,11,4,661,0.00017211444124561363,0.00048508112533674527,88,458321,0.00016919115080672866
BATCH-2025-02772,33,Charger,5233,2025-01-18,2025-01-31,5175,Denso,Taiwan,41,277.68,84,1,1,0.00019109497420217848,1,122,1,1,608,0.00013528007016307464,0.0006519489677036868,119,602071,0.0002259435803313693
BATCH-2024-02773,30,Memory,3006,2024-10-31,2024-11-11,2798,Western Digital,Germany,16,59.04,65,1,0,0.0,0,43,10,4,687,0.00026662885278630423,0.0008545899187981254,93,459619,0.00013960848603418856
BATCH-2025-02774,47,Microcontroller,4293,2025-11-12,2025-11-17,4119,Molex,Japan,37,191.75,76,1,0,0.0,0,420,11,4,310,0.00015063481442028842,0.00045023343696729267,102,507171,0.00013908905895273712
BATCH-2026-02775,17,Battery,997,2026-07-25,2026-08-12,974,Mitsubishi,Japan,33,186.49,72,0,0,0.0,0,675,7,3,55,0.00014815223187369047,0.00046308585294764547,114,569061,0.00021173401481822628
BATCH-2025-02776,3,Connector,6601,2025-03-25,2025-04-02,6067,Corning,Taiwan,24,487.86,63,0,0,0.0,0,188,3,1,542,0.0005290924687400791,0.0022824547846740364,105,511267,0.00020757696267843906
BATCH-2026-02777,18,Connector,1587,2026-05-15,2026-05-30,1560,Bosch,Germany,18,96.36,77,1,0,0.0,0,604,5,2,126,0.00021806730730221415,0.0007021012099867912,110,557568,0.00020757696267843906
BATCH-2026-02778,44,Camera,3599,2026-08-06,2026-08-14,3563,Wistron,South Korea,50,232.01,87,1,1,0.0002778549597110308,1,687,8,3,43,0.00010336577465557791,0.000380745741124954,117,590216,0.00017585459338616095
BATCH-2026-02779,18,Camera,6038,2026-06-12,2026-06-20,5783,Bosch,Germany,18,96.36,77,4,3,0.0004968532626697582,1,632,6,2,98,0.00021806730730221415,0.0007021012099867912,110,557568,0.00017585459338616095
BATCH-2024-02780,38,Motherboard,488,2024-10-03,2024-10-22,482,Xiaomi,South Korea,52,142.13,62,3,3,0.006147540983606557,1,15,10,4,715,0.0002941454324685746,0.0007248486269555904,106,537180,0.0002354934172429249
BATCH-2024-02781,38,Memory,161,2024-09-25,2024-10-10,152,Xiaomi,South Korea,52,142.13,62,0,0,0.0,0,7,9,3,723,0.0002941454324685746,0.0007248486269555904,106,537180,0.00013960848603418856
BATCH-2025-02782,45,Microcontroller,8269,2025-10-17,2025-11-01,7773,Pegatron,Taiwan,47,251.52,66,0,0,0.0,0,394,10,4,336,0.0001275169517997213,0.0003266025273992103,94,477190,0.00013908905895273712
BATCH-2026-02783,21,Speaker,3356,2026-07-22,2026-07-28,3155,Jabil,Taiwan,58,416.67,76,0,0,0.0,0,672,7,3,58,0.00034128023110612925,0.0012045823376322067,117,579869,0.00019289953369198322
BATCH-2026-02784,12,Power IC,7154,2026-06-30,2026-07-13,7082,Amphenol,Germany,18,446.77,96,1,1,0.0001397819401733296,1,650,6,2,80,8.015372036339901e-05,0.00041034141517753633,113,576135,0.00017735448108886377
BATCH-2025-02785,1,Speaker,330,2025-10-22,2025-11-11,327,Samsung,USA,19,220.56,89,0,0,0.0,0,399,10,4,331,0.00017219294545324894,0.0013891588805521986,106,504263,0.00019289953369198322
BATCH-2025-02786,40,PCB,8604,2025-06-13,2025-06-19,8335,Dell,China,20,392.38,81,1,1,0.00011622501162250116,0,268,6,2,462,0.00013234425192726218,0.0003712523513249762,101,498329,0.0002244207567666141
BATCH-2025-02787,47,Fan,2367,2025-03-21,2025-04-10,2248,Molex,Japan,37,191.75,76,0,0,0.0,0,184,3,1,546,0.00015063481442028842,0.00045023343696729267,102,507171,0.00012855165100050963
BATCH-2025-02788,17,Connector,5686,2025-04-19,2025-04-30,5195,Mitsubishi,Japan,33,186.49,72,1,0,0.0,0,213,4,2,517,0.00014815223187369047,0.00046308585294764547,114,569061,0.00020757696267843906
BATCH-2025-02789,40,Fan,4971,2025-02-14,2025-03-01,4921,Dell,China,20,392.38,81,1,1,0.0002011667672500503,1,149,2,1,581,0.00013234425192726218,0.0003712523513249762,101,498329,0.00012855165100050963
BATCH-2024-02790,27,Motherboard,503,2024-11-29,2024-12-05,486,Infineon,Taiwan,51,333.1,89,0,0,0.0,0,72,11,4,658,0.00011089276239704126,0.00035581711278072977,111,553940,0.0002354934172429249
BATCH-2024-02791,37,Speaker,7019,2024-10-12,2024-10-20,6887,Huawei,USA,60,118.5,92,2,2,0.00028494087476848553,1,24,10,4,706,0.00010426815057621344,0.0003557497462935021,91,442918,0.00019289953369198322
BATCH-2026-02792,40,Motherboard,844,2026-04-24,2026-05-09,836,Dell,China,20,392.38,81,2,2,0.002369668246445498,1,583,4,2,147,0.00013234425192726218,0.0003712523513249762,101,498329,0.0002354934172429249
BATCH-2026-02793,4,Battery,2539,2026-06-20,2026-06-26,2503,Intel,China,48,393.46,88,1,1,0.00039385584875935406,1,640,6,2,90,0.00018841892264149143,0.0009961276293195824,96,400272,0.00021173401481822628
BATCH-2026-02794,15,Processor,2800,2026-02-28,2026-03-17,2635,SK Hynix,Taiwan,40,342.16,65,2,1,0.00035714285714285714,1,528,2,1,202,0.00026051175061660777,0.0007352320636847295,93,436297,0.0001723848232239575
BATCH-2025-02795,31,Fan,8066,2025-03-04,2025-03-18,7627,Kyocera,USA,35,236.61,85,1,0,0.0,0,167,3,1,563,0.00018411673535101585,0.0009126920964599268,104,605811,0.00012855165100050963
BATCH-2025-02796,40,Connector,3156,2025-02-10,2025-02-15,3124,Dell,China,20,392.38,81,0,0,0.0,0,145,2,1,585,0.00013234425192726218,0.0003712523513249762,101,498329,0.00020757696267843906
BATCH-2025-02797,33,Camera,286,2025-12-23,2025-12-31,279,Denso,Taiwan,41,277.68,84,0,0,0.0,0,461,12,4,269,0.00013528007016307464,0.0006519489677036868,119,602071,0.00017585459338616095
BATCH-2025-02798,28,Power IC,9944,2025-05-20,2025-06-07,9210,Kioxia,China,36,390.8,86,1,0,0.0,0,244,5,2,486,6.548471380186631e-05,0.00020932699508353792,108,509896,0.00017735448108886377
BATCH-2025-02799,16,Speaker,6233,2025-08-31,2025-09-08,6079,Hitachi,China,57,483.82,88,0,0,0.0,0,347,8,3,383,8.336477286677332e-05,0.0004697935134049564,95,503392,0.00019289953369198322
BATCH-2024-02800,38,Processor,4519,2024-12-14,2024-12-24,4474,Xiaomi,South Korea,52,142.13,62,1,0,0.0,0,87,12,4,643,0.0002941454324685746,0.0007248486269555904,106,537180,0.0001723848232239575
BATCH-2024-02801,39,Sensor,5615,2024-12-31,2025-01-06,5418,Lenovo,Taiwan,57,331.63,71,2,2,0.00035618878005342833,1,104,12,4,626,0.00017438124238925042,0.000501056949565781,101,560841,0.00016450590746445605
BATCH-2024-02802,49,Memory,199,2024-11-13,2024-11-23,197,Coherent,USA,42,45.65,73,1,0,0.0,0,56,11,4,674,0.00034438539861380375,0.0009931063632699735,93,417736,0.00013960848603418856
BATCH-2025-02803,40,Battery,1997,2025-10-12,2025-10-30,1977,Dell,China,20,392.38,81,0,0,0.0,0,389,10,4,341,0.00013234425192726218,0.0003712523513249762,101,498329,0.00021173401481822628
BATCH-2025-02804,37,Fan,9846,2025-11-17,2025-11-27,9729,Huawei,USA,60,118.5,92,1,1,0.00010156408693885842,0,425,11,4,305,0.00010426815057621344,0.0003557497462935021,91,442918,0.00012855165100050963
BATCH-2026-02805,47,Display,5201,2026-02-17,2026-02-27,4932,Molex,Japan,37,191.75,76,0,0,0.0,0,517,2,1,213,0.00015063481442028842,0.00045023343696729267,102,507171,0.00016919115080672866
BATCH-2025-02806,43,PCB,1346,2025-07-20,2025-07-29,1275,ASUSTeK,USA,30,46.84,60,0,0,0.0,0,305,7,3,425,0.00044469895714356904,0.0012463320250862553,87,411235,0.0002244207567666141
BATCH-2025-02807,18,Microcontroller,3751,2025-11-28,2025-12-18,3521,Bosch,Germany,18,96.36,77,2,1,0.00026659557451346307,1,436,11,4,294,0.00021806730730221415,0.0007021012099867912,110,557568,0.00013908905895273712
BATCH-2025-02808,31,Power IC,8337,2025-09-24,2025-10-12,8254,Kyocera,USA,35,236.61,85,1,1,0.00011994722322178242,0,371,9,3,359,0.00018411673535101585,0.0009126920964599268,104,605811,0.00017735448108886377
BATCH-2025-02809,28,Charger,4031,2025-04-18,2025-04-30,3629,Kioxia,China,36,390.8,86,1,0,0.0,0,212,4,2,518,6.548471380186631e-05,0.00020932699508353792,108,509896,0.0002259435803313693
BATCH-2025-02810,18,Sensor,1486,2025-06-27,2025-07-07,1471,Bosch,Germany,18,96.36,77,1,1,0.0006729475100942127,1,282,6,2,448,0.00021806730730221415,0.0007021012099867912,110,557568,0.00016450590746445605
BATCH-2025-02811,2,Charger,7322,2025-01-16,2025-01-23,7249,TSMC,South Korea,34,349.29,92,0,0,0.0,0,120,1,1,610,0.0001216095118122708,0.0004158402802419921,99,473547,0.0002259435803313693
BATCH-2025-02812,19,Processor,7235,2025-02-21,2025-03-09,7142,Sumitomo,USA,36,238.9,64,0,0,0.0,0,156,2,1,574,0.00016876737493119937,0.00039378300837730447,91,458378,0.0001723848232239575
BATCH-2025-02813,24,Processor,7048,2025-04-27,2025-05-08,6855,Qualcomm,Germany,53,145.59,74,2,2,0.00028376844494892167,1,221,4,2,509,0.00017211444124561363,0.00048508112533674527,88,458321,0.0001723848232239575
BATCH-2025-02814,8,Camera,9796,2025-04-10,2025-04-17,9085,LG Chem,South Korea,40,115.16,76,0,0,0.0,0,204,4,2,526,0.00013285380642027623,0.00028745834951003884,92,477433,0.00017585459338616095
BATCH-2025-02815,23,Motherboard,874,2025-09-24,2025-09-29,864,ASE,Japan,50,402.77,91,1,1,0.0011441647597254005,1,371,9,3,359,6.663525433902222e-05,0.00015954052120490043,90,441864,0.0002354934172429249
BATCH-2026-02816,3,Charger,9359,2026-07-11,2026-07-17,8991,Corning,Taiwan,24,487.86,63,2,2,0.00021369804466289135,1,661,7,3,69,0.0005290924687400791,0.0022824547846740364,105,511267,0.0002259435803313693
BATCH-2025-02817,28,PCB,4896,2025-03-30,2025-04-12,4847,Kioxia,China,36,390.8,86,0,0,0.0,0,193,3,1,537,6.548471380186631e-05,0.00020932699508353792,108,509896,0.0002244207567666141
BATCH-2026-02818,37,Microcontroller,2919,2026-05-09,2026-05-18,2736,Huawei,USA,60,118.5,92,0,0,0.0,0,598,5,2,132,0.00010426815057621344,0.0003557497462935021,91,442918,0.00013908905895273712
BATCH-2024-02819,30,Camera,103,2024-12-21,2024-12-28,100,Western Digital,Germany,16,59.04,65,1,0,0.0,0,94,12,4,636,0.00026662885278630423,0.0008545899187981254,93,459619,0.00017585459338616095
BATCH-2025-02820,47,PCB,8805,2025-02-17,2025-03-04,8253,Molex,Japan,37,191.75,76,0,0,0.0,0,152,2,1,578,0.00015063481442028842,0.00045023343696729267,102,507171,0.0002244207567666141
BATCH-2026-02821,16,Motherboard,8822,2026-03-01,2026-03-20,8224,Hitachi,China,57,483.82,88,1,1,0.00011335298118340512,0,529,3,1,201,8.336477286677332e-05,0.0004697935134049564,95,503392,0.0002354934172429249
BATCH-2026-02822,6,Charger,8977,2026-08-04,2026-08-18,8591,NVIDIA,Germany,38,463.53,74,0,0,0.0,0,685,8,3,45,0.00023377595866623649,0.0009271237760431065,104,528560,0.0002259435803313693
BATCH-2024-02823,16,Memory,9629,2024-09-28,2024-10-06,9067,Hitachi,China,57,483.82,88,1,1,0.00010385294423096895,0,10,9,3,720,8.336477286677332e-05,0.0004697935134049564,95,503392,0.00013960848603418856
BATCH-2026-02824,25,Speaker,4766,2026-02-20,2026-03-07,4718,Broadcom,USA,26,71.6,85,1,0,0.0,0,520,2,1,210,9.454505074439549e-05,0.0003137783114627588,84,481980,0.00019289953369198322
BATCH-2026-02825,49,Microcontroller,452,2026-02-14,2026-02-26,433,Coherent,USA,42,45.65,73,3,3,0.00663716814159292,1,514,2,1,216,0.00034438539861380375,0.0009931063632699735,93,417736,0.00013908905895273712
BATCH-2026-02826,1,Charger,6934,2026-05-04,2026-05-15,6567,Samsung,USA,19,220.56,89,0,0,0.0,0,593,5,2,137,0.00017219294545324894,0.0013891588805521986,106,504263,0.0002259435803313693
BATCH-2024-02827,23,Battery,6626,2024-09-28,2024-10-17,6560,ASE,Japan,50,402.77,91,0,0,0.0,0,10,9,3,720,6.663525433902222e-05,0.00015954052120490043,90,441864,0.00021173401481822628
BATCH-2026-02828,20,Sensor,9721,2026-04-22,2026-05-11,8998,Delta Electronics,South Korea,30,335.57,68,2,2,0.00020574015019030964,1,581,4,2,149,0.00014552538396359592,0.00035285670745256997,82,427248,0.00016450590746445605
BATCH-2024-02829,48,PCB,4596,2024-11-08,2024-11-17,4378,TE Connectivity,Germany,25,315.88,71,0,0,0.0,0,51,11,4,679,0.000215467021331229,0.0009668394253566584,108,542251,0.0002244207567666141
BATCH-2025-02830,29,Display,4024,2025-04-04,2025-04-24,3760,Seagate,Japan,40,285.23,77,0,0,0.0,0,198,4,2,532,0.00016256441034907573,0.0004929460254392659,92,456988,0.00016919115080672866
BATCH-2025-02831,15,Display,6470,2025-10-06,2025-10-19,6292,SK Hynix,Taiwan,40,342.16,65,2,1,0.0001545595054095827,1,383,10,4,347,0.00026051175061660777,0.0007352320636847295,93,436297,0.00016919115080672866
BATCH-2025-02832,46,Connector,8022,2025-10-08,2025-10-15,7344,Liteon,China,58,348.77,65,3,3,0.00037397157816005983,1,385,10,4,345,0.000177376316521378,0.0004995509860038717,96,502846,0.00020757696267843906
BATCH-2025-02833,13,Memory,5680,2025-01-23,2025-01-28,5623,Onsemi,USA,46,98.93,89,0,0,0.0,0,127,1,1,603,0.00013306539717335389,0.0004888825988608853,89,428711,0.00013960848603418856
BATCH-2026-02834,36,Connector,5203,2026-09-04,2026-09-12,4999,Ericsson,Germany,60,205.45,68,1,1,0.00019219680953296174,1,716,9,3,14,0.00016582352511078637,0.0003750099810004351,109,536222,0.00020757696267843906
BATCH-2026-02835,4,Microcontroller,1385,2026-01-09,2026-01-22,1371,Intel,China,48,393.46,88,1,1,0.0007220216606498195,1,478,1,1,252,0.00018841892264149143,0.0009961276293195824,96,400272,0.00013908905895273712
BATCH-2026-02836,41,Fan,8312,2026-02-26,2026-03-05,7773,HP,Japan,60,204.38,85,0,0,0.0,0,526,2,1,204,0.00012231852387452777,0.00025339821295037224,87,408153,0.00012855165100050963
BATCH-2024-02837,33,Speaker,7888,2024-12-02,2024-12-09,7725,Denso,Taiwan,41,277.68,84,0,0,0.0,0,75,12,4,655,0.00013528007016307464,0.0006519489677036868,119,602071,0.00019289953369198322
BATCH-2025-02838,8,Display,8701,2025-04-27,2025-05-12,8538,LG Chem,South Korea,40,115.16,76,4,2,0.00022985863693828295,1,221,4,2,509,0.00013285380642027623,0.00028745834951003884,92,477433,0.00016919115080672866
BATCH-2024-02839,44,Microcontroller,9591,2024-12-28,2025-01-08,9495,Wistron,South Korea,50,232.01,87,0,0,0.0,0,101,12,4,629,0.00010336577465557791,0.000380745741124954,117,590216,0.00013908905895273712
BATCH-2025-02840,12,Motherboard,7733,2025-07-23,2025-08-11,7476,Amphenol,Germany,18,446.77,96,0,0,0.0,0,308,7,3,422,8.015372036339901e-05,0.00041034141517753633,113,576135,0.0002354934172429249
BATCH-2025-02841,41,Speaker,1043,2025-04-13,2025-04-30,1033,HP,Japan,60,204.38,85,0,0,0.0,0,207,4,2,523,0.00012231852387452777,0.00025339821295037224,87,408153,0.00019289953369198322
BATCH-2025-02842,17,Sensor,8621,2025-04-13,2025-04-23,7873,Mitsubishi,Japan,33,186.49,72,3,2,0.00023199164830066117,1,207,4,2,523,0.00014815223187369047,0.00046308585294764547,114,569061,0.00016450590746445605
BATCH-2025-02843,22,Charger,8161,2025-05-14,2025-05-26,8024,Flex,China,43,157.56,86,0,0,0.0,0,238,5,2,492,6.527455789884103e-05,0.00021075148645526503,94,530055,0.0002259435803313693
BATCH-2026-02844,44,Processor,4417,2026-01-04,2026-01-24,4373,Wistron,South Korea,50,232.01,87,1,1,0.00022639800769753225,1,473,1,1,257,0.00010336577465557791,0.000380745741124954,117,590216,0.0001723848232239575
BATCH-2025-02845,15,Sensor,4482,2025-05-04,2025-05-09,4179,SK Hynix,Taiwan,40,342.16,65,3,2,0.0004462293618920125,1,228,5,2,502,0.00026051175061660777,0.0007352320636847295,93,436297,0.00016450590746445605
BATCH-2024-02846,4,Charger,995,2024-10-24,2024-10-31,981,Intel,China,48,393.46,88,0,0,0.0,0,36,10,4,694,0.00018841892264149143,0.0009961276293195824,96,400272,0.0002259435803313693
BATCH-2024-02847,12,Charger,2984,2024-09-26,2024-10-02,2954,Amphenol,Germany,18,446.77,96,0,0,0.0,0,8,9,3,722,8.015372036339901e-05,0.00041034141517753633,113,576135,0.0002259435803313693
BATCH-2026-02848,48,Camera,3893,2026-07-11,2026-07-30,3854,TE Connectivity,Germany,25,315.88,71,0,0,0.0,0,661,7,3,69,0.000215467021331229,0.0009668394253566584,108,542251,0.00017585459338616095
BATCH-2026-02849,25,Sensor,6412,2026-05-27,2026-06-06,6348,Broadcom,USA,26,71.6,85,0,0,0.0,0,616,5,2,114,9.454505074439549e-05,0.0003137783114627588,84,481980,0.00016450590746445605
BATCH-2025-02850,28,Charger,7382,2025-08-03,2025-08-18,7308,Kioxia,China,36,390.8,86,0,0,0.0,0,319,8,3,411,6.548471380186631e-05,0.00020932699508353792,108,509896,0.0002259435803313693
BATCH-2024-02851,48,Processor,8980,2024-09-23,2024-10-04,8379,TE Connectivity,Germany,25,315.88,71,1,1,0.00011135857461024499,0,5,9,3,725,0.000215467021331229,0.0009668394253566584,108,542251,0.0001723848232239575
BATCH-2026-02852,42,Fan,1464,2026-01-20,2026-02-02,1411,Acer,Germany,34,85.15,90,1,1,0.0006830601092896175,1,489,1,1,241,5.058942432590356e-05,0.0001440589145000144,106,511239,0.00012855165100050963
BATCH-2024-02853,39,Processor,959,2024-10-28,2024-11-08,901,Lenovo,Taiwan,57,331.63,71,0,0,0.0,0,40,10,4,690,0.00017438124238925042,0.000501056949565781,101,560841,0.0001723848232239575
BATCH-2026-02854,21,Processor,4813,2026-04-13,2026-05-02,4600,Jabil,Taiwan,58,416.67,76,0,0,0.0,0,572,4,2,158,0.00034128023110612925,0.0012045823376322067,117,579869,0.0001723848232239575
BATCH-2025-02855,8,Charger,4487,2025-06-01,2025-06-07,4240,LG Chem,South Korea,40,115.16,76,1,0,0.0,0,256,6,2,474,0.00013285380642027623,0.00028745834951003884,92,477433,0.0002259435803313693
BATCH-2025-02856,18,Display,7927,2025-07-19,2025-07-29,7834,Bosch,Germany,18,96.36,77,0,0,0.0,0,304,7,3,426,0.00021806730730221415,0.0007021012099867912,110,557568,0.00016919115080672866
BATCH-2025-02857,7,Battery,121,2025-11-01,2025-11-11,118,Foxconn,USA,50,411.74,84,1,1,0.008264462809917356,1,409,11,4,321,0.0003217144075727912,0.0015438669764764946,105,555087,0.00021173401481822628
BATCH-2026-02858,19,Processor,1166,2026-04-17,2026-05-07,1109,Sumitomo,USA,36,238.9,64,0,0,0.0,0,576,4,2,154,0.00016876737493119937,0.00039378300837730447,91,458378,0.0001723848232239575
BATCH-2026-02859,24,PCB,8834,2026-07-01,2026-07-08,8529,Qualcomm,Germany,53,145.59,74,1,0,0.0,0,651,7,3,79,0.00017211444124561363,0.00048508112533674527,88,458321,0.0002244207567666141
BATCH-2026-02860,8,Microcontroller,3247,2026-05-18,2026-06-06,3026,LG Chem,South Korea,40,115.16,76,0,0,0.0,0,607,5,2,123,0.00013285380642027623,0.00028745834951003884,92,477433,0.00013908905895273712
BATCH-2026-02861,13,Camera,7379,2026-02-01,2026-02-12,7044,Onsemi,USA,46,98.93,89,0,0,0.0,0,501,2,1,229,0.00013306539717335389,0.0004888825988608853,89,428711,0.00017585459338616095
BATCH-2025-02862,5,Sensor,2754,2025-11-24,2025-12-09,2490,Apple,Japan,38,226.29,64,1,1,0.00036310820624546115,1,432,11,4,298,0.00029304167774806515,0.0010333897385835877,92,488005,0.00016450590746445605
BATCH-2025-02863,16,Power IC,8565,2025-02-20,2025-03-01,8351,Hitachi,China,57,483.82,88,0,0,0.0,0,155,2,1,575,8.336477286677332e-05,0.0004697935134049564,95,503392,0.00017735448108886377
BATCH-2026-02864,3,Motherboard,979,2026-02-05,2026-02-19,962,Corning,Taiwan,24,487.86,63,2,1,0.0010214504596527069,1,505,2,1,225,0.0005290924687400791,0.0022824547846740364,105,511267,0.0002354934172429249
BATCH-2025-02865,18,Camera,5419,2025-02-25,2025-03-03,5365,Bosch,Germany,18,96.36,77,0,0,0.0,0,160,2,1,570,0.00021806730730221415,0.0007021012099867912,110,557568,0.00017585459338616095
BATCH-2025-02866,48,Power IC,3117,2025-01-27,2025-02-08,3005,TE Connectivity,Germany,25,315.88,71,1,1,0.0003208213025344883,1,131,1,1,599,0.000215467021331229,0.0009668394253566584,108,542251,0.00017735448108886377
BATCH-2024-02867,18,Fan,4004,2024-11-29,2024-12-10,3872,Bosch,Germany,18,96.36,77,1,1,0.00024975024975024975,1,72,11,4,658,0.00021806730730221415,0.0007021012099867912,110,557568,0.00012855165100050963
BATCH-2026-02868,35,Processor,8110,2026-04-10,2026-04-25,7692,Nokia,Japan,42,219.49,61,0,0,0.0,0,569,4,2,161,0.00019787338089100073,0.0003538789829112609,102,503406,0.0001723848232239575
BATCH-2025-02869,12,Connector,5124,2025-09-09,2025-09-24,5073,Amphenol,Germany,18,446.77,96,0,0,0.0,0,356,9,3,374,8.015372036339901e-05,0.00041034141517753633,113,576135,0.00020757696267843906
BATCH-2025-02870,36,Processor,5164,2025-07-23,2025-07-31,4945,Ericsson,Germany,60,205.45,68,1,1,0.00019364833462432224,1,308,7,3,422,0.00016582352511078637,0.0003750099810004351,109,536222,0.0001723848232239575
BATCH-2024-02871,3,Connector,7599,2024-09-24,2024-10-06,7266,Corning,Taiwan,24,487.86,63,1,1,0.0001315962626661403,0,6,9,3,724,0.0005290924687400791,0.0022824547846740364,105,511267,0.00020757696267843906
BATCH-2025-02872,21,Processor,5694,2025-01-26,2025-02-11,5637,Jabil,Taiwan,58,416.67,76,2,1,0.00017562346329469617,1,130,1,1,600,0.00034128023110612925,0.0012045823376322067,117,579869,0.0001723848232239575
BATCH-2024-02873,2,Speaker,5231,2024-09-18,2024-09-27,5179,TSMC,South Korea,34,349.29,92,0,0,0.0,0,0,9,3,730,0.0001216095118122708,0.0004158402802419921,99,473547,0.00019289953369198322
BATCH-2025-02874,3,Connector,8049,2025-03-25,2025-04-10,7846,Corning,Taiwan,24,487.86,63,3,1,0.00012423903590508137,0,188,3,1,542,0.0005290924687400791,0.0022824547846740364,105,511267,0.00020757696267843906
BATCH-2026-02875,42,Speaker,7482,2026-03-11,2026-03-23,7241,Acer,Germany,34,85.15,90,0,0,0.0,0,539,3,1,191,5.058942432590356e-05,0.0001440589145000144,106,511239,0.00019289953369198322
BATCH-2025-02876,37,Power IC,832,2025-08-02,2025-08-08,824,Huawei,USA,60,118.5,92,1,1,0.001201923076923077,1,318,8,3,412,0.00010426815057621344,0.0003557497462935021,91,442918,0.00017735448108886377
BATCH-2026-02877,24,Memory,9013,2026-03-28,2026-04-08,8671,Qualcomm,Germany,53,145.59,74,2,1,0.00011095084877399312,0,556,3,1,174,0.00017211444124561363,0.00048508112533674527,88,458321,0.00013960848603418856
BATCH-2026-02878,17,Fan,7837,2026-01-29,2026-02-06,7362,Mitsubishi,Japan,33,186.49,72,0,0,0.0,0,498,1,1,232,0.00014815223187369047,0.00046308585294764547,114,569061,0.00012855165100050963
BATCH-2025-02879,4,Battery,5200,2025-06-07,2025-06-23,5148,Intel,China,48,393.46,88,0,0,0.0,0,262,6,2,468,0.00018841892264149143,0.0009961276293195824,96,400272,0.00021173401481822628
BATCH-2025-02880,21,Connector,133,2025-03-17,2025-03-25,124,Jabil,Taiwan,58,416.67,76,2,1,0.007518796992481203,1,180,3,1,550,0.00034128023110612925,0.0012045823376322067,117,579869,0.00020757696267843906
BATCH-2026-02881,11,Charger,5670,2026-04-14,2026-05-04,5525,Murata,Japan,22,178.55,88,0,0,0.0,0,573,4,2,157,0.00015599689945027513,0.0009387029695731565,105,551463,0.0002259435803313693
BATCH-2025-02882,3,PCB,471,2025-12-19,2026-01-07,441,Corning,Taiwan,24,487.86,63,1,1,0.0021231422505307855,1,457,12,4,273,0.0005290924687400791,0.0022824547846740364,105,511267,0.0002244207567666141
BATCH-2026-02883,6,Microcontroller,7470,2026-07-14,2026-08-02,7003,NVIDIA,Germany,38,463.53,74,1,0,0.0,0,664,7,3,66,0.00023377595866623649,0.0009271237760431065,104,528560,0.00013908905895273712
BATCH-2024-02884,16,Battery,3135,2024-11-29,2024-12-18,3103,Hitachi,China,57,483.82,88,0,0,0.0,0,72,11,4,658,8.336477286677332e-05,0.0004697935134049564,95,503392,0.00021173401481822628
BATCH-2026-02885,23,Connector,7802,2026-07-17,2026-07-31,7556,ASE,Japan,50,402.77,91,1,1,0.0001281722635221738,0,667,7,3,63,6.663525433902222e-05,0.00015954052120490043,90,441864,0.00020757696267843906
BATCH-2024-02886,42,Display,758,2024-10-04,2024-10-12,730,Acer,Germany,34,85.15,90,0,0,0.0,0,16,10,4,714,5.058942432590356e-05,0.0001440589145000144,106,511239,0.00016919115080672866
BATCH-2025-02887,40,Connector,1129,2025-08-29,2025-09-06,1114,Dell,China,20,392.38,81,1,1,0.0008857395925597874,1,345,8,3,385,0.00013234425192726218,0.0003712523513249762,101,498329,0.00020757696267843906
BATCH-2026-02888,15,Power IC,2310,2026-02-23,2026-03-11,2121,SK Hynix,Taiwan,40,342.16,65,0,0,0.0,0,523,2,1,207,0.00026051175061660777,0.0007352320636847295,93,436297,0.00017735448108886377
BATCH-2025-02889,43,Power IC,3032,2025-06-03,2025-06-15,2900,ASUSTeK,USA,30,46.84,60,4,3,0.0009894459102902375,1,258,6,2,472,0.00044469895714356904,0.0012463320250862553,87,411235,0.00017735448108886377
BATCH-2024-02890,10,Battery,7468,2024-12-20,2025-01-01,7393,Panasonic,China,54,316.57,91,2,2,0.0002678093197643278,1,93,12,4,637,0.000144927638474753,0.0007549544377028447,94,435868,0.00021173401481822628
BATCH-2026-02891,42,Microcontroller,6420,2026-01-21,2026-01-29,6356,Acer,Germany,34,85.15,90,0,0,0.0,0,490,1,1,240,5.058942432590356e-05,0.0001440589145000144,106,511239,0.00013908905895273712
BATCH-2025-02892,43,Speaker,9559,2025-12-02,2025-12-10,9244,ASUSTeK,USA,30,46.84,60,0,0,0.0,0,440,12,4,290,0.00044469895714356904,0.0012463320250862553,87,411235,0.00019289953369198322
BATCH-2026-02893,17,Fan,1978,2026-06-30,2026-07-09,1908,Mitsubishi,Japan,33,186.49,72,0,0,0.0,0,650,6,2,80,0.00014815223187369047,0.00046308585294764547,114,569061,0.00012855165100050963
BATCH-2024-02894,25,Battery,3121,2024-10-31,2024-11-17,2983,Broadcom,USA,26,71.6,85,1,1,0.0003204101249599487,1,43,10,4,687,9.454505074439549e-05,0.0003137783114627588,84,481980,0.00021173401481822628
BATCH-2024-02895,44,Charger,8190,2024-11-01,2024-11-12,8083,Wistron,South Korea,50,232.01,87,2,2,0.0002442002442002442,1,44,11,4,686,0.00010336577465557791,0.000380745741124954,117,590216,0.0002259435803313693
BATCH-2026-02896,34,Camera,5873,2026-06-13,2026-07-03,5776,Renesas,China,19,153.37,81,0,0,0.0,0,633,6,2,97,0.00020629854890063796,0.000928870183527049,112,540044,0.00017585459338616095
BATCH-2025-02897,21,Power IC,9241,2025-10-23,2025-11-02,8721,Jabil,Taiwan,58,416.67,76,0,0,0.0,0,400,10,4,330,0.00034128023110612925,0.0012045823376322067,117,579869,0.00017735448108886377
BATCH-2025-02898,44,Display,5128,2025-07-26,2025-08-01,5077,Wistron,South Korea,50,232.01,87,0,0,0.0,0,311,7,3,419,0.00010336577465557791,0.000380745741124954,117,590216,0.00016919115080672866
BATCH-2024-02899,10,Display,669,2024-10-07,2024-10-18,638,Panasonic,China,54,316.57,91,1,1,0.0014947683109118087,1,19,10,4,711,0.000144927638474753,0.0007549544377028447,94,435868,0.00016919115080672866
BATCH-2025-02900,25,Memory,9991,2025-03-19,2025-04-04,9891,Broadcom,USA,26,71.6,85,1,1,0.00010009008107296567,0,182,3,1,548,9.454505074439549e-05,0.0003137783114627588,84,481980,0.00013960848603418856
BATCH-2025-02901,19,Charger,1438,2025-09-24,2025-10-05,1369,Sumitomo,USA,36,238.9,64,1,1,0.0006954102920723226,1,371,9,3,359,0.00016876737493119937,0.00039378300837730447,91,458378,0.0002259435803313693
BATCH-2026-02902,49,Fan,8092,2026-03-30,2026-04-12,7700,Coherent,USA,42,45.65,73,1,0,0.0,0,558,3,1,172,0.00034438539861380375,0.0009931063632699735,93,417736,0.00012855165100050963
BATCH-2025-02903,41,Power IC,3564,2025-02-24,2025-03-09,3324,HP,Japan,60,204.38,85,2,1,0.0002805836139169473,1,159,2,1,571,0.00012231852387452777,0.00025339821295037224,87,408153,0.00017735448108886377
BATCH-2025-02904,1,Connector,2012,2025-08-23,2025-09-02,1965,Samsung,USA,19,220.56,89,0,0,0.0,0,339,8,3,391,0.00017219294545324894,0.0013891588805521986,106,504263,0.00020757696267843906
BATCH-2026-02905,38,Connector,670,2026-05-27,2026-06-12,642,Xiaomi,South Korea,52,142.13,62,2,1,0.0014925373134328358,1,616,5,2,114,0.0002941454324685746,0.0007248486269555904,106,537180,0.00020757696267843906
BATCH-2026-02906,28,Sensor,1968,2026-01-06,2026-01-25,1948,Kioxia,China,36,390.8,86,0,0,0.0,0,475,1,1,255,6.548471380186631e-05,0.00020932699508353792,108,509896,0.00016450590746445605
BATCH-2025-02907,34,Microcontroller,478,2025-05-02,2025-05-11,463,Renesas,China,19,153.37,81,0,0,0.0,0,226,5,2,504,0.00020629854890063796,0.000928870183527049,112,540044,0.00013908905895273712
BATCH-2026-02908,36,Sensor,9760,2026-03-31,2026-04-05,8916,Ericsson,Germany,60,205.45,68,1,1,0.00010245901639344262,0,559,3,1,171,0.00016582352511078637,0.0003750099810004351,109,536222,0.00016450590746445605
BATCH-2026-02909,3,Connector,9709,2026-05-22,2026-06-03,9435,Corning,Taiwan,24,487.86,63,1,1,0.00010299721907508497,0,611,5,2,119,0.0005290924687400791,0.0022824547846740364,105,511267,0.00020757696267843906
BATCH-2025-02910,28,Speaker,3658,2025-04-29,2025-05-17,3562,Kioxia,China,36,390.8,86,0,0,0.0,0,223,4,2,507,6.548471380186631e-05,0.00020932699508353792,108,509896,0.00019289953369198322
BATCH-2025-02911,19,Sensor,2669,2025-10-31,2025-11-18,2611,Sumitomo,USA,36,238.9,64,3,2,0.0007493443237167478,1,408,10,4,322,0.00016876737493119937,0.00039378300837730447,91,458378,0.00016450590746445605
BATCH-2026-02912,38,Memory,6835,2026-03-24,2026-04-05,6604,Xiaomi,South Korea,52,142.13,62,4,3,0.0004389173372348208,1,552,3,1,178,0.0002941454324685746,0.0007248486269555904,106,537180,0.00013960848603418856
BATCH-2026-02913,7,Speaker,8974,2026-02-17,2026-02-28,8673,Foxconn,USA,50,411.74,84,1,0,0.0,0,517,2,1,213,0.0003217144075727912,0.0015438669764764946,105,555087,0.00019289953369198322
BATCH-2026-02914,42,PCB,2013,2026-04-10,2026-04-25,1892,Acer,Germany,34,85.15,90,1,1,0.0004967709885742673,1,569,4,2,161,5.058942432590356e-05,0.0001440589145000144,106,511239,0.0002244207567666141
BATCH-2026-02915,39,Camera,8966,2026-04-19,2026-04-29,8876,Lenovo,Taiwan,57,331.63,71,2,1,0.00011153245594467991,0,578,4,2,152,0.00017438124238925042,0.000501056949565781,101,560841,0.00017585459338616095
BATCH-2025-02916,22,Processor,9876,2025-12-29,2026-01-06,9632,Flex,China,43,157.56,86,1,1,0.0001012555690562981,0,467,12,4,263,6.527455789884103e-05,0.00021075148645526503,94,530055,0.0001723848232239575
BATCH-2025-02917,28,Display,639,2025-03-15,2025-03-24,632,Kioxia,China,36,390.8,86,1,1,0.001564945226917058,1,178,3,1,552,6.548471380186631e-05,0.00020932699508353792,108,509896,0.00016919115080672866
BATCH-2025-02918,37,Motherboard,5698,2025-06-15,2025-06-24,5617,Huawei,USA,60,118.5,92,0,0,0.0,0,270,6,2,460,0.00010426815057621344,0.0003557497462935021,91,442918,0.0002354934172429249
BATCH-2026-02919,29,Processor,4634,2026-01-28,2026-02-09,4514,Seagate,Japan,40,285.23,77,0,0,0.0,0,497,1,1,233,0.00016256441034907573,0.0004929460254392659,92,456988,0.0001723848232239575
BATCH-2025-02920,31,Fan,8189,2025-07-21,2025-08-07,7874,Kyocera,USA,35,236.61,85,0,0,0.0,0,306,7,3,424,0.00018411673535101585,0.0009126920964599268,104,605811,0.00012855165100050963
BATCH-2025-02921,6,Power IC,8577,2025-12-01,2025-12-17,8387,NVIDIA,Germany,38,463.53,74,2,2,0.00023318176518596245,1,439,12,4,291,0.00023377595866623649,0.0009271237760431065,104,528560,0.00017735448108886377
BATCH-2026-02922,8,Memory,6864,2026-06-05,2026-06-24,6778,LG Chem,South Korea,40,115.16,76,0,0,0.0,0,625,6,2,105,0.00013285380642027623,0.00028745834951003884,92,477433,0.00013960848603418856
BATCH-2026-02923,21,Memory,6781,2026-01-03,2026-01-17,6713,Jabil,Taiwan,58,416.67,76,0,0,0.0,0,472,1,1,258,0.00034128023110612925,0.0012045823376322067,117,579869,0.00013960848603418856
BATCH-2025-02924,23,Connector,4025,2025-12-05,2025-12-24,3985,ASE,Japan,50,402.77,91,1,1,0.0002484472049689441,1,443,12,4,287,6.663525433902222e-05,0.00015954052120490043,90,441864,0.00020757696267843906
BATCH-2025-02925,29,Fan,9402,2025-01-07,2025-01-22,8704,Seagate,Japan,40,285.23,77,1,1,0.00010636034886194426,0,111,1,1,619,0.00016256441034907573,0.0004929460254392659,92,456988,0.00012855165100050963
BATCH-2024-02926,26,Processor,2178,2024-12-21,2024-12-29,2065,Texas Instruments,South Korea,53,5.67,67,0,0,0.0,0,94,12,4,636,0.0002658174764162671,0.0009122443285503541,102,493376,0.0001723848232239575
BATCH-2026-02927,25,Speaker,10000,2026-01-03,2026-01-15,9775,Broadcom,USA,26,71.6,85,2,0,0.0,0,472,1,1,258,9.454505074439549e-05,0.0003137783114627588,84,481980,0.00019289953369198322
BATCH-2025-02928,14,Motherboard,328,2025-01-15,2025-01-22,317,STMicroelectronics,South Korea,31,23.81,77,0,0,0.0,0,119,1,1,611,0.0001573864901705702,0.00046936123067953895,91,385139,0.0002354934172429249
BATCH-2026-02929,16,Charger,6108,2026-08-23,2026-09-12,5660,Hitachi,China,57,483.82,88,1,1,0.00016371971185330714,1,704,8,3,26,8.336477286677332e-05,0.0004697935134049564,95,503392,0.0002259435803313693
BATCH-2025-02930,24,Microcontroller,276,2025-05-25,2025-06-10,270,Qualcomm,Germany,53,145.59,74,2,1,0.0036231884057971015,1,249,5,2,481,0.00017211444124561363,0.00048508112533674527,88,458321,0.00013908905895273712
BATCH-2025-02931,34,Battery,597,2025-07-24,2025-08-07,591,Renesas,China,19,153.37,81,0,0,0.0,0,309,7,3,421,0.00020629854890063796,0.000928870183527049,112,540044,0.00021173401481822628
BATCH-2025-02932,14,Sensor,4908,2025-08-22,2025-08-28,4698,STMicroelectronics,South Korea,31,23.81,77,0,0,0.0,0,338,8,3,392,0.0001573864901705702,0.00046936123067953895,91,385139,0.00016450590746445605
BATCH-2025-02933,22,Connector,9114,2025-12-07,2025-12-16,8906,Flex,China,43,157.56,86,0,0,0.0,0,445,12,4,285,6.527455789884103e-05,0.00021075148645526503,94,530055,0.00020757696267843906
BATCH-2025-02934,1,Power IC,2900,2025-01-31,2025-02-12,2812,Samsung,USA,19,220.56,89,1,1,0.0003448275862068965,1,135,1,1,595,0.00017219294545324894,0.0013891588805521986,106,504263,0.00017735448108886377
BATCH-2025-02935,27,Microcontroller,2271,2025-03-05,2025-03-13,2248,Infineon,Taiwan,51,333.1,89,0,0,0.0,0,168,3,1,562,0.00011089276239704126,0.00035581711278072977,111,553940,0.00013908905895273712
BATCH-2024-02936,46,Microcontroller,4268,2024-10-28,2024-11-06,4085,Liteon,China,58,348.77,65,2,1,0.00023430178069353328,1,40,10,4,690,0.000177376316521378,0.0004995509860038717,96,502846,0.00013908905895273712
BATCH-2025-02937,1,Microcontroller,3101,2025-12-13,2026-01-02,2996,Samsung,USA,19,220.56,89,0,0,0.0,0,451,12,4,279,0.00017219294545324894,0.0013891588805521986,106,504263,0.00013908905895273712
BATCH-2026-02938,28,Speaker,8494,2026-07-20,2026-07-26,8132,Kioxia,China,36,390.8,86,1,0,0.0,0,670,7,3,60,6.548471380186631e-05,0.00020932699508353792,108,509896,0.00019289953369198322
BATCH-2025-02939,46,Camera,5362,2025-08-31,2025-09-16,5118,Liteon,China,58,348.77,65,1,1,0.0001864975755315181,1,347,8,3,383,0.000177376316521378,0.0004995509860038717,96,502846,0.00017585459338616095
BATCH-2024-02940,45,Charger,2056,2024-12-04,2024-12-14,1964,Pegatron,Taiwan,47,251.52,66,0,0,0.0,0,77,12,4,653,0.0001275169517997213,0.0003266025273992103,94,477190,0.0002259435803313693
BATCH-2025-02941,43,Memory,4148,2025-01-23,2025-02-11,3959,ASUSTeK,USA,30,46.84,60,3,3,0.0007232401157184186,1,127,1,1,603,0.00044469895714356904,0.0012463320250862553,87,411235,0.00013960848603418856
BATCH-2026-02942,20,Microcontroller,9735,2026-02-15,2026-03-02,9397,Delta Electronics,South Korea,30,335.57,68,0,0,0.0,0,515,2,1,215,0.00014552538396359592,0.00035285670745256997,82,427248,0.00013908905895273712
BATCH-2025-02943,28,Speaker,7487,2025-03-20,2025-04-02,7308,Kioxia,China,36,390.8,86,0,0,0.0,0,183,3,1,547,6.548471380186631e-05,0.00020932699508353792,108,509896,0.00019289953369198322
BATCH-2025-02944,44,Microcontroller,2076,2025-05-07,2025-05-19,2032,Wistron,South Korea,50,232.01,87,0,0,0.0,0,231,5,2,499,0.00010336577465557791,0.000380745741124954,117,590216,0.00013908905895273712
BATCH-2025-02945,40,Camera,3745,2025-11-10,2025-11-15,3708,Dell,China,20,392.38,81,2,2,0.000534045393858478,1,418,11,4,312,0.00013234425192726218,0.0003712523513249762,101,498329,0.00017585459338616095
BATCH-2026-02946,39,Camera,4037,2026-07-05,2026-07-11,3993,Lenovo,Taiwan,57,331.63,71,0,0,0.0,0,655,7,3,75,0.00017438124238925042,0.000501056949565781,101,560841,0.00017585459338616095
BATCH-2025-02947,23,Sensor,7498,2025-02-08,2025-02-27,7423,ASE,Japan,50,402.77,91,0,0,0.0,0,143,2,1,587,6.663525433902222e-05,0.00015954052120490043,90,441864,0.00016450590746445605
BATCH-2025-02948,45,Camera,612,2025-07-05,2025-07-22,580,Pegatron,Taiwan,47,251.52,66,0,0,0.0,0,290,7,3,440,0.0001275169517997213,0.0003266025273992103,94,477190,0.00017585459338616095
BATCH-2025-02949,41,Camera,8802,2025-12-25,2026-01-01,8714,HP,Japan,60,204.38,85,2,2,0.00022722108611679165,1,463,12,4,267,0.00012231852387452777,0.00025339821295037224,87,408153,0.00017585459338616095
BATCH-2025-02950,7,Camera,9936,2025-03-12,2025-03-27,9674,Foxconn,USA,50,411.74,84,1,0,0.0,0,175,3,1,555,0.0003217144075727912,0.0015438669764764946,105,555087,0.00017585459338616095
BATCH-2026-02951,35,Sensor,2924,2026-08-12,2026-08-27,2766,Nokia,Japan,42,219.49,61,1,0,0.0,0,693,8,3,37,0.00019787338089100073,0.0003538789829112609,102,503406,0.00016450590746445605
BATCH-2025-02952,22,Motherboard,8702,2025-05-11,2025-05-21,8615,Flex,China,43,157.56,86,0,0,0.0,0,235,5,2,495,6.527455789884103e-05,0.00021075148645526503,94,530055,0.0002354934172429249
BATCH-2026-02953,41,Speaker,6032,2026-04-03,2026-04-10,5972,HP,Japan,60,204.38,85,0,0,0.0,0,562,4,2,168,0.00012231852387452777,0.00025339821295037224,87,408153,0.00019289953369198322
BATCH-2026-02954,19,Fan,1793,2026-04-15,2026-04-29,1742,Sumitomo,USA,36,238.9,64,0,0,0.0,0,574,4,2,156,0.00016876737493119937,0.00039378300837730447,91,458378,0.00012855165100050963
BATCH-2025-02955,26,Motherboard,3530,2025-11-18,2025-12-07,3366,Texas Instruments,South Korea,53,5.67,67,1,0,0.0,0,426,11,4,304,0.0002658174764162671,0.0009122443285503541,102,493376,0.0002354934172429249
BATCH-2024-02956,5,Memory,7843,2024-10-16,2024-10-29,7391,Apple,Japan,38,226.29,64,1,1,0.00012750223128904755,0,28,10,4,702,0.00029304167774806515,0.0010333897385835877,92,488005,0.00013960848603418856
BATCH-2025-02957,12,Battery,1037,2025-07-12,2025-07-24,1009,Amphenol,Germany,18,446.77,96,1,1,0.0009643201542912247,1,297,7,3,433,8.015372036339901e-05,0.00041034141517753633,113,576135,0.00021173401481822628
BATCH-2025-02958,46,Speaker,709,2025-05-28,2025-06-12,702,Liteon,China,58,348.77,65,4,2,0.0028208744710860366,1,252,5,2,478,0.000177376316521378,0.0004995509860038717,96,502846,0.00019289953369198322
BATCH-2026-02959,23,Microcontroller,2946,2026-07-11,2026-07-26,2875,ASE,Japan,50,402.77,91,1,1,0.00033944331296673454,1,661,7,3,69,6.663525433902222e-05,0.00015954052120490043,90,441864,0.00013908905895273712
BATCH-2025-02960,38,Motherboard,4856,2025-05-01,2025-05-20,4536,Xiaomi,South Korea,52,142.13,62,2,2,0.00041186161449752884,1,225,5,2,505,0.0002941454324685746,0.0007248486269555904,106,537180,0.0002354934172429249
BATCH-2026-02961,37,Microcontroller,9000,2026-01-07,2026-01-13,8881,Huawei,USA,60,118.5,92,0,0,0.0,0,476,1,1,254,0.00010426815057621344,0.0003557497462935021,91,442918,0.00013908905895273712
BATCH-2026-02962,6,Display,6987,2026-08-06,2026-08-12,6700,NVIDIA,Germany,38,463.53,74,1,0,0.0,0,687,8,3,43,0.00023377595866623649,0.0009271237760431065,104,528560,0.00016919115080672866
BATCH-2025-02963,20,Motherboard,2544,2025-01-10,2025-01-30,2509,Delta Electronics,South Korea,30,335.57,68,2,1,0.00039308176100628933,1,114,1,1,616,0.00014552538396359592,0.00035285670745256997,82,427248,0.0002354934172429249
BATCH-2024-02964,18,Camera,7778,2024-11-08,2024-11-21,7653,Bosch,Germany,18,96.36,77,1,1,0.00012856775520699409,0,51,11,4,679,0.00021806730730221415,0.0007021012099867912,110,557568,0.00017585459338616095
BATCH-2025-02965,27,Fan,2560,2025-08-29,2025-09-16,2494,Infineon,Taiwan,51,333.1,89,1,1,0.000390625,1,345,8,3,385,0.00011089276239704126,0.00035581711278072977,111,553940,0.00012855165100050963
BATCH-2026-02966,9,Speaker,2507,2026-05-08,2026-05-26,2354,Sony,Taiwan,19,33.78,81,0,0,0.0,0,597,5,2,133,0.00014132799993781594,0.00029553061545999206,104,509780,0.00019289953369198322
BATCH-2025-02967,4,Connector,1591,2025-10-29,2025-11-11,1537,Intel,China,48,393.46,88,0,0,0.0,0,406,10,4,324,0.00018841892264149143,0.0009961276293195824,96,400272,0.00020757696267843906
BATCH-2025-02968,27,Battery,2222,2025-02-22,2025-03-13,2200,Infineon,Taiwan,51,333.1,89,0,0,0.0,0,157,2,1,573,0.00011089276239704126,0.00035581711278072977,111,553940,0.00021173401481822628
BATCH-2026-02969,9,Motherboard,5838,2026-07-21,2026-07-29,5780,Sony,Taiwan,19,33.78,81,2,0,0.0,0,671,7,3,59,0.00014132799993781594,0.00029553061545999206,104,509780,0.0002354934172429249
BATCH-2024-02970,20,Fan,8067,2024-12-31,2025-01-18,7986,Delta Electronics,South Korea,30,335.57,68,2,2,0.00024792363951902817,1,104,12,4,626,0.00014552538396359592,0.00035285670745256997,82,427248,0.00012855165100050963
BATCH-2026-02971,48,Memory,2349,2026-05-01,2026-05-17,2262,TE Connectivity,Germany,25,315.88,71,1,0,0.0,0,590,5,2,140,0.000215467021331229,0.0009668394253566584,108,542251,0.00013960848603418856
BATCH-2026-02972,10,Camera,4363,2026-05-23,2026-05-30,4319,Panasonic,China,54,316.57,91,1,1,0.00022920009168003668,1,612,5,2,118,0.000144927638474753,0.0007549544377028447,94,435868,0.00017585459338616095
BATCH-2026-02973,47,Charger,2739,2026-08-01,2026-08-13,2628,Molex,Japan,37,191.75,76,1,1,0.0003650967506389193,1,682,8,3,48,0.00015063481442028842,0.00045023343696729267,102,507171,0.0002259435803313693
BATCH-2025-02974,29,Power IC,4291,2025-07-01,2025-07-12,4248,Seagate,Japan,40,285.23,77,0,0,0.0,0,286,7,3,444,0.00016256441034907573,0.0004929460254392659,92,456988,0.00017735448108886377
BATCH-2026-02975,28,Speaker,4189,2026-04-05,2026-04-16,4109,Kioxia,China,36,390.8,86,1,1,0.00023872045834328001,1,564,4,2,166,6.548471380186631e-05,0.00020932699508353792,108,509896,0.00019289953369198322
BATCH-2025-02976,22,Motherboard,960,2025-02-28,2025-03-17,948,Flex,China,43,157.56,86,0,0,0.0,0,163,2,1,567,6.527455789884103e-05,0.00021075148645526503,94,530055,0.0002354934172429249
BATCH-2025-02977,21,Memory,7725,2025-08-26,2025-09-02,7388,Jabil,Taiwan,58,416.67,76,2,2,0.0002588996763754045,1,342,8,3,388,0.00034128023110612925,0.0012045823376322067,117,579869,0.00013960848603418856
BATCH-2024-02978,22,Display,6127,2024-12-21,2025-01-10,5961,Flex,China,43,157.56,86,0,0,0.0,0,94,12,4,636,6.527455789884103e-05,0.00021075148645526503,94,530055,0.00016919115080672866
BATCH-2024-02979,48,Power IC,6106,2024-11-03,2024-11-11,6045,TE Connectivity,Germany,25,315.88,71,2,1,0.00016377333770062233,1,46,11,4,684,0.000215467021331229,0.0009668394253566584,108,542251,0.00017735448108886377
BATCH-2025-02980,41,Microcontroller,4341,2025-06-23,2025-07-10,4041,HP,Japan,60,204.38,85,3,2,0.00046072333563695,1,278,6,2,452,0.00012231852387452777,0.00025339821295037224,87,408153,0.00013908905895273712
BATCH-2025-02981,43,Camera,3109,2025-08-28,2025-09-03,2949,ASUSTeK,USA,30,46.84,60,1,1,0.000321646831778707,1,344,8,3,386,0.00044469895714356904,0.0012463320250862553,87,411235,0.00017585459338616095
BATCH-2025-02982,4,Camera,7337,2025-07-26,2025-08-12,7264,Intel,China,48,393.46,88,2,1,0.0001362954886193267,1,311,7,3,419,0.00018841892264149143,0.0009961276293195824,96,400272,0.00017585459338616095
BATCH-2025-02983,34,Display,5015,2025-06-17,2025-07-07,4772,Renesas,China,19,153.37,81,2,1,0.00019940179461615153,1,272,6,2,458,0.00020629854890063796,0.000928870183527049,112,540044,0.00016919115080672866
BATCH-2025-02984,47,Microcontroller,7702,2025-11-25,2025-12-03,7625,Molex,Japan,37,191.75,76,0,0,0.0,0,433,11,4,297,0.00015063481442028842,0.00045023343696729267,102,507171,0.00013908905895273712
BATCH-2024-02985,10,Fan,1233,2024-12-30,2025-01-12,1210,Panasonic,China,54,316.57,91,1,1,0.0008110300081103001,1,103,12,4,627,0.000144927638474753,0.0007549544377028447,94,435868,0.00012855165100050963
BATCH-2025-02986,30,Camera,3090,2025-01-28,2025-02-12,2856,Western Digital,Germany,16,59.04,65,2,2,0.0006472491909385113,1,132,1,1,598,0.00026662885278630423,0.0008545899187981254,93,459619,0.00017585459338616095
BATCH-2025-02987,1,Motherboard,9107,2025-09-07,2025-09-23,8988,Samsung,USA,19,220.56,89,1,0,0.0,0,354,9,3,376,0.00017219294545324894,0.0013891588805521986,106,504263,0.0002354934172429249
BATCH-2026-02988,23,Memory,5823,2026-09-08,2026-09-20,5520,ASE,Japan,50,402.77,91,1,0,0.0,0,720,9,3,10,6.663525433902222e-05,0.00015954052120490043,90,441864,0.00013960848603418856
BATCH-2024-02989,35,Camera,7315,2024-11-03,2024-11-13,7242,Nokia,Japan,42,219.49,61,1,0,0.0,0,46,11,4,684,0.00019787338089100073,0.0003538789829112609,102,503406,0.00017585459338616095
BATCH-2026-02990,43,Power IC,1732,2026-08-20,2026-08-29,1581,ASUSTeK,USA,30,46.84,60,0,0,0.0,0,701,8,3,29,0.00044469895714356904,0.0012463320250862553,87,411235,0.00017735448108886377
BATCH-2025-02991,13,Power IC,519,2025-12-26,2026-01-07,514,Onsemi,USA,46,98.93,89,0,0,0.0,0,464,12,4,266,0.00013306539717335389,0.0004888825988608853,89,428711,0.00017735448108886377
BATCH-2026-02992,4,Display,8939,2026-05-26,2026-06-08,8596,Intel,China,48,393.46,88,2,2,0.00022373867322966775,1,615,5,2,115,0.00018841892264149143,0.0009961276293195824,96,400272,0.00016919115080672866
BATCH-2026-02993,37,Speaker,5847,2026-05-19,2026-06-07,5789,Huawei,USA,60,118.5,92,0,0,0.0,0,608,5,2,122,0.00010426815057621344,0.0003557497462935021,91,442918,0.00019289953369198322
BATCH-2025-02994,40,Memory,6405,2025-02-02,2025-02-12,5980,Dell,China,20,392.38,81,1,1,0.000156128024980484,1,137,2,1,593,0.00013234425192726218,0.0003712523513249762,101,498329,0.00013960848603418856
BATCH-2025-02995,26,PCB,3328,2025-03-30,2025-04-04,3162,Texas Instruments,South Korea,53,5.67,67,1,1,0.00030048076923076925,1,193,3,1,537,0.0002658174764162671,0.0009122443285503541,102,493376,0.0002244207567666141
BATCH-2025-02996,12,Charger,4500,2025-02-26,2025-03-16,4455,Amphenol,Germany,18,446.77,96,0,0,0.0,0,161,2,1,569,8.015372036339901e-05,0.00041034141517753633,113,576135,0.0002259435803313693
BATCH-2025-02997,31,Charger,8665,2025-04-01,2025-04-19,8490,Kyocera,USA,35,236.61,85,0,0,0.0,0,195,4,2,535,0.00018411673535101585,0.0009126920964599268,104,605811,0.0002259435803313693
BATCH-2025-02998,35,Motherboard,4614,2025-01-13,2025-01-25,4391,Nokia,Japan,42,219.49,61,1,1,0.00021673168617251842,1,117,1,1,613,0.00019787338089100073,0.0003538789829112609,102,503406,0.0002354934172429249
BATCH-2026-02999,18,Speaker,5574,2026-09-12,2026-09-20,5077,Bosch,Germany,18,96.36,77,1,1,0.0001794043774668102,1,724,9,3,6,0.00021806730730221415,0.0007021012099867912,110,557568,0.00019289953369198322
BATCH-2025-03000,39,Microcontroller,6269,2025-10-13,2025-10-22,5943,Lenovo,Taiwan,57,331.63,71,1,0,0.0,0,390,10,4,340,0.00017438124238925042,0.000501056949565781,101,560841,0.00013908905895273712
BATCH-2024-03001,6,Battery,6565,2024-12-01,2024-12-18,6179,NVIDIA,Germany,38,463.53,74,0,0,0.0,0,74,12,4,656,0.00023377595866623649,0.0009271237760431065,104,528560,0.00021173401481822628
BATCH-2024-03002,10,Fan,2999,2024-11-11,2024-11-28,2969,Panasonic,China,54,316.57,91,0,0,0.0,0,54,11,4,676,0.000144927638474753,0.0007549544377028447,94,435868,0.00012855165100050963
BATCH-2025-03003,10,Power IC,1279,2025-09-07,2025-09-12,1266,Panasonic,China,54,316.57,91,0,0,0.0,0,354,9,3,376,0.000144927638474753,0.0007549544377028447,94,435868,0.00017735448108886377
BATCH-2026-03004,38,Sensor,4339,2026-01-22,2026-02-03,4074,Xiaomi,South Korea,52,142.13,62,1,1,0.00023046784973496196,1,491,1,1,239,0.0002941454324685746,0.0007248486269555904,106,537180,0.00016450590746445605
BATCH-2026-03005,26,PCB,8865,2026-05-30,2026-06-19,8411,Texas Instruments,South Korea,53,5.67,67,1,0,0.0,0,619,5,2,111,0.0002658174764162671,0.0009122443285503541,102,493376,0.0002244207567666141
BATCH-2026-03006,35,Battery,8296,2026-02-06,2026-02-24,7564,Nokia,Japan,42,219.49,61,0,0,0.0,0,506,2,1,224,0.00019787338089100073,0.0003538789829112609,102,503406,0.00021173401481822628
BATCH-2026-03007,15,Microcontroller,7363,2026-06-18,2026-07-02,6912,SK Hynix,Taiwan,40,342.16,65,2,1,0.00013581420616596497,1,638,6,2,92,0.00026051175061660777,0.0007352320636847295,93,436297,0.00013908905895273712
BATCH-2024-03008,26,Speaker,2322,2024-11-16,2024-12-03,2188,Texas Instruments,South Korea,53,5.67,67,3,3,0.0012919896640826874,1,59,11,4,671,0.0002658174764162671,0.0009122443285503541,102,493376,0.00019289953369198322
BATCH-2025-03009,25,Sensor,136,2025-12-03,2025-12-14,130,Broadcom,USA,26,71.6,85,0,0,0.0,0,441,12,4,289,9.454505074439549e-05,0.0003137783114627588,84,481980,0.00016450590746445605
BATCH-2026-03010,44,Processor,7667,2026-04-12,2026-04-23,7454,Wistron,South Korea,50,232.01,87,1,1,0.00013042911177774878,0,571,4,2,159,0.00010336577465557791,0.000380745741124954,117,590216,0.0001723848232239575
BATCH-2025-03011,17,Speaker,7277,2025-01-28,2025-02-02,7204,Mitsubishi,Japan,33,186.49,72,0,0,0.0,0,132,1,1,598,0.00014815223187369047,0.00046308585294764547,114,569061,0.00019289953369198322
BATCH-2025-03012,29,Motherboard,5548,2025-11-24,2025-12-09,5307,Seagate,Japan,40,285.23,77,2,1,0.0001802451333813987,1,432,11,4,298,0.00016256441034907573,0.0004929460254392659,92,456988,0.0002354934172429249
BATCH-2025-03013,10,PCB,8631,2025-08-01,2025-08-13,8542,Panasonic,China,54,316.57,91,0,0,0.0,0,317,8,3,413,0.000144927638474753,0.0007549544377028447,94,435868,0.0002244207567666141
BATCH-2026-03014,25,Charger,6185,2026-02-06,2026-02-15,6024,Broadcom,USA,26,71.6,85,1,1,0.00016168148746968473,1,506,2,1,224,9.454505074439549e-05,0.0003137783114627588,84,481980,0.0002259435803313693
BATCH-2024-03015,32,Motherboard,129,2024-09-30,2024-10-11,128,Canon,South Korea,54,382.97,81,0,0,0.0,0,12,9,3,718,8.286140374041643e-05,0.0002525478149158471,93,484783,0.0002354934172429249
BATCH-2026-03016,29,Connector,2866,2026-02-18,2026-02-23,2755,Seagate,Japan,40,285.23,77,2,0,0.0,0,518,2,1,212,0.00016256441034907573,0.0004929460254392659,92,456988,0.00020757696267843906
BATCH-2026-03017,23,Microcontroller,6661,2026-09-16,2026-09-21,6594,ASE,Japan,50,402.77,91,2,1,0.00015012760846719713,1,728,9,3,2,6.663525433902222e-05,0.00015954052120490043,90,441864,0.00013908905895273712
BATCH-2024-03018,36,Charger,7793,2024-12-17,2025-01-05,7468,Ericsson,Germany,60,205.45,68,0,0,0.0,0,90,12,4,640,0.00016582352511078637,0.0003750099810004351,109,536222,0.0002259435803313693
BATCH-2026-03019,29,Processor,3173,2026-02-17,2026-03-09,3085,Seagate,Japan,40,285.23,77,1,0,0.0,0,517,2,1,213,0.00016256441034907573,0.0004929460254392659,92,456988,0.0001723848232239575
BATCH-2025-03020,50,Sensor,4688,2025-07-04,2025-07-14,4441,APC,South Korea,30,481.03,64,0,0,0.0,0,289,7,3,441,0.0002753509047441992,0.0007401953979905162,113,559124,0.00016450590746445605
BATCH-2025-03021,2,Motherboard,6684,2025-06-21,2025-07-06,6538,TSMC,South Korea,34,349.29,92,1,1,0.00014961101137043686,1,276,6,2,454,0.0001216095118122708,0.0004158402802419921,99,473547,0.0002354934172429249
BATCH-2025-03022,48,Power IC,373,2025-09-26,2025-10-14,357,TE Connectivity,Germany,25,315.88,71,0,0,0.0,0,373,9,3,357,0.000215467021331229,0.0009668394253566584,108,542251,0.00017735448108886377
BATCH-2025-03023,50,Memory,1186,2025-09-15,2025-09-25,1151,APC,South Korea,30,481.03,64,3,3,0.002529510961214165,1,362,9,3,368,0.0002753509047441992,0.0007401953979905162,113,559124,0.00013960848603418856
BATCH-2024-03024,42,Connector,1678,2024-10-19,2024-10-29,1634,Acer,Germany,34,85.15,90,2,0,0.0,0,31,10,4,699,5.058942432590356e-05,0.0001440589145000144,106,511239,0.00020757696267843906
BATCH-2025-03025,50,Speaker,5559,2025-01-26,2025-02-13,5475,APC,South Korea,30,481.03,64,1,1,0.00017988846914912754,1,130,1,1,600,0.0002753509047441992,0.0007401953979905162,113,559124,0.00019289953369198322
BATCH-2026-03026,33,Memory,8413,2026-02-25,2026-03-09,8093,Denso,Taiwan,41,277.68,84,2,2,0.00023772732675621063,1,525,2,1,205,0.00013528007016307464,0.0006519489677036868,119,602071,0.00013960848603418856
BATCH-2025-03027,17,Fan,6107,2025-01-31,2025-02-20,5652,Mitsubishi,Japan,33,186.49,72,2,1,0.0001637465203864418,1,135,1,1,595,0.00014815223187369047,0.00046308585294764547,114,569061,0.00012855165100050963
BATCH-2024-03028,35,Fan,8251,2024-10-20,2024-11-04,7940,Nokia,Japan,42,219.49,61,0,0,0.0,0,32,10,4,698,0.00019787338089100073,0.0003538789829112609,102,503406,0.00012855165100050963
BATCH-2025-03029,29,Camera,5174,2025-07-28,2025-08-11,5122,Seagate,Japan,40,285.23,77,1,0,0.0,0,313,7,3,417,0.00016256441034907573,0.0004929460254392659,92,456988,0.00017585459338616095
BATCH-2025-03030,41,Camera,430,2025-08-09,2025-08-18,425,HP,Japan,60,204.38,85,0,0,0.0,0,325,8,3,405,0.00012231852387452777,0.00025339821295037224,87,408153,0.00017585459338616095
BATCH-2025-03031,44,Power IC,7306,2025-01-05,2025-01-11,7166,Wistron,South Korea,50,232.01,87,1,1,0.0001368738023542294,1,109,1,1,621,0.00010336577465557791,0.000380745741124954,117,590216,0.00017735448108886377
BATCH-2025-03032,17,Display,4818,2025-07-04,2025-07-20,4599,Mitsubishi,Japan,33,186.49,72,2,2,0.00041511000415110004,1,289,7,3,441,0.00014815223187369047,0.00046308585294764547,114,569061,0.00016919115080672866
BATCH-2025-03033,43,Sensor,7835,2025-12-16,2025-12-30,7755,ASUSTeK,USA,30,46.84,60,1,1,0.00012763241863433312,0,454,12,4,276,0.00044469895714356904,0.0012463320250862553,87,411235,0.00016450590746445605
BATCH-2024-03034,13,Motherboard,7404,2024-11-07,2024-11-14,7182,Onsemi,USA,46,98.93,89,0,0,0.0,0,50,11,4,680,0.00013306539717335389,0.0004888825988608853,89,428711,0.0002354934172429249
BATCH-2026-03035,42,Battery,162,2026-08-03,2026-08-12,158,Acer,Germany,34,85.15,90,0,0,0.0,0,684,8,3,46,5.058942432590356e-05,0.0001440589145000144,106,511239,0.00021173401481822628
BATCH-2025-03036,41,Fan,9691,2025-01-01,2025-01-08,9221,HP,Japan,60,204.38,85,0,0,0.0,0,105,1,1,625,0.00012231852387452777,0.00025339821295037224,87,408153,0.00012855165100050963
BATCH-2025-03037,40,Battery,2014,2025-04-29,2025-05-08,1894,Dell,China,20,392.38,81,0,0,0.0,0,223,4,2,507,0.00013234425192726218,0.0003712523513249762,101,498329,0.00021173401481822628
BATCH-2026-03038,48,Processor,1107,2026-04-27,2026-05-05,1030,TE Connectivity,Germany,25,315.88,71,1,0,0.0,0,586,4,2,144,0.000215467021331229,0.0009668394253566584,108,542251,0.0001723848232239575
BATCH-2025-03039,8,Processor,4120,2025-10-24,2025-11-06,3956,LG Chem,South Korea,40,115.16,76,0,0,0.0,0,401,10,4,329,0.00013285380642027623,0.00028745834951003884,92,477433,0.0001723848232239575
BATCH-2025-03040,30,Charger,3002,2025-10-31,2025-11-08,2836,Western Digital,Germany,16,59.04,65,1,0,0.0,0,408,10,4,322,0.00026662885278630423,0.0008545899187981254,93,459619,0.0002259435803313693
BATCH-2025-03041,34,Connector,4404,2025-11-19,2025-12-05,4360,Renesas,China,19,153.37,81,0,0,0.0,0,427,11,4,303,0.00020629854890063796,0.000928870183527049,112,540044,0.00020757696267843906
BATCH-2025-03042,16,Speaker,1104,2025-12-19,2025-12-25,1017,Hitachi,China,57,483.82,88,0,0,0.0,0,457,12,4,273,8.336477286677332e-05,0.0004697935134049564,95,503392,0.00019289953369198322
BATCH-2025-03043,1,Motherboard,1292,2025-03-30,2025-04-15,1229,Samsung,USA,19,220.56,89,1,1,0.0007739938080495357,1,193,3,1,537,0.00017219294545324894,0.0013891588805521986,106,504263,0.0002354934172429249
BATCH-2025-03044,18,Microcontroller,1132,2025-01-24,2025-01-31,1077,Bosch,Germany,18,96.36,77,2,2,0.0017667844522968198,1,128,1,1,602,0.00021806730730221415,0.0007021012099867912,110,557568,0.00013908905895273712
BATCH-2026-03045,38,Camera,2077,2026-01-04,2026-01-18,1962,Xiaomi,South Korea,52,142.13,62,0,0,0.0,0,473,1,1,257,0.0002941454324685746,0.0007248486269555904,106,537180,0.00017585459338616095
BATCH-2026-03046,35,Fan,6151,2026-07-30,2026-08-10,5849,Nokia,Japan,42,219.49,61,4,4,0.0006503007641033978,1,680,7,3,50,0.00019787338089100073,0.0003538789829112609,102,503406,0.00012855165100050963
BATCH-2025-03047,24,Processor,1473,2025-05-04,2025-05-12,1403,Qualcomm,Germany,53,145.59,74,0,0,0.0,0,228,5,2,502,0.00017211444124561363,0.00048508112533674527,88,458321,0.0001723848232239575
BATCH-2026-03048,35,Display,877,2026-08-09,2026-08-19,852,Nokia,Japan,42,219.49,61,1,1,0.0011402508551881414,1,690,8,3,40,0.00019787338089100073,0.0003538789829112609,102,503406,0.00016919115080672866
BATCH-2026-03049,44,Display,9455,2026-02-28,2026-03-09,9264,Wistron,South Korea,50,232.01,87,0,0,0.0,0,528,2,1,202,0.00010336577465557791,0.000380745741124954,117,590216,0.00016919115080672866
BATCH-2026-03050,39,Display,2518,2026-04-05,2026-04-22,2493,Lenovo,Taiwan,57,331.63,71,1,0,0.0,0,564,4,2,166,0.00017438124238925042,0.000501056949565781,101,560841,0.00016919115080672866
BATCH-2026-03051,31,Fan,6776,2026-02-15,2026-02-26,6668,Kyocera,USA,35,236.61,85,0,0,0.0,0,515,2,1,215,0.00018411673535101585,0.0009126920964599268,104,605811,0.00012855165100050963
BATCH-2025-03052,3,Sensor,5114,2025-03-08,2025-03-20,4969,Corning,Taiwan,24,487.86,63,2,2,0.00039108330074305825,1,171,3,1,559,0.0005290924687400791,0.0022824547846740364,105,511267,0.00016450590746445605
BATCH-2026-03053,7,Power IC,2550,2026-02-28,2026-03-13,2465,Foxconn,USA,50,411.74,84,0,0,0.0,0,528,2,1,202,0.0003217144075727912,0.0015438669764764946,105,555087,0.00017735448108886377
BATCH-2024-03054,45,Camera,6345,2024-12-05,2024-12-20,6242,Pegatron,Taiwan,47,251.52,66,2,1,0.00015760441292356187,1,78,12,4,652,0.0001275169517997213,0.0003266025273992103,94,477190,0.00017585459338616095
BATCH-2025-03055,7,Sensor,5381,2025-06-30,2025-07-12,5216,Foxconn,USA,50,411.74,84,1,1,0.00018583906337112061,1,285,6,2,445,0.0003217144075727912,0.0015438669764764946,105,555087,0.00016450590746445605
BATCH-2025-03056,39,Charger,2159,2025-07-08,2025-07-21,2064,Lenovo,Taiwan,57,331.63,71,2,2,0.0009263547938860583,1,293,7,3,437,0.00017438124238925042,0.000501056949565781,101,560841,0.0002259435803313693
BATCH-2024-03057,11,Processor,1029,2024-10-25,2024-11-02,984,Murata,Japan,22,178.55,88,0,0,0.0,0,37,10,4,693,0.00015599689945027513,0.0009387029695731565,105,551463,0.0001723848232239575
BATCH-2026-03058,35,Memory,4601,2026-07-06,2026-07-13,4327,Nokia,Japan,42,219.49,61,1,1,0.00021734405564007825,1,656,7,3,74,0.00019787338089100073,0.0003538789829112609,102,503406,0.00013960848603418856
BATCH-2026-03059,26,Camera,6247,2026-09-14,2026-09-22,5770,Texas Instruments,South Korea,53,5.67,67,0,0,0.0,0,726,9,3,4,0.0002658174764162671,0.0009122443285503541,102,493376,0.00017585459338616095
BATCH-2025-03060,29,Motherboard,5010,2025-02-10,2025-02-20,4837,Seagate,Japan,40,285.23,77,1,1,0.0001996007984031936,1,145,2,1,585,0.00016256441034907573,0.0004929460254392659,92,456988,0.0002354934172429249
BATCH-2026-03061,48,Display,2455,2026-06-05,2026-06-24,2430,TE Connectivity,Germany,25,315.88,71,0,0,0.0,0,625,6,2,105,0.000215467021331229,0.0009668394253566584,108,542251,0.00016919115080672866
BATCH-2026-03062,39,Connector,8961,2026-06-27,2026-07-05,8586,Lenovo,Taiwan,57,331.63,71,0,0,0.0,0,647,6,2,83,0.00017438124238925042,0.000501056949565781,101,560841,0.00020757696267843906
BATCH-2025-03063,38,PCB,1510,2025-06-20,2025-07-07,1405,Xiaomi,South Korea,52,142.13,62,0,0,0.0,0,275,6,2,455,0.0002941454324685746,0.0007248486269555904,106,537180,0.0002244207567666141
BATCH-2026-03064,4,Processor,2495,2026-03-13,2026-03-31,2470,Intel,China,48,393.46,88,1,1,0.0004008016032064128,1,541,3,1,189,0.00018841892264149143,0.0009961276293195824,96,400272,0.0001723848232239575
BATCH-2026-03065,11,Speaker,7829,2026-08-21,2026-08-31,7698,Murata,Japan,22,178.55,88,1,1,0.00012773023374632777,0,702,8,3,28,0.00015599689945027513,0.0009387029695731565,105,551463,0.00019289953369198322
BATCH-2026-03066,15,Sensor,325,2026-08-10,2026-08-16,314,SK Hynix,Taiwan,40,342.16,65,0,0,0.0,0,691,8,3,39,0.00026051175061660777,0.0007352320636847295,93,436297,0.00016450590746445605
BATCH-2025-03067,27,Charger,6899,2025-07-09,2025-07-19,6361,Infineon,Taiwan,51,333.1,89,0,0,0.0,0,294,7,3,436,0.00011089276239704126,0.00035581711278072977,111,553940,0.0002259435803313693
BATCH-2026-03068,24,Camera,755,2026-03-11,2026-03-26,725,Qualcomm,Germany,53,145.59,74,1,1,0.0013245033112582781,1,539,3,1,191,0.00017211444124561363,0.00048508112533674527,88,458321,0.00017585459338616095
BATCH-2026-03069,40,PCB,9456,2026-07-28,2026-08-06,9361,Dell,China,20,392.38,81,0,0,0.0,0,678,7,3,52,0.00013234425192726218,0.0003712523513249762,101,498329,0.0002244207567666141
BATCH-2026-03070,36,Charger,6605,2026-08-14,2026-08-29,6388,Ericsson,Germany,60,205.45,68,1,1,0.0001514004542013626,1,695,8,3,35,0.00016582352511078637,0.0003750099810004351,109,536222,0.0002259435803313693
BATCH-2025-03071,6,Microcontroller,8201,2025-07-26,2025-08-09,7807,NVIDIA,Germany,38,463.53,74,0,0,0.0,0,311,7,3,419,0.00023377595866623649,0.0009271237760431065,104,528560,0.00013908905895273712
BATCH-2025-03072,31,Display,110,2025-03-16,2025-03-29,106,Kyocera,USA,35,236.61,85,1,1,0.00909090909090909,1,179,3,1,551,0.00018411673535101585,0.0009126920964599268,104,605811,0.00016919115080672866
BATCH-2025-03073,7,Motherboard,4735,2025-06-14,2025-07-01,4564,Foxconn,USA,50,411.74,84,1,0,0.0,0,269,6,2,461,0.0003217144075727912,0.0015438669764764946,105,555087,0.0002354934172429249
BATCH-2025-03074,15,Connector,5622,2025-12-17,2026-01-05,5354,SK Hynix,Taiwan,40,342.16,65,0,0,0.0,0,455,12,4,275,0.00026051175061660777,0.0007352320636847295,93,436297,0.00020757696267843906
BATCH-2025-03075,41,Connector,1486,2025-03-25,2025-04-09,1471,HP,Japan,60,204.38,85,1,0,0.0,0,188,3,1,542,0.00012231852387452777,0.00025339821295037224,87,408153,0.00020757696267843906
BATCH-2026-03076,40,Display,5103,2026-06-17,2026-06-28,5052,Dell,China,20,392.38,81,0,0,0.0,0,637,6,2,93,0.00013234425192726218,0.0003712523513249762,101,498329,0.00016919115080672866
BATCH-2026-03077,47,Connector,1733,2026-07-20,2026-07-26,1708,Molex,Japan,37,191.75,76,0,0,0.0,0,670,7,3,60,0.00015063481442028842,0.00045023343696729267,102,507171,0.00020757696267843906
BATCH-2025-03078,33,Microcontroller,4797,2025-10-12,2025-10-24,4535,Denso,Taiwan,41,277.68,84,2,1,0.00020846362309776944,1,389,10,4,341,0.00013528007016307464,0.0006519489677036868,119,602071,0.00013908905895273712
BATCH-2026-03079,15,Microcontroller,6539,2026-08-20,2026-09-03,6385,SK Hynix,Taiwan,40,342.16,65,2,2,0.0003058571647040832,1,701,8,3,29,0.00026051175061660777,0.0007352320636847295,93,436297,0.00013908905895273712
BATCH-2024-03080,41,Camera,2182,2024-10-15,2024-10-26,2160,HP,Japan,60,204.38,85,0,0,0.0,0,27,10,4,703,0.00012231852387452777,0.00025339821295037224,87,408153,0.00017585459338616095
BATCH-2026-03081,35,Connector,5252,2026-03-24,2026-03-29,5199,Nokia,Japan,42,219.49,61,0,0,0.0,0,552,3,1,178,0.00019787338089100073,0.0003538789829112609,102,503406,0.00020757696267843906
BATCH-2025-03082,47,Display,9482,2025-12-09,2025-12-22,8941,Molex,Japan,37,191.75,76,2,1,0.0001054629824931449,0,447,12,4,283,0.00015063481442028842,0.00045023343696729267,102,507171,0.00016919115080672866
BATCH-2025-03083,19,Microcontroller,3463,2025-02-24,2025-03-16,3131,Sumitomo,USA,36,238.9,64,1,0,0.0,0,159,2,1,571,0.00016876737493119937,0.00039378300837730447,91,458378,0.00013908905895273712
BATCH-2026-03084,10,Charger,6923,2026-04-22,2026-05-05,6786,Panasonic,China,54,316.57,91,1,1,0.0001444460494005489,1,581,4,2,149,0.000144927638474753,0.0007549544377028447,94,435868,0.0002259435803313693
BATCH-2026-03085,26,Memory,5708,2026-08-08,2026-08-26,5530,Texas Instruments,South Korea,53,5.67,67,1,1,0.0001751927119831815,1,689,8,3,41,0.0002658174764162671,0.0009122443285503541,102,493376,0.00013960848603418856
BATCH-2025-03086,31,Processor,5556,2025-03-21,2025-04-09,5498,Kyocera,USA,35,236.61,85,0,0,0.0,0,184,3,1,546,0.00018411673535101585,0.0009126920964599268,104,605811,0.0001723848232239575
BATCH-2025-03087,50,Connector,4341,2025-12-05,2025-12-16,4243,APC,South Korea,30,481.03,64,1,1,0.000230361667818475,1,443,12,4,287,0.0002753509047441992,0.0007401953979905162,113,559124,0.00020757696267843906
BATCH-2025-03088,14,Microcontroller,2277,2025-08-07,2025-08-20,2152,STMicroelectronics,South Korea,31,23.81,77,0,0,0.0,0,323,8,3,407,0.0001573864901705702,0.00046936123067953895,91,385139,0.00013908905895273712
BATCH-2025-03089,4,Charger,8873,2025-04-04,2025-04-14,8661,Intel,China,48,393.46,88,0,0,0.0,0,198,4,2,532,0.00018841892264149143,0.0009961276293195824,96,400272,0.0002259435803313693
BATCH-2026-03090,8,Connector,7144,2026-07-03,2026-07-11,6543,LG Chem,South Korea,40,115.16,76,2,1,0.00013997760358342665,1,653,7,3,77,0.00013285380642027623,0.00028745834951003884,92,477433,0.00020757696267843906
BATCH-2025-03091,22,Microcontroller,3112,2025-03-26,2025-04-06,3081,Flex,China,43,157.56,86,1,1,0.00032133676092544985,1,189,3,1,541,6.527455789884103e-05,0.00021075148645526503,94,530055,0.00013908905895273712
BATCH-2025-03092,45,Motherboard,7179,2025-11-29,2025-12-12,6914,Pegatron,Taiwan,47,251.52,66,0,0,0.0,0,437,11,4,293,0.0001275169517997213,0.0003266025273992103,94,477190,0.0002354934172429249
BATCH-2026-03093,21,PCB,489,2026-05-15,2026-05-29,471,Jabil,Taiwan,58,416.67,76,0,0,0.0,0,604,5,2,126,0.00034128023110612925,0.0012045823376322067,117,579869,0.0002244207567666141
BATCH-2025-03094,18,Processor,5476,2025-01-14,2025-02-02,5399,Bosch,Germany,18,96.36,77,1,1,0.00018261504747991235,1,118,1,1,612,0.00021806730730221415,0.0007021012099867912,110,557568,0.0001723848232239575
BATCH-2026-03095,29,Processor,7229,2026-06-21,2026-06-29,6764,Seagate,Japan,40,285.23,77,1,0,0.0,0,641,6,2,89,0.00016256441034907573,0.0004929460254392659,92,456988,0.0001723848232239575
BATCH-2025-03096,49,Charger,1287,2025-07-28,2025-08-14,1232,Coherent,USA,42,45.65,73,0,0,0.0,0,313,7,3,417,0.00034438539861380375,0.0009931063632699735,93,417736,0.0002259435803313693
BATCH-2026-03097,40,Charger,469,2026-06-25,2026-07-09,464,Dell,China,20,392.38,81,1,1,0.0021321961620469083,1,645,6,2,85,0.00013234425192726218,0.0003712523513249762,101,498329,0.0002259435803313693
BATCH-2026-03098,29,Motherboard,6734,2026-04-11,2026-04-20,6667,Seagate,Japan,40,285.23,77,1,1,0.0001485001485001485,1,570,4,2,160,0.00016256441034907573,0.0004929460254392659,92,456988,0.0002354934172429249
BATCH-2025-03099,12,Memory,6844,2025-09-30,2025-10-20,6771,Amphenol,Germany,18,446.77,96,0,0,0.0,0,377,9,3,353,8.015372036339901e-05,0.00041034141517753633,113,576135,0.00013960848603418856
BATCH-2025-03100,21,PCB,6894,2025-11-13,2025-11-24,6772,Jabil,Taiwan,58,416.67,76,0,0,0.0,0,421,11,4,309,0.00034128023110612925,0.0012045823376322067,117,579869,0.0002244207567666141
BATCH-2026-03101,35,Microcontroller,8035,2026-04-01,2026-04-14,7807,Nokia,Japan,42,219.49,61,0,0,0.0,0,560,4,2,170,0.00019787338089100073,0.0003538789829112609,102,503406,0.00013908905895273712
BATCH-2026-03102,13,Memory,302,2026-08-19,2026-09-06,299,Onsemi,USA,46,98.93,89,0,0,0.0,0,700,8,3,30,0.00013306539717335389,0.0004888825988608853,89,428711,0.00013960848603418856
BATCH-2025-03103,7,Microcontroller,2383,2025-06-20,2025-07-01,2359,Foxconn,USA,50,411.74,84,1,1,0.000419639110365086,1,275,6,2,455,0.0003217144075727912,0.0015438669764764946,105,555087,0.00013908905895273712
BATCH-2024-03104,14,PCB,5354,2024-12-22,2025-01-09,5256,STMicroelectronics,South Korea,31,23.81,77,0,0,0.0,0,95,12,4,635,0.0001573864901705702,0.00046936123067953895,91,385139,0.0002244207567666141
BATCH-2025-03105,20,Memory,4423,2025-08-16,2025-08-23,4379,Delta Electronics,South Korea,30,335.57,68,1,1,0.00022609088853719196,1,332,8,3,398,0.00014552538396359592,0.00035285670745256997,82,427248,0.00013960848603418856
BATCH-2025-03106,28,Sensor,9651,2025-04-22,2025-05-02,8821,Kioxia,China,36,390.8,86,0,0,0.0,0,216,4,2,514,6.548471380186631e-05,0.00020932699508353792,108,509896,0.00016450590746445605
BATCH-2025-03107,4,Camera,9115,2025-12-07,2025-12-20,8946,Intel,China,48,393.46,88,0,0,0.0,0,445,12,4,285,0.00018841892264149143,0.0009961276293195824,96,400272,0.00017585459338616095
BATCH-2024-03108,41,Speaker,4542,2024-12-22,2025-01-01,4443,HP,Japan,60,204.38,85,0,0,0.0,0,95,12,4,635,0.00012231852387452777,0.00025339821295037224,87,408153,0.00019289953369198322
BATCH-2025-03109,34,Display,698,2025-06-11,2025-06-19,672,Renesas,China,19,153.37,81,0,0,0.0,0,266,6,2,464,0.00020629854890063796,0.000928870183527049,112,540044,0.00016919115080672866
BATCH-2026-03110,44,Connector,3241,2026-07-19,2026-08-04,3209,Wistron,South Korea,50,232.01,87,0,0,0.0,0,669,7,3,61,0.00010336577465557791,0.000380745741124954,117,590216,0.00020757696267843906
BATCH-2026-03111,5,Camera,6600,2026-08-02,2026-08-14,6227,Apple,Japan,38,226.29,64,0,0,0.0,0,683,8,3,47,0.00029304167774806515,0.0010333897385835877,92,488005,0.00017585459338616095
BATCH-2024-03112,5,Camera,5810,2024-12-13,2024-12-21,5526,Apple,Japan,38,226.29,64,4,3,0.0005163511187607573,1,86,12,4,644,0.00029304167774806515,0.0010333897385835877,92,488005,0.00017585459338616095
BATCH-2025-03113,19,Camera,609,2025-05-27,2025-06-06,587,Sumitomo,USA,36,238.9,64,0,0,0.0,0,251,5,2,479,0.00016876737493119937,0.00039378300837730447,91,458378,0.00017585459338616095
BATCH-2025-03114,45,Charger,4236,2025-12-05,2025-12-16,4194,Pegatron,Taiwan,47,251.52,66,3,3,0.000708215297450425,1,443,12,4,287,0.0001275169517997213,0.0003266025273992103,94,477190,0.0002259435803313693
BATCH-2026-03115,21,Display,1296,2026-06-16,2026-06-27,1221,Jabil,Taiwan,58,416.67,76,0,0,0.0,0,636,6,2,94,0.00034128023110612925,0.0012045823376322067,117,579869,0.00016919115080672866
BATCH-2026-03116,17,Connector,3221,2026-06-09,2026-06-15,3127,Mitsubishi,Japan,33,186.49,72,2,2,0.0006209251785159888,1,629,6,2,101,0.00014815223187369047,0.00046308585294764547,114,569061,0.00020757696267843906
BATCH-2026-03117,2,Camera,6825,2026-03-21,2026-03-29,6757,TSMC,South Korea,34,349.29,92,0,0,0.0,0,549,3,1,181,0.0001216095118122708,0.0004158402802419921,99,473547,0.00017585459338616095
BATCH-2025-03118,33,Speaker,2015,2025-12-27,2026-01-12,1923,Denso,Taiwan,41,277.68,84,0,0,0.0,0,465,12,4,265,0.00013528007016307464,0.0006519489677036868,119,602071,0.00019289953369198322
BATCH-2026-03119,45,Microcontroller,1814,2026-03-06,2026-03-19,1691,Pegatron,Taiwan,47,251.52,66,1,1,0.0005512679162072767,1,534,3,1,196,0.0001275169517997213,0.0003266025273992103,94,477190,0.00013908905895273712
BATCH-2026-03120,30,Sensor,5934,2026-01-19,2026-02-01,5327,Western Digital,Germany,16,59.04,65,1,1,0.00016852039096730705,1,488,1,1,242,0.00026662885278630423,0.0008545899187981254,93,459619,0.00016450590746445605
BATCH-2025-03121,48,Speaker,9605,2025-06-18,2025-06-30,9448,TE Connectivity,Germany,25,315.88,71,2,1,0.00010411244143675169,0,273,6,2,457,0.000215467021331229,0.0009668394253566584,108,542251,0.00019289953369198322
BATCH-2026-03122,3,Charger,613,2026-02-08,2026-02-23,579,Corning,Taiwan,24,487.86,63,2,2,0.0032626427406199023,1,508,2,1,222,0.0005290924687400791,0.0022824547846740364,105,511267,0.0002259435803313693
BATCH-2026-03123,46,Sensor,7273,2026-06-07,2026-06-20,6840,Liteon,China,58,348.77,65,1,0,0.0,0,627,6,2,103,0.000177376316521378,0.0004995509860038717,96,502846,0.00016450590746445605
BATCH-2026-03124,5,Fan,6165,2026-07-12,2026-07-30,5951,Apple,Japan,38,226.29,64,0,0,0.0,0,662,7,3,68,0.00029304167774806515,0.0010333897385835877,92,488005,0.00012855165100050963
BATCH-2025-03125,9,PCB,2480,2025-08-12,2025-08-29,2455,Sony,Taiwan,19,33.78,81,0,0,0.0,0,328,8,3,402,0.00014132799993781594,0.00029553061545999206,104,509780,0.0002244207567666141
BATCH-2026-03126,22,Display,3917,2026-03-09,2026-03-22,3701,Flex,China,43,157.56,86,0,0,0.0,0,537,3,1,193,6.527455789884103e-05,0.00021075148645526503,94,530055,0.00016919115080672866
BATCH-2026-03127,38,Connector,2941,2026-01-06,2026-01-13,2829,Xiaomi,South Korea,52,142.13,62,0,0,0.0,0,475,1,1,255,0.0002941454324685746,0.0007248486269555904,106,537180,0.00020757696267843906
BATCH-2024-03128,25,Microcontroller,3694,2024-10-17,2024-10-29,3626,Broadcom,USA,26,71.6,85,0,0,0.0,0,29,10,4,701,9.454505074439549e-05,0.0003137783114627588,84,481980,0.00013908905895273712
BATCH-2025-03129,32,Fan,930,2025-10-24,2025-11-03,921,Canon,South Korea,54,382.97,81,0,0,0.0,0,401,10,4,329,8.286140374041643e-05,0.0002525478149158471,93,484783,0.00012855165100050963
BATCH-2025-03130,34,Battery,9550,2025-09-12,2025-09-22,8604,Renesas,China,19,153.37,81,0,0,0.0,0,359,9,3,371,0.00020629854890063796,0.000928870183527049,112,540044,0.00021173401481822628
BATCH-2024-03131,1,Camera,1911,2024-11-18,2024-12-08,1810,Samsung,USA,19,220.56,89,0,0,0.0,0,61,11,4,669,0.00017219294545324894,0.0013891588805521986,106,504263,0.00017585459338616095
BATCH-2025-03132,40,Charger,2898,2025-10-30,2025-11-06,2685,Dell,China,20,392.38,81,0,0,0.0,0,407,10,4,323,0.00013234425192726218,0.0003712523513249762,101,498329,0.0002259435803313693
BATCH-2026-03133,18,Motherboard,2366,2026-07-28,2026-08-13,2319,Bosch,Germany,18,96.36,77,0,0,0.0,0,678,7,3,52,0.00021806730730221415,0.0007021012099867912,110,557568,0.0002354934172429249
BATCH-2024-03134,44,Connector,4842,2024-11-01,2024-11-08,4794,Wistron,South Korea,50,232.01,87,1,1,0.00020652622883106156,1,44,11,4,686,0.00010336577465557791,0.000380745741124954,117,590216,0.00020757696267843906
BATCH-2026-03135,6,Charger,3593,2026-02-23,2026-03-01,3452,NVIDIA,Germany,38,463.53,74,0,0,0.0,0,523,2,1,207,0.00023377595866623649,0.0009271237760431065,104,528560,0.0002259435803313693
BATCH-2025-03136,2,Connector,6861,2025-09-28,2025-10-04,6627,TSMC,South Korea,34,349.29,92,0,0,0.0,0,375,9,3,355,0.0001216095118122708,0.0004158402802419921,99,473547,0.00020757696267843906
BATCH-2026-03137,12,Display,5175,2026-02-04,2026-02-19,5123,Amphenol,Germany,18,446.77,96,0,0,0.0,0,504,2,1,226,8.015372036339901e-05,0.00041034141517753633,113,576135,0.00016919115080672866
BATCH-2026-03138,7,Charger,2380,2026-03-12,2026-03-29,2356,Foxconn,USA,50,411.74,84,0,0,0.0,0,540,3,1,190,0.0003217144075727912,0.0015438669764764946,105,555087,0.0002259435803313693
BATCH-2026-03139,1,Processor,8451,2026-07-11,2026-07-19,8119,Samsung,USA,19,220.56,89,0,0,0.0,0,661,7,3,69,0.00017219294545324894,0.0013891588805521986,106,504263,0.0001723848232239575
BATCH-2026-03140,44,Charger,2727,2026-03-29,2026-04-06,2613,Wistron,South Korea,50,232.01,87,0,0,0.0,0,557,3,1,173,0.00010336577465557791,0.000380745741124954,117,590216,0.0002259435803313693
BATCH-2026-03141,16,Camera,8098,2026-07-29,2026-08-11,8017,Hitachi,China,57,483.82,88,1,1,0.00012348728081007656,0,679,7,3,51,8.336477286677332e-05,0.0004697935134049564,95,503392,0.00017585459338616095
BATCH-2024-03142,42,PCB,188,2024-10-13,2024-11-01,175,Acer,Germany,34,85.15,90,0,0,0.0,0,25,10,4,705,5.058942432590356e-05,0.0001440589145000144,106,511239,0.0002244207567666141
BATCH-2024-03143,22,PCB,6686,2024-11-09,2024-11-19,6619,Flex,China,43,157.56,86,1,0,0.0,0,52,11,4,678,6.527455789884103e-05,0.00021075148645526503,94,530055,0.0002244207567666141
BATCH-2026-03144,36,Fan,9571,2026-07-02,2026-07-16,9169,Ericsson,Germany,60,205.45,68,0,0,0.0,0,652,7,3,78,0.00016582352511078637,0.0003750099810004351,109,536222,0.00012855165100050963
BATCH-2026-03145,40,Connector,8326,2026-02-11,2026-02-19,8243,Dell,China,20,392.38,81,0,0,0.0,0,511,2,1,219,0.00013234425192726218,0.0003712523513249762,101,498329,0.00020757696267843906
BATCH-2026-03146,47,Battery,2350,2026-05-23,2026-05-28,2218,Molex,Japan,37,191.75,76,0,0,0.0,0,612,5,2,118,0.00015063481442028842,0.00045023343696729267,102,507171,0.00021173401481822628
BATCH-2024-03147,12,Fan,5271,2024-11-05,2024-11-15,5145,Amphenol,Germany,18,446.77,96,1,1,0.00018971732119142478,1,48,11,4,682,8.015372036339901e-05,0.00041034141517753633,113,576135,0.00012855165100050963
BATCH-2025-03148,20,Connector,5067,2025-10-13,2025-10-21,5016,Delta Electronics,South Korea,30,335.57,68,1,1,0.00019735543714229328,1,390,10,4,340,0.00014552538396359592,0.00035285670745256997,82,427248,0.00020757696267843906
BATCH-2024-03149,1,Connector,5880,2024-12-12,2024-12-29,5547,Samsung,USA,19,220.56,89,1,0,0.0,0,85,12,4,645,0.00017219294545324894,0.0013891588805521986,106,504263,0.00020757696267843906
BATCH-2025-03150,34,Charger,6513,2025-01-08,2025-01-22,6284,Renesas,China,19,153.37,81,1,1,0.00015353907569476432,1,112,1,1,618,0.00020629854890063796,0.000928870183527049,112,540044,0.0002259435803313693
BATCH-2025-03151,13,Battery,4958,2025-01-16,2025-01-24,4618,Onsemi,USA,46,98.93,89,0,0,0.0,0,120,1,1,610,0.00013306539717335389,0.0004888825988608853,89,428711,0.00021173401481822628
BATCH-2026-03152,5,Camera,1289,2026-05-31,2026-06-15,1246,Apple,Japan,38,226.29,64,0,0,0.0,0,620,5,2,110,0.00029304167774806515,0.0010333897385835877,92,488005,0.00017585459338616095
BATCH-2025-03153,18,Display,4291,2025-01-14,2025-01-19,4153,Bosch,Germany,18,96.36,77,0,0,0.0,0,118,1,1,612,0.00021806730730221415,0.0007021012099867912,110,557568,0.00016919115080672866
BATCH-2026-03154,26,Motherboard,8138,2026-08-28,2026-09-04,7987,Texas Instruments,South Korea,53,5.67,67,2,1,0.0001228803145736053,0,709,8,3,21,0.0002658174764162671,0.0009122443285503541,102,493376,0.0002354934172429249
BATCH-2025-03155,42,Motherboard,7304,2025-05-04,2025-05-14,7048,Acer,Germany,34,85.15,90,0,0,0.0,0,228,5,2,502,5.058942432590356e-05,0.0001440589145000144,106,511239,0.0002354934172429249
BATCH-2025-03156,4,Microcontroller,1006,2025-06-10,2025-06-29,986,Intel,China,48,393.46,88,0,0,0.0,0,265,6,2,465,0.00018841892264149143,0.0009961276293195824,96,400272,0.00013908905895273712
BATCH-2026-03157,24,Memory,8240,2026-04-02,2026-04-15,7927,Qualcomm,Germany,53,145.59,74,0,0,0.0,0,561,4,2,169,0.00017211444124561363,0.00048508112533674527,88,458321,0.00013960848603418856
BATCH-2026-03158,19,PCB,859,2026-04-02,2026-04-14,850,Sumitomo,USA,36,238.9,64,1,1,0.0011641443538998836,1,561,4,2,169,0.00016876737493119937,0.00039378300837730447,91,458378,0.0002244207567666141
BATCH-2025-03159,17,Camera,1130,2025-04-20,2025-05-08,1072,Mitsubishi,Japan,33,186.49,72,1,1,0.0008849557522123894,1,214,4,2,516,0.00014815223187369047,0.00046308585294764547,114,569061,0.00017585459338616095
BATCH-2025-03160,36,Sensor,7496,2025-03-17,2025-03-22,6764,Ericsson,Germany,60,205.45,68,0,0,0.0,0,180,3,1,550,0.00016582352511078637,0.0003750099810004351,109,536222,0.00016450590746445605
BATCH-2026-03161,28,Processor,9757,2026-05-13,2026-05-26,9659,Kioxia,China,36,390.8,86,0,0,0.0,0,602,5,2,128,6.548471380186631e-05,0.00020932699508353792,108,509896,0.0001723848232239575
BATCH-2024-03162,38,Fan,4445,2024-10-16,2024-11-02,4018,Xiaomi,South Korea,52,142.13,62,1,0,0.0,0,28,10,4,702,0.0002941454324685746,0.0007248486269555904,106,537180,0.00012855165100050963
BATCH-2026-03163,33,Display,1234,2026-04-19,2026-05-07,1203,Denso,Taiwan,41,277.68,84,0,0,0.0,0,578,4,2,152,0.00013528007016307464,0.0006519489677036868,119,602071,0.00016919115080672866
BATCH-2026-03164,4,Charger,6486,2026-07-17,2026-08-04,6189,Intel,China,48,393.46,88,0,0,0.0,0,667,7,3,63,0.00018841892264149143,0.0009961276293195824,96,400272,0.0002259435803313693
BATCH-2025-03165,47,Camera,8556,2025-09-11,2025-09-24,8346,Molex,Japan,37,191.75,76,1,1,0.0001168770453482936,0,358,9,3,372,0.00015063481442028842,0.00045023343696729267,102,507171,0.00017585459338616095
BATCH-2024-03166,13,Power IC,4679,2024-11-22,2024-12-09,4632,Onsemi,USA,46,98.93,89,0,0,0.0,0,65,11,4,665,0.00013306539717335389,0.0004888825988608853,89,428711,0.00017735448108886377
BATCH-2025-03167,40,Battery,6859,2025-08-30,2025-09-16,6764,Dell,China,20,392.38,81,0,0,0.0,0,346,8,3,384,0.00013234425192726218,0.0003712523513249762,101,498329,0.00021173401481822628
BATCH-2024-03168,3,Fan,3602,2024-09-23,2024-10-05,3425,Corning,Taiwan,24,487.86,63,1,1,0.000277623542476402,1,5,9,3,725,0.0005290924687400791,0.0022824547846740364,105,511267,0.00012855165100050963
BATCH-2026-03169,36,Memory,7117,2026-06-21,2026-07-03,6889,Ericsson,Germany,60,205.45,68,1,1,0.0001405086412814388,1,641,6,2,89,0.00016582352511078637,0.0003750099810004351,109,536222,0.00013960848603418856
BATCH-2025-03170,28,Motherboard,713,2025-06-07,2025-06-14,681,Kioxia,China,36,390.8,86,0,0,0.0,0,262,6,2,468,6.548471380186631e-05,0.00020932699508353792,108,509896,0.0002354934172429249
BATCH-2024-03171,33,Speaker,2320,2024-10-24,2024-11-04,2282,Denso,Taiwan,41,277.68,84,1,1,0.0004310344827586207,1,36,10,4,694,0.00013528007016307464,0.0006519489677036868,119,602071,0.00019289953369198322
BATCH-2025-03172,10,Motherboard,3266,2025-01-06,2025-01-26,3137,Panasonic,China,54,316.57,91,0,0,0.0,0,110,1,1,620,0.000144927638474753,0.0007549544377028447,94,435868,0.0002354934172429249
BATCH-2025-03173,18,Processor,9005,2025-06-02,2025-06-19,8735,Bosch,Germany,18,96.36,77,0,0,0.0,0,257,6,2,473,0.00021806730730221415,0.0007021012099867912,110,557568,0.0001723848232239575
BATCH-2026-03174,7,Camera,4134,2026-06-09,2026-06-18,4093,Foxconn,USA,50,411.74,84,1,0,0.0,0,629,6,2,101,0.0003217144075727912,0.0015438669764764946,105,555087,0.00017585459338616095
BATCH-2025-03175,13,Power IC,4736,2025-09-19,2025-10-04,4689,Onsemi,USA,46,98.93,89,0,0,0.0,0,366,9,3,364,0.00013306539717335389,0.0004888825988608853,89,428711,0.00017735448108886377
BATCH-2025-03176,4,Motherboard,2918,2025-06-01,2025-06-21,2889,Intel,China,48,393.46,88,1,1,0.0003427004797806717,1,256,6,2,474,0.00018841892264149143,0.0009961276293195824,96,400272,0.0002354934172429249
BATCH-2025-03177,46,Sensor,1381,2025-03-03,2025-03-12,1292,Liteon,China,58,348.77,65,0,0,0.0,0,166,3,1,564,0.000177376316521378,0.0004995509860038717,96,502846,0.00016450590746445605
BATCH-2026-03178,42,PCB,1719,2026-01-15,2026-01-28,1702,Acer,Germany,34,85.15,90,0,0,0.0,0,484,1,1,246,5.058942432590356e-05,0.0001440589145000144,106,511239,0.0002244207567666141
BATCH-2026-03179,27,PCB,9918,2026-03-04,2026-03-20,9413,Infineon,Taiwan,51,333.1,89,1,1,0.00010082677959265981,0,532,3,1,198,0.00011089276239704126,0.00035581711278072977,111,553940,0.0002244207567666141
BATCH-2025-03180,44,Charger,6458,2025-03-09,2025-03-22,6147,Wistron,South Korea,50,232.01,87,0,0,0.0,0,172,3,1,558,0.00010336577465557791,0.000380745741124954,117,590216,0.0002259435803313693
BATCH-2026-03181,28,Microcontroller,8101,2026-05-30,2026-06-06,7808,Kioxia,China,36,390.8,86,0,0,0.0,0,619,5,2,111,6.548471380186631e-05,0.00020932699508353792,108,509896,0.00013908905895273712
BATCH-2026-03182,39,Sensor,2671,2026-09-06,2026-09-25,2589,Lenovo,Taiwan,57,331.63,71,1,0,0.0,0,718,9,3,12,0.00017438124238925042,0.000501056949565781,101,560841,0.00016450590746445605
BATCH-2025-03183,10,Camera,9722,2025-07-09,2025-07-14,9409,Panasonic,China,54,316.57,91,1,0,0.0,0,294,7,3,436,0.000144927638474753,0.0007549544377028447,94,435868,0.00017585459338616095
BATCH-2026-03184,30,Sensor,1840,2026-06-21,2026-06-27,1822,Western Digital,Germany,16,59.04,65,1,0,0.0,0,641,6,2,89,0.00026662885278630423,0.0008545899187981254,93,459619,0.00016450590746445605
BATCH-2024-03185,7,Charger,149,2024-09-28,2024-10-05,140,Foxconn,USA,50,411.74,84,2,2,0.013422818791946308,1,10,9,3,720,0.0003217144075727912,0.0015438669764764946,105,555087,0.0002259435803313693
BATCH-2025-03186,35,Speaker,3579,2025-07-31,2025-08-10,3412,Nokia,Japan,42,219.49,61,2,2,0.0005588153115395362,1,316,7,3,414,0.00019787338089100073,0.0003538789829112609,102,503406,0.00019289953369198322
BATCH-2025-03187,26,Fan,6607,2025-01-05,2025-01-13,6412,Texas Instruments,South Korea,53,5.67,67,1,0,0.0,0,109,1,1,621,0.0002658174764162671,0.0009122443285503541,102,493376,0.00012855165100050963
BATCH-2025-03188,18,Sensor,537,2025-07-07,2025-07-25,532,Bosch,Germany,18,96.36,77,2,1,0.00186219739292365,1,292,7,3,438,0.00021806730730221415,0.0007021012099867912,110,557568,0.00016450590746445605
BATCH-2026-03189,47,Power IC,9280,2026-08-17,2026-09-01,8915,Molex,Japan,37,191.75,76,0,0,0.0,0,698,8,3,32,0.00015063481442028842,0.00045023343696729267,102,507171,0.00017735448108886377
BATCH-2025-03190,21,Battery,1151,2025-11-06,2025-11-11,1026,Jabil,Taiwan,58,416.67,76,2,1,0.0008688097306689834,1,414,11,4,316,0.00034128023110612925,0.0012045823376322067,117,579869,0.00021173401481822628
BATCH-2025-03191,27,Sensor,5161,2025-09-23,2025-10-13,5109,Infineon,Taiwan,51,333.1,89,0,0,0.0,0,370,9,3,360,0.00011089276239704126,0.00035581711278072977,111,553940,0.00016450590746445605
BATCH-2024-03192,11,Camera,1894,2024-10-22,2024-11-01,1835,Murata,Japan,22,178.55,88,0,0,0.0,0,34,10,4,696,0.00015599689945027513,0.0009387029695731565,105,551463,0.00017585459338616095
BATCH-2025-03193,14,Speaker,8293,2025-09-30,2025-10-06,7904,STMicroelectronics,South Korea,31,23.81,77,0,0,0.0,0,377,9,3,353,0.0001573864901705702,0.00046936123067953895,91,385139,0.00019289953369198322
BATCH-2025-03194,37,Memory,4311,2025-05-03,2025-05-23,4188,Huawei,USA,60,118.5,92,1,1,0.00023196474135931338,1,227,5,2,503,0.00010426815057621344,0.0003557497462935021,91,442918,0.00013960848603418856
BATCH-2024-03195,30,Connector,8036,2024-10-17,2024-10-28,7386,Western Digital,Germany,16,59.04,65,1,0,0.0,0,29,10,4,701,0.00026662885278630423,0.0008545899187981254,93,459619,0.00020757696267843906
BATCH-2026-03196,8,Motherboard,1659,2026-05-25,2026-06-07,1616,LG Chem,South Korea,40,115.16,76,1,1,0.0006027727546714888,1,614,5,2,116,0.00013285380642027623,0.00028745834951003884,92,477433,0.0002354934172429249
BATCH-2024-03197,17,Battery,7884,2024-12-05,2024-12-23,7787,Mitsubishi,Japan,33,186.49,72,0,0,0.0,0,78,12,4,652,0.00014815223187369047,0.00046308585294764547,114,569061,0.00021173401481822628
BATCH-2024-03198,42,Power IC,8838,2024-12-23,2025-01-01,8674,Acer,Germany,34,85.15,90,0,0,0.0,0,96,12,4,634,5.058942432590356e-05,0.0001440589145000144,106,511239,0.00017735448108886377
BATCH-2025-03199,34,Fan,4944,2025-01-21,2025-01-29,4795,Renesas,China,19,153.37,81,2,1,0.0002022653721682848,1,125,1,1,605,0.00020629854890063796,0.000928870183527049,112,540044,0.00012855165100050963
BATCH-2025-03200,41,Memory,8148,2025-02-24,2025-03-03,8067,HP,Japan,60,204.38,85,0,0,0.0,0,159,2,1,571,0.00012231852387452777,0.00025339821295037224,87,408153,0.00013960848603418856
BATCH-2026-03201,41,Display,2791,2026-08-19,2026-09-06,2678,HP,Japan,60,204.38,85,0,0,0.0,0,700,8,3,30,0.00012231852387452777,0.00025339821295037224,87,408153,0.00016919115080672866
BATCH-2024-03202,4,Display,8992,2024-12-18,2024-12-27,8487,Intel,China,48,393.46,88,0,0,0.0,0,91,12,4,639,0.00018841892264149143,0.0009961276293195824,96,400272,0.00016919115080672866
BATCH-2026-03203,3,Charger,3331,2026-01-04,2026-01-16,3223,Corning,Taiwan,24,487.86,63,1,0,0.0,0,473,1,1,257,0.0005290924687400791,0.0022824547846740364,105,511267,0.0002259435803313693
BATCH-2025-03204,10,Charger,5382,2025-05-14,2025-05-24,5292,Panasonic,China,54,316.57,91,1,1,0.0001858045336306206,1,238,5,2,492,0.000144927638474753,0.0007549544377028447,94,435868,0.0002259435803313693
BATCH-2026-03205,17,Display,7012,2026-02-15,2026-03-02,6847,Mitsubishi,Japan,33,186.49,72,0,0,0.0,0,515,2,1,215,0.00014815223187369047,0.00046308585294764547,114,569061,0.00016919115080672866
BATCH-2025-03206,9,Motherboard,3435,2025-07-18,2025-07-30,3210,Sony,Taiwan,19,33.78,81,1,1,0.0002911208151382824,1,303,7,3,427,0.00014132799993781594,0.00029553061545999206,104,509780,0.0002354934172429249
BATCH-2026-03207,41,Connector,8214,2026-06-15,2026-06-28,8132,HP,Japan,60,204.38,85,0,0,0.0,0,635,6,2,95,0.00012231852387452777,0.00025339821295037224,87,408153,0.00020757696267843906
BATCH-2025-03208,34,Camera,7192,2025-08-09,2025-08-16,7120,Renesas,China,19,153.37,81,0,0,0.0,0,325,8,3,405,0.00020629854890063796,0.000928870183527049,112,540044,0.00017585459338616095
BATCH-2025-03209,48,PCB,9905,2025-11-10,2025-11-27,9654,TE Connectivity,Germany,25,315.88,71,3,3,0.00030287733467945484,1,418,11,4,312,0.000215467021331229,0.0009668394253566584,108,542251,0.0002244207567666141
BATCH-2026-03210,9,Microcontroller,6182,2026-07-30,2026-08-10,5897,Sony,Taiwan,19,33.78,81,1,1,0.00016175994823681658,1,680,7,3,50,0.00014132799993781594,0.00029553061545999206,104,509780,0.00013908905895273712
BATCH-2025-03211,29,Connector,3244,2025-09-27,2025-10-03,3107,Seagate,Japan,40,285.23,77,1,1,0.00030826140567200987,1,374,9,3,356,0.00016256441034907573,0.0004929460254392659,92,456988,0.00020757696267843906
BATCH-2024-03212,10,Battery,848,2024-10-28,2024-11-15,822,Panasonic,China,54,316.57,91,0,0,0.0,0,40,10,4,690,0.000144927638474753,0.0007549544377028447,94,435868,0.00021173401481822628
BATCH-2026-03213,5,Microcontroller,2466,2026-03-19,2026-04-03,2370,Apple,Japan,38,226.29,64,0,0,0.0,0,547,3,1,183,0.00029304167774806515,0.0010333897385835877,92,488005,0.00013908905895273712
BATCH-2025-03214,39,Motherboard,8173,2025-06-22,2025-07-12,8091,Lenovo,Taiwan,57,331.63,71,1,0,0.0,0,277,6,2,453,0.00017438124238925042,0.000501056949565781,101,560841,0.0002354934172429249
BATCH-2026-03215,47,Display,5449,2026-01-06,2026-01-25,5152,Molex,Japan,37,191.75,76,1,1,0.00018351991191044228,1,475,1,1,255,0.00015063481442028842,0.00045023343696729267,102,507171,0.00016919115080672866
BATCH-2025-03216,7,Connector,6960,2025-04-18,2025-05-06,6748,Foxconn,USA,50,411.74,84,1,0,0.0,0,212,4,2,518,0.0003217144075727912,0.0015438669764764946,105,555087,0.00020757696267843906
BATCH-2026-03217,13,Display,7130,2026-06-27,2026-07-11,6933,Onsemi,USA,46,98.93,89,1,0,0.0,0,647,6,2,83,0.00013306539717335389,0.0004888825988608853,89,428711,0.00016919115080672866
BATCH-2025-03218,7,Sensor,7239,2025-01-05,2025-01-23,7122,Foxconn,USA,50,411.74,84,1,1,0.0001381406271584473,1,109,1,1,621,0.0003217144075727912,0.0015438669764764946,105,555087,0.00016450590746445605
BATCH-2025-03219,34,Memory,4831,2025-05-21,2025-06-01,4707,Renesas,China,19,153.37,81,0,0,0.0,0,245,5,2,485,0.00020629854890063796,0.000928870183527049,112,540044,0.00013960848603418856
BATCH-2025-03220,12,Fan,8508,2025-05-17,2025-05-27,8346,Amphenol,Germany,18,446.77,96,1,0,0.0,0,241,5,2,489,8.015372036339901e-05,0.00041034141517753633,113,576135,0.00012855165100050963
BATCH-2024-03221,30,Camera,7362,2024-10-24,2024-11-04,7002,Western Digital,Germany,16,59.04,65,1,1,0.00013583265417006248,1,36,10,4,694,0.00026662885278630423,0.0008545899187981254,93,459619,0.00017585459338616095
BATCH-2026-03222,15,Connector,7906,2026-06-05,2026-06-14,7687,SK Hynix,Taiwan,40,342.16,65,0,0,0.0,0,625,6,2,105,0.00026051175061660777,0.0007352320636847295,93,436297,0.00020757696267843906
BATCH-2026-03223,24,Memory,3481,2026-05-22,2026-06-06,3101,Qualcomm,Germany,53,145.59,74,3,3,0.0008618213157138753,1,611,5,2,119,0.00017211444124561363,0.00048508112533674527,88,458321,0.00013960848603418856
BATCH-2025-03224,49,Charger,974,2025-12-16,2026-01-01,935,Coherent,USA,42,45.65,73,1,1,0.001026694045174538,1,454,12,4,276,0.00034438539861380375,0.0009931063632699735,93,417736,0.0002259435803313693
BATCH-2024-03225,42,Camera,5865,2024-10-26,2024-11-01,5746,Acer,Germany,34,85.15,90,0,0,0.0,0,38,10,4,692,5.058942432590356e-05,0.0001440589145000144,106,511239,0.00017585459338616095
BATCH-2026-03226,45,Display,4978,2026-01-27,2026-02-07,4788,Pegatron,Taiwan,47,251.52,66,2,1,0.0002008838891120932,1,496,1,1,234,0.0001275169517997213,0.0003266025273992103,94,477190,0.00016919115080672866
BATCH-2026-03227,31,Charger,6851,2026-06-17,2026-06-22,6616,Kyocera,USA,35,236.61,85,0,0,0.0,0,637,6,2,93,0.00018411673535101585,0.0009126920964599268,104,605811,0.0002259435803313693
BATCH-2025-03228,37,Motherboard,3644,2025-02-05,2025-02-23,3587,Huawei,USA,60,118.5,92,1,1,0.00027442371020856203,1,140,2,1,590,0.00010426815057621344,0.0003557497462935021,91,442918,0.0002354934172429249
BATCH-2025-03229,16,Connector,6883,2025-05-25,2025-06-11,6814,Hitachi,China,57,483.82,88,2,1,0.0001452854859799506,1,249,5,2,481,8.336477286677332e-05,0.0004697935134049564,95,503392,0.00020757696267843906
BATCH-2025-03230,2,Camera,633,2025-06-22,2025-06-27,627,TSMC,South Korea,34,349.29,92,0,0,0.0,0,277,6,2,453,0.0001216095118122708,0.0004158402802419921,99,473547,0.00017585459338616095
BATCH-2026-03231,49,PCB,6974,2026-04-23,2026-05-10,6467,Coherent,USA,42,45.65,73,2,2,0.00028677946659019213,1,582,4,2,148,0.00034438539861380375,0.0009931063632699735,93,417736,0.0002244207567666141
BATCH-2025-03232,43,Sensor,6278,2025-06-23,2025-06-29,5844,ASUSTeK,USA,30,46.84,60,2,2,0.00031857279388340236,1,278,6,2,452,0.00044469895714356904,0.0012463320250862553,87,411235,0.00016450590746445605
BATCH-2025-03233,36,Camera,7732,2025-10-02,2025-10-08,7183,Ericsson,Germany,60,205.45,68,2,2,0.0002586652871184687,1,379,10,4,351,0.00016582352511078637,0.0003750099810004351,109,536222,0.00017585459338616095
BATCH-2024-03234,48,Sensor,2408,2024-09-26,2024-10-12,2340,TE Connectivity,Germany,25,315.88,71,0,0,0.0,0,8,9,3,722,0.000215467021331229,0.0009668394253566584,108,542251,0.00016450590746445605
BATCH-2024-03235,35,Processor,7789,2024-10-08,2024-10-28,7143,Nokia,Japan,42,219.49,61,0,0,0.0,0,20,10,4,710,0.00019787338089100073,0.0003538789829112609,102,503406,0.0001723848232239575
BATCH-2026-03236,9,PCB,3697,2026-09-03,2026-09-08,3387,Sony,Taiwan,19,33.78,81,0,0,0.0,0,715,9,3,15,0.00014132799993781594,0.00029553061545999206,104,509780,0.0002244207567666141
BATCH-2025-03237,14,Memory,4501,2025-07-02,2025-07-19,4301,STMicroelectronics,South Korea,31,23.81,77,0,0,0.0,0,287,7,3,443,0.0001573864901705702,0.00046936123067953895,91,385139,0.00013960848603418856
BATCH-2026-03238,26,Microcontroller,4755,2026-04-22,2026-05-06,4583,Texas Instruments,South Korea,53,5.67,67,1,1,0.0002103049421661409,1,581,4,2,149,0.0002658174764162671,0.0009122443285503541,102,493376,0.00013908905895273712
BATCH-2025-03239,12,Charger,3085,2025-09-08,2025-09-20,3020,Amphenol,Germany,18,446.77,96,0,0,0.0,0,355,9,3,375,8.015372036339901e-05,0.00041034141517753633,113,576135,0.0002259435803313693
BATCH-2025-03240,1,PCB,2786,2025-04-29,2025-05-19,2758,Samsung,USA,19,220.56,89,1,0,0.0,0,223,4,2,507,0.00017219294545324894,0.0013891588805521986,106,504263,0.0002244207567666141
BATCH-2025-03241,9,Display,9647,2025-03-30,2025-04-14,9292,Sony,Taiwan,19,33.78,81,1,1,0.0001036591686534674,0,193,3,1,537,0.00014132799993781594,0.00029553061545999206,104,509780,0.00016919115080672866
BATCH-2025-03242,18,Power IC,4363,2025-07-18,2025-07-26,4319,Bosch,Germany,18,96.36,77,1,1,0.00022920009168003668,1,303,7,3,427,0.00021806730730221415,0.0007021012099867912,110,557568,0.00017735448108886377
BATCH-2024-03243,5,Connector,6484,2024-10-28,2024-11-17,6158,Apple,Japan,38,226.29,64,1,0,0.0,0,40,10,4,690,0.00029304167774806515,0.0010333897385835877,92,488005,0.00020757696267843906
BATCH-2024-03244,44,Memory,8995,2024-10-04,2024-10-21,8686,Wistron,South Korea,50,232.01,87,1,1,0.00011117287381878821,0,16,10,4,714,0.00010336577465557791,0.000380745741124954,117,590216,0.00013960848603418856
BATCH-2026-03245,12,Motherboard,9125,2026-04-03,2026-04-16,8970,Amphenol,Germany,18,446.77,96,0,0,0.0,0,562,4,2,168,8.015372036339901e-05,0.00041034141517753633,113,576135,0.0002354934172429249
BATCH-2026-03246,31,Battery,689,2026-04-22,2026-05-08,645,Kyocera,USA,35,236.61,85,0,0,0.0,0,581,4,2,149,0.00018411673535101585,0.0009126920964599268,104,605811,0.00021173401481822628
BATCH-2025-03247,14,Camera,5242,2025-09-17,2025-09-27,5169,STMicroelectronics,South Korea,31,23.81,77,1,1,0.00019076688286913393,1,364,9,3,366,0.0001573864901705702,0.00046936123067953895,91,385139,0.00017585459338616095
BATCH-2026-03248,9,Power IC,8093,2026-07-17,2026-08-04,7760,Sony,Taiwan,19,33.78,81,1,0,0.0,0,667,7,3,63,0.00014132799993781594,0.00029553061545999206,104,509780,0.00017735448108886377
BATCH-2026-03249,17,Connector,7154,2026-05-29,2026-06-13,7044,Mitsubishi,Japan,33,186.49,72,2,1,0.0001397819401733296,1,618,5,2,112,0.00014815223187369047,0.00046308585294764547,114,569061,0.00020757696267843906
BATCH-2026-03250,19,PCB,5934,2026-01-03,2026-01-13,5644,Sumitomo,USA,36,238.9,64,0,0,0.0,0,472,1,1,258,0.00016876737493119937,0.00039378300837730447,91,458378,0.0002244207567666141
BATCH-2024-03251,13,Speaker,3898,2024-12-24,2024-12-29,3803,Onsemi,USA,46,98.93,89,0,0,0.0,0,97,12,4,633,0.00013306539717335389,0.0004888825988608853,89,428711,0.00019289953369198322
BATCH-2026-03252,44,Fan,1203,2026-08-03,2026-08-19,1191,Wistron,South Korea,50,232.01,87,1,1,0.0008312551953449709,1,684,8,3,46,0.00010336577465557791,0.000380745741124954,117,590216,0.00012855165100050963
BATCH-2026-03253,36,Battery,3091,2026-08-20,2026-08-29,2850,Ericsson,Germany,60,205.45,68,1,0,0.0,0,701,8,3,29,0.00016582352511078637,0.0003750099810004351,109,536222,0.00021173401481822628
BATCH-2026-03254,36,Charger,8504,2026-05-14,2026-05-27,8419,Ericsson,Germany,60,205.45,68,1,1,0.00011759172154280339,0,603,5,2,127,0.00016582352511078637,0.0003750099810004351,109,536222,0.0002259435803313693
BATCH-2025-03255,22,Battery,4081,2025-01-07,2025-01-23,3848,Flex,China,43,157.56,86,1,0,0.0,0,111,1,1,619,6.527455789884103e-05,0.00021075148645526503,94,530055,0.00021173401481822628
BATCH-2025-03256,22,Speaker,7360,2025-01-12,2025-01-24,7286,Flex,China,43,157.56,86,1,1,0.0001358695652173913,1,116,1,1,614,6.527455789884103e-05,0.00021075148645526503,94,530055,0.00019289953369198322
BATCH-2026-03257,12,PCB,2079,2026-09-13,2026-09-29,2058,Amphenol,Germany,18,446.77,96,1,1,0.000481000481000481,1,725,9,3,5,8.015372036339901e-05,0.00041034141517753633,113,576135,0.0002244207567666141
BATCH-2026-03258,17,Memory,8080,2026-05-18,2026-05-24,7573,Mitsubishi,Japan,33,186.49,72,2,1,0.00012376237623762376,0,607,5,2,123,0.00014815223187369047,0.00046308585294764547,114,569061,0.00013960848603418856
BATCH-2026-03259,46,Camera,431,2026-01-16,2026-01-29,406,Liteon,China,58,348.77,65,0,0,0.0,0,485,1,1,245,0.000177376316521378,0.0004995509860038717,96,502846,0.00017585459338616095
BATCH-2026-03260,28,Microcontroller,7660,2026-09-06,2026-09-16,7462,Kioxia,China,36,390.8,86,0,0,0.0,0,718,9,3,12,6.548471380186631e-05,0.00020932699508353792,108,509896,0.00013908905895273712
BATCH-2026-03261,47,Fan,1730,2026-08-28,2026-09-11,1713,Molex,Japan,37,191.75,76,2,1,0.0005780346820809249,1,709,8,3,21,0.00015063481442028842,0.00045023343696729267,102,507171,0.00012855165100050963
BATCH-2026-03262,39,Microcontroller,1215,2026-05-01,2026-05-09,1178,Lenovo,Taiwan,57,331.63,71,1,1,0.0008230452674897119,1,590,5,2,140,0.00017438124238925042,0.000501056949565781,101,560841,0.00013908905895273712
BATCH-2026-03263,12,Camera,3264,2026-07-07,2026-07-24,3192,Amphenol,Germany,18,446.77,96,0,0,0.0,0,657,7,3,73,8.015372036339901e-05,0.00041034141517753633,113,576135,0.00017585459338616095
BATCH-2026-03264,34,Fan,2811,2026-08-07,2026-08-18,2689,Renesas,China,19,153.37,81,0,0,0.0,0,688,8,3,42,0.00020629854890063796,0.000928870183527049,112,540044,0.00012855165100050963
BATCH-2024-03265,38,Speaker,7691,2024-11-22,2024-11-29,7359,Xiaomi,South Korea,52,142.13,62,1,0,0.0,0,65,11,4,665,0.0002941454324685746,0.0007248486269555904,106,537180,0.00019289953369198322
BATCH-2026-03266,43,Fan,2698,2026-09-02,2026-09-22,2508,ASUSTeK,USA,30,46.84,60,0,0,0.0,0,714,9,3,16,0.00044469895714356904,0.0012463320250862553,87,411235,0.00012855165100050963
BATCH-2025-03267,40,Display,3409,2025-12-28,2026-01-03,3242,Dell,China,20,392.38,81,0,0,0.0,0,466,12,4,264,0.00013234425192726218,0.0003712523513249762,101,498329,0.00016919115080672866
BATCH-2026-03268,20,Connector,137,2026-01-11,2026-01-17,132,Delta Electronics,South Korea,30,335.57,68,0,0,0.0,0,480,1,1,250,0.00014552538396359592,0.00035285670745256997,82,427248,0.00020757696267843906
BATCH-2026-03269,11,Camera,8366,2026-04-08,2026-04-14,8120,Murata,Japan,22,178.55,88,0,0,0.0,0,567,4,2,163,0.00015599689945027513,0.0009387029695731565,105,551463,0.00017585459338616095
BATCH-2025-03270,43,Fan,3436,2025-05-13,2025-05-20,3253,ASUSTeK,USA,30,46.84,60,4,4,0.0011641443538998836,1,237,5,2,493,0.00044469895714356904,0.0012463320250862553,87,411235,0.00012855165100050963
BATCH-2026-03271,30,Camera,8966,2026-04-15,2026-04-28,8335,Western Digital,Germany,16,59.04,65,4,1,0.00011153245594467991,0,574,4,2,156,0.00026662885278630423,0.0008545899187981254,93,459619,0.00017585459338616095
BATCH-2024-03272,18,Microcontroller,6772,2024-10-07,2024-10-25,6478,Bosch,Germany,18,96.36,77,1,1,0.00014766686355581807,1,19,10,4,711,0.00021806730730221415,0.0007021012099867912,110,557568,0.00013908905895273712
BATCH-2026-03273,22,Battery,9429,2026-09-02,2026-09-09,9335,Flex,China,43,157.56,86,0,0,0.0,0,714,9,3,16,6.527455789884103e-05,0.00021075148645526503,94,530055,0.00021173401481822628
BATCH-2024-03274,17,Power IC,6811,2024-10-10,2024-10-23,6320,Mitsubishi,Japan,33,186.49,72,3,1,0.00014682131845543972,1,22,10,4,708,0.00014815223187369047,0.00046308585294764547,114,569061,0.00017735448108886377
BATCH-2025-03275,39,Display,411,2025-09-08,2025-09-24,391,Lenovo,Taiwan,57,331.63,71,0,0,0.0,0,355,9,3,375,0.00017438124238925042,0.000501056949565781,101,560841,0.00016919115080672866
BATCH-2025-03276,26,Connector,7128,2025-02-12,2025-03-03,6679,Texas Instruments,South Korea,53,5.67,67,1,0,0.0,0,147,2,1,583,0.0002658174764162671,0.0009122443285503541,102,493376,0.00020757696267843906
BATCH-2024-03277,19,Motherboard,5070,2024-11-12,2024-11-18,4576,Sumitomo,USA,36,238.9,64,3,2,0.0003944773175542406,1,55,11,4,675,0.00016876737493119937,0.00039378300837730447,91,458378,0.0002354934172429249
BATCH-2025-03278,21,Display,5943,2025-02-14,2025-02-21,5642,Jabil,Taiwan,58,416.67,76,0,0,0.0,0,149,2,1,581,0.00034128023110612925,0.0012045823376322067,117,579869,0.00016919115080672866
BATCH-2025-03279,20,Charger,3468,2025-05-23,2025-06-03,3423,Delta Electronics,South Korea,30,335.57,68,0,0,0.0,0,247,5,2,483,0.00014552538396359592,0.00035285670745256997,82,427248,0.0002259435803313693
BATCH-2026-03280,42,Motherboard,5321,2026-08-11,2026-08-25,5095,Acer,Germany,34,85.15,90,0,0,0.0,0,692,8,3,38,5.058942432590356e-05,0.0001440589145000144,106,511239,0.0002354934172429249
BATCH-2025-03281,39,Battery,2101,2025-11-29,2025-12-18,2003,Lenovo,Taiwan,57,331.63,71,0,0,0.0,0,437,11,4,293,0.00017438124238925042,0.000501056949565781,101,560841,0.00021173401481822628
BATCH-2025-03282,17,Speaker,1542,2025-07-03,2025-07-23,1464,Mitsubishi,Japan,33,186.49,72,0,0,0.0,0,288,7,3,442,0.00014815223187369047,0.00046308585294764547,114,569061,0.00019289953369198322
BATCH-2025-03283,2,Connector,606,2025-04-25,2025-05-13,600,TSMC,South Korea,34,349.29,92,0,0,0.0,0,219,4,2,511,0.0001216095118122708,0.0004158402802419921,99,473547,0.00020757696267843906
BATCH-2026-03284,20,Motherboard,6589,2026-05-01,2026-05-17,6363,Delta Electronics,South Korea,30,335.57,68,1,1,0.00015176809834572774,1,590,5,2,140,0.00014552538396359592,0.00035285670745256997,82,427248,0.0002354934172429249
BATCH-2026-03285,17,Sensor,5675,2026-01-19,2026-01-31,5500,Mitsubishi,Japan,33,186.49,72,1,1,0.0001762114537444934,1,488,1,1,242,0.00014815223187369047,0.00046308585294764547,114,569061,0.00016450590746445605
BATCH-2025-03286,23,Display,4801,2025-07-13,2025-07-30,4705,ASE,Japan,50,402.77,91,1,1,0.00020828993959591752,1,298,7,3,432,6.663525433902222e-05,0.00015954052120490043,90,441864,0.00016919115080672866
BATCH-2025-03287,26,Camera,3862,2025-04-22,2025-04-29,3717,Texas Instruments,South Korea,53,5.67,67,1,0,0.0,0,216,4,2,514,0.0002658174764162671,0.0009122443285503541,102,493376,0.00017585459338616095
BATCH-2026-03288,48,PCB,3707,2026-08-03,2026-08-14,3521,TE Connectivity,Germany,25,315.88,71,1,1,0.0002697599136768276,1,684,8,3,46,0.000215467021331229,0.0009668394253566584,108,542251,0.0002244207567666141
BATCH-2026-03289,1,Fan,8654,2026-08-21,2026-08-27,8057,Samsung,USA,19,220.56,89,0,0,0.0,0,702,8,3,28,0.00017219294545324894,0.0013891588805521986,106,504263,0.00012855165100050963
BATCH-2025-03290,43,Microcontroller,2070,2025-06-15,2025-06-24,2049,ASUSTeK,USA,30,46.84,60,1,1,0.0004830917874396135,1,270,6,2,460,0.00044469895714356904,0.0012463320250862553,87,411235,0.00013908905895273712
BATCH-2025-03291,21,Speaker,6777,2025-02-12,2025-02-17,6333,Jabil,Taiwan,58,416.67,76,1,1,0.00014755791648221928,1,147,2,1,583,0.00034128023110612925,0.0012045823376322067,117,579869,0.00019289953369198322
BATCH-2025-03292,38,Power IC,2704,2025-02-03,2025-02-12,2525,Xiaomi,South Korea,52,142.13,62,3,2,0.0007396449704142012,1,138,2,1,592,0.0002941454324685746,0.0007248486269555904,106,537180,0.00017735448108886377
BATCH-2025-03293,50,Motherboard,8999,2025-10-10,2025-10-21,8204,APC,South Korea,30,481.03,64,2,2,0.00022224691632403602,1,387,10,4,343,0.0002753509047441992,0.0007401953979905162,113,559124,0.0002354934172429249
BATCH-2025-03294,41,Microcontroller,3959,2025-12-24,2026-01-10,3919,HP,Japan,60,204.38,85,1,1,0.00025258903763576663,1,462,12,4,268,0.00012231852387452777,0.00025339821295037224,87,408153,0.00013908905895273712
BATCH-2024-03295,49,Memory,513,2024-12-13,2024-12-29,494,Coherent,USA,42,45.65,73,1,1,0.001949317738791423,1,86,12,4,644,0.00034438539861380375,0.0009931063632699735,93,417736,0.00013960848603418856
BATCH-2025-03296,22,Power IC,891,2025-05-31,2025-06-12,881,Flex,China,43,157.56,86,0,0,0.0,0,255,5,2,475,6.527455789884103e-05,0.00021075148645526503,94,530055,0.00017735448108886377
BATCH-2024-03297,5,Power IC,9036,2024-10-27,2024-11-16,8369,Apple,Japan,38,226.29,64,2,2,0.0002213368747233289,1,39,10,4,691,0.00029304167774806515,0.0010333897385835877,92,488005,0.00017735448108886377
BATCH-2026-03298,5,Motherboard,8443,2026-06-01,2026-06-19,7932,Apple,Japan,38,226.29,64,1,1,0.00011844131232974062,0,621,6,2,109,0.00029304167774806515,0.0010333897385835877,92,488005,0.0002354934172429249
BATCH-2025-03299,24,Motherboard,1767,2025-11-13,2025-11-26,1670,Qualcomm,Germany,53,145.59,74,0,0,0.0,0,421,11,4,309,0.00017211444124561363,0.00048508112533674527,88,458321,0.0002354934172429249
BATCH-2025-03300,50,Processor,5524,2025-10-25,2025-11-08,5458,APC,South Korea,30,481.03,64,1,0,0.0,0,402,10,4,328,0.0002753509047441992,0.0007401953979905162,113,559124,0.0001723848232239575
BATCH-2024-03301,21,Processor,7550,2024-10-26,2024-11-10,7421,Jabil,Taiwan,58,416.67,76,0,0,0.0,0,38,10,4,692,0.00034128023110612925,0.0012045823376322067,117,579869,0.0001723848232239575
BATCH-2024-03302,23,Sensor,7032,2024-12-12,2024-12-19,6962,ASE,Japan,50,402.77,91,1,1,0.0001422070534698521,1,85,12,4,645,6.663525433902222e-05,0.00015954052120490043,90,441864,0.00016450590746445605
BATCH-2026-03303,42,Connector,2908,2026-08-22,2026-09-05,2772,Acer,Germany,34,85.15,90,1,0,0.0,0,703,8,3,27,5.058942432590356e-05,0.0001440589145000144,106,511239,0.00020757696267843906
BATCH-2026-03304,6,Display,8108,2026-06-23,2026-07-03,7614,NVIDIA,Germany,38,463.53,74,0,0,0.0,0,643,6,2,87,0.00023377595866623649,0.0009271237760431065,104,528560,0.00016919115080672866
BATCH-2025-03305,4,Power IC,3382,2025-07-24,2025-08-11,3289,Intel,China,48,393.46,88,0,0,0.0,0,309,7,3,421,0.00018841892264149143,0.0009961276293195824,96,400272,0.00017735448108886377
BATCH-2025-03306,50,PCB,4190,2025-02-10,2025-03-01,3987,APC,South Korea,30,481.03,64,2,1,0.00023866348448687351,1,145,2,1,585,0.0002753509047441992,0.0007401953979905162,113,559124,0.0002244207567666141
BATCH-2025-03307,8,Battery,6026,2025-05-02,2025-05-16,5966,LG Chem,South Korea,40,115.16,76,0,0,0.0,0,226,5,2,504,0.00013285380642027623,0.00028745834951003884,92,477433,0.00021173401481822628
BATCH-2026-03308,38,Processor,1233,2026-03-01,2026-03-15,1190,Xiaomi,South Korea,52,142.13,62,1,1,0.0008110300081103001,1,529,3,1,201,0.0002941454324685746,0.0007248486269555904,106,537180,0.0001723848232239575
BATCH-2026-03309,21,Speaker,7644,2026-01-20,2026-01-30,7191,Jabil,Taiwan,58,416.67,76,0,0,0.0,0,489,1,1,241,0.00034128023110612925,0.0012045823376322067,117,579869,0.00019289953369198322
BATCH-2025-03310,48,Camera,3067,2025-02-20,2025-03-06,2995,TE Connectivity,Germany,25,315.88,71,1,1,0.00032605151613955004,1,155,2,1,575,0.000215467021331229,0.0009668394253566584,108,542251,0.00017585459338616095
BATCH-2024-03311,47,Sensor,4723,2024-11-07,2024-11-26,4514,Molex,Japan,37,191.75,76,1,1,0.00021172983273343214,1,50,11,4,680,0.00015063481442028842,0.00045023343696729267,102,507171,0.00016450590746445605
BATCH-2025-03312,8,Memory,776,2025-08-06,2025-08-20,750,LG Chem,South Korea,40,115.16,76,0,0,0.0,0,322,8,3,408,0.00013285380642027623,0.00028745834951003884,92,477433,0.00013960848603418856
BATCH-2025-03313,34,Processor,6223,2025-02-27,2025-03-15,6066,Renesas,China,19,153.37,81,0,0,0.0,0,162,2,1,568,0.00020629854890063796,0.000928870183527049,112,540044,0.0001723848232239575
BATCH-2026-03314,19,Sensor,3482,2026-06-21,2026-07-06,3263,Sumitomo,USA,36,238.9,64,0,0,0.0,0,641,6,2,89,0.00016876737493119937,0.00039378300837730447,91,458378,0.00016450590746445605
BATCH-2024-03315,29,Processor,8859,2024-09-19,2024-10-05,8762,Seagate,Japan,40,285.23,77,1,1,0.00011287955751213455,0,1,9,3,729,0.00016256441034907573,0.0004929460254392659,92,456988,0.0001723848232239575
BATCH-2026-03316,18,Processor,9492,2026-03-31,2026-04-05,9274,Bosch,Germany,18,96.36,77,0,0,0.0,0,559,3,1,171,0.00021806730730221415,0.0007021012099867912,110,557568,0.0001723848232239575
BATCH-2026-03317,48,Power IC,206,2026-02-10,2026-02-21,198,TE Connectivity,Germany,25,315.88,71,1,1,0.0048543689320388345,1,510,2,1,220,0.000215467021331229,0.0009668394253566584,108,542251,0.00017735448108886377
BATCH-2025-03318,32,Processor,6356,2025-12-25,2026-01-04,6275,Canon,South Korea,54,382.97,81,1,1,0.00015733165512901197,1,463,12,4,267,8.286140374041643e-05,0.0002525478149158471,93,484783,0.0001723848232239575
BATCH-2026-03319,8,Battery,4578,2026-02-22,2026-03-14,4386,LG Chem,South Korea,40,115.16,76,1,1,0.00021843599825251202,1,522,2,1,208,0.00013285380642027623,0.00028745834951003884,92,477433,0.00021173401481822628
BATCH-2024-03320,32,PCB,1842,2024-10-29,2024-11-13,1824,Canon,South Korea,54,382.97,81,0,0,0.0,0,41,10,4,689,8.286140374041643e-05,0.0002525478149158471,93,484783,0.0002244207567666141
BATCH-2025-03321,18,Sensor,1210,2025-05-24,2025-06-08,1158,Bosch,Germany,18,96.36,77,0,0,0.0,0,248,5,2,482,0.00021806730730221415,0.0007021012099867912,110,557568,0.00016450590746445605
BATCH-2026-03322,9,Sensor,7662,2026-06-25,2026-07-06,7347,Sony,Taiwan,19,33.78,81,1,1,0.00013051422605063953,0,645,6,2,85,0.00014132799993781594,0.00029553061545999206,104,509780,0.00016450590746445605
BATCH-2026-03323,47,Motherboard,5553,2026-01-23,2026-02-02,5497,Molex,Japan,37,191.75,76,0,0,0.0,0,492,1,1,238,0.00015063481442028842,0.00045023343696729267,102,507171,0.0002354934172429249
BATCH-2026-03324,34,Display,5232,2026-02-18,2026-02-26,4982,Renesas,China,19,153.37,81,0,0,0.0,0,518,2,1,212,0.00020629854890063796,0.000928870183527049,112,540044,0.00016919115080672866
BATCH-2025-03325,27,Microcontroller,8593,2025-08-24,2025-09-12,8507,Infineon,Taiwan,51,333.1,89,0,0,0.0,0,340,8,3,390,0.00011089276239704126,0.00035581711278072977,111,553940,0.00013908905895273712
BATCH-2026-03326,47,Processor,4913,2026-08-03,2026-08-19,4798,Molex,Japan,37,191.75,76,2,1,0.0002035416242621616,1,684,8,3,46,0.00015063481442028842,0.00045023343696729267,102,507171,0.0001723848232239575
BATCH-2024-03327,11,Camera,9126,2024-10-22,2024-11-11,9035,Murata,Japan,22,178.55,88,3,1,0.00010957703265395574,0,34,10,4,696,0.00015599689945027513,0.0009387029695731565,105,551463,0.00017585459338616095
BATCH-2025-03328,23,Processor,3319,2025-03-12,2025-03-29,3233,ASE,Japan,50,402.77,91,0,0,0.0,0,175,3,1,555,6.663525433902222e-05,0.00015954052120490043,90,441864,0.0001723848232239575
BATCH-2025-03329,4,Speaker,7138,2025-04-14,2025-05-03,7067,Intel,China,48,393.46,88,0,0,0.0,0,208,4,2,522,0.00018841892264149143,0.0009961276293195824,96,400272,0.00019289953369198322
BATCH-2025-03330,24,Microcontroller,2541,2025-12-19,2025-12-25,2457,Qualcomm,Germany,53,145.59,74,1,1,0.0003935458480913026,1,457,12,4,273,0.00017211444124561363,0.00048508112533674527,88,458321,0.00013908905895273712
BATCH-2025-03331,48,Battery,8808,2025-11-15,2025-11-21,8437,TE Connectivity,Germany,25,315.88,71,3,2,0.00022706630336058128,1,423,11,4,307,0.000215467021331229,0.0009668394253566584,108,542251,0.00021173401481822628
BATCH-2026-03332,23,Power IC,8625,2026-06-25,2026-07-08,8539,ASE,Japan,50,402.77,91,0,0,0.0,0,645,6,2,85,6.663525433902222e-05,0.00015954052120490043,90,441864,0.00017735448108886377
BATCH-2024-03333,5,Power IC,7756,2024-09-29,2024-10-13,7574,Apple,Japan,38,226.29,64,1,1,0.00012893243940175349,0,11,9,3,719,0.00029304167774806515,0.0010333897385835877,92,488005,0.00017735448108886377
BATCH-2025-03334,46,Microcontroller,6389,2025-12-21,2026-01-03,5966,Liteon,China,58,348.77,65,0,0,0.0,0,459,12,4,271,0.000177376316521378,0.0004995509860038717,96,502846,0.00013908905895273712
BATCH-2026-03335,27,Sensor,8278,2026-04-02,2026-04-12,8195,Infineon,Taiwan,51,333.1,89,1,0,0.0,0,561,4,2,169,0.00011089276239704126,0.00035581711278072977,111,553940,0.00016450590746445605
BATCH-2026-03336,26,Connector,676,2026-06-03,2026-06-10,649,Texas Instruments,South Korea,53,5.67,67,0,0,0.0,0,623,6,2,107,0.0002658174764162671,0.0009122443285503541,102,493376,0.00020757696267843906
BATCH-2026-03337,11,Connector,7221,2026-07-01,2026-07-09,7149,Murata,Japan,22,178.55,88,1,1,0.00013848497438027975,1,651,7,3,79,0.00015599689945027513,0.0009387029695731565,105,551463,0.00020757696267843906
BATCH-2025-03338,12,PCB,2308,2025-07-08,2025-07-21,2176,Amphenol,Germany,18,446.77,96,1,1,0.0004332755632582322,1,293,7,3,437,8.015372036339901e-05,0.00041034141517753633,113,576135,0.0002244207567666141
BATCH-2026-03339,40,Memory,4623,2026-08-13,2026-09-02,4577,Dell,China,20,392.38,81,0,0,0.0,0,694,8,3,36,0.00013234425192726218,0.0003712523513249762,101,498329,0.00013960848603418856
BATCH-2026-03340,50,Fan,8073,2026-03-19,2026-03-29,7940,APC,South Korea,30,481.03,64,1,1,0.0001238696890870804,0,547,3,1,183,0.0002753509047441992,0.0007401953979905162,113,559124,0.00012855165100050963
BATCH-2026-03341,42,Charger,7452,2026-04-13,2026-05-01,7105,Acer,Germany,34,85.15,90,1,0,0.0,0,572,4,2,158,5.058942432590356e-05,0.0001440589145000144,106,511239,0.0002259435803313693
BATCH-2025-03342,9,Microcontroller,483,2025-02-28,2025-03-14,478,Sony,Taiwan,19,33.78,81,0,0,0.0,0,163,2,1,567,0.00014132799993781594,0.00029553061545999206,104,509780,0.00013908905895273712
BATCH-2025-03343,21,Processor,6215,2025-09-25,2025-10-08,5844,Jabil,Taiwan,58,416.67,76,1,1,0.00016090104585679806,1,372,9,3,358,0.00034128023110612925,0.0012045823376322067,117,579869,0.0001723848232239575
BATCH-2025-03344,19,Battery,485,2025-01-28,2025-02-02,447,Sumitomo,USA,36,238.9,64,1,0,0.0,0,132,1,1,598,0.00016876737493119937,0.00039378300837730447,91,458378,0.00021173401481822628
BATCH-2026-03345,24,Power IC,8103,2026-05-17,2026-05-28,7966,Qualcomm,Germany,53,145.59,74,1,0,0.0,0,606,5,2,124,0.00017211444124561363,0.00048508112533674527,88,458321,0.00017735448108886377
BATCH-2026-03346,30,Motherboard,3212,2026-06-27,2026-07-08,3180,Western Digital,Germany,16,59.04,65,0,0,0.0,0,647,6,2,83,0.00026662885278630423,0.0008545899187981254,93,459619,0.0002354934172429249
BATCH-2026-03347,41,Display,2136,2026-04-22,2026-04-28,2115,HP,Japan,60,204.38,85,1,1,0.00046816479400749064,1,581,4,2,149,0.00012231852387452777,0.00025339821295037224,87,408153,0.00016919115080672866
BATCH-2025-03348,1,Display,1618,2025-05-23,2025-06-06,1602,Samsung,USA,19,220.56,89,0,0,0.0,0,247,5,2,483,0.00017219294545324894,0.0013891588805521986,106,504263,0.00016919115080672866
BATCH-2025-03349,50,Processor,6914,2025-01-15,2025-01-25,6635,APC,South Korea,30,481.03,64,1,1,0.0001446340757882557,1,119,1,1,611,0.0002753509047441992,0.0007401953979905162,113,559124,0.0001723848232239575
BATCH-2026-03350,18,Fan,3894,2026-05-06,2026-05-26,3855,Bosch,Germany,18,96.36,77,2,1,0.00025680534155110427,1,595,5,2,135,0.00021806730730221415,0.0007021012099867912,110,557568,0.00012855165100050963
BATCH-2025-03351,36,Connector,3450,2025-08-17,2025-08-26,3297,Ericsson,Germany,60,205.45,68,4,2,0.0005797101449275362,1,333,8,3,397,0.00016582352511078637,0.0003750099810004351,109,536222,0.00020757696267843906
BATCH-2025-03352,15,Sensor,7176,2025-02-26,2025-03-12,6758,SK Hynix,Taiwan,40,342.16,65,0,0,0.0,0,161,2,1,569,0.00026051175061660777,0.0007352320636847295,93,436297,0.00016450590746445605
BATCH-2025-03353,2,Connector,102,2025-12-04,2025-12-14,101,TSMC,South Korea,34,349.29,92,0,0,0.0,0,442,12,4,288,0.0001216095118122708,0.0004158402802419921,99,473547,0.00020757696267843906
BATCH-2025-03354,45,Charger,9209,2025-02-10,2025-02-19,8411,Pegatron,Taiwan,47,251.52,66,1,1,0.0001085894233901618,0,145,2,1,585,0.0001275169517997213,0.0003266025273992103,94,477190,0.0002259435803313693
BATCH-2026-03355,37,PCB,5574,2026-04-21,2026-05-06,5518,Huawei,USA,60,118.5,92,1,0,0.0,0,580,4,2,150,0.00010426815057621344,0.0003557497462935021,91,442918,0.0002244207567666141
BATCH-2026-03356,34,Power IC,4471,2026-01-07,2026-01-23,4232,Renesas,China,19,153.37,81,0,0,0.0,0,476,1,1,254,0.00020629854890063796,0.000928870183527049,112,540044,0.00017735448108886377
BATCH-2026-03357,48,Motherboard,9522,2026-03-20,2026-04-08,8840,TE Connectivity,Germany,25,315.88,71,1,1,0.00010501995379122033,0,548,3,1,182,0.000215467021331229,0.0009668394253566584,108,542251,0.0002354934172429249
BATCH-2025-03358,10,PCB,3983,2025-08-18,2025-09-03,3943,Panasonic,China,54,316.57,91,1,1,0.00025106703489831785,1,334,8,3,396,0.000144927638474753,0.0007549544377028447,94,435868,0.0002244207567666141
BATCH-2026-03359,4,PCB,4144,2026-04-16,2026-04-25,4085,Intel,China,48,393.46,88,1,0,0.0,0,575,4,2,155,0.00018841892264149143,0.0009961276293195824,96,400272,0.0002244207567666141
BATCH-2026-03360,30,Sensor,6391,2026-05-21,2026-06-09,6155,Western Digital,Germany,16,59.04,65,2,0,0.0,0,610,5,2,120,0.00026662885278630423,0.0008545899187981254,93,459619,0.00016450590746445605
BATCH-2026-03361,9,Fan,8694,2026-09-17,2026-09-29,8234,Sony,Taiwan,19,33.78,81,1,1,0.00011502185415228893,0,729,9,3,1,0.00014132799993781594,0.00029553061545999206,104,509780,0.00012855165100050963
BATCH-2025-03362,18,Battery,5446,2025-12-31,2026-01-12,5392,Bosch,Germany,18,96.36,77,1,1,0.0001836210062431142,1,469,12,4,261,0.00021806730730221415,0.0007021012099867912,110,557568,0.00021173401481822628
BATCH-2025-03363,21,Camera,3074,2025-01-31,2025-02-11,2954,Jabil,Taiwan,58,416.67,76,1,1,0.00032530904359141186,1,135,1,1,595,0.00034128023110612925,0.0012045823376322067,117,579869,0.00017585459338616095
BATCH-2025-03364,32,PCB,4371,2025-11-18,2025-12-01,4227,Canon,South Korea,54,382.97,81,2,1,0.00022878059940517045,1,426,11,4,304,8.286140374041643e-05,0.0002525478149158471,93,484783,0.0002244207567666141
BATCH-2025-03365,38,PCB,9049,2025-08-07,2025-08-17,8618,Xiaomi,South Korea,52,142.13,62,1,1,0.00011050944855785169,0,323,8,3,407,0.0002941454324685746,0.0007248486269555904,106,537180,0.0002244207567666141
BATCH-2024-03366,5,Memory,7588,2024-11-28,2024-12-05,7294,Apple,Japan,38,226.29,64,2,1,0.00013178703215603585,0,71,11,4,659,0.00029304167774806515,0.0010333897385835877,92,488005,0.00013960848603418856
BATCH-2025-03367,22,Battery,544,2025-09-09,2025-09-20,531,Flex,China,43,157.56,86,1,1,0.001838235294117647,1,356,9,3,374,6.527455789884103e-05,0.00021075148645526503,94,530055,0.00021173401481822628
BATCH-2025-03368,9,Motherboard,2534,2025-09-13,2025-09-22,2345,Sony,Taiwan,19,33.78,81,2,1,0.0003946329913180742,1,360,9,3,370,0.00014132799993781594,0.00029553061545999206,104,509780,0.0002354934172429249
BATCH-2025-03369,48,Motherboard,9021,2025-04-21,2025-05-09,8931,TE Connectivity,Germany,25,315.88,71,1,1,0.00011085245538188671,0,215,4,2,515,0.000215467021331229,0.0009668394253566584,108,542251,0.0002354934172429249
BATCH-2026-03370,26,PCB,7770,2026-02-25,2026-03-05,7587,Texas Instruments,South Korea,53,5.67,67,0,0,0.0,0,525,2,1,205,0.0002658174764162671,0.0009122443285503541,102,493376,0.0002244207567666141
BATCH-2024-03371,3,Charger,895,2024-12-02,2024-12-22,838,Corning,Taiwan,24,487.86,63,2,2,0.0022346368715083797,1,75,12,4,655,0.0005290924687400791,0.0022824547846740364,105,511267,0.0002259435803313693
BATCH-2026-03372,13,Microcontroller,4740,2026-04-18,2026-04-27,4672,Onsemi,USA,46,98.93,89,2,2,0.0004219409282700422,1,577,4,2,153,0.00013306539717335389,0.0004888825988608853,89,428711,0.00013908905895273712
BATCH-2025-03373,34,Memory,2184,2025-03-07,2025-03-21,2065,Renesas,China,19,153.37,81,2,1,0.0004578754578754579,1,170,3,1,560,0.00020629854890063796,0.000928870183527049,112,540044,0.00013960848603418856
BATCH-2025-03374,23,Sensor,1869,2025-10-27,2025-11-05,1761,ASE,Japan,50,402.77,91,0,0,0.0,0,404,10,4,326,6.663525433902222e-05,0.00015954052120490043,90,441864,0.00016450590746445605
BATCH-2026-03375,26,Battery,6341,2026-08-03,2026-08-22,6031,Texas Instruments,South Korea,53,5.67,67,2,1,0.00015770383220312253,1,684,8,3,46,0.0002658174764162671,0.0009122443285503541,102,493376,0.00021173401481822628
BATCH-2025-03376,34,Speaker,2643,2025-09-18,2025-10-06,2617,Renesas,China,19,153.37,81,1,0,0.0,0,365,9,3,365,0.00020629854890063796,0.000928870183527049,112,540044,0.00019289953369198322
BATCH-2026-03377,9,Battery,3832,2026-04-28,2026-05-11,3666,Sony,Taiwan,19,33.78,81,0,0,0.0,0,587,4,2,143,0.00014132799993781594,0.00029553061545999206,104,509780,0.00021173401481822628
BATCH-2025-03378,3,Connector,8212,2025-06-20,2025-07-04,7914,Corning,Taiwan,24,487.86,63,1,1,0.00012177301509985388,0,275,6,2,455,0.0005290924687400791,0.0022824547846740364,105,511267,0.00020757696267843906
BATCH-2024-03379,31,Charger,8918,2024-11-11,2024-11-20,8489,Kyocera,USA,35,236.61,85,3,2,0.00022426553038797938,1,54,11,4,676,0.00018411673535101585,0.0009126920964599268,104,605811,0.0002259435803313693
BATCH-2025-03380,50,Connector,2627,2025-10-06,2025-10-14,2495,APC,South Korea,30,481.03,64,2,2,0.0007613247049866769,1,383,10,4,347,0.0002753509047441992,0.0007401953979905162,113,559124,0.00020757696267843906
BATCH-2025-03381,5,Motherboard,874,2025-08-17,2025-09-01,824,Apple,Japan,38,226.29,64,2,2,0.002288329519450801,1,333,8,3,397,0.00029304167774806515,0.0010333897385835877,92,488005,0.0002354934172429249
BATCH-2025-03382,48,Motherboard,8948,2025-11-04,2025-11-09,8607,TE Connectivity,Germany,25,315.88,71,1,1,0.00011175681716584712,0,412,11,4,318,0.000215467021331229,0.0009668394253566584,108,542251,0.0002354934172429249
BATCH-2026-03383,23,Processor,3242,2026-09-17,2026-09-22,3210,ASE,Japan,50,402.77,91,0,0,0.0,0,729,9,3,1,6.663525433902222e-05,0.00015954052120490043,90,441864,0.0001723848232239575
BATCH-2026-03384,46,Microcontroller,2256,2026-09-06,2026-09-15,2233,Liteon,China,58,348.77,65,1,1,0.0004432624113475177,1,718,9,3,12,0.000177376316521378,0.0004995509860038717,96,502846,0.00013908905895273712
BATCH-2024-03385,31,Charger,7952,2024-10-03,2024-10-18,7403,Kyocera,USA,35,236.61,85,0,0,0.0,0,15,10,4,715,0.00018411673535101585,0.0009126920964599268,104,605811,0.0002259435803313693
BATCH-2025-03386,33,Motherboard,9053,2025-02-24,2025-03-08,8464,Denso,Taiwan,41,277.68,84,1,0,0.0,0,159,2,1,571,0.00013528007016307464,0.0006519489677036868,119,602071,0.0002354934172429249
BATCH-2025-03387,49,Memory,5967,2025-02-07,2025-02-18,5783,Coherent,USA,42,45.65,73,0,0,0.0,0,142,2,1,588,0.00034438539861380375,0.0009931063632699735,93,417736,0.00013960848603418856
BATCH-2025-03388,32,Display,1619,2025-05-23,2025-06-02,1603,Canon,South Korea,54,382.97,81,1,0,0.0,0,247,5,2,483,8.286140374041643e-05,0.0002525478149158471,93,484783,0.00016919115080672866
BATCH-2025-03389,24,Memory,3014,2025-10-11,2025-10-27,2900,Qualcomm,Germany,53,145.59,74,2,1,0.00033178500331785003,1,388,10,4,342,0.00017211444124561363,0.00048508112533674527,88,458321,0.00013960848603418856
BATCH-2026-03390,37,Charger,788,2026-02-02,2026-02-19,759,Huawei,USA,60,118.5,92,1,1,0.0012690355329949238,1,502,2,1,228,0.00010426815057621344,0.0003557497462935021,91,442918,0.0002259435803313693
BATCH-2024-03391,16,Processor,6368,2024-12-15,2024-12-21,6013,Hitachi,China,57,483.82,88,1,0,0.0,0,88,12,4,642,8.336477286677332e-05,0.0004697935134049564,95,503392,0.0001723848232239575
BATCH-2025-03392,36,Motherboard,3887,2025-12-08,2025-12-21,3660,Ericsson,Germany,60,205.45,68,1,1,0.0002572678157962439,1,446,12,4,284,0.00016582352511078637,0.0003750099810004351,109,536222,0.0002354934172429249
BATCH-2024-03393,20,Memory,5952,2024-12-29,2025-01-06,5630,Delta Electronics,South Korea,30,335.57,68,1,1,0.00016801075268817206,1,102,12,4,628,0.00014552538396359592,0.00035285670745256997,82,427248,0.00013960848603418856
BATCH-2026-03394,5,Microcontroller,9237,2026-03-28,2026-04-10,8583,Apple,Japan,38,226.29,64,1,0,0.0,0,556,3,1,174,0.00029304167774806515,0.0010333897385835877,92,488005,0.00013908905895273712
BATCH-2025-03395,39,Fan,9629,2025-06-28,2025-07-10,9533,Lenovo,Taiwan,57,331.63,71,2,1,0.00010385294423096895,0,283,6,2,447,0.00017438124238925042,0.000501056949565781,101,560841,0.00012855165100050963
BATCH-2025-03396,26,Processor,7401,2025-02-28,2025-03-16,7227,Texas Instruments,South Korea,53,5.67,67,0,0,0.0,0,163,2,1,567,0.0002658174764162671,0.0009122443285503541,102,493376,0.0001723848232239575
BATCH-2025-03397,6,Charger,2127,2025-08-02,2025-08-15,1964,NVIDIA,Germany,38,463.53,74,2,1,0.0004701457451810061,1,318,8,3,412,0.00023377595866623649,0.0009271237760431065,104,528560,0.0002259435803313693
BATCH-2026-03398,9,Processor,952,2026-08-14,2026-08-29,906,Sony,Taiwan,19,33.78,81,0,0,0.0,0,695,8,3,35,0.00014132799993781594,0.00029553061545999206,104,509780,0.0001723848232239575
BATCH-2025-03399,36,Battery,5167,2025-06-11,2025-06-29,4904,Ericsson,Germany,60,205.45,68,1,1,0.00019353590090961874,1,266,6,2,464,0.00016582352511078637,0.0003750099810004351,109,536222,0.00021173401481822628
BATCH-2025-03400,3,Microcontroller,9950,2025-11-25,2025-12-06,9837,Corning,Taiwan,24,487.86,63,2,1,0.00010050251256281407,0,433,11,4,297,0.0005290924687400791,0.0022824547846740364,105,511267,0.00013908905895273712
BATCH-2025-03401,10,Display,5133,2025-07-01,2025-07-13,5038,Panasonic,China,54,316.57,91,0,0,0.0,0,286,7,3,444,0.000144927638474753,0.0007549544377028447,94,435868,0.00016919115080672866
BATCH-2024-03402,46,Battery,3303,2024-09-21,2024-10-06,3141,Liteon,China,58,348.77,65,1,1,0.0003027550711474417,1,3,9,3,727,0.000177376316521378,0.0004995509860038717,96,502846,0.00021173401481822628
BATCH-2025-03403,9,Motherboard,1499,2025-12-20,2026-01-05,1401,Sony,Taiwan,19,33.78,81,2,2,0.00133422281521014,1,458,12,4,272,0.00014132799993781594,0.00029553061545999206,104,509780,0.0002354934172429249
BATCH-2024-03404,8,Speaker,6185,2024-12-14,2024-12-27,6123,LG Chem,South Korea,40,115.16,76,1,0,0.0,0,87,12,4,643,0.00013285380642027623,0.00028745834951003884,92,477433,0.00019289953369198322
BATCH-2025-03405,31,Charger,2684,2025-07-01,2025-07-11,2634,Kyocera,USA,35,236.61,85,3,1,0.00037257824143070045,1,286,7,3,444,0.00018411673535101585,0.0009126920964599268,104,605811,0.0002259435803313693
BATCH-2026-03406,25,Power IC,3934,2026-01-10,2026-01-16,3895,Broadcom,USA,26,71.6,85,0,0,0.0,0,479,1,1,251,9.454505074439549e-05,0.0003137783114627588,84,481980,0.00017735448108886377
BATCH-2025-03407,24,Power IC,7424,2025-01-02,2025-01-22,7141,Qualcomm,Germany,53,145.59,74,0,0,0.0,0,106,1,1,624,0.00017211444124561363,0.00048508112533674527,88,458321,0.00017735448108886377
BATCH-2025-03408,22,Connector,6046,2025-02-04,2025-02-18,5867,Flex,China,43,157.56,86,0,0,0.0,0,139,2,1,591,6.527455789884103e-05,0.00021075148645526503,94,530055,0.00020757696267843906
BATCH-2024-03409,4,Speaker,430,2024-12-02,2024-12-11,425,Intel,China,48,393.46,88,0,0,0.0,0,75,12,4,655,0.00018841892264149143,0.0009961276293195824,96,400272,0.00019289953369198322
BATCH-2025-03410,16,PCB,4601,2025-02-10,2025-02-21,4253,Hitachi,China,57,483.82,88,0,0,0.0,0,145,2,1,585,8.336477286677332e-05,0.0004697935134049564,95,503392,0.0002244207567666141
BATCH-2025-03411,15,Battery,9598,2025-12-22,2026-01-11,9174,SK Hynix,Taiwan,40,342.16,65,2,2,0.00020837674515524068,1,460,12,4,270,0.00026051175061660777,0.0007352320636847295,93,436297,0.00021173401481822628
BATCH-2026-03412,16,Charger,7221,2026-02-22,2026-02-28,6824,Hitachi,China,57,483.82,88,1,1,0.00013848497438027975,1,522,2,1,208,8.336477286677332e-05,0.0004697935134049564,95,503392,0.0002259435803313693
BATCH-2026-03413,31,Connector,5421,2026-02-22,2026-03-03,5367,Kyocera,USA,35,236.61,85,1,0,0.0,0,522,2,1,208,0.00018411673535101585,0.0009126920964599268,104,605811,0.00020757696267843906
BATCH-2025-03414,10,Sensor,9978,2025-01-30,2025-02-17,9878,Panasonic,China,54,316.57,91,0,0,0.0,0,134,1,1,596,0.000144927638474753,0.0007549544377028447,94,435868,0.00016450590746445605
BATCH-2024-03415,8,Speaker,8707,2024-11-17,2024-12-02,8491,LG Chem,South Korea,40,115.16,76,0,0,0.0,0,60,11,4,670,0.00013285380642027623,0.00028745834951003884,92,477433,0.00019289953369198322
BATCH-2025-03416,44,Display,1846,2025-09-08,2025-09-18,1775,Wistron,South Korea,50,232.01,87,1,0,0.0,0,355,9,3,375,0.00010336577465557791,0.000380745741124954,117,590216,0.00016919115080672866
BATCH-2025-03417,11,Fan,1849,2025-10-02,2025-10-18,1811,Murata,Japan,22,178.55,88,1,1,0.0005408328826392645,1,379,10,4,351,0.00015599689945027513,0.0009387029695731565,105,551463,0.00012855165100050963
BATCH-2026-03418,25,Processor,8280,2026-02-03,2026-02-20,8110,Broadcom,USA,26,71.6,85,2,1,0.00012077294685990338,0,503,2,1,227,9.454505074439549e-05,0.0003137783114627588,84,481980,0.0001723848232239575
BATCH-2026-03419,29,Power IC,9260,2026-06-05,2026-06-10,9013,Seagate,Japan,40,285.23,77,3,1,0.00010799136069114471,0,625,6,2,105,0.00016256441034907573,0.0004929460254392659,92,456988,0.00017735448108886377
BATCH-2024-03420,8,Power IC,660,2024-12-03,2024-12-14,636,LG Chem,South Korea,40,115.16,76,1,0,0.0,0,76,12,4,654,0.00013285380642027623,0.00028745834951003884,92,477433,0.00017735448108886377
BATCH-2025-03421,45,Battery,2098,2025-10-18,2025-10-31,1997,Pegatron,Taiwan,47,251.52,66,0,0,0.0,0,395,10,4,335,0.0001275169517997213,0.0003266025273992103,94,477190,0.00021173401481822628
BATCH-2025-03422,2,Battery,8218,2025-08-10,2025-08-23,8136,TSMC,South Korea,34,349.29,92,0,0,0.0,0,326,8,3,404,0.0001216095118122708,0.0004158402802419921,99,473547,0.00021173401481822628
BATCH-2026-03423,32,Display,3024,2026-05-28,2026-06-02,2826,Canon,South Korea,54,382.97,81,0,0,0.0,0,617,5,2,113,8.286140374041643e-05,0.0002525478149158471,93,484783,0.00016919115080672866
BATCH-2024-03424,36,Display,9809,2024-10-10,2024-10-15,9439,Ericsson,Germany,60,205.45,68,0,0,0.0,0,22,10,4,708,0.00016582352511078637,0.0003750099810004351,109,536222,0.00016919115080672866
BATCH-2026-03425,47,Battery,7978,2026-02-25,2026-03-05,7898,Molex,Japan,37,191.75,76,1,1,0.000125344697919278,0,525,2,1,205,0.00015063481442028842,0.00045023343696729267,102,507171,0.00021173401481822628
BATCH-2026-03426,4,Display,4716,2026-05-06,2026-05-26,4645,Intel,China,48,393.46,88,0,0,0.0,0,595,5,2,135,0.00018841892264149143,0.0009961276293195824,96,400272,0.00016919115080672866
BATCH-2025-03427,17,Power IC,1814,2025-10-01,2025-10-18,1734,Mitsubishi,Japan,33,186.49,72,1,1,0.0005512679162072767,1,378,10,4,352,0.00014815223187369047,0.00046308585294764547,114,569061,0.00017735448108886377
BATCH-2025-03428,43,Camera,5594,2025-01-31,2025-02-20,5501,ASUSTeK,USA,30,46.84,60,2,2,0.0003575259206292456,1,135,1,1,595,0.00044469895714356904,0.0012463320250862553,87,411235,0.00017585459338616095
BATCH-2026-03429,21,Sensor,522,2026-06-28,2026-07-15,506,Jabil,Taiwan,58,416.67,76,3,3,0.005747126436781609,1,648,6,2,82,0.00034128023110612925,0.0012045823376322067,117,579869,0.00016450590746445605
BATCH-2024-03430,17,Camera,3111,2024-12-05,2024-12-22,3080,Mitsubishi,Japan,33,186.49,72,1,1,0.0003214400514304082,1,78,12,4,652,0.00014815223187369047,0.00046308585294764547,114,569061,0.00017585459338616095
BATCH-2025-03431,1,Power IC,5648,2025-12-17,2026-01-06,5522,Samsung,USA,19,220.56,89,0,0,0.0,0,455,12,4,275,0.00017219294545324894,0.0013891588805521986,106,504263,0.00017735448108886377
BATCH-2024-03432,20,Sensor,1822,2024-12-30,2025-01-06,1670,Delta Electronics,South Korea,30,335.57,68,1,1,0.0005488474204171241,1,103,12,4,627,0.00014552538396359592,0.00035285670745256997,82,427248,0.00016450590746445605
BATCH-2024-03433,25,Speaker,2964,2024-12-26,2025-01-09,2889,Broadcom,USA,26,71.6,85,1,0,0.0,0,99,12,4,631,9.454505074439549e-05,0.0003137783114627588,84,481980,0.00019289953369198322
BATCH-2025-03434,5,Connector,2565,2025-04-12,2025-04-19,2472,Apple,Japan,38,226.29,64,1,1,0.0003898635477582846,1,206,4,2,524,0.00029304167774806515,0.0010333897385835877,92,488005,0.00020757696267843906
BATCH-2025-03435,35,Camera,5698,2025-10-14,2025-10-29,5329,Nokia,Japan,42,219.49,61,0,0,0.0,0,391,10,4,339,0.00019787338089100073,0.0003538789829112609,102,503406,0.00017585459338616095
BATCH-2025-03436,38,Camera,7539,2025-05-26,2025-06-10,7036,Xiaomi,South Korea,52,142.13,62,0,0,0.0,0,250,5,2,480,0.0002941454324685746,0.0007248486269555904,106,537180,0.00017585459338616095
BATCH-2025-03437,14,Memory,1728,2025-12-24,2025-12-29,1711,STMicroelectronics,South Korea,31,23.81,77,2,2,0.0011574074074074073,1,462,12,4,268,0.0001573864901705702,0.00046936123067953895,91,385139,0.00013960848603418856
BATCH-2025-03438,21,Sensor,3384,2025-06-26,2025-07-03,3253,Jabil,Taiwan,58,416.67,76,1,1,0.0002955082742316785,1,281,6,2,449,0.00034128023110612925,0.0012045823376322067,117,579869,0.00016450590746445605
BATCH-2026-03439,23,Processor,717,2026-01-23,2026-02-11,692,ASE,Japan,50,402.77,91,0,0,0.0,0,492,1,1,238,6.663525433902222e-05,0.00015954052120490043,90,441864,0.0001723848232239575
BATCH-2026-03440,44,Battery,795,2026-03-31,2026-04-11,758,Wistron,South Korea,50,232.01,87,1,1,0.0012578616352201257,1,559,3,1,171,0.00010336577465557791,0.000380745741124954,117,590216,0.00021173401481822628
BATCH-2026-03441,16,Microcontroller,8181,2026-02-04,2026-02-15,8051,Hitachi,China,57,483.82,88,0,0,0.0,0,504,2,1,226,8.336477286677332e-05,0.0004697935134049564,95,503392,0.00013908905895273712
BATCH-2024-03442,37,Battery,7123,2024-11-01,2024-11-17,7052,Huawei,USA,60,118.5,92,1,0,0.0,0,44,11,4,686,0.00010426815057621344,0.0003557497462935021,91,442918,0.00021173401481822628
BATCH-2024-03443,26,Camera,4814,2024-09-27,2024-10-13,4622,Texas Instruments,South Korea,53,5.67,67,1,1,0.0002077274615704196,1,9,9,3,721,0.0002658174764162671,0.0009122443285503541,102,493376,0.00017585459338616095
BATCH-2025-03444,26,Speaker,6135,2025-01-03,2025-01-16,5792,Texas Instruments,South Korea,53,5.67,67,0,0,0.0,0,107,1,1,623,0.0002658174764162671,0.0009122443285503541,102,493376,0.00019289953369198322
BATCH-2024-03445,31,Battery,6812,2024-11-11,2024-11-21,6722,Kyocera,USA,35,236.61,85,0,0,0.0,0,54,11,4,676,0.00018411673535101585,0.0009126920964599268,104,605811,0.00021173401481822628
BATCH-2026-03446,46,Charger,6862,2026-02-11,2026-02-19,6322,Liteon,China,58,348.77,65,1,0,0.0,0,511,2,1,219,0.000177376316521378,0.0004995509860038717,96,502846,0.0002259435803313693
BATCH-2026-03447,6,Motherboard,4532,2026-01-22,2026-02-04,4398,NVIDIA,Germany,38,463.53,74,2,2,0.000441306266548985,1,491,1,1,239,0.00023377595866623649,0.0009271237760431065,104,528560,0.0002354934172429249
BATCH-2025-03448,12,PCB,8244,2025-04-06,2025-04-24,8162,Amphenol,Germany,18,446.77,96,1,1,0.00012130033964095099,0,200,4,2,530,8.015372036339901e-05,0.00041034141517753633,113,576135,0.0002244207567666141
BATCH-2026-03449,17,Memory,5341,2026-02-09,2026-02-21,5240,Mitsubishi,Japan,33,186.49,72,0,0,0.0,0,509,2,1,221,0.00014815223187369047,0.00046308585294764547,114,569061,0.00013960848603418856
BATCH-2026-03450,27,Memory,945,2026-06-14,2026-06-21,930,Infineon,Taiwan,51,333.1,89,0,0,0.0,0,634,6,2,96,0.00011089276239704126,0.00035581711278072977,111,553940,0.00013960848603418856
BATCH-2024-03451,48,Processor,2250,2024-10-26,2024-11-06,2228,TE Connectivity,Germany,25,315.88,71,0,0,0.0,0,38,10,4,692,0.000215467021331229,0.0009668394253566584,108,542251,0.0001723848232239575
BATCH-2026-03452,46,PCB,141,2026-04-15,2026-04-24,135,Liteon,China,58,348.77,65,0,0,0.0,0,574,4,2,156,0.000177376316521378,0.0004995509860038717,96,502846,0.0002244207567666141
BATCH-2025-03453,35,Connector,6155,2025-08-26,2025-09-10,6019,Nokia,Japan,42,219.49,61,0,0,0.0,0,342,8,3,388,0.00019787338089100073,0.0003538789829112609,102,503406,0.00020757696267843906
BATCH-2026-03454,23,Connector,7242,2026-06-15,2026-06-21,7129,ASE,Japan,50,402.77,91,1,1,0.00013808340237503452,1,635,6,2,95,6.663525433902222e-05,0.00015954052120490043,90,441864,0.00020757696267843906
BATCH-2024-03455,36,Battery,3316,2024-10-21,2024-10-26,3080,Ericsson,Germany,60,205.45,68,1,1,0.00030156815440289503,1,33,10,4,697,0.00016582352511078637,0.0003750099810004351,109,536222,0.00021173401481822628
BATCH-2026-03456,8,Sensor,1844,2026-07-22,2026-07-31,1779,LG Chem,South Korea,40,115.16,76,1,1,0.0005422993492407809,1,672,7,3,58,0.00013285380642027623,0.00028745834951003884,92,477433,0.00016450590746445605
BATCH-2025-03457,18,Motherboard,4031,2025-08-09,2025-08-19,3865,Bosch,Germany,18,96.36,77,0,0,0.0,0,325,8,3,405,0.00021806730730221415,0.0007021012099867912,110,557568,0.0002354934172429249
BATCH-2026-03458,48,Sensor,5361,2026-06-26,2026-07-11,5280,TE Connectivity,Germany,25,315.88,71,0,0,0.0,0,646,6,2,84,0.000215467021331229,0.0009668394253566584,108,542251,0.00016450590746445605
BATCH-2026-03459,43,Microcontroller,6714,2026-08-17,2026-08-31,6415,ASUSTeK,USA,30,46.84,60,1,1,0.00014894250819183795,1,698,8,3,32,0.00044469895714356904,0.0012463320250862553,87,411235,0.00013908905895273712
BATCH-2025-03460,14,Battery,2099,2025-04-18,2025-05-01,2044,STMicroelectronics,South Korea,31,23.81,77,0,0,0.0,0,212,4,2,518,0.0001573864901705702,0.00046936123067953895,91,385139,0.00021173401481822628
BATCH-2025-03461,6,Microcontroller,6791,2025-05-23,2025-06-02,6457,NVIDIA,Germany,38,463.53,74,0,0,0.0,0,247,5,2,483,0.00023377595866623649,0.0009271237760431065,104,528560,0.00013908905895273712
BATCH-2026-03462,35,Memory,2289,2026-07-05,2026-07-20,2203,Nokia,Japan,42,219.49,61,3,1,0.00043687199650502403,1,655,7,3,75,0.00019787338089100073,0.0003538789829112609,102,503406,0.00013960848603418856
BATCH-2026-03463,21,Motherboard,4972,2026-09-17,2026-10-06,4674,Jabil,Taiwan,58,416.67,76,1,0,0.0,0,729,9,3,1,0.00034128023110612925,0.0012045823376322067,117,579869,0.0002354934172429249
BATCH-2025-03464,3,Sensor,1536,2025-10-14,2025-10-21,1401,Corning,Taiwan,24,487.86,63,0,0,0.0,0,391,10,4,339,0.0005290924687400791,0.0022824547846740364,105,511267,0.00016450590746445605
BATCH-2025-03465,50,Fan,6042,2025-08-11,2025-08-27,5783,APC,South Korea,30,481.03,64,1,0,0.0,0,327,8,3,403,0.0002753509047441992,0.0007401953979905162,113,559124,0.00012855165100050963
BATCH-2024-03466,34,Microcontroller,3264,2024-09-27,2024-10-15,3213,Renesas,China,19,153.37,81,0,0,0.0,0,9,9,3,721,0.00020629854890063796,0.000928870183527049,112,540044,0.00013908905895273712
BATCH-2026-03467,32,Charger,3658,2026-07-17,2026-08-04,3608,Canon,South Korea,54,382.97,81,1,0,0.0,0,667,7,3,63,8.286140374041643e-05,0.0002525478149158471,93,484783,0.0002259435803313693
BATCH-2025-03468,25,Processor,4884,2025-10-27,2025-11-11,4835,Broadcom,USA,26,71.6,85,0,0,0.0,0,404,10,4,326,9.454505074439549e-05,0.0003137783114627588,84,481980,0.0001723848232239575
BATCH-2025-03469,9,PCB,7649,2025-10-12,2025-10-17,7043,Sony,Taiwan,19,33.78,81,1,1,0.00013073604392731077,0,389,10,4,341,0.00014132799993781594,0.00029553061545999206,104,509780,0.0002244207567666141
BATCH-2025-03470,24,Memory,4683,2025-06-22,2025-07-03,4636,Qualcomm,Germany,53,145.59,74,1,0,0.0,0,277,6,2,453,0.00017211444124561363,0.00048508112533674527,88,458321,0.00013960848603418856
BATCH-2025-03471,38,Connector,8523,2025-07-04,2025-07-24,8268,Xiaomi,South Korea,52,142.13,62,1,1,0.00011732957878681215,0,289,7,3,441,0.0002941454324685746,0.0007248486269555904,106,537180,0.00020757696267843906
BATCH-2025-03472,10,PCB,1524,2025-09-20,2025-09-28,1456,Panasonic,China,54,316.57,91,0,0,0.0,0,367,9,3,363,0.000144927638474753,0.0007549544377028447,94,435868,0.0002244207567666141
BATCH-2025-03473,33,Camera,2960,2025-12-28,2026-01-07,2930,Denso,Taiwan,41,277.68,84,0,0,0.0,0,466,12,4,264,0.00013528007016307464,0.0006519489677036868,119,602071,0.00017585459338616095
BATCH-2025-03474,35,Display,965,2025-03-28,2025-04-09,891,Nokia,Japan,42,219.49,61,2,2,0.002072538860103627,1,191,3,1,539,0.00019787338089100073,0.0003538789829112609,102,503406,0.00016919115080672866
BATCH-2026-03475,44,Memory,7184,2026-03-02,2026-03-08,6494,Wistron,South Korea,50,232.01,87,0,0,0.0,0,530,3,1,200,0.00010336577465557791,0.000380745741124954,117,590216,0.00013960848603418856
BATCH-2025-03476,32,Power IC,8812,2025-11-14,2025-12-01,8533,Canon,South Korea,54,382.97,81,0,0,0.0,0,422,11,4,308,8.286140374041643e-05,0.0002525478149158471,93,484783,0.00017735448108886377
BATCH-2025-03477,48,Battery,4531,2025-01-09,2025-01-24,4237,TE Connectivity,Germany,25,315.88,71,2,2,0.0004414036636504083,1,113,1,1,617,0.000215467021331229,0.0009668394253566584,108,542251,0.00021173401481822628
BATCH-2026-03478,47,Motherboard,8754,2026-05-19,2026-06-01,8273,Molex,Japan,37,191.75,76,2,2,0.0002284669865204478,1,608,5,2,122,0.00015063481442028842,0.00045023343696729267,102,507171,0.0002354934172429249
BATCH-2025-03479,39,Power IC,3944,2025-02-21,2025-03-08,3745,Lenovo,Taiwan,57,331.63,71,1,1,0.0002535496957403651,1,156,2,1,574,0.00017438124238925042,0.000501056949565781,101,560841,0.00017735448108886377
BATCH-2026-03480,22,Processor,2458,2026-07-21,2026-08-09,2270,Flex,China,43,157.56,86,1,0,0.0,0,671,7,3,59,6.527455789884103e-05,0.00021075148645526503,94,530055,0.0001723848232239575
BATCH-2025-03481,11,Processor,3140,2025-10-10,2025-10-15,3109,Murata,Japan,22,178.55,88,0,0,0.0,0,387,10,4,343,0.00015599689945027513,0.0009387029695731565,105,551463,0.0001723848232239575
BATCH-2025-03482,9,Power IC,9897,2025-03-03,2025-03-22,9408,Sony,Taiwan,19,33.78,81,1,1,0.0001010407194099222,0,166,3,1,564,0.00014132799993781594,0.00029553061545999206,104,509780,0.00017735448108886377
BATCH-2025-03483,40,Battery,2173,2025-10-18,2025-10-31,2091,Dell,China,20,392.38,81,1,0,0.0,0,395,10,4,335,0.00013234425192726218,0.0003712523513249762,101,498329,0.00021173401481822628
BATCH-2026-03484,12,Motherboard,1992,2026-03-01,2026-03-08,1953,Amphenol,Germany,18,446.77,96,0,0,0.0,0,529,3,1,201,8.015372036339901e-05,0.00041034141517753633,113,576135,0.0002354934172429249
BATCH-2025-03485,33,Battery,2437,2025-02-03,2025-02-10,2280,Denso,Taiwan,41,277.68,84,0,0,0.0,0,138,2,1,592,0.00013528007016307464,0.0006519489677036868,119,602071,0.00021173401481822628
BATCH-2025-03486,4,Charger,7822,2025-10-19,2025-10-28,7551,Intel,China,48,393.46,88,1,1,0.00012784454103809768,0,396,10,4,334,0.00018841892264149143,0.0009961276293195824,96,400272,0.0002259435803313693
BATCH-2026-03487,2,Connector,439,2026-04-07,2026-04-27,423,TSMC,South Korea,34,349.29,92,1,0,0.0,0,566,4,2,164,0.0001216095118122708,0.0004158402802419921,99,473547,0.00020757696267843906
BATCH-2025-03488,17,Memory,3878,2025-06-12,2025-06-20,3666,Mitsubishi,Japan,33,186.49,72,0,0,0.0,0,267,6,2,463,0.00014815223187369047,0.00046308585294764547,114,569061,0.00013960848603418856
BATCH-2026-03489,37,Motherboard,5213,2026-03-21,2026-04-04,5145,Huawei,USA,60,118.5,92,0,0,0.0,0,549,3,1,181,0.00010426815057621344,0.0003557497462935021,91,442918,0.0002354934172429249
BATCH-2025-03490,18,Charger,7662,2025-01-31,2025-02-05,7199,Bosch,Germany,18,96.36,77,1,1,0.00013051422605063953,0,135,1,1,595,0.00021806730730221415,0.0007021012099867912,110,557568,0.0002259435803313693
BATCH-2025-03491,10,Connector,141,2025-02-28,2025-03-13,140,Panasonic,China,54,316.57,91,1,1,0.0070921985815602835,1,163,2,1,567,0.000144927638474753,0.0007549544377028447,94,435868,0.00020757696267843906
BATCH-2026-03492,19,Motherboard,5961,2026-01-01,2026-01-16,5775,Sumitomo,USA,36,238.9,64,2,2,0.00033551417547391375,1,470,1,1,260,0.00016876737493119937,0.00039378300837730447,91,458378,0.0002354934172429249
BATCH-2025-03493,17,Speaker,3010,2025-07-04,2025-07-20,2775,Mitsubishi,Japan,33,186.49,72,0,0,0.0,0,289,7,3,441,0.00014815223187369047,0.00046308585294764547,114,569061,0.00019289953369198322
BATCH-2026-03494,47,Memory,5324,2026-08-23,2026-08-31,5194,Molex,Japan,37,191.75,76,0,0,0.0,0,704,8,3,26,0.00015063481442028842,0.00045023343696729267,102,507171,0.00013960848603418856
BATCH-2026-03495,31,Power IC,8144,2026-01-29,2026-02-04,8060,Kyocera,USA,35,236.61,85,1,1,0.00012278978388998034,0,498,1,1,232,0.00018411673535101585,0.0009126920964599268,104,605811,0.00017735448108886377
BATCH-2024-03496,40,Microcontroller,9496,2024-10-19,2024-11-03,9401,Dell,China,20,392.38,81,0,0,0.0,0,31,10,4,699,0.00013234425192726218,0.0003712523513249762,101,498329,0.00013908905895273712
BATCH-2024-03497,28,Fan,8817,2024-09-19,2024-10-08,8570,Kioxia,China,36,390.8,86,0,0,0.0,0,1,9,3,729,6.548471380186631e-05,0.00020932699508353792,108,509896,0.00012855165100050963
BATCH-2025-03498,32,Fan,3022,2025-07-20,2025-07-29,2902,Canon,South Korea,54,382.97,81,0,0,0.0,0,305,7,3,425,8.286140374041643e-05,0.0002525478149158471,93,484783,0.00012855165100050963
BATCH-2025-03499,6,Processor,9804,2025-03-09,2025-03-26,9620,NVIDIA,Germany,38,463.53,74,0,0,0.0,0,172,3,1,558,0.00023377595866623649,0.0009271237760431065,104,528560,0.0001723848232239575
BATCH-2025-03500,2,Camera,8904,2025-04-23,2025-05-13,8815,TSMC,South Korea,34,349.29,92,0,0,0.0,0,217,4,2,513,0.0001216095118122708,0.0004158402802419921,99,473547,0.00017585459338616095
BATCH-2026-03501,3,Camera,677,2026-06-02,2026-06-08,624,Corning,Taiwan,24,487.86,63,0,0,0.0,0,622,6,2,108,0.0005290924687400791,0.0022824547846740364,105,511267,0.00017585459338616095
BATCH-2024-03502,6,Microcontroller,7177,2024-11-10,2024-11-23,6530,NVIDIA,Germany,38,463.53,74,0,0,0.0,0,53,11,4,677,0.00023377595866623649,0.0009271237760431065,104,528560,0.00013908905895273712
BATCH-2025-03503,40,Processor,8059,2025-10-20,2025-11-08,7692,Dell,China,20,392.38,81,0,0,0.0,0,397,10,4,333,0.00013234425192726218,0.0003712523513249762,101,498329,0.0001723848232239575
BATCH-2025-03504,21,Charger,6459,2025-08-20,2025-08-31,5955,Jabil,Taiwan,58,416.67,76,0,0,0.0,0,336,8,3,394,0.00034128023110612925,0.0012045823376322067,117,579869,0.0002259435803313693
BATCH-2025-03505,6,Sensor,8235,2025-01-14,2025-01-24,7728,NVIDIA,Germany,38,463.53,74,0,0,0.0,0,118,1,1,612,0.00023377595866623649,0.0009271237760431065,104,528560,0.00016450590746445605
BATCH-2026-03506,34,Memory,8120,2026-06-18,2026-06-30,7927,Renesas,China,19,153.37,81,0,0,0.0,0,638,6,2,92,0.00020629854890063796,0.000928870183527049,112,540044,0.00013960848603418856
BATCH-2026-03507,23,PCB,5066,2026-02-04,2026-02-15,4896,ASE,Japan,50,402.77,91,0,0,0.0,0,504,2,1,226,6.663525433902222e-05,0.00015954052120490043,90,441864,0.0002244207567666141
BATCH-2025-03508,36,Microcontroller,8773,2025-01-11,2025-01-19,8549,Ericsson,Germany,60,205.45,68,0,0,0.0,0,115,1,1,615,0.00016582352511078637,0.0003750099810004351,109,536222,0.00013908905895273712
BATCH-2024-03509,16,PCB,6061,2024-12-24,2024-12-30,5683,Hitachi,China,57,483.82,88,0,0,0.0,0,97,12,4,633,8.336477286677332e-05,0.0004697935134049564,95,503392,0.0002244207567666141
BATCH-2026-03510,41,Fan,1342,2026-06-14,2026-06-20,1275,HP,Japan,60,204.38,85,0,0,0.0,0,634,6,2,96,0.00012231852387452777,0.00025339821295037224,87,408153,0.00012855165100050963
BATCH-2025-03511,31,Motherboard,3504,2025-04-16,2025-04-25,3469,Kyocera,USA,35,236.61,85,0,0,0.0,0,210,4,2,520,0.00018411673535101585,0.0009126920964599268,104,605811,0.0002354934172429249
BATCH-2025-03512,6,Motherboard,2208,2025-01-17,2025-02-02,2053,NVIDIA,Germany,38,463.53,74,0,0,0.0,0,121,1,1,609,0.00023377595866623649,0.0009271237760431065,104,528560,0.0002354934172429249
BATCH-2024-03513,36,Camera,7878,2024-10-11,2024-10-25,7694,Ericsson,Germany,60,205.45,68,0,0,0.0,0,23,10,4,707,0.00016582352511078637,0.0003750099810004351,109,536222,0.00017585459338616095
BATCH-2025-03514,30,Connector,6570,2025-02-28,2025-03-14,6378,Western Digital,Germany,16,59.04,65,0,0,0.0,0,163,2,1,567,0.00026662885278630423,0.0008545899187981254,93,459619,0.00020757696267843906
BATCH-2026-03515,19,Sensor,4816,2026-06-07,2026-06-27,4512,Sumitomo,USA,36,238.9,64,0,0,0.0,0,627,6,2,103,0.00016876737493119937,0.00039378300837730447,91,458378,0.00016450590746445605
BATCH-2026-03516,33,Motherboard,8120,2026-02-21,2026-03-07,7878,Denso,Taiwan,41,277.68,84,0,0,0.0,0,521,2,1,209,0.00013528007016307464,0.0006519489677036868,119,602071,0.0002354934172429249
BATCH-2025-03517,43,Battery,6687,2025-08-03,2025-08-21,6127,ASUSTeK,USA,30,46.84,60,0,0,0.0,0,319,8,3,411,0.00044469895714356904,0.0012463320250862553,87,411235,0.00021173401481822628
BATCH-2026-03518,45,Sensor,101,2026-09-03,2026-09-12,100,Pegatron,Taiwan,47,251.52,66,0,0,0.0,0,715,9,3,15,0.0001275169517997213,0.0003266025273992103,94,477190,0.00016450590746445605
BATCH-2025-03519,46,PCB,7792,2025-12-31,2026-01-06,7422,Liteon,China,58,348.77,65,0,0,0.0,0,469,12,4,261,0.000177376316521378,0.0004995509860038717,96,502846,0.0002244207567666141
BATCH-2026-03520,46,Connector,3969,2026-09-01,2026-09-09,3712,Liteon,China,58,348.77,65,0,0,0.0,0,713,9,3,17,0.000177376316521378,0.0004995509860038717,96,502846,0.00020757696267843906
BATCH-2024-03521,46,Motherboard,4207,2024-11-15,2024-11-22,4045,Liteon,China,58,348.77,65,0,0,0.0,0,58,11,4,672,0.000177376316521378,0.0004995509860038717,96,502846,0.0002354934172429249
BATCH-2025-03522,13,Display,5812,2025-05-29,2025-06-03,5631,Onsemi,USA,46,98.93,89,0,0,0.0,0,253,5,2,477,0.00013306539717335389,0.0004888825988608853,89,428711,0.00016919115080672866
BATCH-2026-03523,48,Memory,3321,2026-06-03,2026-06-11,3208,TE Connectivity,Germany,25,315.88,71,0,0,0.0,0,623,6,2,107,0.000215467021331229,0.0009668394253566584,108,542251,0.00013960848603418856
BATCH-2025-03524,35,Fan,2137,2025-09-04,2025-09-13,2008,Nokia,Japan,42,219.49,61,0,0,0.0,0,351,9,3,379,0.00019787338089100073,0.0003538789829112609,102,503406,0.00012855165100050963
BATCH-2026-03525,25,Memory,4888,2026-03-17,2026-04-06,4724,Broadcom,USA,26,71.6,85,0,0,0.0,0,545,3,1,185,9.454505074439549e-05,0.0003137783114627588,84,481980,0.00013960848603418856
BATCH-2025-03526,26,Sensor,1126,2025-03-04,2025-03-12,1070,Texas Instruments,South Korea,53,5.67,67,0,0,0.0,0,167,3,1,563,0.0002658174764162671,0.0009122443285503541,102,493376,0.00016450590746445605
BATCH-2026-03527,44,Memory,5110,2026-08-04,2026-08-20,4933,Wistron,South Korea,50,232.01,87,0,0,0.0,0,685,8,3,45,0.00010336577465557791,0.000380745741124954,117,590216,0.00013960848603418856
BATCH-2024-03528,12,Processor,1610,2024-11-11,2024-11-27,1594,Amphenol,Germany,18,446.77,96,0,0,0.0,0,54,11,4,676,8.015372036339901e-05,0.00041034141517753633,113,576135,0.0001723848232239575
BATCH-2025-03529,38,Speaker,7215,2025-01-15,2025-02-02,7142,Xiaomi,South Korea,52,142.13,62,0,0,0.0,0,119,1,1,611,0.0002941454324685746,0.0007248486269555904,106,537180,0.00019289953369198322
BATCH-2024-03530,10,Camera,3816,2024-10-26,2024-11-07,3725,Panasonic,China,54,316.57,91,0,0,0.0,0,38,10,4,692,0.000144927638474753,0.0007549544377028447,94,435868,0.00017585459338616095
BATCH-2025-03531,27,Microcontroller,2422,2025-04-18,2025-04-24,2336,Infineon,Taiwan,51,333.1,89,0,0,0.0,0,212,4,2,518,0.00011089276239704126,0.00035581711278072977,111,553940,0.00013908905895273712
BATCH-2025-03532,28,Charger,6676,2025-02-03,2025-02-13,6379,Kioxia,China,36,390.8,86,0,0,0.0,0,138,2,1,592,6.548471380186631e-05,0.00020932699508353792,108,509896,0.0002259435803313693
BATCH-2025-03533,2,Display,5064,2025-10-21,2025-10-31,4968,TSMC,South Korea,34,349.29,92,0,0,0.0,0,398,10,4,332,0.0001216095118122708,0.0004158402802419921,99,473547,0.00016919115080672866
BATCH-2025-03534,22,Sensor,8495,2025-02-23,2025-03-03,8410,Flex,China,43,157.56,86,0,0,0.0,0,158,2,1,572,6.527455789884103e-05,0.00021075148645526503,94,530055,0.00016450590746445605
BATCH-2025-03535,34,Connector,3727,2025-10-12,2025-10-18,3628,Renesas,China,19,153.37,81,0,0,0.0,0,389,10,4,341,0.00020629854890063796,0.000928870183527049,112,540044,0.00020757696267843906
BATCH-2025-03536,19,Power IC,5106,2025-08-26,2025-09-14,4932,Sumitomo,USA,36,238.9,64,0,0,0.0,0,342,8,3,388,0.00016876737493119937,0.00039378300837730447,91,458378,0.00017735448108886377
BATCH-2025-03537,47,Display,3265,2025-04-26,2025-05-12,3170,Molex,Japan,37,191.75,76,0,0,0.0,0,220,4,2,510,0.00015063481442028842,0.00045023343696729267,102,507171,0.00016919115080672866
BATCH-2025-03538,31,Memory,2763,2025-09-16,2025-09-26,2571,Kyocera,USA,35,236.61,85,0,0,0.0,0,363,9,3,367,0.00018411673535101585,0.0009126920964599268,104,605811,0.00013960848603418856
BATCH-2025-03539,9,Microcontroller,6622,2025-05-31,2025-06-13,6345,Sony,Taiwan,19,33.78,81,0,0,0.0,0,255,5,2,475,0.00014132799993781594,0.00029553061545999206,104,509780,0.00013908905895273712
BATCH-2025-03540,10,Motherboard,3583,2025-06-25,2025-07-15,3547,Panasonic,China,54,316.57,91,0,0,0.0,0,280,6,2,450,0.000144927638474753,0.0007549544377028447,94,435868,0.0002354934172429249
BATCH-2026-03541,3,Speaker,7176,2026-07-17,2026-08-06,7104,Corning,Taiwan,24,487.86,63,0,0,0.0,0,667,7,3,63,0.0005290924687400791,0.0022824547846740364,105,511267,0.00019289953369198322
BATCH-2025-03542,32,Motherboard,6113,2025-08-02,2025-08-13,5836,Canon,South Korea,54,382.97,81,0,0,0.0,0,318,8,3,412,8.286140374041643e-05,0.0002525478149158471,93,484783,0.0002354934172429249
BATCH-2025-03543,8,Microcontroller,3559,2025-04-09,2025-04-15,3388,LG Chem,South Korea,40,115.16,76,0,0,0.0,0,203,4,2,527,0.00013285380642027623,0.00028745834951003884,92,477433,0.00013908905895273712
BATCH-2024-03544,24,Camera,1867,2024-11-25,2024-12-09,1804,Qualcomm,Germany,53,145.59,74,0,0,0.0,0,68,11,4,662,0.00017211444124561363,0.00048508112533674527,88,458321,0.00017585459338616095
BATCH-2025-03545,21,Power IC,985,2025-05-16,2025-05-27,975,Jabil,Taiwan,58,416.67,76,0,0,0.0,0,240,5,2,490,0.00034128023110612925,0.0012045823376322067,117,579869,0.00017735448108886377
BATCH-2026-03546,3,Connector,5092,2026-04-22,2026-05-09,4888,Corning,Taiwan,24,487.86,63,0,0,0.0,0,581,4,2,149,0.0005290924687400791,0.0022824547846740364,105,511267,0.00020757696267843906
BATCH-2026-03547,46,Fan,3301,2026-04-12,2026-04-29,3175,Liteon,China,58,348.77,65,0,0,0.0,0,571,4,2,159,0.000177376316521378,0.0004995509860038717,96,502846,0.00012855165100050963
BATCH-2026-03548,19,Motherboard,7498,2026-04-11,2026-05-01,7215,Sumitomo,USA,36,238.9,64,0,0,0.0,0,570,4,2,160,0.00016876737493119937,0.00039378300837730447,91,458378,0.0002354934172429249
BATCH-2025-03549,29,Speaker,8580,2025-07-01,2025-07-11,8398,Seagate,Japan,40,285.23,77,0,0,0.0,0,286,7,3,444,0.00016256441034907573,0.0004929460254392659,92,456988,0.00019289953369198322
BATCH-2026-03550,37,Battery,9201,2026-04-17,2026-04-24,8853,Huawei,USA,60,118.5,92,0,0,0.0,0,576,4,2,154,0.00010426815057621344,0.0003557497462935021,91,442918,0.00021173401481822628
BATCH-2025-03551,47,Motherboard,5796,2025-12-22,2026-01-02,5474,Molex,Japan,37,191.75,76,0,0,0.0,0,460,12,4,270,0.00015063481442028842,0.00045023343696729267,102,507171,0.0002354934172429249
BATCH-2025-03552,46,Battery,8496,2025-10-17,2025-11-01,8411,Liteon,China,58,348.77,65,0,0,0.0,0,394,10,4,336,0.000177376316521378,0.0004995509860038717,96,502846,0.00021173401481822628
BATCH-2026-03553,49,Display,7568,2026-02-12,2026-03-02,7152,Coherent,USA,42,45.65,73,0,0,0.0,0,512,2,1,218,0.00034438539861380375,0.0009931063632699735,93,417736,0.00016919115080672866
BATCH-2026-03554,8,Display,5615,2026-05-07,2026-05-19,5473,LG Chem,South Korea,40,115.16,76,0,0,0.0,0,596,5,2,134,0.00013285380642027623,0.00028745834951003884,92,477433,0.00016919115080672866
BATCH-2026-03555,26,Microcontroller,6115,2026-02-27,2026-03-16,5901,Texas Instruments,South Korea,53,5.67,67,0,0,0.0,0,527,2,1,203,0.0002658174764162671,0.0009122443285503541,102,493376,0.00013908905895273712
BATCH-2025-03556,39,Charger,5882,2025-04-26,2025-05-16,5471,Lenovo,Taiwan,57,331.63,71,0,0,0.0,0,220,4,2,510,0.00017438124238925042,0.000501056949565781,101,560841,0.0002259435803313693
BATCH-2025-03557,23,Memory,7821,2025-04-05,2025-04-23,7743,ASE,Japan,50,402.77,91,0,0,0.0,0,199,4,2,531,6.663525433902222e-05,0.00015954052120490043,90,441864,0.00013960848603418856
BATCH-2026-03558,15,Speaker,3414,2026-01-04,2026-01-20,3340,SK Hynix,Taiwan,40,342.16,65,0,0,0.0,0,473,1,1,257,0.00026051175061660777,0.0007352320636847295,93,436297,0.00019289953369198322
BATCH-2024-03559,43,Sensor,2379,2024-11-28,2024-12-12,2279,ASUSTeK,USA,30,46.84,60,0,0,0.0,0,71,11,4,659,0.00044469895714356904,0.0012463320250862553,87,411235,0.00016450590746445605
BATCH-2026-03560,34,Speaker,7892,2026-02-26,2026-03-11,7405,Renesas,China,19,153.37,81,0,0,0.0,0,526,2,1,204,0.00020629854890063796,0.000928870183527049,112,540044,0.00019289953369198322
BATCH-2025-03561,33,Memory,5788,2025-09-29,2025-10-12,5691,Denso,Taiwan,41,277.68,84,0,0,0.0,0,376,9,3,354,0.00013528007016307464,0.0006519489677036868,119,602071,0.00013960848603418856
BATCH-2026-03562,17,Sensor,4211,2026-02-21,2026-03-12,4079,Mitsubishi,Japan,33,186.49,72,0,0,0.0,0,521,2,1,209,0.00014815223187369047,0.00046308585294764547,114,569061,0.00016450590746445605
BATCH-2025-03563,34,Charger,590,2025-02-05,2025-02-25,577,Renesas,China,19,153.37,81,0,0,0.0,0,140,2,1,590,0.00020629854890063796,0.000928870183527049,112,540044,0.0002259435803313693
BATCH-2025-03564,22,Speaker,7632,2025-06-02,2025-06-08,7556,Flex,China,43,157.56,86,0,0,0.0,0,257,6,2,473,6.527455789884103e-05,0.00021075148645526503,94,530055,0.00019289953369198322
BATCH-2025-03565,6,Camera,119,2025-08-28,2025-09-04,114,NVIDIA,Germany,38,463.53,74,0,0,0.0,0,344,8,3,386,0.00023377595866623649,0.0009271237760431065,104,528560,0.00017585459338616095
BATCH-2025-03566,10,Sensor,9488,2025-07-03,2025-07-11,8983,Panasonic,China,54,316.57,91,0,0,0.0,0,288,7,3,442,0.000144927638474753,0.0007549544377028447,94,435868,0.00016450590746445605
BATCH-2025-03567,30,Charger,6576,2025-10-30,2025-11-05,6150,Western Digital,Germany,16,59.04,65,0,0,0.0,0,407,10,4,323,0.00026662885278630423,0.0008545899187981254,93,459619,0.0002259435803313693
BATCH-2025-03568,36,Speaker,4503,2025-02-27,2025-03-05,4410,Ericsson,Germany,60,205.45,68,0,0,0.0,0,162,2,1,568,0.00016582352511078637,0.0003750099810004351,109,536222,0.00019289953369198322
BATCH-2026-03569,11,Connector,3508,2026-06-30,2026-07-17,3378,Murata,Japan,22,178.55,88,0,0,0.0,0,650,6,2,80,0.00015599689945027513,0.0009387029695731565,105,551463,0.00020757696267843906
BATCH-2025-03570,14,Charger,1496,2025-04-23,2025-05-07,1434,STMicroelectronics,South Korea,31,23.81,77,0,0,0.0,0,217,4,2,513,0.0001573864901705702,0.00046936123067953895,91,385139,0.0002259435803313693
BATCH-2024-03571,3,Battery,4184,2024-11-25,2024-11-30,4142,Corning,Taiwan,24,487.86,63,0,0,0.0,0,68,11,4,662,0.0005290924687400791,0.0022824547846740364,105,511267,0.00021173401481822628
BATCH-2026-03572,33,Memory,5771,2026-01-18,2026-02-07,5713,Denso,Taiwan,41,277.68,84,0,0,0.0,0,487,1,1,243,0.00013528007016307464,0.0006519489677036868,119,602071,0.00013960848603418856
BATCH-2024-03573,49,Processor,9623,2024-12-31,2025-01-06,9077,Coherent,USA,42,45.65,73,0,0,0.0,0,104,12,4,626,0.00034438539861380375,0.0009931063632699735,93,417736,0.0001723848232239575
BATCH-2024-03574,6,Power IC,7472,2024-09-29,2024-10-08,7149,NVIDIA,Germany,38,463.53,74,0,0,0.0,0,11,9,3,719,0.00023377595866623649,0.0009271237760431065,104,528560,0.00017735448108886377
BATCH-2025-03575,38,Power IC,2178,2025-04-25,2025-05-14,1993,Xiaomi,South Korea,52,142.13,62,0,0,0.0,0,219,4,2,511,0.0002941454324685746,0.0007248486269555904,106,537180,0.00017735448108886377
BATCH-2026-03576,29,Battery,2984,2026-02-05,2026-02-18,2885,Seagate,Japan,40,285.23,77,0,0,0.0,0,505,2,1,225,0.00016256441034907573,0.0004929460254392659,92,456988,0.00021173401481822628
BATCH-2026-03577,17,Motherboard,8992,2026-04-04,2026-04-23,8634,Mitsubishi,Japan,33,186.49,72,0,0,0.0,0,563,4,2,167,0.00014815223187369047,0.00046308585294764547,114,569061,0.0002354934172429249
BATCH-2025-03578,27,Sensor,7217,2025-03-18,2025-04-03,6888,Infineon,Taiwan,51,333.1,89,0,0,0.0,0,181,3,1,549,0.00011089276239704126,0.00035581711278072977,111,553940,0.00016450590746445605
BATCH-2026-03579,21,Connector,2221,2026-05-15,2026-05-21,2132,Jabil,Taiwan,58,416.67,76,0,0,0.0,0,604,5,2,126,0.00034128023110612925,0.0012045823376322067,117,579869,0.00020757696267843906
BATCH-2025-03580,12,Fan,3517,2025-03-13,2025-03-22,3482,Amphenol,Germany,18,446.77,96,0,0,0.0,0,176,3,1,554,8.015372036339901e-05,0.00041034141517753633,113,576135,0.00012855165100050963
BATCH-2026-03581,25,Camera,8746,2026-01-10,2026-01-21,8395,Broadcom,USA,26,71.6,85,0,0,0.0,0,479,1,1,251,9.454505074439549e-05,0.0003137783114627588,84,481980,0.00017585459338616095
BATCH-2024-03582,26,PCB,2658,2024-10-09,2024-10-22,2482,Texas Instruments,South Korea,53,5.67,67,0,0,0.0,0,21,10,4,709,0.0002658174764162671,0.0009122443285503541,102,493376,0.0002244207567666141
BATCH-2025-03583,16,Connector,6000,2025-03-06,2025-03-24,5745,Hitachi,China,57,483.82,88,0,0,0.0,0,169,3,1,561,8.336477286677332e-05,0.0004697935134049564,95,503392,0.00020757696267843906
BATCH-2026-03584,15,Speaker,349,2026-04-28,2026-05-18,324,SK Hynix,Taiwan,40,342.16,65,0,0,0.0,0,587,4,2,143,0.00026051175061660777,0.0007352320636847295,93,436297,0.00019289953369198322
BATCH-2026-03585,47,Display,4135,2026-06-15,2026-06-22,3934,Molex,Japan,37,191.75,76,0,0,0.0,0,635,6,2,95,0.00015063481442028842,0.00045023343696729267,102,507171,0.00016919115080672866
BATCH-2025-03586,34,Microcontroller,6525,2025-05-09,2025-05-28,6256,Renesas,China,19,153.37,81,0,0,0.0,0,233,5,2,497,0.00020629854890063796,0.000928870183527049,112,540044,0.00013908905895273712
BATCH-2026-03587,20,Camera,6460,2026-06-08,2026-06-13,6395,Delta Electronics,South Korea,30,335.57,68,0,0,0.0,0,628,6,2,102,0.00014552538396359592,0.00035285670745256997,82,427248,0.00017585459338616095
BATCH-2025-03588,40,Speaker,3208,2025-01-02,2025-01-22,3018,Dell,China,20,392.38,81,0,0,0.0,0,106,1,1,624,0.00013234425192726218,0.0003712523513249762,101,498329,0.00019289953369198322
BATCH-2026-03589,37,Motherboard,8113,2026-06-24,2026-07-13,7716,Huawei,USA,60,118.5,92,0,0,0.0,0,644,6,2,86,0.00010426815057621344,0.0003557497462935021,91,442918,0.0002354934172429249
BATCH-2026-03590,9,Power IC,5852,2026-06-05,2026-06-23,5667,Sony,Taiwan,19,33.78,81,0,0,0.0,0,625,6,2,105,0.00014132799993781594,0.00029553061545999206,104,509780,0.00017735448108886377
BATCH-2025-03591,35,PCB,9826,2025-05-26,2025-06-12,9104,Nokia,Japan,42,219.49,61,0,0,0.0,0,250,5,2,480,0.00019787338089100073,0.0003538789829112609,102,503406,0.0002244207567666141
BATCH-2025-03592,21,Camera,9124,2025-01-24,2025-01-31,8631,Jabil,Taiwan,58,416.67,76,0,0,0.0,0,128,1,1,602,0.00034128023110612925,0.0012045823376322067,117,579869,0.00017585459338616095
BATCH-2026-03593,29,Battery,5036,2026-07-27,2026-08-02,4986,Seagate,Japan,40,285.23,77,0,0,0.0,0,677,7,3,53,0.00016256441034907573,0.0004929460254392659,92,456988,0.00021173401481822628
BATCH-2025-03594,40,Fan,3048,2025-10-04,2025-10-15,2915,Dell,China,20,392.38,81,0,0,0.0,0,381,10,4,349,0.00013234425192726218,0.0003712523513249762,101,498329,0.00012855165100050963
BATCH-2025-03595,23,PCB,5586,2025-11-04,2025-11-21,5420,ASE,Japan,50,402.77,91,0,0,0.0,0,412,11,4,318,6.663525433902222e-05,0.00015954052120490043,90,441864,0.0002244207567666141
BATCH-2025-03596,22,Fan,4633,2025-10-30,2025-11-06,4587,Flex,China,43,157.56,86,0,0,0.0,0,407,10,4,323,6.527455789884103e-05,0.00021075148645526503,94,530055,0.00012855165100050963
BATCH-2025-03597,32,Charger,2960,2025-12-02,2025-12-13,2809,Canon,South Korea,54,382.97,81,0,0,0.0,0,440,12,4,290,8.286140374041643e-05,0.0002525478149158471,93,484783,0.0002259435803313693
BATCH-2025-03598,7,Display,2769,2025-03-10,2025-03-26,2666,Foxconn,USA,50,411.74,84,0,0,0.0,0,173,3,1,557,0.0003217144075727912,0.0015438669764764946,105,555087,0.00016919115080672866
BATCH-2024-03599,14,Sensor,7717,2024-10-26,2024-11-14,7540,STMicroelectronics,South Korea,31,23.81,77,0,0,0.0,0,38,10,4,692,0.0001573864901705702,0.00046936123067953895,91,385139,0.00016450590746445605
BATCH-2025-03600,17,Camera,4744,2025-12-19,2026-01-05,4687,Mitsubishi,Japan,33,186.49,72,0,0,0.0,0,457,12,4,273,0.00014815223187369047,0.00046308585294764547,114,569061,0.00017585459338616095
BATCH-2025-03601,20,Motherboard,6432,2025-11-18,2025-12-01,6368,Delta Electronics,South Korea,30,335.57,68,0,0,0.0,0,426,11,4,304,0.00014552538396359592,0.00035285670745256997,82,427248,0.0002354934172429249
BATCH-2025-03602,26,Power IC,3425,2025-09-10,2025-09-26,3311,Texas Instruments,South Korea,53,5.67,67,0,0,0.0,0,357,9,3,373,0.0002658174764162671,0.0009122443285503541,102,493376,0.00017735448108886377
BATCH-2025-03603,34,Motherboard,426,2025-04-02,2025-04-10,411,Renesas,China,19,153.37,81,0,0,0.0,0,196,4,2,534,0.00020629854890063796,0.000928870183527049,112,540044,0.0002354934172429249
BATCH-2026-03604,33,Battery,5005,2026-08-25,2026-08-30,4955,Denso,Taiwan,41,277.68,84,0,0,0.0,0,706,8,3,24,0.00013528007016307464,0.0006519489677036868,119,602071,0.00021173401481822628
BATCH-2026-03605,14,Power IC,7315,2026-06-18,2026-06-23,7197,STMicroelectronics,South Korea,31,23.81,77,0,0,0.0,0,638,6,2,92,0.0001573864901705702,0.00046936123067953895,91,385139,0.00017735448108886377
BATCH-2025-03606,3,Camera,6404,2025-03-30,2025-04-18,6049,Corning,Taiwan,24,487.86,63,0,0,0.0,0,193,3,1,537,0.0005290924687400791,0.0022824547846740364,105,511267,0.00017585459338616095
BATCH-2025-03607,27,Display,6088,2025-01-03,2025-01-16,6027,Infineon,Taiwan,51,333.1,89,0,0,0.0,0,107,1,1,623,0.00011089276239704126,0.00035581711278072977,111,553940,0.00016919115080672866
BATCH-2025-03608,32,Charger,9291,2025-02-26,2025-03-17,8705,Canon,South Korea,54,382.97,81,0,0,0.0,0,161,2,1,569,8.286140374041643e-05,0.0002525478149158471,93,484783,0.0002259435803313693
BATCH-2026-03609,42,Charger,5642,2026-02-23,2026-03-01,5586,Acer,Germany,34,85.15,90,0,0,0.0,0,523,2,1,207,5.058942432590356e-05,0.0001440589145000144,106,511239,0.0002259435803313693
BATCH-2026-03610,34,Fan,2729,2026-06-18,2026-06-26,2546,Renesas,China,19,153.37,81,0,0,0.0,0,638,6,2,92,0.00020629854890063796,0.000928870183527049,112,540044,0.00012855165100050963
BATCH-2026-03611,45,Microcontroller,7724,2026-05-28,2026-06-14,7358,Pegatron,Taiwan,47,251.52,66,0,0,0.0,0,617,5,2,113,0.0001275169517997213,0.0003266025273992103,94,477190,0.00013908905895273712
BATCH-2026-03612,15,Charger,2003,2026-02-18,2026-02-27,1908,SK Hynix,Taiwan,40,342.16,65,0,0,0.0,0,518,2,1,212,0.00026051175061660777,0.0007352320636847295,93,436297,0.0002259435803313693
BATCH-2026-03613,32,Power IC,5295,2026-01-10,2026-01-30,5242,Canon,South Korea,54,382.97,81,0,0,0.0,0,479,1,1,251,8.286140374041643e-05,0.0002525478149158471,93,484783,0.00017735448108886377
BATCH-2025-03614,42,Microcontroller,1684,2025-06-07,2025-06-23,1656,Acer,Germany,34,85.15,90,0,0,0.0,0,262,6,2,468,5.058942432590356e-05,0.0001440589145000144,106,511239,0.00013908905895273712
BATCH-2025-03615,24,Connector,7415,2025-09-29,2025-10-06,7201,Qualcomm,Germany,53,145.59,74,0,0,0.0,0,376,9,3,354,0.00017211444124561363,0.00048508112533674527,88,458321,0.00020757696267843906
BATCH-2025-03616,3,Fan,2784,2025-12-25,2026-01-01,2692,Corning,Taiwan,24,487.86,63,0,0,0.0,0,463,12,4,267,0.0005290924687400791,0.0022824547846740364,105,511267,0.00012855165100050963
BATCH-2025-03617,33,Charger,7502,2025-09-18,2025-09-26,7427,Denso,Taiwan,41,277.68,84,0,0,0.0,0,365,9,3,365,0.00013528007016307464,0.0006519489677036868,119,602071,0.0002259435803313693
BATCH-2025-03618,50,Processor,4174,2025-09-28,2025-10-17,3880,APC,South Korea,30,481.03,64,0,0,0.0,0,375,9,3,355,0.0002753509047441992,0.0007401953979905162,113,559124,0.0001723848232239575
BATCH-2025-03619,26,Battery,4791,2025-10-13,2025-10-26,4519,Texas Instruments,South Korea,53,5.67,67,0,0,0.0,0,390,10,4,340,0.0002658174764162671,0.0009122443285503541,102,493376,0.00021173401481822628
BATCH-2026-03620,22,Memory,515,2026-03-12,2026-03-26,510,Flex,China,43,157.56,86,0,0,0.0,0,540,3,1,190,6.527455789884103e-05,0.00021075148645526503,94,530055,0.00013960848603418856
BATCH-2025-03621,9,Microcontroller,9905,2025-01-02,2025-01-10,9604,Sony,Taiwan,19,33.78,81,0,0,0.0,0,106,1,1,624,0.00014132799993781594,0.00029553061545999206,104,509780,0.00013908905895273712
BATCH-2025-03622,13,Camera,6343,2025-03-14,2025-03-19,6112,Onsemi,USA,46,98.93,89,0,0,0.0,0,177,3,1,553,0.00013306539717335389,0.0004888825988608853,89,428711,0.00017585459338616095
BATCH-2025-03623,43,Motherboard,1924,2025-11-06,2025-11-14,1839,ASUSTeK,USA,30,46.84,60,0,0,0.0,0,414,11,4,316,0.00044469895714356904,0.0012463320250862553,87,411235,0.0002354934172429249
BATCH-2025-03624,29,PCB,2487,2025-02-04,2025-02-11,2321,Seagate,Japan,40,285.23,77,0,0,0.0,0,139,2,1,591,0.00016256441034907573,0.0004929460254392659,92,456988,0.0002244207567666141
BATCH-2025-03625,33,Fan,994,2025-03-30,2025-04-15,976,Denso,Taiwan,41,277.68,84,0,0,0.0,0,193,3,1,537,0.00013528007016307464,0.0006519489677036868,119,602071,0.00012855165100050963
BATCH-2025-03626,35,Sensor,1802,2025-10-13,2025-11-01,1667,Nokia,Japan,42,219.49,61,0,0,0.0,0,390,10,4,340,0.00019787338089100073,0.0003538789829112609,102,503406,0.00016450590746445605
BATCH-2026-03627,37,Processor,9836,2026-04-06,2026-04-17,9600,Huawei,USA,60,118.5,92,0,0,0.0,0,565,4,2,165,0.00010426815057621344,0.0003557497462935021,91,442918,0.0001723848232239575
BATCH-2025-03628,19,PCB,8019,2025-02-14,2025-02-21,7640,Sumitomo,USA,36,238.9,64,0,0,0.0,0,149,2,1,581,0.00016876737493119937,0.00039378300837730447,91,458378,0.0002244207567666141
BATCH-2024-03629,37,Charger,4876,2024-12-03,2024-12-15,4827,Huawei,USA,60,118.5,92,0,0,0.0,0,76,12,4,654,0.00010426815057621344,0.0003557497462935021,91,442918,0.0002259435803313693
BATCH-2025-03630,35,Sensor,8680,2025-12-02,2025-12-21,8593,Nokia,Japan,42,219.49,61,0,0,0.0,0,440,12,4,290,0.00019787338089100073,0.0003538789829112609,102,503406,0.00016450590746445605
BATCH-2025-03631,3,Charger,4323,2025-03-09,2025-03-29,4227,Corning,Taiwan,24,487.86,63,0,0,0.0,0,172,3,1,558,0.0005290924687400791,0.0022824547846740364,105,511267,0.0002259435803313693
BATCH-2025-03632,45,Motherboard,7107,2025-09-03,2025-09-21,6789,Pegatron,Taiwan,47,251.52,66,0,0,0.0,0,350,9,3,380,0.0001275169517997213,0.0003266025273992103,94,477190,0.0002354934172429249
BATCH-2025-03633,1,Display,2068,2025-12-18,2026-01-05,2018,Samsung,USA,19,220.56,89,0,0,0.0,0,456,12,4,274,0.00017219294545324894,0.0013891588805521986,106,504263,0.00016919115080672866
BATCH-2024-03634,30,Display,5889,2024-12-29,2025-01-15,5830,Western Digital,Germany,16,59.04,65,0,0,0.0,0,102,12,4,628,0.00026662885278630423,0.0008545899187981254,93,459619,0.00016919115080672866
BATCH-2026-03635,2,Camera,232,2026-03-01,2026-03-13,230,TSMC,South Korea,34,349.29,92,0,0,0.0,0,529,3,1,201,0.0001216095118122708,0.0004158402802419921,99,473547,0.00017585459338616095
BATCH-2024-03636,40,Motherboard,1561,2024-12-12,2024-12-31,1529,Dell,China,20,392.38,81,0,0,0.0,0,85,12,4,645,0.00013234425192726218,0.0003712523513249762,101,498329,0.0002354934172429249
BATCH-2025-03637,32,Speaker,2741,2025-05-04,2025-05-17,2674,Canon,South Korea,54,382.97,81,0,0,0.0,0,228,5,2,502,8.286140374041643e-05,0.0002525478149158471,93,484783,0.00019289953369198322
BATCH-2026-03638,2,Battery,2929,2026-09-05,2026-09-14,2872,TSMC,South Korea,34,349.29,92,0,0,0.0,0,717,9,3,13,0.0001216095118122708,0.0004158402802419921,99,473547,0.00021173401481822628
BATCH-2025-03639,11,Microcontroller,114,2025-09-20,2025-10-04,110,Murata,Japan,22,178.55,88,0,0,0.0,0,367,9,3,363,0.00015599689945027513,0.0009387029695731565,105,551463,0.00013908905895273712
BATCH-2026-03640,42,Memory,6376,2026-08-23,2026-09-05,6312,Acer,Germany,34,85.15,90,0,0,0.0,0,704,8,3,26,5.058942432590356e-05,0.0001440589145000144,106,511239,0.00013960848603418856
BATCH-2025-03641,26,Battery,1983,2025-02-14,2025-03-02,1963,Texas Instruments,South Korea,53,5.67,67,0,0,0.0,0,149,2,1,581,0.0002658174764162671,0.0009122443285503541,102,493376,0.00021173401481822628
BATCH-2025-03642,48,Fan,6383,2025-11-08,2025-11-13,6319,TE Connectivity,Germany,25,315.88,71,0,0,0.0,0,416,11,4,314,0.000215467021331229,0.0009668394253566584,108,542251,0.00012855165100050963
BATCH-2025-03643,31,Power IC,5187,2025-10-25,2025-11-05,5135,Kyocera,USA,35,236.61,85,0,0,0.0,0,402,10,4,328,0.00018411673535101585,0.0009126920964599268,104,605811,0.00017735448108886377
BATCH-2025-03644,29,Speaker,7450,2025-01-07,2025-01-27,7293,Seagate,Japan,40,285.23,77,0,0,0.0,0,111,1,1,619,0.00016256441034907573,0.0004929460254392659,92,456988,0.00019289953369198322
BATCH-2025-03645,18,Charger,3583,2025-05-11,2025-05-22,3298,Bosch,Germany,18,96.36,77,0,0,0.0,0,235,5,2,495,0.00021806730730221415,0.0007021012099867912,110,557568,0.0002259435803313693
BATCH-2024-03646,39,Camera,6800,2024-10-31,2024-11-12,6372,Lenovo,Taiwan,57,331.63,71,0,0,0.0,0,43,10,4,687,0.00017438124238925042,0.000501056949565781,101,560841,0.00017585459338616095
BATCH-2025-03647,4,PCB,2773,2025-09-28,2025-10-12,2693,Intel,China,48,393.46,88,0,0,0.0,0,375,9,3,355,0.00018841892264149143,0.0009961276293195824,96,400272,0.0002244207567666141
BATCH-2025-03648,24,Motherboard,5207,2025-02-22,2025-03-03,4942,Qualcomm,Germany,53,145.59,74,0,0,0.0,0,157,2,1,573,0.00017211444124561363,0.00048508112533674527,88,458321,0.0002354934172429249
BATCH-2024-03649,49,Connector,4012,2024-12-21,2025-01-03,3845,Coherent,USA,42,45.65,73,0,0,0.0,0,94,12,4,636,0.00034438539861380375,0.0009931063632699735,93,417736,0.00020757696267843906
BATCH-2026-03650,12,Camera,9172,2026-05-06,2026-05-15,8995,Amphenol,Germany,18,446.77,96,0,0,0.0,0,595,5,2,135,8.015372036339901e-05,0.00041034141517753633,113,576135,0.00017585459338616095
BATCH-2026-03651,19,Connector,8241,2026-08-25,2026-09-10,7840,Sumitomo,USA,36,238.9,64,0,0,0.0,0,706,8,3,24,0.00016876737493119937,0.00039378300837730447,91,458378,0.00020757696267843906
BATCH-2025-03652,43,Fan,6176,2025-03-09,2025-03-26,5849,ASUSTeK,USA,30,46.84,60,0,0,0.0,0,172,3,1,558,0.00044469895714356904,0.0012463320250862553,87,411235,0.00012855165100050963
BATCH-2026-03653,45,Sensor,6598,2026-03-06,2026-03-25,6532,Pegatron,Taiwan,47,251.52,66,0,0,0.0,0,534,3,1,196,0.0001275169517997213,0.0003266025273992103,94,477190,0.00016450590746445605
BATCH-2026-03654,30,Charger,654,2026-02-10,2026-02-20,624,Western Digital,Germany,16,59.04,65,0,0,0.0,0,510,2,1,220,0.00026662885278630423,0.0008545899187981254,93,459619,0.0002259435803313693
BATCH-2026-03655,17,Connector,966,2026-05-16,2026-05-30,940,Mitsubishi,Japan,33,186.49,72,0,0,0.0,0,605,5,2,125,0.00014815223187369047,0.00046308585294764547,114,569061,0.00020757696267843906
BATCH-2026-03656,43,Fan,788,2026-06-15,2026-06-30,740,ASUSTeK,USA,30,46.84,60,0,0,0.0,0,635,6,2,95,0.00044469895714356904,0.0012463320250862553,87,411235,0.00012855165100050963
BATCH-2024-03657,27,Camera,1336,2024-11-14,2024-11-23,1267,Infineon,Taiwan,51,333.1,89,0,0,0.0,0,57,11,4,673,0.00011089276239704126,0.00035581711278072977,111,553940,0.00017585459338616095
BATCH-2025-03658,38,Microcontroller,4005,2025-05-18,2025-06-03,3790,Xiaomi,South Korea,52,142.13,62,0,0,0.0,0,242,5,2,488,0.0002941454324685746,0.0007248486269555904,106,537180,0.00013908905895273712
BATCH-2025-03659,40,Processor,1953,2025-12-20,2026-01-05,1823,Dell,China,20,392.38,81,0,0,0.0,0,458,12,4,272,0.00013234425192726218,0.0003712523513249762,101,498329,0.0001723848232239575
BATCH-2025-03660,11,Speaker,4297,2025-08-15,2025-08-26,4254,Murata,Japan,22,178.55,88,0,0,0.0,0,331,8,3,399,0.00015599689945027513,0.0009387029695731565,105,551463,0.00019289953369198322
BATCH-2025-03661,9,PCB,4290,2025-06-22,2025-07-10,4066,Sony,Taiwan,19,33.78,81,0,0,0.0,0,277,6,2,453,0.00014132799993781594,0.00029553061545999206,104,509780,0.0002244207567666141
BATCH-2026-03662,45,Connector,8414,2026-01-21,2026-02-03,8100,Pegatron,Taiwan,47,251.52,66,0,0,0.0,0,490,1,1,240,0.0001275169517997213,0.0003266025273992103,94,477190,0.00020757696267843906
BATCH-2026-03663,2,Speaker,9197,2026-04-15,2026-04-24,8954,TSMC,South Korea,34,349.29,92,0,0,0.0,0,574,4,2,156,0.0001216095118122708,0.0004158402802419921,99,473547,0.00019289953369198322
BATCH-2025-03664,25,PCB,5817,2025-09-17,2025-10-01,5668,Broadcom,USA,26,71.6,85,0,0,0.0,0,364,9,3,366,9.454505074439549e-05,0.0003137783114627588,84,481980,0.0002244207567666141
BATCH-2025-03665,31,Connector,8243,2025-08-14,2025-09-03,8161,Kyocera,USA,35,236.61,85,0,0,0.0,0,330,8,3,400,0.00018411673535101585,0.0009126920964599268,104,605811,0.00020757696267843906
BATCH-2026-03666,31,Charger,2681,2026-05-21,2026-05-29,2572,Kyocera,USA,35,236.61,85,0,0,0.0,0,610,5,2,120,0.00018411673535101585,0.0009126920964599268,104,605811,0.0002259435803313693
BATCH-2025-03667,44,Speaker,5258,2025-08-11,2025-08-26,5205,Wistron,South Korea,50,232.01,87,0,0,0.0,0,327,8,3,403,0.00010336577465557791,0.000380745741124954,117,590216,0.00019289953369198322
BATCH-2026-03668,20,Battery,8923,2026-03-18,2026-03-30,8376,Delta Electronics,South Korea,30,335.57,68,0,0,0.0,0,546,3,1,184,0.00014552538396359592,0.00035285670745256997,82,427248,0.00021173401481822628
BATCH-2024-03669,30,Display,5429,2024-12-05,2024-12-20,4949,Western Digital,Germany,16,59.04,65,0,0,0.0,0,78,12,4,652,0.00026662885278630423,0.0008545899187981254,93,459619,0.00016919115080672866
BATCH-2025-03670,4,Display,4782,2025-02-11,2025-02-19,4734,Intel,China,48,393.46,88,0,0,0.0,0,146,2,1,584,0.00018841892264149143,0.0009961276293195824,96,400272,0.00016919115080672866
BATCH-2025-03671,21,Processor,3075,2025-06-01,2025-06-17,2975,Jabil,Taiwan,58,416.67,76,0,0,0.0,0,256,6,2,474,0.00034128023110612925,0.0012045823376322067,117,579869,0.0001723848232239575
BATCH-2026-03672,6,Speaker,144,2026-05-09,2026-05-25,138,NVIDIA,Germany,38,463.53,74,0,0,0.0,0,598,5,2,132,0.00023377595866623649,0.0009271237760431065,104,528560,0.00019289953369198322
BATCH-2024-03673,42,Power IC,8401,2024-11-27,2024-12-12,8317,Acer,Germany,34,85.15,90,0,0,0.0,0,70,11,4,660,5.058942432590356e-05,0.0001440589145000144,106,511239,0.00017735448108886377
BATCH-2025-03674,50,Memory,4735,2025-04-25,2025-05-01,4448,APC,South Korea,30,481.03,64,0,0,0.0,0,219,4,2,511,0.0002753509047441992,0.0007401953979905162,113,559124,0.00013960848603418856
BATCH-2026-03675,21,Microcontroller,1920,2026-04-09,2026-04-21,1901,Jabil,Taiwan,58,416.67,76,0,0,0.0,0,568,4,2,162,0.00034128023110612925,0.0012045823376322067,117,579869,0.00013908905895273712
BATCH-2025-03676,32,Speaker,9782,2025-05-28,2025-06-03,9436,Canon,South Korea,54,382.97,81,0,0,0.0,0,252,5,2,478,8.286140374041643e-05,0.0002525478149158471,93,484783,0.00019289953369198322
BATCH-2025-03677,15,PCB,2032,2025-01-01,2025-01-06,1930,SK Hynix,Taiwan,40,342.16,65,0,0,0.0,0,105,1,1,625,0.00026051175061660777,0.0007352320636847295,93,436297,0.0002244207567666141
BATCH-2026-03678,20,Sensor,2510,2026-04-25,2026-04-30,2457,Delta Electronics,South Korea,30,335.57,68,0,0,0.0,0,584,4,2,146,0.00014552538396359592,0.00035285670745256997,82,427248,0.00016450590746445605
BATCH-2025-03679,43,Connector,789,2025-10-25,2025-11-03,741,ASUSTeK,USA,30,46.84,60,0,0,0.0,0,402,10,4,328,0.00044469895714356904,0.0012463320250862553,87,411235,0.00020757696267843906
BATCH-2025-03680,16,Camera,5954,2025-10-17,2025-11-06,5894,Hitachi,China,57,483.82,88,0,0,0.0,0,394,10,4,336,8.336477286677332e-05,0.0004697935134049564,95,503392,0.00017585459338616095
BATCH-2026-03681,2,Processor,146,2026-04-11,2026-04-27,142,TSMC,South Korea,34,349.29,92,0,0,0.0,0,570,4,2,160,0.0001216095118122708,0.0004158402802419921,99,473547,0.0001723848232239575
BATCH-2024-03682,42,Battery,6291,2024-09-24,2024-10-09,6224,Acer,Germany,34,85.15,90,0,0,0.0,0,6,9,3,724,5.058942432590356e-05,0.0001440589145000144,106,511239,0.00021173401481822628
BATCH-2025-03683,37,Memory,9448,2025-03-14,2025-03-22,8834,Huawei,USA,60,118.5,92,0,0,0.0,0,177,3,1,553,0.00010426815057621344,0.0003557497462935021,91,442918,0.00013960848603418856
BATCH-2026-03684,1,Processor,4968,2026-02-28,2026-03-17,4918,Samsung,USA,19,220.56,89,0,0,0.0,0,528,2,1,202,0.00017219294545324894,0.0013891588805521986,106,504263,0.0001723848232239575
BATCH-2025-03685,47,Microcontroller,9283,2025-08-03,2025-08-14,8852,Molex,Japan,37,191.75,76,0,0,0.0,0,319,8,3,411,0.00015063481442028842,0.00045023343696729267,102,507171,0.00013908905895273712
BATCH-2024-03686,22,Motherboard,6289,2024-11-02,2024-11-14,6226,Flex,China,43,157.56,86,0,0,0.0,0,45,11,4,685,6.527455789884103e-05,0.00021075148645526503,94,530055,0.0002354934172429249
BATCH-2024-03687,23,Charger,749,2024-12-22,2025-01-08,729,ASE,Japan,50,402.77,91,0,0,0.0,0,95,12,4,635,6.663525433902222e-05,0.00015954052120490043,90,441864,0.0002259435803313693
BATCH-2025-03688,44,Memory,3575,2025-08-13,2025-08-29,3539,Wistron,South Korea,50,232.01,87,0,0,0.0,0,329,8,3,401,0.00010336577465557791,0.000380745741124954,117,590216,0.00013960848603418856
BATCH-2025-03689,18,Motherboard,5298,2025-06-29,2025-07-11,5075,Bosch,Germany,18,96.36,77,0,0,0.0,0,284,6,2,446,0.00021806730730221415,0.0007021012099867912,110,557568,0.0002354934172429249
BATCH-2025-03690,27,Speaker,1831,2025-10-11,2025-10-28,1790,Infineon,Taiwan,51,333.1,89,0,0,0.0,0,388,10,4,342,0.00011089276239704126,0.00035581711278072977,111,553940,0.00019289953369198322
BATCH-2025-03691,49,Processor,7582,2025-01-18,2025-02-06,7045,Coherent,USA,42,45.65,73,0,0,0.0,0,122,1,1,608,0.00034438539861380375,0.0009931063632699735,93,417736,0.0001723848232239575
BATCH-2025-03692,21,Battery,3698,2025-09-19,2025-10-05,3661,Jabil,Taiwan,58,416.67,76,0,0,0.0,0,366,9,3,364,0.00034128023110612925,0.0012045823376322067,117,579869,0.00021173401481822628
BATCH-2026-03693,25,Charger,3437,2026-04-25,2026-05-10,3286,Broadcom,USA,26,71.6,85,0,0,0.0,0,584,4,2,146,9.454505074439549e-05,0.0003137783114627588,84,481980,0.0002259435803313693
BATCH-2026-03694,7,Charger,1065,2026-09-16,2026-09-21,1054,Foxconn,USA,50,411.74,84,0,0,0.0,0,728,9,3,2,0.0003217144075727912,0.0015438669764764946,105,555087,0.0002259435803313693
BATCH-2026-03695,26,Display,4979,2026-05-21,2026-06-04,4875,Texas Instruments,South Korea,53,5.67,67,0,0,0.0,0,610,5,2,120,0.0002658174764162671,0.0009122443285503541,102,493376,0.00016919115080672866
BATCH-2026-03696,28,Connector,5426,2026-07-05,2026-07-20,5358,Kioxia,China,36,390.8,86,0,0,0.0,0,655,7,3,75,6.548471380186631e-05,0.00020932699508353792,108,509896,0.00020757696267843906
BATCH-2025-03697,24,Memory,1839,2025-06-26,2025-07-14,1752,Qualcomm,Germany,53,145.59,74,0,0,0.0,0,281,6,2,449,0.00017211444124561363,0.00048508112533674527,88,458321,0.00013960848603418856
BATCH-2026-03698,47,Microcontroller,2065,2026-06-04,2026-06-18,1994,Molex,Japan,37,191.75,76,0,0,0.0,0,624,6,2,106,0.00015063481442028842,0.00045023343696729267,102,507171,0.00013908905895273712
BATCH-2024-03699,7,Memory,7628,2024-12-17,2024-12-30,7552,Foxconn,USA,50,411.74,84,0,0,0.0,0,90,12,4,640,0.0003217144075727912,0.0015438669764764946,105,555087,0.00013960848603418856
BATCH-2026-03700,33,Display,3518,2026-08-13,2026-08-26,3483,Denso,Taiwan,41,277.68,84,0,0,0.0,0,694,8,3,36,0.00013528007016307464,0.0006519489677036868,119,602071,0.00016919115080672866
BATCH-2024-03701,30,Microcontroller,586,2024-12-06,2024-12-17,551,Western Digital,Germany,16,59.04,65,0,0,0.0,0,79,12,4,651,0.00026662885278630423,0.0008545899187981254,93,459619,0.00013908905895273712
BATCH-2025-03702,11,Power IC,8276,2025-04-29,2025-05-15,8093,Murata,Japan,22,178.55,88,0,0,0.0,0,223,4,2,507,0.00015599689945027513,0.0009387029695731565,105,551463,0.00017735448108886377
BATCH-2026-03703,43,Battery,6882,2026-03-19,2026-04-06,6527,ASUSTeK,USA,30,46.84,60,0,0,0.0,0,547,3,1,183,0.00044469895714356904,0.0012463320250862553,87,411235,0.00021173401481822628
BATCH-2025-03704,21,Sensor,9643,2025-01-11,2025-01-18,9381,Jabil,Taiwan,58,416.67,76,0,0,0.0,0,115,1,1,615,0.00034128023110612925,0.0012045823376322067,117,579869,0.00016450590746445605
BATCH-2026-03705,23,Camera,1795,2026-03-10,2026-03-20,1770,ASE,Japan,50,402.77,91,0,0,0.0,0,538,3,1,192,6.663525433902222e-05,0.00015954052120490043,90,441864,0.00017585459338616095
BATCH-2025-03706,39,Camera,6619,2025-04-13,2025-05-02,6553,Lenovo,Taiwan,57,331.63,71,0,0,0.0,0,207,4,2,523,0.00017438124238925042,0.000501056949565781,101,560841,0.00017585459338616095
BATCH-2025-03707,24,Connector,4587,2025-08-06,2025-08-18,4492,Qualcomm,Germany,53,145.59,74,0,0,0.0,0,322,8,3,408,0.00017211444124561363,0.00048508112533674527,88,458321,0.00020757696267843906
BATCH-2026-03708,45,Processor,325,2026-02-04,2026-02-12,318,Pegatron,Taiwan,47,251.52,66,0,0,0.0,0,504,2,1,226,0.0001275169517997213,0.0003266025273992103,94,477190,0.0001723848232239575
BATCH-2025-03709,7,Battery,886,2025-04-14,2025-04-20,848,Foxconn,USA,50,411.74,84,0,0,0.0,0,208,4,2,522,0.0003217144075727912,0.0015438669764764946,105,555087,0.00021173401481822628
BATCH-2024-03710,32,Memory,3101,2024-11-15,2024-11-27,2897,Canon,South Korea,54,382.97,81,0,0,0.0,0,58,11,4,672,8.286140374041643e-05,0.0002525478149158471,93,484783,0.00013960848603418856
BATCH-2025-03711,40,Microcontroller,657,2025-01-15,2025-01-24,646,Dell,China,20,392.38,81,0,0,0.0,0,119,1,1,611,0.00013234425192726218,0.0003712523513249762,101,498329,0.00013908905895273712
BATCH-2024-03712,43,Memory,1378,2024-10-18,2024-10-24,1315,ASUSTeK,USA,30,46.84,60,0,0,0.0,0,30,10,4,700,0.00044469895714356904,0.0012463320250862553,87,411235,0.00013960848603418856
BATCH-2025-03713,47,Charger,2641,2025-03-08,2025-03-28,2482,Molex,Japan,37,191.75,76,0,0,0.0,0,171,3,1,559,0.00015063481442028842,0.00045023343696729267,102,507171,0.0002259435803313693
BATCH-2024-03714,48,Battery,9296,2024-09-18,2024-09-25,9203,TE Connectivity,Germany,25,315.88,71,0,0,0.0,0,0,9,3,730,0.000215467021331229,0.0009668394253566584,108,542251,0.00021173401481822628
BATCH-2025-03715,6,Power IC,359,2025-04-03,2025-04-18,355,NVIDIA,Germany,38,463.53,74,0,0,0.0,0,197,4,2,533,0.00023377595866623649,0.0009271237760431065,104,528560,0.00017735448108886377
BATCH-2026-03716,10,Power IC,855,2026-03-06,2026-03-23,846,Panasonic,China,54,316.57,91,0,0,0.0,0,534,3,1,196,0.000144927638474753,0.0007549544377028447,94,435868,0.00017735448108886377
BATCH-2025-03717,12,Microcontroller,7322,2025-01-29,2025-02-03,7249,Amphenol,Germany,18,446.77,96,0,0,0.0,0,133,1,1,597,8.015372036339901e-05,0.00041034141517753633,113,576135,0.00013908905895273712
BATCH-2025-03718,18,Sensor,8365,2025-08-11,2025-08-16,8052,Bosch,Germany,18,96.36,77,0,0,0.0,0,327,8,3,403,0.00021806730730221415,0.0007021012099867912,110,557568,0.00016450590746445605
BATCH-2024-03719,49,PCB,1551,2024-09-18,2024-10-01,1494,Coherent,USA,42,45.65,73,0,0,0.0,0,0,9,3,730,0.00034438539861380375,0.0009931063632699735,93,417736,0.0002244207567666141
BATCH-2025-03720,27,PCB,4186,2025-05-20,2025-05-31,4083,Infineon,Taiwan,51,333.1,89,0,0,0.0,0,244,5,2,486,0.00011089276239704126,0.00035581711278072977,111,553940,0.0002244207567666141
BATCH-2025-03721,29,Fan,281,2025-10-14,2025-10-30,278,Seagate,Japan,40,285.23,77,0,0,0.0,0,391,10,4,339,0.00016256441034907573,0.0004929460254392659,92,456988,0.00012855165100050963
BATCH-2026-03722,46,PCB,3576,2026-03-16,2026-03-28,3440,Liteon,China,58,348.77,65,0,0,0.0,0,544,3,1,186,0.000177376316521378,0.0004995509860038717,96,502846,0.0002244207567666141
BATCH-2025-03723,9,PCB,2243,2025-02-01,2025-02-20,2131,Sony,Taiwan,19,33.78,81,0,0,0.0,0,136,2,1,594,0.00014132799993781594,0.00029553061545999206,104,509780,0.0002244207567666141
BATCH-2025-03724,47,Connector,6157,2025-12-06,2025-12-19,6070,Molex,Japan,37,191.75,76,0,0,0.0,0,444,12,4,286,0.00015063481442028842,0.00045023343696729267,102,507171,0.00020757696267843906
BATCH-2026-03725,44,Speaker,3913,2026-01-09,2026-01-17,3790,Wistron,South Korea,50,232.01,87,0,0,0.0,0,478,1,1,252,0.00010336577465557791,0.000380745741124954,117,590216,0.00019289953369198322
BATCH-2026-03726,11,Processor,3611,2026-09-06,2026-09-21,3461,Murata,Japan,22,178.55,88,0,0,0.0,0,718,9,3,12,0.00015599689945027513,0.0009387029695731565,105,551463,0.0001723848232239575
BATCH-2026-03727,3,Battery,1012,2026-03-08,2026-03-25,995,Corning,Taiwan,24,487.86,63,0,0,0.0,0,536,3,1,194,0.0005290924687400791,0.0022824547846740364,105,511267,0.00021173401481822628
BATCH-2025-03728,23,Motherboard,6759,2025-08-16,2025-08-31,6243,ASE,Japan,50,402.77,91,0,0,0.0,0,332,8,3,398,6.663525433902222e-05,0.00015954052120490043,90,441864,0.0002354934172429249
BATCH-2024-03729,46,Battery,6704,2024-12-07,2024-12-18,6208,Liteon,China,58,348.77,65,0,0,0.0,0,80,12,4,650,0.000177376316521378,0.0004995509860038717,96,502846,0.00021173401481822628
BATCH-2025-03730,34,Connector,1234,2025-12-18,2025-12-25,1164,Renesas,China,19,153.37,81,0,0,0.0,0,456,12,4,274,0.00020629854890063796,0.000928870183527049,112,540044,0.00020757696267843906
BATCH-2025-03731,49,Microcontroller,885,2025-01-10,2025-01-26,868,Coherent,USA,42,45.65,73,0,0,0.0,0,114,1,1,616,0.00034438539861380375,0.0009931063632699735,93,417736,0.00013908905895273712
BATCH-2024-03732,15,Battery,9637,2024-10-26,2024-11-03,9251,SK Hynix,Taiwan,40,342.16,65,0,0,0.0,0,38,10,4,692,0.00026051175061660777,0.0007352320636847295,93,436297,0.00021173401481822628
BATCH-2026-03733,28,Display,2564,2026-03-27,2026-04-09,2464,Kioxia,China,36,390.8,86,0,0,0.0,0,555,3,1,175,6.548471380186631e-05,0.00020932699508353792,108,509896,0.00016919115080672866
BATCH-2026-03734,1,Processor,2548,2026-08-01,2026-08-17,2518,Samsung,USA,19,220.56,89,0,0,0.0,0,682,8,3,48,0.00017219294545324894,0.0013891588805521986,106,504263,0.0001723848232239575
BATCH-2026-03735,18,Sensor,4589,2026-02-08,2026-02-15,4400,Bosch,Germany,18,96.36,77,0,0,0.0,0,508,2,1,222,0.00021806730730221415,0.0007021012099867912,110,557568,0.00016450590746445605
BATCH-2025-03736,3,Battery,3676,2025-12-19,2025-12-26,3443,Corning,Taiwan,24,487.86,63,0,0,0.0,0,457,12,4,273,0.0005290924687400791,0.0022824547846740364,105,511267,0.00021173401481822628
BATCH-2025-03737,27,Charger,6708,2025-02-09,2025-02-15,6550,Infineon,Taiwan,51,333.1,89,0,0,0.0,0,144,2,1,586,0.00011089276239704126,0.00035581711278072977,111,553940,0.0002259435803313693
BATCH-2024-03738,26,Motherboard,4391,2024-12-29,2025-01-09,4165,Texas Instruments,South Korea,53,5.67,67,0,0,0.0,0,102,12,4,628,0.0002658174764162671,0.0009122443285503541,102,493376,0.0002354934172429249
BATCH-2025-03739,36,Charger,6037,2025-12-16,2025-12-31,5689,Ericsson,Germany,60,205.45,68,0,0,0.0,0,454,12,4,276,0.00016582352511078637,0.0003750099810004351,109,536222,0.0002259435803313693
BATCH-2026-03740,45,Camera,6237,2026-06-12,2026-07-02,6048,Pegatron,Taiwan,47,251.52,66,0,0,0.0,0,632,6,2,98,0.0001275169517997213,0.0003266025273992103,94,477190,0.00017585459338616095
BATCH-2025-03741,41,Microcontroller,375,2025-05-02,2025-05-12,355,HP,Japan,60,204.38,85,0,0,0.0,0,226,5,2,504,0.00012231852387452777,0.00025339821295037224,87,408153,0.00013908905895273712
BATCH-2025-03742,29,Processor,136,2025-08-12,2025-09-01,127,Seagate,Japan,40,285.23,77,0,0,0.0,0,328,8,3,402,0.00016256441034907573,0.0004929460254392659,92,456988,0.0001723848232239575
BATCH-2026-03743,14,Microcontroller,6672,2026-01-07,2026-01-15,6316,STMicroelectronics,South Korea,31,23.81,77,0,0,0.0,0,476,1,1,254,0.0001573864901705702,0.00046936123067953895,91,385139,0.00013908905895273712
BATCH-2026-03744,46,Microcontroller,5722,2026-06-13,2026-07-03,5461,Liteon,China,58,348.77,65,0,0,0.0,0,633,6,2,97,0.000177376316521378,0.0004995509860038717,96,502846,0.00013908905895273712
BATCH-2026-03745,30,Memory,3413,2026-01-09,2026-01-18,3256,Western Digital,Germany,16,59.04,65,0,0,0.0,0,478,1,1,252,0.00026662885278630423,0.0008545899187981254,93,459619,0.00013960848603418856
BATCH-2026-03746,10,Microcontroller,2642,2026-04-24,2026-05-05,2570,Panasonic,China,54,316.57,91,0,0,0.0,0,583,4,2,147,0.000144927638474753,0.0007549544377028447,94,435868,0.00013908905895273712
BATCH-2026-03747,42,Memory,4552,2026-01-11,2026-01-28,4503,Acer,Germany,34,85.15,90,0,0,0.0,0,480,1,1,250,5.058942432590356e-05,0.0001440589145000144,106,511239,0.00013960848603418856
BATCH-2024-03748,33,Fan,9667,2024-11-23,2024-12-12,9570,Denso,Taiwan,41,277.68,84,0,0,0.0,0,66,11,4,664,0.00013528007016307464,0.0006519489677036868,119,602071,0.00012855165100050963
BATCH-2026-03749,33,Battery,180,2026-08-07,2026-08-26,175,Denso,Taiwan,41,277.68,84,0,0,0.0,0,688,8,3,42,0.00013528007016307464,0.0006519489677036868,119,602071,0.00021173401481822628
BATCH-2026-03750,9,Memory,3244,2026-03-20,2026-04-03,3212,Sony,Taiwan,19,33.78,81,0,0,0.0,0,548,3,1,182,0.00014132799993781594,0.00029553061545999206,104,509780,0.00013960848603418856
BATCH-2026-03751,24,Processor,6000,2026-04-08,2026-04-20,5932,Qualcomm,Germany,53,145.59,74,0,0,0.0,0,567,4,2,163,0.00017211444124561363,0.00048508112533674527,88,458321,0.0001723848232239575
BATCH-2026-03752,9,Motherboard,3288,2026-08-16,2026-08-26,3210,Sony,Taiwan,19,33.78,81,0,0,0.0,0,697,8,3,33,0.00014132799993781594,0.00029553061545999206,104,509780,0.0002354934172429249
BATCH-2025-03753,31,Processor,855,2025-02-08,2025-02-26,841,Kyocera,USA,35,236.61,85,0,0,0.0,0,143,2,1,587,0.00018411673535101585,0.0009126920964599268,104,605811,0.0001723848232239575
BATCH-2025-03754,2,Power IC,9839,2025-02-25,2025-03-12,9363,TSMC,South Korea,34,349.29,92,0,0,0.0,0,160,2,1,570,0.0001216095118122708,0.0004158402802419921,99,473547,0.00017735448108886377
BATCH-2025-03755,6,Fan,4218,2025-03-23,2025-04-12,4086,NVIDIA,Germany,38,463.53,74,0,0,0.0,0,186,3,1,544,0.00023377595866623649,0.0009271237760431065,104,528560,0.00012855165100050963
BATCH-2026-03756,4,Speaker,2677,2026-06-23,2026-07-05,2650,Intel,China,48,393.46,88,0,0,0.0,0,643,6,2,87,0.00018841892264149143,0.0009961276293195824,96,400272,0.00019289953369198322
BATCH-2025-03757,15,Charger,1487,2025-09-08,2025-09-20,1382,SK Hynix,Taiwan,40,342.16,65,0,0,0.0,0,355,9,3,375,0.00026051175061660777,0.0007352320636847295,93,436297,0.0002259435803313693
BATCH-2026-03758,20,Battery,508,2026-06-08,2026-06-14,483,Delta Electronics,South Korea,30,335.57,68,0,0,0.0,0,628,6,2,102,0.00014552538396359592,0.00035285670745256997,82,427248,0.00021173401481822628
BATCH-2024-03759,8,Processor,8440,2024-10-31,2024-11-17,8311,LG Chem,South Korea,40,115.16,76,0,0,0.0,0,43,10,4,687,0.00013285380642027623,0.00028745834951003884,92,477433,0.0001723848232239575
BATCH-2025-03760,8,Power IC,8300,2025-04-23,2025-05-10,8217,LG Chem,South Korea,40,115.16,76,0,0,0.0,0,217,4,2,513,0.00013285380642027623,0.00028745834951003884,92,477433,0.00017735448108886377
BATCH-2026-03761,46,Motherboard,2769,2026-03-11,2026-03-30,2741,Liteon,China,58,348.77,65,0,0,0.0,0,539,3,1,191,0.000177376316521378,0.0004995509860038717,96,502846,0.0002354934172429249
BATCH-2024-03762,45,Motherboard,7391,2024-12-24,2025-01-10,6944,Pegatron,Taiwan,47,251.52,66,0,0,0.0,0,97,12,4,633,0.0001275169517997213,0.0003266025273992103,94,477190,0.0002354934172429249
BATCH-2024-03763,17,Battery,2891,2024-11-18,2024-11-30,2862,Mitsubishi,Japan,33,186.49,72,0,0,0.0,0,61,11,4,669,0.00014815223187369047,0.00046308585294764547,114,569061,0.00021173401481822628
BATCH-2026-03764,21,Power IC,1776,2026-06-04,2026-06-09,1754,Jabil,Taiwan,58,416.67,76,0,0,0.0,0,624,6,2,106,0.00034128023110612925,0.0012045823376322067,117,579869,0.00017735448108886377
BATCH-2025-03765,21,Microcontroller,5301,2025-06-21,2025-07-09,5094,Jabil,Taiwan,58,416.67,76,0,0,0.0,0,276,6,2,454,0.00034128023110612925,0.0012045823376322067,117,579869,0.00013908905895273712
BATCH-2024-03766,13,Charger,3083,2024-09-25,2024-10-10,3039,Onsemi,USA,46,98.93,89,0,0,0.0,0,7,9,3,723,0.00013306539717335389,0.0004888825988608853,89,428711,0.0002259435803313693
BATCH-2025-03767,33,Processor,8789,2025-09-26,2025-10-12,8384,Denso,Taiwan,41,277.68,84,0,0,0.0,0,373,9,3,357,0.00013528007016307464,0.0006519489677036868,119,602071,0.0001723848232239575
BATCH-2026-03768,2,Connector,9365,2026-01-05,2026-01-24,9091,TSMC,South Korea,34,349.29,92,0,0,0.0,0,474,1,1,256,0.0001216095118122708,0.0004158402802419921,99,473547,0.00020757696267843906
BATCH-2026-03769,50,Motherboard,1978,2026-04-19,2026-04-30,1891,APC,South Korea,30,481.03,64,0,0,0.0,0,578,4,2,152,0.0002753509047441992,0.0007401953979905162,113,559124,0.0002354934172429249
BATCH-2025-03770,44,Charger,4563,2025-12-22,2025-12-30,4410,Wistron,South Korea,50,232.01,87,0,0,0.0,0,460,12,4,270,0.00010336577465557791,0.000380745741124954,117,590216,0.0002259435803313693
BATCH-2025-03771,17,Speaker,2722,2025-07-29,2025-08-12,2586,Mitsubishi,Japan,33,186.49,72,0,0,0.0,0,314,7,3,416,0.00014815223187369047,0.00046308585294764547,114,569061,0.00019289953369198322
BATCH-2025-03772,13,Microcontroller,5007,2025-05-26,2025-06-15,4871,Onsemi,USA,46,98.93,89,0,0,0.0,0,250,5,2,480,0.00013306539717335389,0.0004888825988608853,89,428711,0.00013908905895273712
BATCH-2026-03773,10,Fan,5329,2026-04-05,2026-04-23,5197,Panasonic,China,54,316.57,91,0,0,0.0,0,564,4,2,166,0.000144927638474753,0.0007549544377028447,94,435868,0.00012855165100050963
BATCH-2024-03774,6,Sensor,3973,2024-12-02,2024-12-16,3690,NVIDIA,Germany,38,463.53,74,0,0,0.0,0,75,12,4,655,0.00023377595866623649,0.0009271237760431065,104,528560,0.00016450590746445605
BATCH-2025-03775,1,Camera,1927,2025-08-24,2025-08-30,1850,Samsung,USA,19,220.56,89,0,0,0.0,0,340,8,3,390,0.00017219294545324894,0.0013891588805521986,106,504263,0.00017585459338616095
BATCH-2024-03776,19,Sensor,843,2024-10-19,2024-10-31,820,Sumitomo,USA,36,238.9,64,0,0,0.0,0,31,10,4,699,0.00016876737493119937,0.00039378300837730447,91,458378,0.00016450590746445605
BATCH-2024-03777,17,Power IC,4765,2024-12-11,2024-12-22,4641,Mitsubishi,Japan,33,186.49,72,0,0,0.0,0,84,12,4,646,0.00014815223187369047,0.00046308585294764547,114,569061,0.00017735448108886377
BATCH-2024-03778,10,Charger,2428,2024-12-25,2025-01-10,2356,Panasonic,China,54,316.57,91,0,0,0.0,0,98,12,4,632,0.000144927638474753,0.0007549544377028447,94,435868,0.0002259435803313693
BATCH-2025-03779,32,Camera,9179,2025-04-24,2025-04-30,8970,Canon,South Korea,54,382.97,81,0,0,0.0,0,218,4,2,512,8.286140374041643e-05,0.0002525478149158471,93,484783,0.00017585459338616095
BATCH-2025-03780,45,Fan,2513,2025-04-03,2025-04-16,2413,Pegatron,Taiwan,47,251.52,66,0,0,0.0,0,197,4,2,533,0.0001275169517997213,0.0003266025273992103,94,477190,0.00012855165100050963
BATCH-2026-03781,40,PCB,1297,2026-09-11,2026-09-18,1232,Dell,China,20,392.38,81,0,0,0.0,0,723,9,3,7,0.00013234425192726218,0.0003712523513249762,101,498329,0.0002244207567666141
BATCH-2024-03782,27,Display,3496,2024-10-10,2024-10-30,3350,Infineon,Taiwan,51,333.1,89,0,0,0.0,0,22,10,4,708,0.00011089276239704126,0.00035581711278072977,111,553940,0.00016919115080672866
BATCH-2026-03783,11,Battery,3963,2026-08-26,2026-09-07,3923,Murata,Japan,22,178.55,88,0,0,0.0,0,707,8,3,23,0.00015599689945027513,0.0009387029695731565,105,551463,0.00021173401481822628
BATCH-2025-03784,49,Fan,3547,2025-09-19,2025-10-04,3239,Coherent,USA,42,45.65,73,0,0,0.0,0,366,9,3,364,0.00034438539861380375,0.0009931063632699735,93,417736,0.00012855165100050963
BATCH-2025-03785,9,Sensor,6681,2025-05-17,2025-06-04,6569,Sony,Taiwan,19,33.78,81,0,0,0.0,0,241,5,2,489,0.00014132799993781594,0.00029553061545999206,104,509780,0.00016450590746445605
BATCH-2024-03786,16,Speaker,1268,2024-12-31,2025-01-17,1255,Hitachi,China,57,483.82,88,0,0,0.0,0,104,12,4,626,8.336477286677332e-05,0.0004697935134049564,95,503392,0.00019289953369198322
BATCH-2026-03787,14,Connector,427,2026-05-20,2026-05-26,410,STMicroelectronics,South Korea,31,23.81,77,0,0,0.0,0,609,5,2,121,0.0001573864901705702,0.00046936123067953895,91,385139,0.00020757696267843906
BATCH-2026-03788,21,Processor,9488,2026-08-03,2026-08-10,9201,Jabil,Taiwan,58,416.67,76,0,0,0.0,0,684,8,3,46,0.00034128023110612925,0.0012045823376322067,117,579869,0.0001723848232239575
BATCH-2025-03789,21,Processor,1445,2025-07-16,2025-07-29,1431,Jabil,Taiwan,58,416.67,76,0,0,0.0,0,301,7,3,429,0.00034128023110612925,0.0012045823376322067,117,579869,0.0001723848232239575
BATCH-2025-03790,32,Camera,5393,2025-05-10,2025-05-18,5311,Canon,South Korea,54,382.97,81,0,0,0.0,0,234,5,2,496,8.286140374041643e-05,0.0002525478149158471,93,484783,0.00017585459338616095
BATCH-2026-03791,24,Display,801,2026-04-22,2026-05-12,793,Qualcomm,Germany,53,145.59,74,0,0,0.0,0,581,4,2,149,0.00017211444124561363,0.00048508112533674527,88,458321,0.00016919115080672866
BATCH-2024-03792,30,Camera,641,2024-12-30,2025-01-11,630,Western Digital,Germany,16,59.04,65,0,0,0.0,0,103,12,4,627,0.00026662885278630423,0.0008545899187981254,93,459619,0.00017585459338616095
BATCH-2026-03793,35,Camera,2934,2026-01-25,2026-02-02,2721,Nokia,Japan,42,219.49,61,0,0,0.0,0,494,1,1,236,0.00019787338089100073,0.0003538789829112609,102,503406,0.00017585459338616095
BATCH-2025-03794,4,Display,7402,2025-10-11,2025-10-18,7328,Intel,China,48,393.46,88,0,0,0.0,0,388,10,4,342,0.00018841892264149143,0.0009961276293195824,96,400272,0.00016919115080672866
BATCH-2026-03795,34,Speaker,8314,2026-03-04,2026-03-20,8093,Renesas,China,19,153.37,81,0,0,0.0,0,532,3,1,198,0.00020629854890063796,0.000928870183527049,112,540044,0.00019289953369198322
BATCH-2025-03796,3,Camera,4517,2025-04-16,2025-04-30,4446,Corning,Taiwan,24,487.86,63,0,0,0.0,0,210,4,2,520,0.0005290924687400791,0.0022824547846740364,105,511267,0.00017585459338616095
BATCH-2026-03797,18,Speaker,5246,2026-03-23,2026-03-30,4992,Bosch,Germany,18,96.36,77,0,0,0.0,0,551,3,1,179,0.00021806730730221415,0.0007021012099867912,110,557568,0.00019289953369198322
BATCH-2026-03798,48,Memory,1714,2026-05-05,2026-05-14,1661,TE Connectivity,Germany,25,315.88,71,0,0,0.0,0,594,5,2,136,0.000215467021331229,0.0009668394253566584,108,542251,0.00013960848603418856
BATCH-2026-03799,44,Connector,6113,2026-06-16,2026-06-23,6002,Wistron,South Korea,50,232.01,87,0,0,0.0,0,636,6,2,94,0.00010336577465557791,0.000380745741124954,117,590216,0.00020757696267843906
BATCH-2024-03800,18,Display,5274,2024-10-06,2024-10-26,5221,Bosch,Germany,18,96.36,77,0,0,0.0,0,18,10,4,712,0.00021806730730221415,0.0007021012099867912,110,557568,0.00016919115080672866
BATCH-2026-03801,9,Motherboard,5255,2026-05-12,2026-06-01,5202,Sony,Taiwan,19,33.78,81,0,0,0.0,0,601,5,2,129,0.00014132799993781594,0.00029553061545999206,104,509780,0.0002354934172429249
BATCH-2025-03802,21,Power IC,4380,2025-04-24,2025-05-03,4281,Jabil,Taiwan,58,416.67,76,0,0,0.0,0,218,4,2,512,0.00034128023110612925,0.0012045823376322067,117,579869,0.00017735448108886377
BATCH-2026-03803,23,Display,8820,2026-02-16,2026-03-07,8540,ASE,Japan,50,402.77,91,0,0,0.0,0,516,2,1,214,6.663525433902222e-05,0.00015954052120490043,90,441864,0.00016919115080672866
BATCH-2026-03804,42,Speaker,5708,2026-07-24,2026-08-01,5598,Acer,Germany,34,85.15,90,0,0,0.0,0,674,7,3,56,5.058942432590356e-05,0.0001440589145000144,106,511239,0.00019289953369198322
BATCH-2024-03805,9,Speaker,1551,2024-12-24,2025-01-04,1496,Sony,Taiwan,19,33.78,81,0,0,0.0,0,97,12,4,633,0.00014132799993781594,0.00029553061545999206,104,509780,0.00019289953369198322
BATCH-2025-03806,40,Camera,8204,2025-07-31,2025-08-10,8122,Dell,China,20,392.38,81,0,0,0.0,0,316,7,3,414,0.00013234425192726218,0.0003712523513249762,101,498329,0.00017585459338616095
BATCH-2025-03807,18,Motherboard,3342,2025-09-25,2025-10-10,3137,Bosch,Germany,18,96.36,77,0,0,0.0,0,372,9,3,358,0.00021806730730221415,0.0007021012099867912,110,557568,0.0002354934172429249
BATCH-2025-03808,11,Charger,3467,2025-11-22,2025-11-28,3432,Murata,Japan,22,178.55,88,0,0,0.0,0,430,11,4,300,0.00015599689945027513,0.0009387029695731565,105,551463,0.0002259435803313693
BATCH-2025-03809,49,Power IC,5827,2025-12-07,2025-12-25,5571,Coherent,USA,42,45.65,73,0,0,0.0,0,445,12,4,285,0.00034438539861380375,0.0009931063632699735,93,417736,0.00017735448108886377
BATCH-2026-03810,42,Memory,2314,2026-08-30,2026-09-08,2291,Acer,Germany,34,85.15,90,0,0,0.0,0,711,8,3,19,5.058942432590356e-05,0.0001440589145000144,106,511239,0.00013960848603418856
BATCH-2024-03811,31,Motherboard,5091,2024-12-04,2024-12-10,4862,Kyocera,USA,35,236.61,85,0,0,0.0,0,77,12,4,653,0.00018411673535101585,0.0009126920964599268,104,605811,0.0002354934172429249
BATCH-2025-03812,31,Display,7877,2025-08-19,2025-08-25,7798,Kyocera,USA,35,236.61,85,0,0,0.0,0,335,8,3,395,0.00018411673535101585,0.0009126920964599268,104,605811,0.00016919115080672866
BATCH-2025-03813,50,Fan,1150,2025-11-09,2025-11-14,1132,APC,South Korea,30,481.03,64,0,0,0.0,0,417,11,4,313,0.0002753509047441992,0.0007401953979905162,113,559124,0.00012855165100050963
BATCH-2025-03814,23,Display,9035,2025-03-05,2025-03-14,8803,ASE,Japan,50,402.77,91,0,0,0.0,0,168,3,1,562,6.663525433902222e-05,0.00015954052120490043,90,441864,0.00016919115080672866
BATCH-2026-03815,5,Display,8549,2026-09-01,2026-09-13,8113,Apple,Japan,38,226.29,64,0,0,0.0,0,713,9,3,17,0.00029304167774806515,0.0010333897385835877,92,488005,0.00016919115080672866
BATCH-2025-03816,9,Speaker,1056,2025-12-30,2026-01-16,979,Sony,Taiwan,19,33.78,81,0,0,0.0,0,468,12,4,262,0.00014132799993781594,0.00029553061545999206,104,509780,0.00019289953369198322
BATCH-2025-03817,50,Charger,1210,2025-05-13,2025-05-22,1165,APC,South Korea,30,481.03,64,0,0,0.0,0,237,5,2,493,0.0002753509047441992,0.0007401953979905162,113,559124,0.0002259435803313693
BATCH-2024-03818,14,Charger,7896,2024-10-29,2024-11-03,7768,STMicroelectronics,South Korea,31,23.81,77,0,0,0.0,0,41,10,4,689,0.0001573864901705702,0.00046936123067953895,91,385139,0.0002259435803313693
BATCH-2024-03819,42,Fan,8654,2024-12-13,2024-12-24,8164,Acer,Germany,34,85.15,90,0,0,0.0,0,86,12,4,644,5.058942432590356e-05,0.0001440589145000144,106,511239,0.00012855165100050963
BATCH-2025-03820,27,Power IC,8541,2025-03-25,2025-04-10,8297,Infineon,Taiwan,51,333.1,89,0,0,0.0,0,188,3,1,542,0.00011089276239704126,0.00035581711278072977,111,553940,0.00017735448108886377
BATCH-2026-03821,33,Processor,2834,2026-04-20,2026-05-02,2727,Denso,Taiwan,41,277.68,84,0,0,0.0,0,579,4,2,151,0.00013528007016307464,0.0006519489677036868,119,602071,0.0001723848232239575
BATCH-2025-03822,19,Microcontroller,7418,2025-06-07,2025-06-18,7018,Sumitomo,USA,36,238.9,64,0,0,0.0,0,262,6,2,468,0.00016876737493119937,0.00039378300837730447,91,458378,0.00013908905895273712
BATCH-2026-03823,14,Connector,9903,2026-06-15,2026-06-21,9317,STMicroelectronics,South Korea,31,23.81,77,0,0,0.0,0,635,6,2,95,0.0001573864901705702,0.00046936123067953895,91,385139,0.00020757696267843906
BATCH-2025-03824,17,Connector,9596,2025-01-31,2025-02-15,9343,Mitsubishi,Japan,33,186.49,72,0,0,0.0,0,135,1,1,595,0.00014815223187369047,0.00046308585294764547,114,569061,0.00020757696267843906
BATCH-2025-03825,44,PCB,8300,2025-07-15,2025-07-20,8217,Wistron,South Korea,50,232.01,87,0,0,0.0,0,300,7,3,430,0.00010336577465557791,0.000380745741124954,117,590216,0.0002244207567666141
BATCH-2025-03826,50,Sensor,2877,2025-01-23,2025-02-02,2717,APC,South Korea,30,481.03,64,0,0,0.0,0,127,1,1,603,0.0002753509047441992,0.0007401953979905162,113,559124,0.00016450590746445605
BATCH-2025-03827,48,Speaker,2308,2025-12-28,2026-01-13,2159,TE Connectivity,Germany,25,315.88,71,0,0,0.0,0,466,12,4,264,0.000215467021331229,0.0009668394253566584,108,542251,0.00019289953369198322
BATCH-2025-03828,27,Sensor,4775,2025-02-23,2025-03-12,4714,Infineon,Taiwan,51,333.1,89,0,0,0.0,0,158,2,1,572,0.00011089276239704126,0.00035581711278072977,111,553940,0.00016450590746445605
BATCH-2024-03829,11,Memory,7967,2024-10-18,2024-11-01,7838,Murata,Japan,22,178.55,88,0,0,0.0,0,30,10,4,700,0.00015599689945027513,0.0009387029695731565,105,551463,0.00013960848603418856
BATCH-2025-03830,33,Fan,1336,2025-11-08,2025-11-25,1323,Denso,Taiwan,41,277.68,84,0,0,0.0,0,416,11,4,314,0.00013528007016307464,0.0006519489677036868,119,602071,0.00012855165100050963
BATCH-2026-03831,50,Charger,4463,2026-05-12,2026-05-24,3955,APC,South Korea,30,481.03,64,0,0,0.0,0,601,5,2,129,0.0002753509047441992,0.0007401953979905162,113,559124,0.0002259435803313693
BATCH-2025-03832,18,Microcontroller,6217,2025-01-31,2025-02-05,5942,Bosch,Germany,18,96.36,77,0,0,0.0,0,135,1,1,595,0.00021806730730221415,0.0007021012099867912,110,557568,0.00013908905895273712
BATCH-2025-03833,11,Camera,1150,2025-02-10,2025-02-27,1124,Murata,Japan,22,178.55,88,0,0,0.0,0,145,2,1,585,0.00015599689945027513,0.0009387029695731565,105,551463,0.00017585459338616095
BATCH-2026-03834,33,Speaker,9694,2026-07-23,2026-08-03,9597,Denso,Taiwan,41,277.68,84,0,0,0.0,0,673,7,3,57,0.00013528007016307464,0.0006519489677036868,119,602071,0.00019289953369198322
BATCH-2025-03835,45,Fan,2309,2025-09-08,2025-09-16,2144,Pegatron,Taiwan,47,251.52,66,0,0,0.0,0,355,9,3,375,0.0001275169517997213,0.0003266025273992103,94,477190,0.00012855165100050963
BATCH-2025-03836,31,Microcontroller,8727,2025-01-29,2025-02-05,8640,Kyocera,USA,35,236.61,85,0,0,0.0,0,133,1,1,597,0.00018411673535101585,0.0009126920964599268,104,605811,0.00013908905895273712
BATCH-2024-03837,21,Microcontroller,4536,2024-09-24,2024-10-14,4171,Jabil,Taiwan,58,416.67,76,0,0,0.0,0,6,9,3,724,0.00034128023110612925,0.0012045823376322067,117,579869,0.00013908905895273712
BATCH-2026-03838,36,Power IC,5570,2026-08-20,2026-09-06,5514,Ericsson,Germany,60,205.45,68,0,0,0.0,0,701,8,3,29,0.00016582352511078637,0.0003750099810004351,109,536222,0.00017735448108886377
BATCH-2025-03839,49,Processor,3042,2025-12-10,2025-12-29,2859,Coherent,USA,42,45.65,73,0,0,0.0,0,448,12,4,282,0.00034438539861380375,0.0009931063632699735,93,417736,0.0001723848232239575
BATCH-2025-03840,36,Display,8940,2025-10-11,2025-10-23,8543,Ericsson,Germany,60,205.45,68,0,0,0.0,0,388,10,4,342,0.00016582352511078637,0.0003750099810004351,109,536222,0.00016919115080672866
BATCH-2026-03841,13,PCB,2915,2026-08-07,2026-08-25,2856,Onsemi,USA,46,98.93,89,0,0,0.0,0,688,8,3,42,0.00013306539717335389,0.0004888825988608853,89,428711,0.0002244207567666141
BATCH-2024-03842,5,Sensor,2228,2024-10-20,2024-10-25,2143,Apple,Japan,38,226.29,64,0,0,0.0,0,32,10,4,698,0.00029304167774806515,0.0010333897385835877,92,488005,0.00016450590746445605
BATCH-2024-03843,16,PCB,5135,2024-12-30,2025-01-05,4862,Hitachi,China,57,483.82,88,0,0,0.0,0,103,12,4,627,8.336477286677332e-05,0.0004697935134049564,95,503392,0.0002244207567666141
BATCH-2025-03844,7,Processor,4123,2025-08-10,2025-08-17,4082,Foxconn,USA,50,411.74,84,0,0,0.0,0,326,8,3,404,0.0003217144075727912,0.0015438669764764946,105,555087,0.0001723848232239575
BATCH-2025-03845,8,PCB,9176,2025-12-16,2026-01-02,8456,LG Chem,South Korea,40,115.16,76,0,0,0.0,0,454,12,4,276,0.00013285380642027623,0.00028745834951003884,92,477433,0.0002244207567666141
BATCH-2025-03846,39,Microcontroller,4635,2025-10-19,2025-11-05,4429,Lenovo,Taiwan,57,331.63,71,0,0,0.0,0,396,10,4,334,0.00017438124238925042,0.000501056949565781,101,560841,0.00013908905895273712
BATCH-2025-03847,1,Battery,935,2025-06-23,2025-07-10,926,Samsung,USA,19,220.56,89,0,0,0.0,0,278,6,2,452,0.00017219294545324894,0.0013891588805521986,106,504263,0.00021173401481822628
BATCH-2025-03848,17,Power IC,9545,2025-05-06,2025-05-18,8721,Mitsubishi,Japan,33,186.49,72,0,0,0.0,0,230,5,2,500,0.00014815223187369047,0.00046308585294764547,114,569061,0.00017735448108886377
BATCH-2025-03849,20,Display,9380,2025-12-07,2025-12-12,8854,Delta Electronics,South Korea,30,335.57,68,0,0,0.0,0,445,12,4,285,0.00014552538396359592,0.00035285670745256997,82,427248,0.00016919115080672866
BATCH-2026-03850,28,Battery,4182,2026-09-08,2026-09-25,4127,Kioxia,China,36,390.8,86,0,0,0.0,0,720,9,3,10,6.548471380186631e-05,0.00020932699508353792,108,509896,0.00021173401481822628
BATCH-2026-03851,39,Power IC,5287,2026-07-26,2026-08-06,5234,Lenovo,Taiwan,57,331.63,71,0,0,0.0,0,676,7,3,54,0.00017438124238925042,0.000501056949565781,101,560841,0.00017735448108886377
BATCH-2025-03852,32,Memory,8773,2025-05-19,2025-06-07,8064,Canon,South Korea,54,382.97,81,0,0,0.0,0,243,5,2,487,8.286140374041643e-05,0.0002525478149158471,93,484783,0.00013960848603418856
BATCH-2025-03853,9,Battery,3089,2025-10-24,2025-11-11,2873,Sony,Taiwan,19,33.78,81,0,0,0.0,0,401,10,4,329,0.00014132799993781594,0.00029553061545999206,104,509780,0.00021173401481822628
BATCH-2025-03854,50,Power IC,3376,2025-03-15,2025-03-28,3213,APC,South Korea,30,481.03,64,0,0,0.0,0,178,3,1,552,0.0002753509047441992,0.0007401953979905162,113,559124,0.00017735448108886377
BATCH-2025-03855,6,Battery,2178,2025-01-04,2025-01-11,2156,NVIDIA,Germany,38,463.53,74,0,0,0.0,0,108,1,1,622,0.00023377595866623649,0.0009271237760431065,104,528560,0.00021173401481822628
BATCH-2026-03856,2,Battery,3322,2026-08-29,2026-09-05,3279,TSMC,South Korea,34,349.29,92,0,0,0.0,0,710,8,3,20,0.0001216095118122708,0.0004158402802419921,99,473547,0.00021173401481822628
BATCH-2025-03857,37,Charger,3313,2025-07-01,2025-07-08,3264,Huawei,USA,60,118.5,92,0,0,0.0,0,286,7,3,444,0.00010426815057621344,0.0003557497462935021,91,442918,0.0002259435803313693
BATCH-2024-03858,16,Power IC,6915,2024-12-30,2025-01-05,6626,Hitachi,China,57,483.82,88,0,0,0.0,0,103,12,4,627,8.336477286677332e-05,0.0004697935134049564,95,503392,0.00017735448108886377
BATCH-2025-03859,49,Battery,1396,2025-05-17,2025-05-27,1382,Coherent,USA,42,45.65,73,0,0,0.0,0,241,5,2,489,0.00034438539861380375,0.0009931063632699735,93,417736,0.00021173401481822628
BATCH-2024-03860,9,Memory,2508,2024-11-27,2024-12-02,2483,Sony,Taiwan,19,33.78,81,0,0,0.0,0,70,11,4,660,0.00014132799993781594,0.00029553061545999206,104,509780,0.00013960848603418856
BATCH-2024-03861,14,Charger,5835,2024-11-26,2024-12-10,5336,STMicroelectronics,South Korea,31,23.81,77,0,0,0.0,0,69,11,4,661,0.0001573864901705702,0.00046936123067953895,91,385139,0.0002259435803313693
BATCH-2025-03862,27,Processor,7754,2025-06-15,2025-06-20,7676,Infineon,Taiwan,51,333.1,89,0,0,0.0,0,270,6,2,460,0.00011089276239704126,0.00035581711278072977,111,553940,0.0001723848232239575
BATCH-2025-03863,48,Microcontroller,5436,2025-01-12,2025-01-28,5367,TE Connectivity,Germany,25,315.88,71,0,0,0.0,0,116,1,1,614,0.000215467021331229,0.0009668394253566584,108,542251,0.00013908905895273712
BATCH-2025-03864,11,Charger,9801,2025-09-28,2025-10-09,9703,Murata,Japan,22,178.55,88,0,0,0.0,0,375,9,3,355,0.00015599689945027513,0.0009387029695731565,105,551463,0.0002259435803313693
BATCH-2025-03865,14,Battery,1271,2025-12-30,2026-01-18,1198,STMicroelectronics,South Korea,31,23.81,77,0,0,0.0,0,468,12,4,262,0.0001573864901705702,0.00046936123067953895,91,385139,0.00021173401481822628
BATCH-2025-03866,13,Battery,977,2025-12-27,2026-01-09,909,Onsemi,USA,46,98.93,89,0,0,0.0,0,465,12,4,265,0.00013306539717335389,0.0004888825988608853,89,428711,0.00021173401481822628
BATCH-2026-03867,10,Speaker,6691,2026-03-17,2026-03-23,6274,Panasonic,China,54,316.57,91,0,0,0.0,0,545,3,1,185,0.000144927638474753,0.0007549544377028447,94,435868,0.00019289953369198322
BATCH-2026-03868,43,Fan,4648,2026-04-14,2026-04-29,4408,ASUSTeK,USA,30,46.84,60,0,0,0.0,0,573,4,2,157,0.00044469895714356904,0.0012463320250862553,87,411235,0.00012855165100050963
BATCH-2025-03869,5,Fan,7836,2025-12-11,2025-12-20,7578,Apple,Japan,38,226.29,64,0,0,0.0,0,449,12,4,281,0.00029304167774806515,0.0010333897385835877,92,488005,0.00012855165100050963
BATCH-2025-03870,22,Power IC,7604,2025-06-25,2025-07-13,7528,Flex,China,43,157.56,86,0,0,0.0,0,280,6,2,450,6.527455789884103e-05,0.00021075148645526503,94,530055,0.00017735448108886377
BATCH-2025-03871,34,Memory,3813,2025-06-15,2025-06-25,3700,Renesas,China,19,153.37,81,0,0,0.0,0,270,6,2,460,0.00020629854890063796,0.000928870183527049,112,540044,0.00013960848603418856
BATCH-2025-03872,48,Microcontroller,5482,2025-12-28,2026-01-11,5294,TE Connectivity,Germany,25,315.88,71,0,0,0.0,0,466,12,4,264,0.000215467021331229,0.0009668394253566584,108,542251,0.00013908905895273712
BATCH-2025-03873,46,Speaker,8511,2025-10-26,2025-11-12,7879,Liteon,China,58,348.77,65,0,0,0.0,0,403,10,4,327,0.000177376316521378,0.0004995509860038717,96,502846,0.00019289953369198322
BATCH-2026-03874,44,Speaker,4478,2026-04-06,2026-04-13,4433,Wistron,South Korea,50,232.01,87,0,0,0.0,0,565,4,2,165,0.00010336577465557791,0.000380745741124954,117,590216,0.00019289953369198322
BATCH-2025-03875,45,Power IC,5305,2025-10-05,2025-10-18,5252,Pegatron,Taiwan,47,251.52,66,0,0,0.0,0,382,10,4,348,0.0001275169517997213,0.0003266025273992103,94,477190,0.00017735448108886377
BATCH-2025-03876,45,Memory,2945,2025-01-16,2025-02-03,2859,Pegatron,Taiwan,47,251.52,66,0,0,0.0,0,120,1,1,610,0.0001275169517997213,0.0003266025273992103,94,477190,0.00013960848603418856
BATCH-2025-03877,20,Connector,7803,2025-02-05,2025-02-10,7161,Delta Electronics,South Korea,30,335.57,68,0,0,0.0,0,140,2,1,590,0.00014552538396359592,0.00035285670745256997,82,427248,0.00020757696267843906
BATCH-2026-03878,22,Battery,5244,2026-08-07,2026-08-16,5173,Flex,China,43,157.56,86,0,0,0.0,0,688,8,3,42,6.527455789884103e-05,0.00021075148645526503,94,530055,0.00021173401481822628
BATCH-2025-03879,15,Speaker,3809,2025-12-15,2025-12-20,3653,SK Hynix,Taiwan,40,342.16,65,0,0,0.0,0,453,12,4,277,0.00026051175061660777,0.0007352320636847295,93,436297,0.00019289953369198322
BATCH-2026-03880,34,Fan,3431,2026-02-09,2026-02-19,3397,Renesas,China,19,153.37,81,0,0,0.0,0,509,2,1,221,0.00020629854890063796,0.000928870183527049,112,540044,0.00012855165100050963
BATCH-2025-03881,46,Connector,3243,2025-12-04,2025-12-22,3110,Liteon,China,58,348.77,65,0,0,0.0,0,442,12,4,288,0.000177376316521378,0.0004995509860038717,96,502846,0.00020757696267843906
BATCH-2025-03882,27,Motherboard,3754,2025-03-19,2025-03-30,3716,Infineon,Taiwan,51,333.1,89,0,0,0.0,0,182,3,1,548,0.00011089276239704126,0.00035581711278072977,111,553940,0.0002354934172429249
BATCH-2025-03883,16,Battery,3223,2025-11-25,2025-12-03,3112,Hitachi,China,57,483.82,88,0,0,0.0,0,433,11,4,297,8.336477286677332e-05,0.0004697935134049564,95,503392,0.00021173401481822628
BATCH-2025-03884,20,Memory,7242,2025-10-02,2025-10-07,6776,Delta Electronics,South Korea,30,335.57,68,0,0,0.0,0,379,10,4,351,0.00014552538396359592,0.00035285670745256997,82,427248,0.00013960848603418856
BATCH-2025-03885,26,Speaker,7641,2025-11-01,2025-11-15,7383,Texas Instruments,South Korea,53,5.67,67,0,0,0.0,0,409,11,4,321,0.0002658174764162671,0.0009122443285503541,102,493376,0.00019289953369198322
BATCH-2026-03886,12,Charger,6321,2026-07-27,2026-08-08,6144,Amphenol,Germany,18,446.77,96,0,0,0.0,0,677,7,3,53,8.015372036339901e-05,0.00041034141517753633,113,576135,0.0002259435803313693
BATCH-2025-03887,34,Camera,2884,2025-12-27,2026-01-05,2815,Renesas,China,19,153.37,81,0,0,0.0,0,465,12,4,265,0.00020629854890063796,0.000928870183527049,112,540044,0.00017585459338616095
BATCH-2026-03888,13,Camera,578,2026-04-01,2026-04-12,572,Onsemi,USA,46,98.93,89,0,0,0.0,0,560,4,2,170,0.00013306539717335389,0.0004888825988608853,89,428711,0.00017585459338616095
BATCH-2025-03889,16,Power IC,1328,2025-05-07,2025-05-23,1275,Hitachi,China,57,483.82,88,0,0,0.0,0,231,5,2,499,8.336477286677332e-05,0.0004697935134049564,95,503392,0.00017735448108886377
BATCH-2026-03890,39,Processor,5607,2026-02-06,2026-02-20,5377,Lenovo,Taiwan,57,331.63,71,0,0,0.0,0,506,2,1,224,0.00017438124238925042,0.000501056949565781,101,560841,0.0001723848232239575
BATCH-2025-03891,12,Processor,4676,2025-05-01,2025-05-07,4629,Amphenol,Germany,18,446.77,96,0,0,0.0,0,225,5,2,505,8.015372036339901e-05,0.00041034141517753633,113,576135,0.0001723848232239575
BATCH-2026-03892,31,Connector,998,2026-02-14,2026-03-02,988,Kyocera,USA,35,236.61,85,0,0,0.0,0,514,2,1,216,0.00018411673535101585,0.0009126920964599268,104,605811,0.00020757696267843906
BATCH-2025-03893,19,Speaker,8002,2025-09-29,2025-10-16,7658,Sumitomo,USA,36,238.9,64,0,0,0.0,0,376,9,3,354,0.00016876737493119937,0.00039378300837730447,91,458378,0.00019289953369198322
BATCH-2026-03894,49,Sensor,8399,2026-06-17,2026-06-26,8040,Coherent,USA,42,45.65,73,0,0,0.0,0,637,6,2,93,0.00034438539861380375,0.0009931063632699735,93,417736,0.00016450590746445605
BATCH-2026-03895,12,Microcontroller,457,2026-07-14,2026-07-29,452,Amphenol,Germany,18,446.77,96,0,0,0.0,0,664,7,3,66,8.015372036339901e-05,0.00041034141517753633,113,576135,0.00013908905895273712
BATCH-2026-03896,16,Display,1043,2026-04-17,2026-05-02,1033,Hitachi,China,57,483.82,88,0,0,0.0,0,576,4,2,154,8.336477286677332e-05,0.0004697935134049564,95,503392,0.00016919115080672866
BATCH-2025-03897,34,Speaker,3686,2025-07-15,2025-07-21,3649,Renesas,China,19,153.37,81,0,0,0.0,0,300,7,3,430,0.00020629854890063796,0.000928870183527049,112,540044,0.00019289953369198322
BATCH-2026-03898,1,Fan,519,2026-09-10,2026-09-21,493,Samsung,USA,19,220.56,89,0,0,0.0,0,722,9,3,8,0.00017219294545324894,0.0013891588805521986,106,504263,0.00012855165100050963
BATCH-2026-03899,18,Motherboard,3408,2026-04-16,2026-05-06,3259,Bosch,Germany,18,96.36,77,0,0,0.0,0,575,4,2,155,0.00021806730730221415,0.0007021012099867912,110,557568,0.0002354934172429249
BATCH-2026-03900,41,Display,5134,2026-06-14,2026-06-20,4725,HP,Japan,60,204.38,85,0,0,0.0,0,634,6,2,96,0.00012231852387452777,0.00025339821295037224,87,408153,0.00016919115080672866
BATCH-2025-03901,3,Motherboard,100,2025-12-08,2025-12-21,99,Corning,Taiwan,24,487.86,63,0,0,0.0,0,446,12,4,284,0.0005290924687400791,0.0022824547846740364,105,511267,0.0002354934172429249
BATCH-2026-03902,38,Connector,7638,2026-08-15,2026-08-23,7296,Xiaomi,South Korea,52,142.13,62,0,0,0.0,0,696,8,3,34,0.0002941454324685746,0.0007248486269555904,106,537180,0.00020757696267843906
BATCH-2025-03903,16,Camera,8332,2025-09-12,2025-09-26,8142,Hitachi,China,57,483.82,88,0,0,0.0,0,359,9,3,371,8.336477286677332e-05,0.0004697935134049564,95,503392,0.00017585459338616095
BATCH-2025-03904,25,Motherboard,3681,2025-10-05,2025-10-12,3547,Broadcom,USA,26,71.6,85,0,0,0.0,0,382,10,4,348,9.454505074439549e-05,0.0003137783114627588,84,481980,0.0002354934172429249
BATCH-2025-03905,7,Fan,9597,2025-05-07,2025-05-16,9501,Foxconn,USA,50,411.74,84,0,0,0.0,0,231,5,2,499,0.0003217144075727912,0.0015438669764764946,105,555087,0.00012855165100050963
BATCH-2025-03906,26,Display,4580,2025-02-02,2025-02-20,4485,Texas Instruments,South Korea,53,5.67,67,0,0,0.0,0,137,2,1,593,0.0002658174764162671,0.0009122443285503541,102,493376,0.00016919115080672866
BATCH-2025-03907,42,Sensor,1927,2025-01-10,2025-01-24,1833,Acer,Germany,34,85.15,90,0,0,0.0,0,114,1,1,616,5.058942432590356e-05,0.0001440589145000144,106,511239,0.00016450590746445605
BATCH-2026-03908,7,Connector,8291,2026-02-02,2026-02-09,8159,Foxconn,USA,50,411.74,84,0,0,0.0,0,502,2,1,228,0.0003217144075727912,0.0015438669764764946,105,555087,0.00020757696267843906
BATCH-2025-03909,11,Connector,4013,2025-07-25,2025-08-06,3923,Murata,Japan,22,178.55,88,0,0,0.0,0,310,7,3,420,0.00015599689945027513,0.0009387029695731565,105,551463,0.00020757696267843906
BATCH-2024-03910,45,Charger,5296,2024-12-04,2024-12-13,5003,Pegatron,Taiwan,47,251.52,66,0,0,0.0,0,77,12,4,653,0.0001275169517997213,0.0003266025273992103,94,477190,0.0002259435803313693
BATCH-2026-03911,49,Camera,1699,2026-04-10,2026-04-16,1679,Coherent,USA,42,45.65,73,0,0,0.0,0,569,4,2,161,0.00034438539861380375,0.0009931063632699735,93,417736,0.00017585459338616095
BATCH-2025-03912,17,PCB,2032,2025-07-18,2025-07-30,1938,Mitsubishi,Japan,33,186.49,72,0,0,0.0,0,303,7,3,427,0.00014815223187369047,0.00046308585294764547,114,569061,0.0002244207567666141
BATCH-2025-03913,27,Memory,212,2025-11-08,2025-11-22,207,Infineon,Taiwan,51,333.1,89,0,0,0.0,0,416,11,4,314,0.00011089276239704126,0.00035581711278072977,111,553940,0.00013960848603418856
BATCH-2026-03914,50,Charger,6989,2026-07-08,2026-07-15,6757,APC,South Korea,30,481.03,64,0,0,0.0,0,658,7,3,72,0.0002753509047441992,0.0007401953979905162,113,559124,0.0002259435803313693
BATCH-2026-03915,28,Fan,4257,2026-06-27,2026-07-12,4193,Kioxia,China,36,390.8,86,0,0,0.0,0,647,6,2,83,6.548471380186631e-05,0.00020932699508353792,108,509896,0.00012855165100050963
BATCH-2025-03916,24,Charger,7569,2025-08-25,2025-09-05,7493,Qualcomm,Germany,53,145.59,74,0,0,0.0,0,341,8,3,389,0.00017211444124561363,0.00048508112533674527,88,458321,0.0002259435803313693
BATCH-2025-03917,41,Connector,4774,2025-10-31,2025-11-15,4491,HP,Japan,60,204.38,85,0,0,0.0,0,408,10,4,322,0.00012231852387452777,0.00025339821295037224,87,408153,0.00020757696267843906
BATCH-2025-03918,17,Memory,6513,2025-10-19,2025-11-01,6193,Mitsubishi,Japan,33,186.49,72,0,0,0.0,0,396,10,4,334,0.00014815223187369047,0.00046308585294764547,114,569061,0.00013960848603418856
BATCH-2025-03919,5,Microcontroller,8880,2025-07-15,2025-07-28,8639,Apple,Japan,38,226.29,64,0,0,0.0,0,300,7,3,430,0.00029304167774806515,0.0010333897385835877,92,488005,0.00013908905895273712
BATCH-2025-03920,23,Motherboard,3714,2025-06-23,2025-07-08,3669,ASE,Japan,50,402.77,91,0,0,0.0,0,278,6,2,452,6.663525433902222e-05,0.00015954052120490043,90,441864,0.0002354934172429249
BATCH-2024-03921,9,Fan,3732,2024-12-01,2024-12-21,3635,Sony,Taiwan,19,33.78,81,0,0,0.0,0,74,12,4,656,0.00014132799993781594,0.00029553061545999206,104,509780,0.00012855165100050963
BATCH-2025-03922,50,Motherboard,755,2025-04-22,2025-05-05,708,APC,South Korea,30,481.03,64,0,0,0.0,0,216,4,2,514,0.0002753509047441992,0.0007401953979905162,113,559124,0.0002354934172429249
BATCH-2026-03923,1,Microcontroller,6183,2026-03-23,2026-04-03,5939,Samsung,USA,19,220.56,89,0,0,0.0,0,551,3,1,179,0.00017219294545324894,0.0013891588805521986,106,504263,0.00013908905895273712
BATCH-2026-03924,26,Speaker,9960,2026-04-08,2026-04-23,9593,Texas Instruments,South Korea,53,5.67,67,0,0,0.0,0,567,4,2,163,0.0002658174764162671,0.0009122443285503541,102,493376,0.00019289953369198322
BATCH-2025-03925,48,Connector,5540,2025-05-12,2025-05-20,5485,TE Connectivity,Germany,25,315.88,71,0,0,0.0,0,236,5,2,494,0.000215467021331229,0.0009668394253566584,108,542251,0.00020757696267843906
BATCH-2026-03926,36,Power IC,8497,2026-08-03,2026-08-16,8284,Ericsson,Germany,60,205.45,68,0,0,0.0,0,684,8,3,46,0.00016582352511078637,0.0003750099810004351,109,536222,0.00017735448108886377
BATCH-2026-03927,45,Sensor,5691,2026-03-28,2026-04-09,5593,Pegatron,Taiwan,47,251.52,66,0,0,0.0,0,556,3,1,174,0.0001275169517997213,0.0003266025273992103,94,477190,0.00016450590746445605
BATCH-2025-03928,21,Sensor,3338,2025-11-27,2025-12-13,3249,Jabil,Taiwan,58,416.67,76,0,0,0.0,0,435,11,4,295,0.00034128023110612925,0.0012045823376322067,117,579869,0.00016450590746445605
BATCH-2025-03929,40,Motherboard,4548,2025-05-26,2025-06-09,4380,Dell,China,20,392.38,81,0,0,0.0,0,250,5,2,480,0.00013234425192726218,0.0003712523513249762,101,498329,0.0002354934172429249
BATCH-2025-03930,36,Processor,675,2025-07-26,2025-08-12,627,Ericsson,Germany,60,205.45,68,0,0,0.0,0,311,7,3,419,0.00016582352511078637,0.0003750099810004351,109,536222,0.0001723848232239575
BATCH-2026-03931,36,Processor,8846,2026-08-10,2026-08-28,8368,Ericsson,Germany,60,205.45,68,0,0,0.0,0,691,8,3,39,0.00016582352511078637,0.0003750099810004351,109,536222,0.0001723848232239575
BATCH-2026-03932,23,Battery,7903,2026-08-23,2026-09-11,7824,ASE,Japan,50,402.77,91,0,0,0.0,0,704,8,3,26,6.663525433902222e-05,0.00015954052120490043,90,441864,0.00021173401481822628
BATCH-2025-03933,42,Microcontroller,3667,2025-12-21,2026-01-08,3576,Acer,Germany,34,85.15,90,0,0,0.0,0,459,12,4,271,5.058942432590356e-05,0.0001440589145000144,106,511239,0.00013908905895273712
BATCH-2026-03934,12,Connector,7544,2026-08-02,2026-08-09,7302,Amphenol,Germany,18,446.77,96,0,0,0.0,0,683,8,3,47,8.015372036339901e-05,0.00041034141517753633,113,576135,0.00020757696267843906
BATCH-2026-03935,30,Battery,6076,2026-06-19,2026-06-29,5754,Western Digital,Germany,16,59.04,65,0,0,0.0,0,639,6,2,91,0.00026662885278630423,0.0008545899187981254,93,459619,0.00021173401481822628
BATCH-2026-03936,25,Memory,9588,2026-03-23,2026-04-03,9492,Broadcom,USA,26,71.6,85,0,0,0.0,0,551,3,1,179,9.454505074439549e-05,0.0003137783114627588,84,481980,0.00013960848603418856
BATCH-2026-03937,4,Camera,2458,2026-04-25,2026-05-13,2418,Intel,China,48,393.46,88,0,0,0.0,0,584,4,2,146,0.00018841892264149143,0.0009961276293195824,96,400272,0.00017585459338616095
BATCH-2025-03938,41,Charger,339,2025-03-25,2025-04-05,328,HP,Japan,60,204.38,85,0,0,0.0,0,188,3,1,542,0.00012231852387452777,0.00025339821295037224,87,408153,0.0002259435803313693
BATCH-2025-03939,44,PCB,1667,2025-03-27,2025-04-08,1568,Wistron,South Korea,50,232.01,87,0,0,0.0,0,190,3,1,540,0.00010336577465557791,0.000380745741124954,117,590216,0.0002244207567666141
BATCH-2026-03940,48,Charger,9098,2026-08-16,2026-08-30,8728,TE Connectivity,Germany,25,315.88,71,0,0,0.0,0,697,8,3,33,0.000215467021331229,0.0009668394253566584,108,542251,0.0002259435803313693
BATCH-2026-03941,7,PCB,3199,2026-02-12,2026-02-21,3119,Foxconn,USA,50,411.74,84,0,0,0.0,0,512,2,1,218,0.0003217144075727912,0.0015438669764764946,105,555087,0.0002244207567666141
BATCH-2024-03942,49,Sensor,681,2024-12-26,2025-01-15,655,Coherent,USA,42,45.65,73,0,0,0.0,0,99,12,4,631,0.00034438539861380375,0.0009931063632699735,93,417736,0.00016450590746445605
BATCH-2024-03943,6,Motherboard,3384,2024-09-18,2024-09-23,3350,NVIDIA,Germany,38,463.53,74,0,0,0.0,0,0,9,3,730,0.00023377595866623649,0.0009271237760431065,104,528560,0.0002354934172429249
BATCH-2026-03944,28,Microcontroller,3875,2026-03-07,2026-03-15,3826,Kioxia,China,36,390.8,86,0,0,0.0,0,535,3,1,195,6.548471380186631e-05,0.00020932699508353792,108,509896,0.00013908905895273712
BATCH-2025-03945,39,Sensor,513,2025-03-18,2025-03-28,481,Lenovo,Taiwan,57,331.63,71,0,0,0.0,0,181,3,1,549,0.00017438124238925042,0.000501056949565781,101,560841,0.00016450590746445605
BATCH-2025-03946,24,Microcontroller,7140,2025-05-03,2025-05-18,6727,Qualcomm,Germany,53,145.59,74,0,0,0.0,0,227,5,2,503,0.00017211444124561363,0.00048508112533674527,88,458321,0.00013908905895273712
BATCH-2026-03947,12,Processor,8439,2026-05-18,2026-05-29,8216,Amphenol,Germany,18,446.77,96,0,0,0.0,0,607,5,2,123,8.015372036339901e-05,0.00041034141517753633,113,576135,0.0001723848232239575
BATCH-2025-03948,44,Fan,9602,2025-07-01,2025-07-16,9354,Wistron,South Korea,50,232.01,87,0,0,0.0,0,286,7,3,444,0.00010336577465557791,0.000380745741124954,117,590216,0.00012855165100050963
BATCH-2026-03949,16,Sensor,5984,2026-04-15,2026-05-01,5924,Hitachi,China,57,483.82,88,0,0,0.0,0,574,4,2,156,8.336477286677332e-05,0.0004697935134049564,95,503392,0.00016450590746445605
BATCH-2026-03950,48,Power IC,4216,2026-07-16,2026-07-27,4090,TE Connectivity,Germany,25,315.88,71,0,0,0.0,0,666,7,3,64,0.000215467021331229,0.0009668394253566584,108,542251,0.00017735448108886377
BATCH-2026-03951,25,Connector,2658,2026-05-10,2026-05-27,2592,Broadcom,USA,26,71.6,85,0,0,0.0,0,599,5,2,131,9.454505074439549e-05,0.0003137783114627588,84,481980,0.00020757696267843906
BATCH-2026-03952,36,Charger,5622,2026-09-08,2026-09-18,5388,Ericsson,Germany,60,205.45,68,0,0,0.0,0,720,9,3,10,0.00016582352511078637,0.0003750099810004351,109,536222,0.0002259435803313693
BATCH-2026-03953,46,Motherboard,5231,2026-03-05,2026-03-10,5007,Liteon,China,58,348.77,65,0,0,0.0,0,533,3,1,197,0.000177376316521378,0.0004995509860038717,96,502846,0.0002354934172429249
BATCH-2025-03954,38,Charger,6936,2025-03-12,2025-03-20,6382,Xiaomi,South Korea,52,142.13,62,0,0,0.0,0,175,3,1,555,0.0002941454324685746,0.0007248486269555904,106,537180,0.0002259435803313693
BATCH-2026-03955,38,Power IC,6237,2026-02-01,2026-02-16,5883,Xiaomi,South Korea,52,142.13,62,0,0,0.0,0,501,2,1,229,0.0002941454324685746,0.0007248486269555904,106,537180,0.00017735448108886377
BATCH-2025-03956,46,Battery,8469,2025-06-16,2025-06-25,8190,Liteon,China,58,348.77,65,0,0,0.0,0,271,6,2,459,0.000177376316521378,0.0004995509860038717,96,502846,0.00021173401481822628
BATCH-2026-03957,26,PCB,7512,2026-02-27,2026-03-12,7080,Texas Instruments,South Korea,53,5.67,67,0,0,0.0,0,527,2,1,203,0.0002658174764162671,0.0009122443285503541,102,493376,0.0002244207567666141
BATCH-2024-03958,44,Charger,2836,2024-09-18,2024-10-08,2720,Wistron,South Korea,50,232.01,87,0,0,0.0,0,0,9,3,730,0.00010336577465557791,0.000380745741124954,117,590216,0.0002259435803313693
BATCH-2024-03959,40,Sensor,1535,2024-10-22,2024-11-08,1520,Dell,China,20,392.38,81,0,0,0.0,0,34,10,4,696,0.00013234425192726218,0.0003712523513249762,101,498329,0.00016450590746445605
BATCH-2025-03960,16,Sensor,9514,2025-10-22,2025-11-09,9367,Hitachi,China,57,483.82,88,0,0,0.0,0,399,10,4,331,8.336477286677332e-05,0.0004697935134049564,95,503392,0.00016450590746445605
BATCH-2025-03961,10,Processor,9918,2025-09-30,2025-10-10,9484,Panasonic,China,54,316.57,91,0,0,0.0,0,377,9,3,353,0.000144927638474753,0.0007549544377028447,94,435868,0.0001723848232239575
BATCH-2025-03962,19,Fan,1148,2025-06-25,2025-07-02,1130,Sumitomo,USA,36,238.9,64,0,0,0.0,0,280,6,2,450,0.00016876737493119937,0.00039378300837730447,91,458378,0.00012855165100050963
BATCH-2025-03963,20,Motherboard,5745,2025-06-23,2025-07-07,5213,Delta Electronics,South Korea,30,335.57,68,0,0,0.0,0,278,6,2,452,0.00014552538396359592,0.00035285670745256997,82,427248,0.0002354934172429249
BATCH-2025-03964,22,Connector,9606,2025-08-22,2025-09-08,9438,Flex,China,43,157.56,86,0,0,0.0,0,338,8,3,392,6.527455789884103e-05,0.00021075148645526503,94,530055,0.00020757696267843906
BATCH-2026-03965,28,Motherboard,4671,2026-02-25,2026-03-02,4624,Kioxia,China,36,390.8,86,0,0,0.0,0,525,2,1,205,6.548471380186631e-05,0.00020932699508353792,108,509896,0.0002354934172429249
BATCH-2026-03966,35,Processor,5712,2026-04-11,2026-04-23,5482,Nokia,Japan,42,219.49,61,0,0,0.0,0,570,4,2,160,0.00019787338089100073,0.0003538789829112609,102,503406,0.0001723848232239575
BATCH-2025-03967,50,Camera,5341,2025-06-04,2025-06-20,5280,APC,South Korea,30,481.03,64,0,0,0.0,0,259,6,2,471,0.0002753509047441992,0.0007401953979905162,113,559124,0.00017585459338616095
BATCH-2025-03968,22,Power IC,5049,2025-03-25,2025-03-31,4983,Flex,China,43,157.56,86,0,0,0.0,0,188,3,1,542,6.527455789884103e-05,0.00021075148645526503,94,530055,0.00017735448108886377
BATCH-2026-03969,31,Connector,8555,2026-02-16,2026-02-27,8333,Kyocera,USA,35,236.61,85,0,0,0.0,0,516,2,1,214,0.00018411673535101585,0.0009126920964599268,104,605811,0.00020757696267843906
BATCH-2025-03970,17,Processor,935,2025-05-28,2025-06-09,926,Mitsubishi,Japan,33,186.49,72,0,0,0.0,0,252,5,2,478,0.00014815223187369047,0.00046308585294764547,114,569061,0.0001723848232239575
BATCH-2025-03971,16,Sensor,3044,2025-11-11,2025-11-22,3014,Hitachi,China,57,483.82,88,0,0,0.0,0,419,11,4,311,8.336477286677332e-05,0.0004697935134049564,95,503392,0.00016450590746445605
BATCH-2025-03972,47,Memory,407,2025-12-16,2025-12-27,400,Molex,Japan,37,191.75,76,0,0,0.0,0,454,12,4,276,0.00015063481442028842,0.00045023343696729267,102,507171,0.00013960848603418856
BATCH-2026-03973,3,Camera,7765,2026-07-25,2026-08-07,7687,Corning,Taiwan,24,487.86,63,0,0,0.0,0,675,7,3,55,0.0005290924687400791,0.0022824547846740364,105,511267,0.00017585459338616095
BATCH-2025-03974,27,Sensor,2492,2025-09-01,2025-09-20,2467,Infineon,Taiwan,51,333.1,89,0,0,0.0,0,348,9,3,382,0.00011089276239704126,0.00035581711278072977,111,553940,0.00016450590746445605
BATCH-2025-03975,26,Fan,1780,2025-05-10,2025-05-19,1753,Texas Instruments,South Korea,53,5.67,67,0,0,0.0,0,234,5,2,496,0.0002658174764162671,0.0009122443285503541,102,493376,0.00012855165100050963
BATCH-2025-03976,39,Battery,3907,2025-01-08,2025-01-24,3868,Lenovo,Taiwan,57,331.63,71,0,0,0.0,0,112,1,1,618,0.00017438124238925042,0.000501056949565781,101,560841,0.00021173401481822628
BATCH-2025-03977,12,Sensor,5088,2025-09-14,2025-09-26,5037,Amphenol,Germany,18,446.77,96,0,0,0.0,0,361,9,3,369,8.015372036339901e-05,0.00041034141517753633,113,576135,0.00016450590746445605
BATCH-2025-03978,12,Display,723,2025-10-05,2025-10-23,716,Amphenol,Germany,18,446.77,96,0,0,0.0,0,382,10,4,348,8.015372036339901e-05,0.00041034141517753633,113,576135,0.00016919115080672866
BATCH-2025-03979,43,Speaker,3101,2025-04-05,2025-04-24,2935,ASUSTeK,USA,30,46.84,60,0,0,0.0,0,199,4,2,531,0.00044469895714356904,0.0012463320250862553,87,411235,0.00019289953369198322
BATCH-2025-03980,24,Camera,4061,2025-05-28,2025-06-10,3953,Qualcomm,Germany,53,145.59,74,0,0,0.0,0,252,5,2,478,0.00017211444124561363,0.00048508112533674527,88,458321,0.00017585459338616095
BATCH-2025-03981,25,Microcontroller,8299,2025-05-18,2025-05-23,8168,Broadcom,USA,26,71.6,85,0,0,0.0,0,242,5,2,488,9.454505074439549e-05,0.0003137783114627588,84,481980,0.00013908905895273712
BATCH-2025-03982,30,Connector,2973,2025-05-23,2025-06-10,2891,Western Digital,Germany,16,59.04,65,0,0,0.0,0,247,5,2,483,0.00026662885278630423,0.0008545899187981254,93,459619,0.00020757696267843906
BATCH-2025-03983,12,PCB,5489,2025-11-07,2025-11-15,5434,Amphenol,Germany,18,446.77,96,0,0,0.0,0,415,11,4,315,8.015372036339901e-05,0.00041034141517753633,113,576135,0.0002244207567666141
BATCH-2025-03984,37,Sensor,6013,2025-08-28,2025-09-17,5908,Huawei,USA,60,118.5,92,0,0,0.0,0,344,8,3,386,0.00010426815057621344,0.0003557497462935021,91,442918,0.00016450590746445605
BATCH-2025-03985,43,PCB,3545,2025-09-22,2025-09-27,3358,ASUSTeK,USA,30,46.84,60,0,0,0.0,0,369,9,3,361,0.00044469895714356904,0.0012463320250862553,87,411235,0.0002244207567666141
BATCH-2025-03986,9,Processor,7945,2025-07-09,2025-07-23,7690,Sony,Taiwan,19,33.78,81,0,0,0.0,0,294,7,3,436,0.00014132799993781594,0.00029553061545999206,104,509780,0.0001723848232239575
BATCH-2026-03987,7,Connector,2799,2026-07-17,2026-08-03,2771,Foxconn,USA,50,411.74,84,0,0,0.0,0,667,7,3,63,0.0003217144075727912,0.0015438669764764946,105,555087,0.00020757696267843906
BATCH-2025-03988,33,Memory,2802,2025-08-07,2025-08-19,2669,Denso,Taiwan,41,277.68,84,0,0,0.0,0,323,8,3,407,0.00013528007016307464,0.0006519489677036868,119,602071,0.00013960848603418856
BATCH-2025-03989,46,Processor,9366,2025-07-09,2025-07-26,8775,Liteon,China,58,348.77,65,0,0,0.0,0,294,7,3,436,0.000177376316521378,0.0004995509860038717,96,502846,0.0001723848232239575
BATCH-2025-03990,40,Speaker,8531,2025-07-24,2025-08-09,8166,Dell,China,20,392.38,81,0,0,0.0,0,309,7,3,421,0.00013234425192726218,0.0003712523513249762,101,498329,0.00019289953369198322
BATCH-2025-03991,8,Sensor,5150,2025-12-17,2026-01-01,5098,LG Chem,South Korea,40,115.16,76,0,0,0.0,0,455,12,4,275,0.00013285380642027623,0.00028745834951003884,92,477433,0.00016450590746445605
BATCH-2025-03992,43,Fan,1110,2025-12-31,2026-01-10,1032,ASUSTeK,USA,30,46.84,60,0,0,0.0,0,469,12,4,261,0.00044469895714356904,0.0012463320250862553,87,411235,0.00012855165100050963
BATCH-2025-03993,31,Motherboard,2496,2025-10-19,2025-11-05,2471,Kyocera,USA,35,236.61,85,0,0,0.0,0,396,10,4,334,0.00018411673535101585,0.0009126920964599268,104,605811,0.0002354934172429249
BATCH-2026-03994,39,Battery,2725,2026-06-05,2026-06-19,2600,Lenovo,Taiwan,57,331.63,71,0,0,0.0,0,625,6,2,105,0.00017438124238925042,0.000501056949565781,101,560841,0.00021173401481822628
BATCH-2025-03995,49,Camera,3061,2025-09-10,2025-09-28,2915,Coherent,USA,42,45.65,73,0,0,0.0,0,357,9,3,373,0.00034438539861380375,0.0009931063632699735,93,417736,0.00017585459338616095
BATCH-2025-03996,28,Fan,4664,2025-08-18,2025-08-24,4315,Kioxia,China,36,390.8,86,0,0,0.0,0,334,8,3,396,6.548471380186631e-05,0.00020932699508353792,108,509896,0.00012855165100050963
BATCH-2025-03997,38,PCB,4144,2025-11-09,2025-11-27,4044,Xiaomi,South Korea,52,142.13,62,0,0,0.0,0,417,11,4,313,0.0002941454324685746,0.0007248486269555904,106,537180,0.0002244207567666141
BATCH-2025-03998,16,Memory,1641,2025-03-20,2025-03-30,1625,Hitachi,China,57,483.82,88,0,0,0.0,0,183,3,1,547,8.336477286677332e-05,0.0004697935134049564,95,503392,0.00013960848603418856
BATCH-2026-03999,41,Motherboard,9179,2026-05-21,2026-05-30,9068,HP,Japan,60,204.38,85,0,0,0.0,0,610,5,2,120,0.00012231852387452777,0.00025339821295037224,87,408153,0.0002354934172429249
BATCH-2025-04000,3,Charger,7233,2025-08-18,2025-09-06,6992,Corning,Taiwan,24,487.86,63,0,0,0.0,0,334,8,3,396,0.0005290924687400791,0.0022824547846740364,105,511267,0.0002259435803313693
BATCH-2025-04001,13,Motherboard,5287,2025-02-03,2025-02-11,5234,Onsemi,USA,46,98.93,89,0,0,0.0,0,138,2,1,592,0.00013306539717335389,0.0004888825988608853,89,428711,0.0002354934172429249
BATCH-2025-04002,16,Battery,6022,2025-11-08,2025-11-21,5962,Hitachi,China,57,483.82,88,0,0,0.0,0,416,11,4,314,8.336477286677332e-05,0.0004697935134049564,95,503392,0.00021173401481822628
BATCH-2026-04003,49,Fan,4651,2026-03-03,2026-03-10,4595,Coherent,USA,42,45.65,73,0,0,0.0,0,531,3,1,199,0.00034438539861380375,0.0009931063632699735,93,417736,0.00012855165100050963
BATCH-2024-04004,45,PCB,7600,2024-12-28,2025-01-17,7447,Pegatron,Taiwan,47,251.52,66,0,0,0.0,0,101,12,4,629,0.0001275169517997213,0.0003266025273992103,94,477190,0.0002244207567666141
BATCH-2026-04005,48,Camera,2424,2026-04-20,2026-05-04,2309,TE Connectivity,Germany,25,315.88,71,0,0,0.0,0,579,4,2,151,0.000215467021331229,0.0009668394253566584,108,542251,0.00017585459338616095
BATCH-2025-04006,27,Fan,2753,2025-12-16,2025-12-26,2725,Infineon,Taiwan,51,333.1,89,0,0,0.0,0,454,12,4,276,0.00011089276239704126,0.00035581711278072977,111,553940,0.00012855165100050963
BATCH-2026-04007,28,Fan,1213,2026-01-14,2026-02-01,1192,Kioxia,China,36,390.8,86,0,0,0.0,0,483,1,1,247,6.548471380186631e-05,0.00020932699508353792,108,509896,0.00012855165100050963
BATCH-2025-04008,37,Connector,4332,2025-10-14,2025-10-24,4289,Huawei,USA,60,118.5,92,0,0,0.0,0,391,10,4,339,0.00010426815057621344,0.0003557497462935021,91,442918,0.00020757696267843906
BATCH-2025-04009,12,Microcontroller,466,2025-07-24,2025-08-07,461,Amphenol,Germany,18,446.77,96,0,0,0.0,0,309,7,3,421,8.015372036339901e-05,0.00041034141517753633,113,576135,0.00013908905895273712
BATCH-2026-04010,49,Motherboard,3324,2026-06-07,2026-06-24,2924,Coherent,USA,42,45.65,73,0,0,0.0,0,627,6,2,103,0.00034438539861380375,0.0009931063632699735,93,417736,0.0002354934172429249
BATCH-2025-04011,42,Fan,6076,2025-02-24,2025-03-07,6015,Acer,Germany,34,85.15,90,0,0,0.0,0,159,2,1,571,5.058942432590356e-05,0.0001440589145000144,106,511239,0.00012855165100050963
BATCH-2025-04012,40,Camera,2051,2025-08-26,2025-09-07,2030,Dell,China,20,392.38,81,0,0,0.0,0,342,8,3,388,0.00013234425192726218,0.0003712523513249762,101,498329,0.00017585459338616095
BATCH-2025-04013,33,Power IC,3726,2025-12-25,2026-01-14,3558,Denso,Taiwan,41,277.68,84,0,0,0.0,0,463,12,4,267,0.00013528007016307464,0.0006519489677036868,119,602071,0.00017735448108886377
BATCH-2025-04014,1,Battery,762,2025-11-24,2025-12-12,754,Samsung,USA,19,220.56,89,0,0,0.0,0,432,11,4,298,0.00017219294545324894,0.0013891588805521986,106,504263,0.00021173401481822628
BATCH-2025-04015,35,Charger,3226,2025-12-07,2025-12-22,3094,Nokia,Japan,42,219.49,61,0,0,0.0,0,445,12,4,285,0.00019787338089100073,0.0003538789829112609,102,503406,0.0002259435803313693
BATCH-2024-04016,30,Camera,142,2024-10-17,2024-10-29,141,Western Digital,Germany,16,59.04,65,0,0,0.0,0,29,10,4,701,0.00026662885278630423,0.0008545899187981254,93,459619,0.00017585459338616095
BATCH-2026-04017,28,Processor,532,2026-07-12,2026-07-29,521,Kioxia,China,36,390.8,86,0,0,0.0,0,662,7,3,68,6.548471380186631e-05,0.00020932699508353792,108,509896,0.0001723848232239575
BATCH-2026-04018,48,PCB,4632,2026-02-05,2026-02-16,4395,TE Connectivity,Germany,25,315.88,71,0,0,0.0,0,505,2,1,225,0.000215467021331229,0.0009668394253566584,108,542251,0.0002244207567666141
BATCH-2025-04019,49,Memory,2862,2025-12-08,2025-12-20,2725,Coherent,USA,42,45.65,73,0,0,0.0,0,446,12,4,284,0.00034438539861380375,0.0009931063632699735,93,417736,0.00013960848603418856
BATCH-2026-04020,11,Connector,6954,2026-07-22,2026-08-05,6872,Murata,Japan,22,178.55,88,0,0,0.0,0,672,7,3,58,0.00015599689945027513,0.0009387029695731565,105,551463,0.00020757696267843906
BATCH-2025-04021,12,PCB,3428,2025-12-22,2025-12-30,3394,Amphenol,Germany,18,446.77,96,0,0,0.0,0,460,12,4,270,8.015372036339901e-05,0.00041034141517753633,113,576135,0.0002244207567666141
BATCH-2025-04022,27,Microcontroller,8033,2025-10-30,2025-11-18,7635,Infineon,Taiwan,51,333.1,89,0,0,0.0,0,407,10,4,323,0.00011089276239704126,0.00035581711278072977,111,553940,0.00013908905895273712
BATCH-2026-04023,11,Connector,9085,2026-02-23,2026-03-13,8994,Murata,Japan,22,178.55,88,0,0,0.0,0,523,2,1,207,0.00015599689945027513,0.0009387029695731565,105,551463,0.00020757696267843906
BATCH-2026-04024,35,Microcontroller,6402,2026-01-18,2026-01-29,6256,Nokia,Japan,42,219.49,61,0,0,0.0,0,487,1,1,243,0.00019787338089100073,0.0003538789829112609,102,503406,0.00013908905895273712
BATCH-2026-04025,10,Battery,7014,2026-03-15,2026-03-23,6944,Panasonic,China,54,316.57,91,0,0,0.0,0,543,3,1,187,0.000144927638474753,0.0007549544377028447,94,435868,0.00021173401481822628
BATCH-2025-04026,35,Microcontroller,1651,2025-07-09,2025-07-22,1529,Nokia,Japan,42,219.49,61,0,0,0.0,0,294,7,3,436,0.00019787338089100073,0.0003538789829112609,102,503406,0.00013908905895273712
BATCH-2025-04027,23,Charger,2117,2025-06-16,2025-06-27,2061,ASE,Japan,50,402.77,91,0,0,0.0,0,271,6,2,459,6.663525433902222e-05,0.00015954052120490043,90,441864,0.0002259435803313693
BATCH-2025-04028,45,Connector,6025,2025-04-07,2025-04-25,5710,Pegatron,Taiwan,47,251.52,66,0,0,0.0,0,201,4,2,529,0.0001275169517997213,0.0003266025273992103,94,477190,0.00020757696267843906
BATCH-2024-04029,4,Fan,4764,2024-12-26,2025-01-02,4716,Intel,China,48,393.46,88,0,0,0.0,0,99,12,4,631,0.00018841892264149143,0.0009961276293195824,96,400272,0.00012855165100050963
BATCH-2025-04030,19,Display,5653,2025-09-17,2025-10-07,5505,Sumitomo,USA,36,238.9,64,0,0,0.0,0,364,9,3,366,0.00016876737493119937,0.00039378300837730447,91,458378,0.00016919115080672866
BATCH-2025-04031,17,Power IC,5885,2025-04-09,2025-04-19,5610,Mitsubishi,Japan,33,186.49,72,0,0,0.0,0,203,4,2,527,0.00014815223187369047,0.00046308585294764547,114,569061,0.00017735448108886377
BATCH-2025-04032,47,PCB,2743,2025-02-25,2025-03-17,2691,Molex,Japan,37,191.75,76,0,0,0.0,0,160,2,1,570,0.00015063481442028842,0.00045023343696729267,102,507171,0.0002244207567666141
BATCH-2024-04033,48,Connector,6785,2024-10-13,2024-10-29,6488,TE Connectivity,Germany,25,315.88,71,0,0,0.0,0,25,10,4,705,0.000215467021331229,0.0009668394253566584,108,542251,0.00020757696267843906
BATCH-2026-04034,9,Battery,4879,2026-07-22,2026-08-11,4661,Sony,Taiwan,19,33.78,81,0,0,0.0,0,672,7,3,58,0.00014132799993781594,0.00029553061545999206,104,509780,0.00021173401481822628
BATCH-2026-04035,15,Power IC,3436,2026-02-25,2026-03-17,3325,SK Hynix,Taiwan,40,342.16,65,0,0,0.0,0,525,2,1,205,0.00026051175061660777,0.0007352320636847295,93,436297,0.00017735448108886377
BATCH-2026-04036,32,Battery,5825,2026-07-30,2026-08-15,5383,Canon,South Korea,54,382.97,81,0,0,0.0,0,680,7,3,50,8.286140374041643e-05,0.0002525478149158471,93,484783,0.00021173401481822628
BATCH-2025-04037,20,Charger,9703,2025-08-19,2025-09-04,8897,Delta Electronics,South Korea,30,335.57,68,0,0,0.0,0,335,8,3,395,0.00014552538396359592,0.00035285670745256997,82,427248,0.0002259435803313693
BATCH-2026-04038,32,Charger,1870,2026-04-09,2026-04-29,1831,Canon,South Korea,54,382.97,81,0,0,0.0,0,568,4,2,162,8.286140374041643e-05,0.0002525478149158471,93,484783,0.0002259435803313693
BATCH-2025-04039,23,Camera,718,2025-12-13,2025-12-31,701,ASE,Japan,50,402.77,91,0,0,0.0,0,451,12,4,279,6.663525433902222e-05,0.00015954052120490043,90,441864,0.00017585459338616095
BATCH-2025-04040,4,PCB,733,2025-08-01,2025-08-07,709,Intel,China,48,393.46,88,0,0,0.0,0,317,8,3,413,0.00018841892264149143,0.0009961276293195824,96,400272,0.0002244207567666141
BATCH-2025-04041,27,PCB,9966,2025-05-25,2025-06-13,9516,Infineon,Taiwan,51,333.1,89,0,0,0.0,0,249,5,2,481,0.00011089276239704126,0.00035581711278072977,111,553940,0.0002244207567666141
BATCH-2025-04042,22,Motherboard,3091,2025-11-22,2025-12-03,3040,Flex,China,43,157.56,86,0,0,0.0,0,430,11,4,300,6.527455789884103e-05,0.00021075148645526503,94,530055,0.0002354934172429249
BATCH-2025-04043,22,Charger,9160,2025-06-28,2025-07-13,8911,Flex,China,43,157.56,86,0,0,0.0,0,283,6,2,447,6.527455789884103e-05,0.00021075148645526503,94,530055,0.0002259435803313693
BATCH-2024-04044,1,Fan,9776,2024-10-29,2024-11-16,9625,Samsung,USA,19,220.56,89,0,0,0.0,0,41,10,4,689,0.00017219294545324894,0.0013891588805521986,106,504263,0.00012855165100050963
BATCH-2025-04045,5,Motherboard,5960,2025-11-10,2025-11-29,5821,Apple,Japan,38,226.29,64,0,0,0.0,0,418,11,4,312,0.00029304167774806515,0.0010333897385835877,92,488005,0.0002354934172429249
BATCH-2025-04046,5,Power IC,7785,2025-10-06,2025-10-13,7630,Apple,Japan,38,226.29,64,0,0,0.0,0,383,10,4,347,0.00029304167774806515,0.0010333897385835877,92,488005,0.00017735448108886377
BATCH-2025-04047,6,Display,3531,2025-08-15,2025-08-30,3434,NVIDIA,Germany,38,463.53,74,0,0,0.0,0,331,8,3,399,0.00023377595866623649,0.0009271237760431065,104,528560,0.00016919115080672866
BATCH-2025-04048,8,Battery,9682,2025-06-19,2025-07-03,9350,LG Chem,South Korea,40,115.16,76,0,0,0.0,0,274,6,2,456,0.00013285380642027623,0.00028745834951003884,92,477433,0.00021173401481822628
BATCH-2026-04049,26,Motherboard,213,2026-06-18,2026-06-25,207,Texas Instruments,South Korea,53,5.67,67,0,0,0.0,0,638,6,2,92,0.0002658174764162671,0.0009122443285503541,102,493376,0.0002354934172429249
BATCH-2026-04050,46,Speaker,9066,2026-06-07,2026-06-22,8916,Liteon,China,58,348.77,65,0,0,0.0,0,627,6,2,103,0.000177376316521378,0.0004995509860038717,96,502846,0.00019289953369198322
BATCH-2024-04051,42,Fan,6389,2024-12-16,2024-12-24,6088,Acer,Germany,34,85.15,90,0,0,0.0,0,89,12,4,641,5.058942432590356e-05,0.0001440589145000144,106,511239,0.00012855165100050963
BATCH-2025-04052,9,PCB,2908,2025-01-16,2025-01-30,2804,Sony,Taiwan,19,33.78,81,0,0,0.0,0,120,1,1,610,0.00014132799993781594,0.00029553061545999206,104,509780,0.0002244207567666141
BATCH-2025-04053,5,Sensor,9493,2025-10-27,2025-11-13,8674,Apple,Japan,38,226.29,64,0,0,0.0,0,404,10,4,326,0.00029304167774806515,0.0010333897385835877,92,488005,0.00016450590746445605
BATCH-2026-04054,22,Memory,1096,2026-08-27,2026-09-01,1065,Flex,China,43,157.56,86,0,0,0.0,0,708,8,3,22,6.527455789884103e-05,0.00021075148645526503,94,530055,0.00013960848603418856
BATCH-2025-04055,39,Memory,4072,2025-07-12,2025-08-01,3974,Lenovo,Taiwan,57,331.63,71,0,0,0.0,0,297,7,3,433,0.00017438124238925042,0.000501056949565781,101,560841,0.00013960848603418856
BATCH-2026-04056,17,Speaker,6838,2026-01-24,2026-02-04,6657,Mitsubishi,Japan,33,186.49,72,0,0,0.0,0,493,1,1,237,0.00014815223187369047,0.00046308585294764547,114,569061,0.00019289953369198322
BATCH-2026-04057,30,Fan,6757,2026-03-10,2026-03-30,6539,Western Digital,Germany,16,59.04,65,0,0,0.0,0,538,3,1,192,0.00026662885278630423,0.0008545899187981254,93,459619,0.00012855165100050963
BATCH-2026-04058,11,Speaker,1409,2026-03-26,2026-04-03,1343,Murata,Japan,22,178.55,88,0,0,0.0,0,554,3,1,176,0.00015599689945027513,0.0009387029695731565,105,551463,0.00019289953369198322
BATCH-2025-04059,14,Display,6786,2025-04-10,2025-04-28,6718,STMicroelectronics,South Korea,31,23.81,77,0,0,0.0,0,204,4,2,526,0.0001573864901705702,0.00046936123067953895,91,385139,0.00016919115080672866
BATCH-2025-04060,45,Camera,9302,2025-03-16,2025-04-04,9096,Pegatron,Taiwan,47,251.52,66,0,0,0.0,0,179,3,1,551,0.0001275169517997213,0.0003266025273992103,94,477190,0.00017585459338616095
BATCH-2025-04061,42,Power IC,6729,2025-06-21,2025-06-29,6450,Acer,Germany,34,85.15,90,0,0,0.0,0,276,6,2,454,5.058942432590356e-05,0.0001440589145000144,106,511239,0.00017735448108886377
BATCH-2024-04062,35,Display,113,2024-09-23,2024-09-29,109,Nokia,Japan,42,219.49,61,0,0,0.0,0,5,9,3,725,0.00019787338089100073,0.0003538789829112609,102,503406,0.00016919115080672866
BATCH-2025-04063,50,Display,9975,2025-11-29,2025-12-16,9875,APC,South Korea,30,481.03,64,0,0,0.0,0,437,11,4,293,0.0002753509047441992,0.0007401953979905162,113,559124,0.00016919115080672866
BATCH-2025-04064,43,Speaker,4193,2025-09-12,2025-09-20,4037,ASUSTeK,USA,30,46.84,60,0,0,0.0,0,359,9,3,371,0.00044469895714356904,0.0012463320250862553,87,411235,0.00019289953369198322
BATCH-2025-04065,37,Memory,6975,2025-07-10,2025-07-18,6609,Huawei,USA,60,118.5,92,0,0,0.0,0,295,7,3,435,0.00010426815057621344,0.0003557497462935021,91,442918,0.00013960848603418856
BATCH-2026-04066,48,PCB,4479,2026-02-16,2026-02-22,4432,TE Connectivity,Germany,25,315.88,71,0,0,0.0,0,516,2,1,214,0.000215467021331229,0.0009668394253566584,108,542251,0.0002244207567666141
BATCH-2026-04067,48,Charger,7206,2026-02-03,2026-02-15,6949,TE Connectivity,Germany,25,315.88,71,0,0,0.0,0,503,2,1,227,0.000215467021331229,0.0009668394253566584,108,542251,0.0002259435803313693
BATCH-2026-04068,41,Connector,542,2026-09-10,2026-09-27,524,HP,Japan,60,204.38,85,0,0,0.0,0,722,9,3,8,0.00012231852387452777,0.00025339821295037224,87,408153,0.00020757696267843906
BATCH-2025-04069,38,Speaker,9037,2025-06-16,2025-07-05,8151,Xiaomi,South Korea,52,142.13,62,0,0,0.0,0,271,6,2,459,0.0002941454324685746,0.0007248486269555904,106,537180,0.00019289953369198322
BATCH-2024-04070,36,Fan,6486,2024-12-13,2024-12-20,6309,Ericsson,Germany,60,205.45,68,0,0,0.0,0,86,12,4,644,0.00016582352511078637,0.0003750099810004351,109,536222,0.00012855165100050963
BATCH-2025-04071,11,Power IC,8648,2025-05-21,2025-06-05,8347,Murata,Japan,22,178.55,88,0,0,0.0,0,245,5,2,485,0.00015599689945027513,0.0009387029695731565,105,551463,0.00017735448108886377
BATCH-2024-04072,36,Camera,6254,2024-09-20,2024-10-06,6072,Ericsson,Germany,60,205.45,68,0,0,0.0,0,2,9,3,728,0.00016582352511078637,0.0003750099810004351,109,536222,0.00017585459338616095
BATCH-2024-04073,2,Fan,4401,2024-11-15,2024-11-28,4133,TSMC,South Korea,34,349.29,92,0,0,0.0,0,58,11,4,672,0.0001216095118122708,0.0004158402802419921,99,473547,0.00012855165100050963
BATCH-2025-04074,29,Memory,2247,2025-12-14,2025-12-23,2159,Seagate,Japan,40,285.23,77,0,0,0.0,0,452,12,4,278,0.00016256441034907573,0.0004929460254392659,92,456988,0.00013960848603418856
BATCH-2025-04075,46,Power IC,3245,2025-06-12,2025-06-30,3203,Liteon,China,58,348.77,65,0,0,0.0,0,267,6,2,463,0.000177376316521378,0.0004995509860038717,96,502846,0.00017735448108886377
BATCH-2025-04076,34,Microcontroller,6606,2025-07-07,2025-07-16,6493,Renesas,China,19,153.37,81,0,0,0.0,0,292,7,3,438,0.00020629854890063796,0.000928870183527049,112,540044,0.00013908905895273712
BATCH-2024-04077,47,Speaker,4923,2024-12-22,2025-01-06,4817,Molex,Japan,37,191.75,76,0,0,0.0,0,95,12,4,635,0.00015063481442028842,0.00045023343696729267,102,507171,0.00019289953369198322
BATCH-2025-04078,11,Fan,9367,2025-03-07,2025-03-17,9245,Murata,Japan,22,178.55,88,0,0,0.0,0,170,3,1,560,0.00015599689945027513,0.0009387029695731565,105,551463,0.00012855165100050963
BATCH-2024-04079,26,Display,4386,2024-10-11,2024-10-18,4138,Texas Instruments,South Korea,53,5.67,67,0,0,0.0,0,23,10,4,707,0.0002658174764162671,0.0009122443285503541,102,493376,0.00016919115080672866
BATCH-2025-04080,21,Power IC,4559,2025-08-28,2025-09-15,4357,Jabil,Taiwan,58,416.67,76,0,0,0.0,0,344,8,3,386,0.00034128023110612925,0.0012045823376322067,117,579869,0.00017735448108886377
BATCH-2026-04081,35,Sensor,7851,2026-04-15,2026-05-01,7772,Nokia,Japan,42,219.49,61,0,0,0.0,0,574,4,2,156,0.00019787338089100073,0.0003538789829112609,102,503406,0.00016450590746445605
BATCH-2025-04082,34,Speaker,2811,2025-03-06,2025-03-19,2669,Renesas,China,19,153.37,81,0,0,0.0,0,169,3,1,561,0.00020629854890063796,0.000928870183527049,112,540044,0.00019289953369198322
BATCH-2026-04083,21,Battery,4011,2026-05-06,2026-05-24,3962,Jabil,Taiwan,58,416.67,76,0,0,0.0,0,595,5,2,135,0.00034128023110612925,0.0012045823376322067,117,579869,0.00021173401481822628
BATCH-2024-04084,16,Microcontroller,7681,2024-10-17,2024-11-02,7491,Hitachi,China,57,483.82,88,0,0,0.0,0,29,10,4,701,8.336477286677332e-05,0.0004697935134049564,95,503392,0.00013908905895273712
BATCH-2025-04085,12,Fan,8719,2025-04-09,2025-04-20,8206,Amphenol,Germany,18,446.77,96,0,0,0.0,0,203,4,2,527,8.015372036339901e-05,0.00041034141517753633,113,576135,0.00012855165100050963
BATCH-2025-04086,33,Battery,2513,2025-09-18,2025-09-30,2469,Denso,Taiwan,41,277.68,84,0,0,0.0,0,365,9,3,365,0.00013528007016307464,0.0006519489677036868,119,602071,0.00021173401481822628
BATCH-2026-04087,13,Display,5240,2026-07-27,2026-08-01,5104,Onsemi,USA,46,98.93,89,0,0,0.0,0,677,7,3,53,0.00013306539717335389,0.0004888825988608853,89,428711,0.00016919115080672866
BATCH-2026-04088,25,Battery,6252,2026-05-21,2026-06-05,6088,Broadcom,USA,26,71.6,85,0,0,0.0,0,610,5,2,120,9.454505074439549e-05,0.0003137783114627588,84,481980,0.00021173401481822628
BATCH-2025-04089,23,Processor,6431,2025-12-20,2026-01-07,6367,ASE,Japan,50,402.77,91,0,0,0.0,0,458,12,4,272,6.663525433902222e-05,0.00015954052120490043,90,441864,0.0001723848232239575
BATCH-2024-04090,47,Processor,9687,2024-12-27,2025-01-11,9347,Molex,Japan,37,191.75,76,0,0,0.0,0,100,12,4,630,0.00015063481442028842,0.00045023343696729267,102,507171,0.0001723848232239575
BATCH-2025-04091,50,Memory,1401,2025-12-05,2025-12-14,1326,APC,South Korea,30,481.03,64,0,0,0.0,0,443,12,4,287,0.0002753509047441992,0.0007401953979905162,113,559124,0.00013960848603418856
BATCH-2025-04092,31,Power IC,979,2025-05-15,2025-05-29,969,Kyocera,USA,35,236.61,85,0,0,0.0,0,239,5,2,491,0.00018411673535101585,0.0009126920964599268,104,605811,0.00017735448108886377
BATCH-2025-04093,15,Charger,5794,2025-02-06,2025-02-19,5459,SK Hynix,Taiwan,40,342.16,65,0,0,0.0,0,141,2,1,589,0.00026051175061660777,0.0007352320636847295,93,436297,0.0002259435803313693
BATCH-2025-04094,41,Memory,6315,2025-12-12,2026-01-01,6146,HP,Japan,60,204.38,85,0,0,0.0,0,450,12,4,280,0.00012231852387452777,0.00025339821295037224,87,408153,0.00013960848603418856
BATCH-2025-04095,15,Camera,6472,2025-01-08,2025-01-14,6031,SK Hynix,Taiwan,40,342.16,65,0,0,0.0,0,112,1,1,618,0.00026051175061660777,0.0007352320636847295,93,436297,0.00017585459338616095
BATCH-2025-04096,11,Motherboard,5871,2025-02-11,2025-02-20,5650,Murata,Japan,22,178.55,88,0,0,0.0,0,146,2,1,584,0.00015599689945027513,0.0009387029695731565,105,551463,0.0002354934172429249
BATCH-2025-04097,7,Power IC,3298,2025-06-07,2025-06-21,3158,Foxconn,USA,50,411.74,84,0,0,0.0,0,262,6,2,468,0.0003217144075727912,0.0015438669764764946,105,555087,0.00017735448108886377
BATCH-2026-04098,50,PCB,7809,2026-04-17,2026-05-04,7723,APC,South Korea,30,481.03,64,0,0,0.0,0,576,4,2,154,0.0002753509047441992,0.0007401953979905162,113,559124,0.0002244207567666141
BATCH-2026-04099,46,Power IC,7141,2026-06-22,2026-06-29,6992,Liteon,China,58,348.77,65,0,0,0.0,0,642,6,2,88,0.000177376316521378,0.0004995509860038717,96,502846,0.00017735448108886377
BATCH-2025-04100,4,Motherboard,5075,2025-09-30,2025-10-05,5024,Intel,China,48,393.46,88,0,0,0.0,0,377,9,3,353,0.00018841892264149143,0.0009961276293195824,96,400272,0.0002354934172429249
BATCH-2025-04101,22,Processor,8046,2025-04-20,2025-05-06,7806,Flex,China,43,157.56,86,0,0,0.0,0,214,4,2,516,6.527455789884103e-05,0.00021075148645526503,94,530055,0.0001723848232239575
BATCH-2025-04102,3,PCB,8147,2025-10-20,2025-11-03,7932,Corning,Taiwan,24,487.86,63,0,0,0.0,0,397,10,4,333,0.0005290924687400791,0.0022824547846740364,105,511267,0.0002244207567666141
BATCH-2026-04103,38,Processor,4346,2026-05-23,2026-06-04,4134,Xiaomi,South Korea,52,142.13,62,0,0,0.0,0,612,5,2,118,0.0002941454324685746,0.0007248486269555904,106,537180,0.0001723848232239575
BATCH-2026-04104,8,Memory,5216,2026-02-08,2026-02-27,4875,LG Chem,South Korea,40,115.16,76,0,0,0.0,0,508,2,1,222,0.00013285380642027623,0.00028745834951003884,92,477433,0.00013960848603418856
BATCH-2026-04105,1,Motherboard,4229,2026-03-04,2026-03-10,4110,Samsung,USA,19,220.56,89,0,0,0.0,0,532,3,1,198,0.00017219294545324894,0.0013891588805521986,106,504263,0.0002354934172429249
BATCH-2024-04106,27,Camera,1529,2024-11-14,2024-11-23,1514,Infineon,Taiwan,51,333.1,89,0,0,0.0,0,57,11,4,673,0.00011089276239704126,0.00035581711278072977,111,553940,0.00017585459338616095
BATCH-2025-04107,5,Microcontroller,5917,2025-05-11,2025-05-31,5858,Apple,Japan,38,226.29,64,0,0,0.0,0,235,5,2,495,0.00029304167774806515,0.0010333897385835877,92,488005,0.00013908905895273712
BATCH-2024-04108,13,Battery,4900,2024-12-29,2025-01-06,4755,Onsemi,USA,46,98.93,89,0,0,0.0,0,102,12,4,628,0.00013306539717335389,0.0004888825988608853,89,428711,0.00021173401481822628
BATCH-2024-04109,43,Display,6344,2024-12-02,2024-12-22,5995,ASUSTeK,USA,30,46.84,60,0,0,0.0,0,75,12,4,655,0.00044469895714356904,0.0012463320250862553,87,411235,0.00016919115080672866
BATCH-2025-04110,14,Charger,3300,2025-05-07,2025-05-19,3164,STMicroelectronics,South Korea,31,23.81,77,0,0,0.0,0,231,5,2,499,0.0001573864901705702,0.00046936123067953895,91,385139,0.0002259435803313693
BATCH-2025-04111,24,PCB,4718,2025-04-30,2025-05-10,4522,Qualcomm,Germany,53,145.59,74,0,0,0.0,0,224,4,2,506,0.00017211444124561363,0.00048508112533674527,88,458321,0.0002244207567666141
BATCH-2024-04112,37,Charger,6480,2024-12-21,2025-01-02,6289,Huawei,USA,60,118.5,92,0,0,0.0,0,94,12,4,636,0.00010426815057621344,0.0003557497462935021,91,442918,0.0002259435803313693
BATCH-2026-04113,22,Microcontroller,6116,2026-04-06,2026-04-14,5951,Flex,China,43,157.56,86,0,0,0.0,0,565,4,2,165,6.527455789884103e-05,0.00021075148645526503,94,530055,0.00013908905895273712
BATCH-2025-04114,46,Display,6579,2025-12-20,2025-12-28,6376,Liteon,China,58,348.77,65,0,0,0.0,0,458,12,4,272,0.000177376316521378,0.0004995509860038717,96,502846,0.00016919115080672866
BATCH-2026-04115,31,Memory,5964,2026-03-13,2026-04-01,5904,Kyocera,USA,35,236.61,85,0,0,0.0,0,541,3,1,189,0.00018411673535101585,0.0009126920964599268,104,605811,0.00013960848603418856
BATCH-2025-04116,37,Connector,5637,2025-02-09,2025-02-28,5572,Huawei,USA,60,118.5,92,0,0,0.0,0,144,2,1,586,0.00010426815057621344,0.0003557497462935021,91,442918,0.00020757696267843906
BATCH-2025-04117,38,PCB,7962,2025-03-04,2025-03-13,7882,Xiaomi,South Korea,52,142.13,62,0,0,0.0,0,167,3,1,563,0.0002941454324685746,0.0007248486269555904,106,537180,0.0002244207567666141
BATCH-2026-04118,27,Motherboard,9764,2026-04-16,2026-04-21,9666,Infineon,Taiwan,51,333.1,89,0,0,0.0,0,575,4,2,155,0.00011089276239704126,0.00035581711278072977,111,553940,0.0002354934172429249
BATCH-2025-04119,32,Charger,9788,2025-04-16,2025-04-28,9387,Canon,South Korea,54,382.97,81,0,0,0.0,0,210,4,2,520,8.286140374041643e-05,0.0002525478149158471,93,484783,0.0002259435803313693
BATCH-2025-04120,41,Charger,3658,2025-12-08,2025-12-24,3621,HP,Japan,60,204.38,85,0,0,0.0,0,446,12,4,284,0.00012231852387452777,0.00025339821295037224,87,408153,0.0002259435803313693
BATCH-2025-04121,26,Battery,1892,2025-12-07,2025-12-25,1749,Texas Instruments,South Korea,53,5.67,67,0,0,0.0,0,445,12,4,285,0.0002658174764162671,0.0009122443285503541,102,493376,0.00021173401481822628
BATCH-2026-04122,27,Charger,7511,2026-07-05,2026-07-25,7436,Infineon,Taiwan,51,333.1,89,0,0,0.0,0,655,7,3,75,0.00011089276239704126,0.00035581711278072977,111,553940,0.0002259435803313693
BATCH-2025-04123,33,Motherboard,8365,2025-10-25,2025-11-01,7995,Denso,Taiwan,41,277.68,84,0,0,0.0,0,402,10,4,328,0.00013528007016307464,0.0006519489677036868,119,602071,0.0002354934172429249
BATCH-2026-04124,36,Power IC,2202,2026-05-02,2026-05-07,2075,Ericsson,Germany,60,205.45,68,0,0,0.0,0,591,5,2,139,0.00016582352511078637,0.0003750099810004351,109,536222,0.00017735448108886377
BATCH-2025-04125,35,PCB,9138,2025-01-14,2025-01-27,9047,Nokia,Japan,42,219.49,61,0,0,0.0,0,118,1,1,612,0.00019787338089100073,0.0003538789829112609,102,503406,0.0002244207567666141
BATCH-2024-04126,33,Power IC,5621,2024-12-31,2025-01-10,5476,Denso,Taiwan,41,277.68,84,0,0,0.0,0,104,12,4,626,0.00013528007016307464,0.0006519489677036868,119,602071,0.00017735448108886377
BATCH-2026-04127,44,Power IC,1149,2026-02-25,2026-03-09,1138,Wistron,South Korea,50,232.01,87,0,0,0.0,0,525,2,1,205,0.00010336577465557791,0.000380745741124954,117,590216,0.00017735448108886377
BATCH-2025-04128,33,Camera,1536,2025-02-25,2025-03-16,1478,Denso,Taiwan,41,277.68,84,0,0,0.0,0,160,2,1,570,0.00013528007016307464,0.0006519489677036868,119,602071,0.00017585459338616095
BATCH-2026-04129,18,PCB,3656,2026-07-02,2026-07-22,3462,Bosch,Germany,18,96.36,77,0,0,0.0,0,652,7,3,78,0.00021806730730221415,0.0007021012099867912,110,557568,0.0002244207567666141
BATCH-2026-04130,33,Speaker,1179,2026-05-19,2026-05-30,1097,Denso,Taiwan,41,277.68,84,0,0,0.0,0,608,5,2,122,0.00013528007016307464,0.0006519489677036868,119,602071,0.00019289953369198322
BATCH-2024-04131,44,Display,520,2024-12-08,2024-12-26,515,Wistron,South Korea,50,232.01,87,0,0,0.0,0,81,12,4,649,0.00010336577465557791,0.000380745741124954,117,590216,0.00016919115080672866
BATCH-2026-04132,50,Camera,3562,2026-05-07,2026-05-16,3392,APC,South Korea,30,481.03,64,0,0,0.0,0,596,5,2,134,0.0002753509047441992,0.0007401953979905162,113,559124,0.00017585459338616095
BATCH-2026-04133,19,Sensor,6685,2026-04-18,2026-04-26,6362,Sumitomo,USA,36,238.9,64,0,0,0.0,0,577,4,2,153,0.00016876737493119937,0.00039378300837730447,91,458378,0.00016450590746445605
BATCH-2025-04134,26,Speaker,4879,2025-03-26,2025-03-31,4830,Texas Instruments,South Korea,53,5.67,67,0,0,0.0,0,189,3,1,541,0.0002658174764162671,0.0009122443285503541,102,493376,0.00019289953369198322
BATCH-2025-04135,47,Display,239,2025-02-23,2025-03-01,236,Molex,Japan,37,191.75,76,0,0,0.0,0,158,2,1,572,0.00015063481442028842,0.00045023343696729267,102,507171,0.00016919115080672866
BATCH-2025-04136,23,Connector,5438,2025-05-07,2025-05-19,5384,ASE,Japan,50,402.77,91,0,0,0.0,0,231,5,2,499,6.663525433902222e-05,0.00015954052120490043,90,441864,0.00020757696267843906
BATCH-2025-04137,16,Display,8699,2025-11-13,2025-11-25,8528,Hitachi,China,57,483.82,88,0,0,0.0,0,421,11,4,309,8.336477286677332e-05,0.0004697935134049564,95,503392,0.00016919115080672866
BATCH-2025-04138,37,Fan,6401,2025-11-19,2025-12-07,6180,Huawei,USA,60,118.5,92,0,0,0.0,0,427,11,4,303,0.00010426815057621344,0.0003557497462935021,91,442918,0.00012855165100050963
BATCH-2026-04139,29,Microcontroller,4731,2026-02-26,2026-03-10,4657,Seagate,Japan,40,285.23,77,0,0,0.0,0,526,2,1,204,0.00016256441034907573,0.0004929460254392659,92,456988,0.00013908905895273712
BATCH-2026-04140,20,PCB,2331,2026-06-11,2026-06-25,2257,Delta Electronics,South Korea,30,335.57,68,0,0,0.0,0,631,6,2,99,0.00014552538396359592,0.00035285670745256997,82,427248,0.0002244207567666141
BATCH-2026-04141,9,Fan,4599,2026-07-19,2026-07-31,4553,Sony,Taiwan,19,33.78,81,0,0,0.0,0,669,7,3,61,0.00014132799993781594,0.00029553061545999206,104,509780,0.00012855165100050963
BATCH-2026-04142,5,Charger,2120,2026-06-10,2026-06-27,2052,Apple,Japan,38,226.29,64,0,0,0.0,0,630,6,2,100,0.00029304167774806515,0.0010333897385835877,92,488005,0.0002259435803313693
BATCH-2026-04143,13,Battery,6673,2026-05-18,2026-06-06,6593,Onsemi,USA,46,98.93,89,0,0,0.0,0,607,5,2,123,0.00013306539717335389,0.0004888825988608853,89,428711,0.00021173401481822628
BATCH-2024-04144,24,Speaker,9717,2024-12-08,2024-12-23,9262,Qualcomm,Germany,53,145.59,74,0,0,0.0,0,81,12,4,649,0.00017211444124561363,0.00048508112533674527,88,458321,0.00019289953369198322
BATCH-2025-04145,5,Processor,6104,2025-02-10,2025-02-24,5682,Apple,Japan,38,226.29,64,0,0,0.0,0,145,2,1,585,0.00029304167774806515,0.0010333897385835877,92,488005,0.0001723848232239575
BATCH-2025-04146,2,Sensor,3510,2025-07-20,2025-08-02,3475,TSMC,South Korea,34,349.29,92,0,0,0.0,0,305,7,3,425,0.0001216095118122708,0.0004158402802419921,99,473547,0.00016450590746445605
BATCH-2025-04147,50,Battery,8730,2025-12-01,2025-12-10,8202,APC,South Korea,30,481.03,64,0,0,0.0,0,439,12,4,291,0.0002753509047441992,0.0007401953979905162,113,559124,0.00021173401481822628
BATCH-2026-04148,46,Battery,6625,2026-03-04,2026-03-09,6275,Liteon,China,58,348.77,65,0,0,0.0,0,532,3,1,198,0.000177376316521378,0.0004995509860038717,96,502846,0.00021173401481822628
BATCH-2024-04149,49,Motherboard,9102,2024-10-12,2024-10-29,8775,Coherent,USA,42,45.65,73,0,0,0.0,0,24,10,4,706,0.00034438539861380375,0.0009931063632699735,93,417736,0.0002354934172429249
BATCH-2025-04150,17,Fan,2332,2025-03-12,2025-03-28,2309,Mitsubishi,Japan,33,186.49,72,0,0,0.0,0,175,3,1,555,0.00014815223187369047,0.00046308585294764547,114,569061,0.00012855165100050963
BATCH-2026-04151,3,Battery,7520,2026-03-13,2026-04-01,7445,Corning,Taiwan,24,487.86,63,0,0,0.0,0,541,3,1,189,0.0005290924687400791,0.0022824547846740364,105,511267,0.00021173401481822628
BATCH-2024-04152,27,Motherboard,9499,2024-10-21,2024-11-02,9404,Infineon,Taiwan,51,333.1,89,0,0,0.0,0,33,10,4,697,0.00011089276239704126,0.00035581711278072977,111,553940,0.0002354934172429249
BATCH-2024-04153,39,Camera,9525,2024-12-27,2025-01-13,9005,Lenovo,Taiwan,57,331.63,71,0,0,0.0,0,100,12,4,630,0.00017438124238925042,0.000501056949565781,101,560841,0.00017585459338616095
BATCH-2024-04154,38,Camera,2813,2024-11-20,2024-12-06,2682,Xiaomi,South Korea,52,142.13,62,0,0,0.0,0,63,11,4,667,0.0002941454324685746,0.0007248486269555904,106,537180,0.00017585459338616095
BATCH-2026-04155,39,Charger,5695,2026-04-15,2026-04-26,5470,Lenovo,Taiwan,57,331.63,71,0,0,0.0,0,574,4,2,156,0.00017438124238925042,0.000501056949565781,101,560841,0.0002259435803313693
BATCH-2025-04156,31,PCB,7754,2025-04-25,2025-05-08,7341,Kyocera,USA,35,236.61,85,0,0,0.0,0,219,4,2,511,0.00018411673535101585,0.0009126920964599268,104,605811,0.0002244207567666141
BATCH-2025-04157,42,PCB,7553,2025-06-06,2025-06-17,7234,Acer,Germany,34,85.15,90,0,0,0.0,0,261,6,2,469,5.058942432590356e-05,0.0001440589145000144,106,511239,0.0002244207567666141
BATCH-2025-04158,24,Fan,8963,2025-12-05,2025-12-13,8704,Qualcomm,Germany,53,145.59,74,0,0,0.0,0,443,12,4,287,0.00017211444124561363,0.00048508112533674527,88,458321,0.00012855165100050963
BATCH-2026-04159,33,Connector,6587,2026-06-22,2026-07-02,6491,Denso,Taiwan,41,277.68,84,0,0,0.0,0,642,6,2,88,0.00013528007016307464,0.0006519489677036868,119,602071,0.00020757696267843906
BATCH-2026-04160,47,Processor,2829,2026-07-29,2026-08-17,2773,Molex,Japan,37,191.75,76,0,0,0.0,0,679,7,3,51,0.00015063481442028842,0.00045023343696729267,102,507171,0.0001723848232239575
BATCH-2025-04161,3,Connector,8991,2025-06-20,2025-07-09,8674,Corning,Taiwan,24,487.86,63,0,0,0.0,0,275,6,2,455,0.0005290924687400791,0.0022824547846740364,105,511267,0.00020757696267843906
BATCH-2026-04162,27,Connector,2331,2026-01-23,2026-01-31,2308,Infineon,Taiwan,51,333.1,89,0,0,0.0,0,492,1,1,238,0.00011089276239704126,0.00035581711278072977,111,553940,0.00020757696267843906
BATCH-2025-04163,40,Display,9611,2025-09-13,2025-09-29,9515,Dell,China,20,392.38,81,0,0,0.0,0,360,9,3,370,0.00013234425192726218,0.0003712523513249762,101,498329,0.00016919115080672866
BATCH-2026-04164,10,Speaker,2845,2026-07-30,2026-08-15,2776,Panasonic,China,54,316.57,91,0,0,0.0,0,680,7,3,50,0.000144927638474753,0.0007549544377028447,94,435868,0.00019289953369198322
BATCH-2026-04165,1,Charger,7914,2026-05-17,2026-06-06,7792,Samsung,USA,19,220.56,89,0,0,0.0,0,606,5,2,124,0.00017219294545324894,0.0013891588805521986,106,504263,0.0002259435803313693
BATCH-2025-04166,5,Connector,2558,2025-04-11,2025-04-30,2447,Apple,Japan,38,226.29,64,0,0,0.0,0,205,4,2,525,0.00029304167774806515,0.0010333897385835877,92,488005,0.00020757696267843906
BATCH-2025-04167,43,Memory,8461,2025-12-16,2026-01-01,7915,ASUSTeK,USA,30,46.84,60,0,0,0.0,0,454,12,4,276,0.00044469895714356904,0.0012463320250862553,87,411235,0.00013960848603418856
BATCH-2024-04168,29,Memory,1210,2024-11-24,2024-12-05,1197,Seagate,Japan,40,285.23,77,0,0,0.0,0,67,11,4,663,0.00016256441034907573,0.0004929460254392659,92,456988,0.00013960848603418856
BATCH-2025-04169,2,Fan,645,2025-09-16,2025-09-27,632,TSMC,South Korea,34,349.29,92,0,0,0.0,0,363,9,3,367,0.0001216095118122708,0.0004158402802419921,99,473547,0.00012855165100050963
BATCH-2025-04170,28,Display,7818,2025-11-05,2025-11-24,7740,Kioxia,China,36,390.8,86,0,0,0.0,0,413,11,4,317,6.548471380186631e-05,0.00020932699508353792,108,509896,0.00016919115080672866
BATCH-2026-04171,23,Connector,6664,2026-01-05,2026-01-22,6393,ASE,Japan,50,402.77,91,0,0,0.0,0,474,1,1,256,6.663525433902222e-05,0.00015954052120490043,90,441864,0.00020757696267843906
BATCH-2026-04172,25,Battery,8235,2026-09-10,2026-09-24,8153,Broadcom,USA,26,71.6,85,0,0,0.0,0,722,9,3,8,9.454505074439549e-05,0.0003137783114627588,84,481980,0.00021173401481822628
BATCH-2025-04173,3,Speaker,6454,2025-04-12,2025-04-20,6389,Corning,Taiwan,24,487.86,63,0,0,0.0,0,206,4,2,524,0.0005290924687400791,0.0022824547846740364,105,511267,0.00019289953369198322
BATCH-2026-04174,4,Charger,7349,2026-05-28,2026-06-10,7221,Intel,China,48,393.46,88,0,0,0.0,0,617,5,2,113,0.00018841892264149143,0.0009961276293195824,96,400272,0.0002259435803313693
BATCH-2024-04175,40,Power IC,3539,2024-09-22,2024-10-10,3436,Dell,China,20,392.38,81,0,0,0.0,0,4,9,3,726,0.00013234425192726218,0.0003712523513249762,101,498329,0.00017735448108886377
BATCH-2025-04176,47,Power IC,8723,2025-11-20,2025-11-25,8219,Molex,Japan,37,191.75,76,0,0,0.0,0,428,11,4,302,0.00015063481442028842,0.00045023343696729267,102,507171,0.00017735448108886377
BATCH-2026-04177,21,Sensor,5401,2026-03-25,2026-03-31,5264,Jabil,Taiwan,58,416.67,76,0,0,0.0,0,553,3,1,177,0.00034128023110612925,0.0012045823376322067,117,579869,0.00016450590746445605
BATCH-2026-04178,48,Battery,3619,2026-05-18,2026-05-23,3392,TE Connectivity,Germany,25,315.88,71,0,0,0.0,0,607,5,2,123,0.000215467021331229,0.0009668394253566584,108,542251,0.00021173401481822628
BATCH-2026-04179,29,Connector,3840,2026-07-13,2026-07-21,3739,Seagate,Japan,40,285.23,77,0,0,0.0,0,663,7,3,67,0.00016256441034907573,0.0004929460254392659,92,456988,0.00020757696267843906
BATCH-2024-04180,25,PCB,8498,2024-11-19,2024-11-25,8413,Broadcom,USA,26,71.6,85,0,0,0.0,0,62,11,4,668,9.454505074439549e-05,0.0003137783114627588,84,481980,0.0002244207567666141
BATCH-2025-04181,4,Fan,8981,2025-07-24,2025-08-10,8891,Intel,China,48,393.46,88,0,0,0.0,0,309,7,3,421,0.00018841892264149143,0.0009961276293195824,96,400272,0.00012855165100050963
BATCH-2025-04182,29,Display,2402,2025-07-27,2025-08-15,2319,Seagate,Japan,40,285.23,77,0,0,0.0,0,312,7,3,418,0.00016256441034907573,0.0004929460254392659,92,456988,0.00016919115080672866
BATCH-2025-04183,2,Power IC,2769,2025-05-15,2025-06-04,2670,TSMC,South Korea,34,349.29,92,0,0,0.0,0,239,5,2,491,0.0001216095118122708,0.0004158402802419921,99,473547,0.00017735448108886377
BATCH-2025-04184,27,Connector,746,2025-07-27,2025-08-07,714,Infineon,Taiwan,51,333.1,89,0,0,0.0,0,312,7,3,418,0.00011089276239704126,0.00035581711278072977,111,553940,0.00020757696267843906
BATCH-2024-04185,14,Power IC,6427,2024-10-15,2024-10-21,6363,STMicroelectronics,South Korea,31,23.81,77,0,0,0.0,0,27,10,4,703,0.0001573864901705702,0.00046936123067953895,91,385139,0.00017735448108886377
BATCH-2026-04186,9,Microcontroller,4461,2026-07-31,2026-08-08,4376,Sony,Taiwan,19,33.78,81,0,0,0.0,0,681,7,3,49,0.00014132799993781594,0.00029553061545999206,104,509780,0.00013908905895273712
BATCH-2026-04187,43,Power IC,849,2026-03-15,2026-04-03,801,ASUSTeK,USA,30,46.84,60,0,0,0.0,0,543,3,1,187,0.00044469895714356904,0.0012463320250862553,87,411235,0.00017735448108886377
BATCH-2025-04188,35,Sensor,8559,2025-12-05,2025-12-19,8473,Nokia,Japan,42,219.49,61,0,0,0.0,0,443,12,4,287,0.00019787338089100073,0.0003538789829112609,102,503406,0.00016450590746445605
BATCH-2025-04189,7,Battery,7808,2025-03-13,2025-03-28,7298,Foxconn,USA,50,411.74,84,0,0,0.0,0,176,3,1,554,0.0003217144075727912,0.0015438669764764946,105,555087,0.00021173401481822628
BATCH-2025-04190,24,Charger,6912,2025-01-21,2025-01-30,6761,Qualcomm,Germany,53,145.59,74,0,0,0.0,0,125,1,1,605,0.00017211444124561363,0.00048508112533674527,88,458321,0.0002259435803313693
BATCH-2024-04191,29,Battery,7101,2024-12-19,2025-01-02,6872,Seagate,Japan,40,285.23,77,0,0,0.0,0,92,12,4,638,0.00016256441034907573,0.0004929460254392659,92,456988,0.00021173401481822628
BATCH-2025-04192,22,Memory,5470,2025-03-12,2025-03-21,5263,Flex,China,43,157.56,86,0,0,0.0,0,175,3,1,555,6.527455789884103e-05,0.00021075148645526503,94,530055,0.00013960848603418856
BATCH-2026-04193,29,Microcontroller,4110,2026-06-14,2026-07-04,3888,Seagate,Japan,40,285.23,77,0,0,0.0,0,634,6,2,96,0.00016256441034907573,0.0004929460254392659,92,456988,0.00013908905895273712
BATCH-2025-04194,29,Processor,7014,2025-04-05,2025-04-24,6944,Seagate,Japan,40,285.23,77,0,0,0.0,0,199,4,2,531,0.00016256441034907573,0.0004929460254392659,92,456988,0.0001723848232239575
BATCH-2026-04195,10,Display,6758,2026-03-31,2026-04-09,6617,Panasonic,China,54,316.57,91,0,0,0.0,0,559,3,1,171,0.000144927638474753,0.0007549544377028447,94,435868,0.00016919115080672866
BATCH-2024-04196,1,Power IC,940,2024-12-10,2024-12-16,931,Samsung,USA,19,220.56,89,0,0,0.0,0,83,12,4,647,0.00017219294545324894,0.0013891588805521986,106,504263,0.00017735448108886377
BATCH-2025-04197,21,Speaker,307,2025-11-02,2025-11-11,304,Jabil,Taiwan,58,416.67,76,0,0,0.0,0,410,11,4,320,0.00034128023110612925,0.0012045823376322067,117,579869,0.00019289953369198322
BATCH-2026-04198,42,Memory,4629,2026-08-10,2026-08-30,4583,Acer,Germany,34,85.15,90,0,0,0.0,0,691,8,3,39,5.058942432590356e-05,0.0001440589145000144,106,511239,0.00013960848603418856
BATCH-2026-04199,33,Battery,3925,2026-05-28,2026-06-16,3886,Denso,Taiwan,41,277.68,84,0,0,0.0,0,617,5,2,113,0.00013528007016307464,0.0006519489677036868,119,602071,0.00021173401481822628
BATCH-2026-04200,21,Display,1199,2026-06-22,2026-06-27,1141,Jabil,Taiwan,58,416.67,76,0,0,0.0,0,642,6,2,88,0.00034128023110612925,0.0012045823376322067,117,579869,0.00016919115080672866
BATCH-2025-04201,31,PCB,9812,2025-07-08,2025-07-16,9235,Kyocera,USA,35,236.61,85,0,0,0.0,0,293,7,3,437,0.00018411673535101585,0.0009126920964599268,104,605811,0.0002244207567666141
BATCH-2026-04202,5,Fan,3546,2026-03-23,2026-04-07,3409,Apple,Japan,38,226.29,64,0,0,0.0,0,551,3,1,179,0.00029304167774806515,0.0010333897385835877,92,488005,0.00012855165100050963
BATCH-2025-04203,16,Display,207,2025-07-21,2025-08-09,203,Hitachi,China,57,483.82,88,0,0,0.0,0,306,7,3,424,8.336477286677332e-05,0.0004697935134049564,95,503392,0.00016919115080672866
BATCH-2024-04204,33,Sensor,4130,2024-12-26,2025-01-09,4036,Denso,Taiwan,41,277.68,84,0,0,0.0,0,99,12,4,631,0.00013528007016307464,0.0006519489677036868,119,602071,0.00016450590746445605
BATCH-2025-04205,30,Processor,9369,2025-02-27,2025-03-14,8604,Western Digital,Germany,16,59.04,65,0,0,0.0,0,162,2,1,568,0.00026662885278630423,0.0008545899187981254,93,459619,0.0001723848232239575
BATCH-2025-04206,39,Connector,8196,2025-12-26,2026-01-07,7531,Lenovo,Taiwan,57,331.63,71,0,0,0.0,0,464,12,4,266,0.00017438124238925042,0.000501056949565781,101,560841,0.00020757696267843906
BATCH-2025-04207,45,Motherboard,1805,2025-06-24,2025-06-29,1760,Pegatron,Taiwan,47,251.52,66,0,0,0.0,0,279,6,2,451,0.0001275169517997213,0.0003266025273992103,94,477190,0.0002354934172429249
BATCH-2025-04208,12,Processor,6752,2025-07-14,2025-07-26,6684,Amphenol,Germany,18,446.77,96,0,0,0.0,0,299,7,3,431,8.015372036339901e-05,0.00041034141517753633,113,576135,0.0001723848232239575
BATCH-2025-04209,27,Sensor,6534,2025-07-17,2025-07-29,6197,Infineon,Taiwan,51,333.1,89,0,0,0.0,0,302,7,3,428,0.00011089276239704126,0.00035581711278072977,111,553940,0.00016450590746445605
BATCH-2025-04210,15,Speaker,8322,2025-07-24,2025-07-30,8044,SK Hynix,Taiwan,40,342.16,65,0,0,0.0,0,309,7,3,421,0.00026051175061660777,0.0007352320636847295,93,436297,0.00019289953369198322
BATCH-2025-04211,27,Processor,911,2025-10-04,2025-10-22,885,Infineon,Taiwan,51,333.1,89,0,0,0.0,0,381,10,4,349,0.00011089276239704126,0.00035581711278072977,111,553940,0.0001723848232239575
BATCH-2024-04212,3,Processor,2194,2024-09-20,2024-10-04,2154,Corning,Taiwan,24,487.86,63,0,0,0.0,0,2,9,3,728,0.0005290924687400791,0.0022824547846740364,105,511267,0.0001723848232239575
BATCH-2025-04213,5,Speaker,7890,2025-01-26,2025-02-04,7444,Apple,Japan,38,226.29,64,0,0,0.0,0,130,1,1,600,0.00029304167774806515,0.0010333897385835877,92,488005,0.00019289953369198322
BATCH-2025-04214,40,Camera,230,2025-08-13,2025-08-25,228,Dell,China,20,392.38,81,0,0,0.0,0,329,8,3,401,0.00013234425192726218,0.0003712523513249762,101,498329,0.00017585459338616095
BATCH-2026-04215,5,Sensor,1888,2026-03-25,2026-04-07,1818,Apple,Japan,38,226.29,64,0,0,0.0,0,553,3,1,177,0.00029304167774806515,0.0010333897385835877,92,488005,0.00016450590746445605
BATCH-2026-04216,36,Processor,3300,2026-08-09,2026-08-25,3039,Ericsson,Germany,60,205.45,68,0,0,0.0,0,690,8,3,40,0.00016582352511078637,0.0003750099810004351,109,536222,0.0001723848232239575
BATCH-2025-04217,44,Battery,7596,2025-05-10,2025-05-22,7520,Wistron,South Korea,50,232.01,87,0,0,0.0,0,234,5,2,496,0.00010336577465557791,0.000380745741124954,117,590216,0.00021173401481822628
BATCH-2025-04218,44,Processor,2426,2025-07-19,2025-07-26,2402,Wistron,South Korea,50,232.01,87,0,0,0.0,0,304,7,3,426,0.00010336577465557791,0.000380745741124954,117,590216,0.0001723848232239575
BATCH-2025-04219,28,Microcontroller,3416,2025-10-14,2025-10-20,3367,Kioxia,China,36,390.8,86,0,0,0.0,0,391,10,4,339,6.548471380186631e-05,0.00020932699508353792,108,509896,0.00013908905895273712
BATCH-2026-04220,37,Battery,3588,2026-02-28,2026-03-17,3552,Huawei,USA,60,118.5,92,0,0,0.0,0,528,2,1,202,0.00010426815057621344,0.0003557497462935021,91,442918,0.00021173401481822628
BATCH-2026-04221,11,Motherboard,5015,2026-02-19,2026-03-05,4856,Murata,Japan,22,178.55,88,0,0,0.0,0,519,2,1,211,0.00015599689945027513,0.0009387029695731565,105,551463,0.0002354934172429249
BATCH-2025-04222,22,PCB,979,2025-07-23,2025-08-08,931,Flex,China,43,157.56,86,0,0,0.0,0,308,7,3,422,6.527455789884103e-05,0.00021075148645526503,94,530055,0.0002244207567666141
BATCH-2026-04223,38,Memory,2284,2026-07-01,2026-07-13,2166,Xiaomi,South Korea,52,142.13,62,0,0,0.0,0,651,7,3,79,0.0002941454324685746,0.0007248486269555904,106,537180,0.00013960848603418856
BATCH-2025-04224,31,Sensor,7254,2025-05-14,2025-06-02,7104,Kyocera,USA,35,236.61,85,0,0,0.0,0,238,5,2,492,0.00018411673535101585,0.0009126920964599268,104,605811,0.00016450590746445605
BATCH-2026-04225,41,Fan,7240,2026-05-13,2026-05-29,6725,HP,Japan,60,204.38,85,0,0,0.0,0,602,5,2,128,0.00012231852387452777,0.00025339821295037224,87,408153,0.00012855165100050963
BATCH-2024-04226,44,Fan,4794,2024-09-28,2024-10-16,4746,Wistron,South Korea,50,232.01,87,0,0,0.0,0,10,9,3,720,0.00010336577465557791,0.000380745741124954,117,590216,0.00012855165100050963
BATCH-2025-04227,1,Battery,5154,2025-01-28,2025-02-10,5090,Samsung,USA,19,220.56,89,0,0,0.0,0,132,1,1,598,0.00017219294545324894,0.0013891588805521986,106,504263,0.00021173401481822628
BATCH-2025-04228,18,Processor,8763,2025-01-08,2025-01-22,8282,Bosch,Germany,18,96.36,77,0,0,0.0,0,112,1,1,618,0.00021806730730221415,0.0007021012099867912,110,557568,0.0001723848232239575
BATCH-2026-04229,47,Charger,7436,2026-06-05,2026-06-13,7362,Molex,Japan,37,191.75,76,0,0,0.0,0,625,6,2,105,0.00015063481442028842,0.00045023343696729267,102,507171,0.0002259435803313693
BATCH-2025-04230,18,Display,3090,2025-12-02,2025-12-19,3059,Bosch,Germany,18,96.36,77,0,0,0.0,0,440,12,4,290,0.00021806730730221415,0.0007021012099867912,110,557568,0.00016919115080672866
BATCH-2025-04231,44,Battery,9027,2025-05-04,2025-05-13,8734,Wistron,South Korea,50,232.01,87,0,0,0.0,0,228,5,2,502,0.00010336577465557791,0.000380745741124954,117,590216,0.00021173401481822628
BATCH-2026-04232,48,Charger,4472,2026-04-18,2026-04-25,4368,TE Connectivity,Germany,25,315.88,71,0,0,0.0,0,577,4,2,153,0.000215467021331229,0.0009668394253566584,108,542251,0.0002259435803313693
BATCH-2026-04233,25,PCB,2186,2026-04-14,2026-05-03,2124,Broadcom,USA,26,71.6,85,0,0,0.0,0,573,4,2,157,9.454505074439549e-05,0.0003137783114627588,84,481980,0.0002244207567666141
BATCH-2025-04234,22,PCB,3864,2025-04-25,2025-05-13,3752,Flex,China,43,157.56,86,0,0,0.0,0,219,4,2,511,6.527455789884103e-05,0.00021075148645526503,94,530055,0.0002244207567666141
BATCH-2026-04235,36,Charger,9364,2026-06-04,2026-06-10,8970,Ericsson,Germany,60,205.45,68,0,0,0.0,0,624,6,2,106,0.00016582352511078637,0.0003750099810004351,109,536222,0.0002259435803313693
BATCH-2026-04236,46,Camera,6732,2026-06-13,2026-07-01,6665,Liteon,China,58,348.77,65,0,0,0.0,0,633,6,2,97,0.000177376316521378,0.0004995509860038717,96,502846,0.00017585459338616095
BATCH-2025-04237,20,Camera,6761,2025-08-24,2025-09-01,6693,Delta Electronics,South Korea,30,335.57,68,0,0,0.0,0,340,8,3,390,0.00014552538396359592,0.00035285670745256997,82,427248,0.00017585459338616095
BATCH-2026-04238,34,Connector,8863,2026-05-31,2026-06-12,8403,Renesas,China,19,153.37,81,0,0,0.0,0,620,5,2,110,0.00020629854890063796,0.000928870183527049,112,540044,0.00020757696267843906
BATCH-2026-04239,50,Camera,8683,2026-05-28,2026-06-04,7950,APC,South Korea,30,481.03,64,0,0,0.0,0,617,5,2,113,0.0002753509047441992,0.0007401953979905162,113,559124,0.00017585459338616095
BATCH-2026-04240,1,Motherboard,650,2026-01-02,2026-01-13,630,Samsung,USA,19,220.56,89,0,0,0.0,0,471,1,1,259,0.00017219294545324894,0.0013891588805521986,106,504263,0.0002354934172429249
BATCH-2026-04241,40,Connector,3288,2026-05-11,2026-05-17,3219,Dell,China,20,392.38,81,0,0,0.0,0,600,5,2,130,0.00013234425192726218,0.0003712523513249762,101,498329,0.00020757696267843906
BATCH-2025-04242,6,Display,5867,2025-01-18,2025-02-06,5719,NVIDIA,Germany,38,463.53,74,0,0,0.0,0,122,1,1,608,0.00023377595866623649,0.0009271237760431065,104,528560,0.00016919115080672866
BATCH-2026-04243,35,Charger,2692,2026-01-12,2026-02-01,2665,Nokia,Japan,42,219.49,61,0,0,0.0,0,481,1,1,249,0.00019787338089100073,0.0003538789829112609,102,503406,0.0002259435803313693
BATCH-2026-04244,49,Battery,8481,2026-08-06,2026-08-19,8368,Coherent,USA,42,45.65,73,0,0,0.0,0,687,8,3,43,0.00034438539861380375,0.0009931063632699735,93,417736,0.00021173401481822628
BATCH-2026-04245,4,Fan,7403,2026-06-14,2026-06-20,7329,Intel,China,48,393.46,88,0,0,0.0,0,634,6,2,96,0.00018841892264149143,0.0009961276293195824,96,400272,0.00012855165100050963
BATCH-2026-04246,41,Microcontroller,8809,2026-07-18,2026-07-24,8721,HP,Japan,60,204.38,85,0,0,0.0,0,668,7,3,62,0.00012231852387452777,0.00025339821295037224,87,408153,0.00013908905895273712
BATCH-2025-04247,26,Microcontroller,6890,2025-10-20,2025-11-06,6613,Texas Instruments,South Korea,53,5.67,67,0,0,0.0,0,397,10,4,333,0.0002658174764162671,0.0009122443285503541,102,493376,0.00013908905895273712
BATCH-2026-04248,9,Battery,6493,2026-05-24,2026-06-11,6428,Sony,Taiwan,19,33.78,81,0,0,0.0,0,613,5,2,117,0.00014132799993781594,0.00029553061545999206,104,509780,0.00021173401481822628
BATCH-2025-04249,24,Processor,9657,2025-08-15,2025-08-30,9372,Qualcomm,Germany,53,145.59,74,0,0,0.0,0,331,8,3,399,0.00017211444124561363,0.00048508112533674527,88,458321,0.0001723848232239575
BATCH-2026-04250,2,Fan,1821,2026-05-26,2026-06-09,1803,TSMC,South Korea,34,349.29,92,0,0,0.0,0,615,5,2,115,0.0001216095118122708,0.0004158402802419921,99,473547,0.00012855165100050963
BATCH-2025-04251,24,Power IC,928,2025-11-03,2025-11-18,897,Qualcomm,Germany,53,145.59,74,0,0,0.0,0,411,11,4,319,0.00017211444124561363,0.00048508112533674527,88,458321,0.00017735448108886377
BATCH-2026-04252,36,Speaker,994,2026-04-23,2026-05-03,981,Ericsson,Germany,60,205.45,68,0,0,0.0,0,582,4,2,148,0.00016582352511078637,0.0003750099810004351,109,536222,0.00019289953369198322
BATCH-2026-04253,49,Charger,3905,2026-03-27,2026-04-11,3855,Coherent,USA,42,45.65,73,0,0,0.0,0,555,3,1,175,0.00034438539861380375,0.0009931063632699735,93,417736,0.0002259435803313693
BATCH-2025-04254,16,PCB,1552,2025-07-06,2025-07-23,1504,Hitachi,China,57,483.82,88,0,0,0.0,0,291,7,3,439,8.336477286677332e-05,0.0004697935134049564,95,503392,0.0002244207567666141
BATCH-2025-04255,8,Memory,4564,2025-05-09,2025-05-16,4518,LG Chem,South Korea,40,115.16,76,0,0,0.0,0,233,5,2,497,0.00013285380642027623,0.00028745834951003884,92,477433,0.00013960848603418856
BATCH-2025-04256,32,Speaker,7975,2025-10-29,2025-11-12,7895,Canon,South Korea,54,382.97,81,0,0,0.0,0,406,10,4,324,8.286140374041643e-05,0.0002525478149158471,93,484783,0.00019289953369198322
BATCH-2025-04257,48,Speaker,9038,2025-12-05,2025-12-20,8948,TE Connectivity,Germany,25,315.88,71,0,0,0.0,0,443,12,4,287,0.000215467021331229,0.0009668394253566584,108,542251,0.00019289953369198322
BATCH-2025-04258,42,Battery,6364,2025-03-13,2025-03-24,5900,Acer,Germany,34,85.15,90,0,0,0.0,0,176,3,1,554,5.058942432590356e-05,0.0001440589145000144,106,511239,0.00021173401481822628
BATCH-2025-04259,26,Processor,6898,2025-07-27,2025-08-02,6424,Texas Instruments,South Korea,53,5.67,67,0,0,0.0,0,312,7,3,418,0.0002658174764162671,0.0009122443285503541,102,493376,0.0001723848232239575
BATCH-2026-04260,33,Microcontroller,2456,2026-06-26,2026-07-08,2431,Denso,Taiwan,41,277.68,84,0,0,0.0,0,646,6,2,84,0.00013528007016307464,0.0006519489677036868,119,602071,0.00013908905895273712
BATCH-2025-04261,42,Battery,7930,2025-06-13,2025-07-02,7821,Acer,Germany,34,85.15,90,0,0,0.0,0,268,6,2,462,5.058942432590356e-05,0.0001440589145000144,106,511239,0.00021173401481822628
BATCH-2026-04262,50,Memory,436,2026-06-18,2026-07-01,412,APC,South Korea,30,481.03,64,0,0,0.0,0,638,6,2,92,0.0002753509047441992,0.0007401953979905162,113,559124,0.00013960848603418856
BATCH-2025-04263,37,Fan,7004,2025-08-06,2025-08-15,6904,Huawei,USA,60,118.5,92,0,0,0.0,0,322,8,3,408,0.00010426815057621344,0.0003557497462935021,91,442918,0.00012855165100050963
BATCH-2025-04264,21,Display,5731,2025-02-24,2025-03-03,5674,Jabil,Taiwan,58,416.67,76,0,0,0.0,0,159,2,1,571,0.00034128023110612925,0.0012045823376322067,117,579869,0.00016919115080672866
BATCH-2025-04265,29,Sensor,5960,2025-11-05,2025-11-17,5828,Seagate,Japan,40,285.23,77,0,0,0.0,0,413,11,4,317,0.00016256441034907573,0.0004929460254392659,92,456988,0.00016450590746445605
BATCH-2024-04266,43,PCB,1834,2024-11-13,2024-11-24,1725,ASUSTeK,USA,30,46.84,60,0,0,0.0,0,56,11,4,674,0.00044469895714356904,0.0012463320250862553,87,411235,0.0002244207567666141
BATCH-2026-04267,35,Processor,5038,2026-04-21,2026-05-07,4745,Nokia,Japan,42,219.49,61,0,0,0.0,0,580,4,2,150,0.00019787338089100073,0.0003538789829112609,102,503406,0.0001723848232239575
BATCH-2026-04268,26,Camera,5687,2026-01-23,2026-01-28,5405,Texas Instruments,South Korea,53,5.67,67,0,0,0.0,0,492,1,1,238,0.0002658174764162671,0.0009122443285503541,102,493376,0.00017585459338616095
BATCH-2026-04269,32,Memory,6244,2026-08-08,2026-08-23,6155,Canon,South Korea,54,382.97,81,0,0,0.0,0,689,8,3,41,8.286140374041643e-05,0.0002525478149158471,93,484783,0.00013960848603418856
BATCH-2025-04270,3,Sensor,3676,2025-01-30,2025-02-05,3432,Corning,Taiwan,24,487.86,63,0,0,0.0,0,134,1,1,596,0.0005290924687400791,0.0022824547846740364,105,511267,0.00016450590746445605
BATCH-2025-04271,20,Microcontroller,3415,2025-05-03,2025-05-15,3365,Delta Electronics,South Korea,30,335.57,68,0,0,0.0,0,227,5,2,503,0.00014552538396359592,0.00035285670745256997,82,427248,0.00013908905895273712
BATCH-2025-04272,48,Camera,9811,2025-01-08,2025-01-26,9713,TE Connectivity,Germany,25,315.88,71,0,0,0.0,0,112,1,1,618,0.000215467021331229,0.0009668394253566584,108,542251,0.00017585459338616095
BATCH-2026-04273,28,Power IC,7959,2026-04-23,2026-04-28,7879,Kioxia,China,36,390.8,86,0,0,0.0,0,582,4,2,148,6.548471380186631e-05,0.00020932699508353792,108,509896,0.00017735448108886377
BATCH-2025-04274,16,Camera,6327,2025-02-07,2025-02-14,6096,Hitachi,China,57,483.82,88,0,0,0.0,0,142,2,1,588,8.336477286677332e-05,0.0004697935134049564,95,503392,0.00017585459338616095
BATCH-2025-04275,9,Connector,3576,2025-09-23,2025-10-05,3383,Sony,Taiwan,19,33.78,81,0,0,0.0,0,370,9,3,360,0.00014132799993781594,0.00029553061545999206,104,509780,0.00020757696267843906
BATCH-2025-04276,10,Processor,6540,2025-08-27,2025-09-02,6475,Panasonic,China,54,316.57,91,0,0,0.0,0,343,8,3,387,0.000144927638474753,0.0007549544377028447,94,435868,0.0001723848232239575
BATCH-2026-04277,15,Connector,7463,2026-01-21,2026-02-06,6931,SK Hynix,Taiwan,40,342.16,65,0,0,0.0,0,490,1,1,240,0.00026051175061660777,0.0007352320636847295,93,436297,0.00020757696267843906
BATCH-2026-04278,20,Fan,650,2026-05-22,2026-06-10,629,Delta Electronics,South Korea,30,335.57,68,0,0,0.0,0,611,5,2,119,0.00014552538396359592,0.00035285670745256997,82,427248,0.00012855165100050963
BATCH-2025-04279,26,Processor,1186,2025-11-02,2025-11-10,1167,Texas Instruments,South Korea,53,5.67,67,0,0,0.0,0,410,11,4,320,0.0002658174764162671,0.0009122443285503541,102,493376,0.0001723848232239575
BATCH-2026-04280,12,Battery,8043,2026-01-18,2026-02-04,7963,Amphenol,Germany,18,446.77,96,0,0,0.0,0,487,1,1,243,8.015372036339901e-05,0.00041034141517753633,113,576135,0.00021173401481822628
BATCH-2025-04281,19,Microcontroller,5701,2025-08-22,2025-09-02,5247,Sumitomo,USA,36,238.9,64,0,0,0.0,0,338,8,3,392,0.00016876737493119937,0.00039378300837730447,91,458378,0.00013908905895273712
BATCH-2026-04282,2,Speaker,2291,2026-07-27,2026-08-03,2268,TSMC,South Korea,34,349.29,92,0,0,0.0,0,677,7,3,53,0.0001216095118122708,0.0004158402802419921,99,473547,0.00019289953369198322
BATCH-2025-04283,15,Charger,7970,2025-05-14,2025-06-03,7533,SK Hynix,Taiwan,40,342.16,65,0,0,0.0,0,238,5,2,492,0.00026051175061660777,0.0007352320636847295,93,436297,0.0002259435803313693
BATCH-2026-04284,16,PCB,7541,2026-06-13,2026-07-03,7466,Hitachi,China,57,483.82,88,0,0,0.0,0,633,6,2,97,8.336477286677332e-05,0.0004697935134049564,95,503392,0.0002244207567666141
BATCH-2025-04285,23,Battery,4986,2025-11-22,2025-12-01,4936,ASE,Japan,50,402.77,91,0,0,0.0,0,430,11,4,300,6.663525433902222e-05,0.00015954052120490043,90,441864,0.00021173401481822628
BATCH-2026-04286,5,PCB,6283,2026-01-14,2026-01-31,6220,Apple,Japan,38,226.29,64,0,0,0.0,0,483,1,1,247,0.00029304167774806515,0.0010333897385835877,92,488005,0.0002244207567666141
BATCH-2026-04287,50,Speaker,2993,2026-01-02,2026-01-13,2798,APC,South Korea,30,481.03,64,0,0,0.0,0,471,1,1,259,0.0002753509047441992,0.0007401953979905162,113,559124,0.00019289953369198322
BATCH-2025-04288,43,Speaker,7526,2025-06-17,2025-07-04,6878,ASUSTeK,USA,30,46.84,60,0,0,0.0,0,272,6,2,458,0.00044469895714356904,0.0012463320250862553,87,411235,0.00019289953369198322
BATCH-2026-04289,42,Power IC,447,2026-01-23,2026-02-01,432,Acer,Germany,34,85.15,90,0,0,0.0,0,492,1,1,238,5.058942432590356e-05,0.0001440589145000144,106,511239,0.00017735448108886377
BATCH-2025-04290,14,Fan,4414,2025-04-22,2025-05-09,4278,STMicroelectronics,South Korea,31,23.81,77,0,0,0.0,0,216,4,2,514,0.0001573864901705702,0.00046936123067953895,91,385139,0.00012855165100050963
BATCH-2025-04291,32,Memory,5789,2025-01-30,2025-02-11,5731,Canon,South Korea,54,382.97,81,0,0,0.0,0,134,1,1,596,8.286140374041643e-05,0.0002525478149158471,93,484783,0.00013960848603418856
BATCH-2025-04292,33,Microcontroller,5061,2025-07-28,2025-08-10,4907,Denso,Taiwan,41,277.68,84,0,0,0.0,0,313,7,3,417,0.00013528007016307464,0.0006519489677036868,119,602071,0.00013908905895273712
BATCH-2026-04293,35,Charger,7515,2026-03-15,2026-04-04,7146,Nokia,Japan,42,219.49,61,0,0,0.0,0,543,3,1,187,0.00019787338089100073,0.0003538789829112609,102,503406,0.0002259435803313693
BATCH-2026-04294,7,Sensor,6585,2026-03-08,2026-03-27,6429,Foxconn,USA,50,411.74,84,0,0,0.0,0,536,3,1,194,0.0003217144075727912,0.0015438669764764946,105,555087,0.00016450590746445605
BATCH-2024-04295,24,Memory,9061,2024-10-16,2024-10-24,8946,Qualcomm,Germany,53,145.59,74,0,0,0.0,0,28,10,4,702,0.00017211444124561363,0.00048508112533674527,88,458321,0.00013960848603418856
BATCH-2025-04296,46,Camera,6267,2025-06-14,2025-06-30,6111,Liteon,China,58,348.77,65,0,0,0.0,0,269,6,2,461,0.000177376316521378,0.0004995509860038717,96,502846,0.00017585459338616095
BATCH-2026-04297,33,Power IC,8420,2026-04-25,2026-04-30,8007,Denso,Taiwan,41,277.68,84,0,0,0.0,0,584,4,2,146,0.00013528007016307464,0.0006519489677036868,119,602071,0.00017735448108886377
BATCH-2024-04298,5,Sensor,8930,2024-10-31,2024-11-20,8382,Apple,Japan,38,226.29,64,0,0,0.0,0,43,10,4,687,0.00029304167774806515,0.0010333897385835877,92,488005,0.00016450590746445605
BATCH-2025-04299,44,Charger,3078,2025-11-16,2025-12-02,3007,Wistron,South Korea,50,232.01,87,0,0,0.0,0,424,11,4,306,0.00010336577465557791,0.000380745741124954,117,590216,0.0002259435803313693
BATCH-2026-04300,7,PCB,1621,2026-06-29,2026-07-17,1605,Foxconn,USA,50,411.74,84,0,0,0.0,0,649,6,2,81,0.0003217144075727912,0.0015438669764764946,105,555087,0.0002244207567666141
BATCH-2024-04301,34,Battery,2044,2024-11-08,2024-11-20,2024,Renesas,China,19,153.37,81,0,0,0.0,0,51,11,4,679,0.00020629854890063796,0.000928870183527049,112,540044,0.00021173401481822628
BATCH-2026-04302,36,Camera,2057,2026-05-19,2026-05-26,1929,Ericsson,Germany,60,205.45,68,0,0,0.0,0,608,5,2,122,0.00016582352511078637,0.0003750099810004351,109,536222,0.00017585459338616095
BATCH-2025-04303,11,Microcontroller,2175,2025-09-08,2025-09-22,2105,Murata,Japan,22,178.55,88,0,0,0.0,0,355,9,3,375,0.00015599689945027513,0.0009387029695731565,105,551463,0.00013908905895273712
BATCH-2025-04304,14,Sensor,287,2025-08-04,2025-08-14,284,STMicroelectronics,South Korea,31,23.81,77,0,0,0.0,0,320,8,3,410,0.0001573864901705702,0.00046936123067953895,91,385139,0.00016450590746445605
BATCH-2024-04305,50,Processor,1546,2024-12-02,2024-12-22,1481,APC,South Korea,30,481.03,64,0,0,0.0,0,75,12,4,655,0.0002753509047441992,0.0007401953979905162,113,559124,0.0001723848232239575
BATCH-2025-04306,16,Processor,763,2025-01-29,2025-02-13,755,Hitachi,China,57,483.82,88,0,0,0.0,0,133,1,1,597,8.336477286677332e-05,0.0004697935134049564,95,503392,0.0001723848232239575
BATCH-2025-04307,44,Fan,2836,2025-01-30,2025-02-06,2808,Wistron,South Korea,50,232.01,87,0,0,0.0,0,134,1,1,596,0.00010336577465557791,0.000380745741124954,117,590216,0.00012855165100050963
BATCH-2026-04308,40,Memory,9768,2026-07-02,2026-07-19,9670,Dell,China,20,392.38,81,0,0,0.0,0,652,7,3,78,0.00013234425192726218,0.0003712523513249762,101,498329,0.00013960848603418856
BATCH-2026-04309,38,Microcontroller,2992,2026-05-05,2026-05-15,2935,Xiaomi,South Korea,52,142.13,62,0,0,0.0,0,594,5,2,136,0.0002941454324685746,0.0007248486269555904,106,537180,0.00013908905895273712
BATCH-2025-04310,11,Sensor,9371,2025-01-10,2025-01-17,9069,Murata,Japan,22,178.55,88,0,0,0.0,0,114,1,1,616,0.00015599689945027513,0.0009387029695731565,105,551463,0.00016450590746445605
BATCH-2026-04311,24,Connector,9644,2026-02-28,2026-03-19,9548,Qualcomm,Germany,53,145.59,74,0,0,0.0,0,528,2,1,202,0.00017211444124561363,0.00048508112533674527,88,458321,0.00020757696267843906
BATCH-2024-04312,5,Processor,5168,2024-10-28,2024-11-16,5102,Apple,Japan,38,226.29,64,0,0,0.0,0,40,10,4,690,0.00029304167774806515,0.0010333897385835877,92,488005,0.0001723848232239575
BATCH-2025-04313,27,Display,8058,2025-02-08,2025-02-22,7834,Infineon,Taiwan,51,333.1,89,0,0,0.0,0,143,2,1,587,0.00011089276239704126,0.00035581711278072977,111,553940,0.00016919115080672866
BATCH-2026-04314,4,Connector,1316,2026-02-10,2026-02-18,1272,Intel,China,48,393.46,88,0,0,0.0,0,510,2,1,220,0.00018841892264149143,0.0009961276293195824,96,400272,0.00020757696267843906
BATCH-2025-04315,35,Camera,2446,2025-02-27,2025-03-14,2326,Nokia,Japan,42,219.49,61,0,0,0.0,0,162,2,1,568,0.00019787338089100073,0.0003538789829112609,102,503406,0.00017585459338616095
BATCH-2026-04316,34,Processor,8372,2026-01-12,2026-01-27,8098,Renesas,China,19,153.37,81,0,0,0.0,0,481,1,1,249,0.00020629854890063796,0.000928870183527049,112,540044,0.0001723848232239575
BATCH-2026-04317,16,Power IC,7895,2026-06-12,2026-06-25,7414,Hitachi,China,57,483.82,88,0,0,0.0,0,632,6,2,98,8.336477286677332e-05,0.0004697935134049564,95,503392,0.00017735448108886377
BATCH-2026-04318,19,Charger,4217,2026-04-14,2026-04-27,4058,Sumitomo,USA,36,238.9,64,0,0,0.0,0,573,4,2,157,0.00016876737493119937,0.00039378300837730447,91,458378,0.0002259435803313693
BATCH-2024-04319,40,Sensor,3322,2024-11-26,2024-12-15,3139,Dell,China,20,392.38,81,0,0,0.0,0,69,11,4,661,0.00013234425192726218,0.0003712523513249762,101,498329,0.00016450590746445605
BATCH-2025-04320,37,Sensor,3336,2025-05-03,2025-05-09,3303,Huawei,USA,60,118.5,92,0,0,0.0,0,227,5,2,503,0.00010426815057621344,0.0003557497462935021,91,442918,0.00016450590746445605
BATCH-2025-04321,44,Charger,9970,2025-04-07,2025-04-25,9870,Wistron,South Korea,50,232.01,87,0,0,0.0,0,201,4,2,529,0.00010336577465557791,0.000380745741124954,117,590216,0.0002259435803313693
BATCH-2025-04322,6,Microcontroller,2730,2025-07-30,2025-08-17,2560,NVIDIA,Germany,38,463.53,74,0,0,0.0,0,315,7,3,415,0.00023377595866623649,0.0009271237760431065,104,528560,0.00013908905895273712
BATCH-2025-04323,21,Processor,2902,2025-11-04,2025-11-09,2805,Jabil,Taiwan,58,416.67,76,0,0,0.0,0,412,11,4,318,0.00034128023110612925,0.0012045823376322067,117,579869,0.0001723848232239575
BATCH-2025-04324,12,Camera,6232,2025-11-03,2025-11-11,6127,Amphenol,Germany,18,446.77,96,0,0,0.0,0,411,11,4,319,8.015372036339901e-05,0.00041034141517753633,113,576135,0.00017585459338616095
BATCH-2025-04325,28,Power IC,671,2025-02-17,2025-02-23,648,Kioxia,China,36,390.8,86,0,0,0.0,0,152,2,1,578,6.548471380186631e-05,0.00020932699508353792,108,509896,0.00017735448108886377
BATCH-2026-04326,49,Speaker,1738,2026-09-09,2026-09-22,1607,Coherent,USA,42,45.65,73,0,0,0.0,0,721,9,3,9,0.00034438539861380375,0.0009931063632699735,93,417736,0.00019289953369198322
BATCH-2025-04327,5,Connector,974,2025-07-25,2025-08-03,924,Apple,Japan,38,226.29,64,0,0,0.0,0,310,7,3,420,0.00029304167774806515,0.0010333897385835877,92,488005,0.00020757696267843906
BATCH-2026-04328,24,Processor,1701,2026-02-22,2026-03-08,1659,Qualcomm,Germany,53,145.59,74,0,0,0.0,0,522,2,1,208,0.00017211444124561363,0.00048508112533674527,88,458321,0.0001723848232239575
BATCH-2024-04329,9,Motherboard,994,2024-11-27,2024-12-14,968,Sony,Taiwan,19,33.78,81,0,0,0.0,0,70,11,4,660,0.00014132799993781594,0.00029553061545999206,104,509780,0.0002354934172429249
BATCH-2026-04330,21,Memory,3148,2026-09-07,2026-09-22,3000,Jabil,Taiwan,58,416.67,76,0,0,0.0,0,719,9,3,11,0.00034128023110612925,0.0012045823376322067,117,579869,0.00013960848603418856
BATCH-2025-04331,45,PCB,7862,2025-09-01,2025-09-20,7520,Pegatron,Taiwan,47,251.52,66,0,0,0.0,0,348,9,3,382,0.0001275169517997213,0.0003266025273992103,94,477190,0.0002244207567666141
BATCH-2025-04332,34,Processor,6860,2025-03-19,2025-04-07,6776,Renesas,China,19,153.37,81,0,0,0.0,0,182,3,1,548,0.00020629854890063796,0.000928870183527049,112,540044,0.0001723848232239575
BATCH-2025-04333,35,Memory,8651,2025-04-22,2025-05-05,8260,Nokia,Japan,42,219.49,61,0,0,0.0,0,216,4,2,514,0.00019787338089100073,0.0003538789829112609,102,503406,0.00013960848603418856
BATCH-2026-04334,15,Sensor,633,2026-05-13,2026-06-02,596,SK Hynix,Taiwan,40,342.16,65,0,0,0.0,0,602,5,2,128,0.00026051175061660777,0.0007352320636847295,93,436297,0.00016450590746445605
BATCH-2025-04335,43,Motherboard,2919,2025-05-16,2025-06-05,2817,ASUSTeK,USA,30,46.84,60,0,0,0.0,0,240,5,2,490,0.00044469895714356904,0.0012463320250862553,87,411235,0.0002354934172429249
BATCH-2025-04336,48,Camera,3598,2025-10-14,2025-11-01,3505,TE Connectivity,Germany,25,315.88,71,0,0,0.0,0,391,10,4,339,0.000215467021331229,0.0009668394253566584,108,542251,0.00017585459338616095
BATCH-2026-04337,6,Camera,2429,2026-07-06,2026-07-11,2263,NVIDIA,Germany,38,463.53,74,0,0,0.0,0,656,7,3,74,0.00023377595866623649,0.0009271237760431065,104,528560,0.00017585459338616095
BATCH-2024-04338,42,Speaker,5844,2024-09-20,2024-09-28,5786,Acer,Germany,34,85.15,90,0,0,0.0,0,2,9,3,728,5.058942432590356e-05,0.0001440589145000144,106,511239,0.00019289953369198322
BATCH-2024-04339,29,Power IC,1780,2024-12-17,2025-01-01,1729,Seagate,Japan,40,285.23,77,0,0,0.0,0,90,12,4,640,0.00016256441034907573,0.0004929460254392659,92,456988,0.00017735448108886377
BATCH-2026-04340,24,Processor,8554,2026-05-25,2026-06-07,8468,Qualcomm,Germany,53,145.59,74,0,0,0.0,0,614,5,2,116,0.00017211444124561363,0.00048508112533674527,88,458321,0.0001723848232239575
BATCH-2026-04341,16,Fan,979,2026-05-11,2026-05-20,969,Hitachi,China,57,483.82,88,0,0,0.0,0,600,5,2,130,8.336477286677332e-05,0.0004697935134049564,95,503392,0.00012855165100050963
BATCH-2025-04342,14,Microcontroller,2750,2025-11-23,2025-12-02,2661,STMicroelectronics,South Korea,31,23.81,77,0,0,0.0,0,431,11,4,299,0.0001573864901705702,0.00046936123067953895,91,385139,0.00013908905895273712
BATCH-2026-04343,4,Battery,5996,2026-02-01,2026-02-10,5902,Intel,China,48,393.46,88,0,0,0.0,0,501,2,1,229,0.00018841892264149143,0.0009961276293195824,96,400272,0.00021173401481822628
BATCH-2026-04344,28,Memory,2484,2026-02-20,2026-02-27,2304,Kioxia,China,36,390.8,86,0,0,0.0,0,520,2,1,210,6.548471380186631e-05,0.00020932699508353792,108,509896,0.00013960848603418856
BATCH-2026-04345,17,Battery,618,2026-08-09,2026-08-24,607,Mitsubishi,Japan,33,186.49,72,0,0,0.0,0,690,8,3,40,0.00014815223187369047,0.00046308585294764547,114,569061,0.00021173401481822628
BATCH-2025-04346,36,Connector,7506,2025-09-10,2025-09-18,7240,Ericsson,Germany,60,205.45,68,0,0,0.0,0,357,9,3,373,0.00016582352511078637,0.0003750099810004351,109,536222,0.00020757696267843906
BATCH-2026-04347,42,Sensor,7823,2026-05-16,2026-05-23,7680,Acer,Germany,34,85.15,90,0,0,0.0,0,605,5,2,125,5.058942432590356e-05,0.0001440589145000144,106,511239,0.00016450590746445605
BATCH-2025-04348,17,Microcontroller,6635,2025-08-13,2025-08-21,6307,Mitsubishi,Japan,33,186.49,72,0,0,0.0,0,329,8,3,401,0.00014815223187369047,0.00046308585294764547,114,569061,0.00013908905895273712
BATCH-2025-04349,12,Processor,4743,2025-09-24,2025-10-11,4670,Amphenol,Germany,18,446.77,96,0,0,0.0,0,371,9,3,359,8.015372036339901e-05,0.00041034141517753633,113,576135,0.0001723848232239575
BATCH-2024-04350,20,Connector,7246,2024-10-19,2024-10-24,7000,Delta Electronics,South Korea,30,335.57,68,0,0,0.0,0,31,10,4,699,0.00014552538396359592,0.00035285670745256997,82,427248,0.00020757696267843906
BATCH-2026-04351,13,PCB,9455,2026-01-15,2026-02-04,9360,Onsemi,USA,46,98.93,89,0,0,0.0,0,484,1,1,246,0.00013306539717335389,0.0004888825988608853,89,428711,0.0002244207567666141
BATCH-2024-04352,47,Power IC,2267,2024-12-02,2024-12-13,2144,Molex,Japan,37,191.75,76,0,0,0.0,0,75,12,4,655,0.00015063481442028842,0.00045023343696729267,102,507171,0.00017735448108886377
BATCH-2026-04353,6,Memory,5036,2026-08-15,2026-09-04,4966,NVIDIA,Germany,38,463.53,74,0,0,0.0,0,696,8,3,34,0.00023377595866623649,0.0009271237760431065,104,528560,0.00013960848603418856
BATCH-2024-04354,31,Microcontroller,9421,2024-12-18,2025-01-03,9136,Kyocera,USA,35,236.61,85,0,0,0.0,0,91,12,4,639,0.00018411673535101585,0.0009126920964599268,104,605811,0.00013908905895273712
BATCH-2025-04355,21,Fan,9251,2025-05-27,2025-06-08,8645,Jabil,Taiwan,58,416.67,76,0,0,0.0,0,251,5,2,479,0.00034128023110612925,0.0012045823376322067,117,579869,0.00012855165100050963
BATCH-2025-04356,26,Connector,9244,2025-06-17,2025-06-26,9152,Texas Instruments,South Korea,53,5.67,67,0,0,0.0,0,272,6,2,458,0.0002658174764162671,0.0009122443285503541,102,493376,0.00020757696267843906
BATCH-2026-04357,28,Speaker,1430,2026-06-27,2026-07-06,1416,Kioxia,China,36,390.8,86,0,0,0.0,0,647,6,2,83,6.548471380186631e-05,0.00020932699508353792,108,509896,0.00019289953369198322
BATCH-2026-04358,6,Motherboard,9486,2026-02-05,2026-02-22,8959,NVIDIA,Germany,38,463.53,74,0,0,0.0,0,505,2,1,225,0.00023377595866623649,0.0009271237760431065,104,528560,0.0002354934172429249
BATCH-2025-04359,31,Connector,8775,2025-08-26,2025-09-07,8687,Kyocera,USA,35,236.61,85,0,0,0.0,0,342,8,3,388,0.00018411673535101585,0.0009126920964599268,104,605811,0.00020757696267843906
BATCH-2025-04360,34,Motherboard,7784,2025-03-01,2025-03-06,7484,Renesas,China,19,153.37,81,0,0,0.0,0,164,3,1,566,0.00020629854890063796,0.000928870183527049,112,540044,0.0002354934172429249
BATCH-2026-04361,14,Processor,6013,2026-06-23,2026-07-01,5821,STMicroelectronics,South Korea,31,23.81,77,0,0,0.0,0,643,6,2,87,0.0001573864901705702,0.00046936123067953895,91,385139,0.0001723848232239575
BATCH-2025-04362,3,Battery,1884,2025-12-27,2026-01-04,1812,Corning,Taiwan,24,487.86,63,0,0,0.0,0,465,12,4,265,0.0005290924687400791,0.0022824547846740364,105,511267,0.00021173401481822628
BATCH-2026-04363,33,Speaker,5970,2026-07-01,2026-07-09,5758,Denso,Taiwan,41,277.68,84,0,0,0.0,0,651,7,3,79,0.00013528007016307464,0.0006519489677036868,119,602071,0.00019289953369198322
BATCH-2026-04364,27,Display,3261,2026-08-05,2026-08-22,3228,Infineon,Taiwan,51,333.1,89,0,0,0.0,0,686,8,3,44,0.00011089276239704126,0.00035581711278072977,111,553940,0.00016919115080672866
BATCH-2024-04365,33,Charger,3362,2024-11-27,2024-12-06,3145,Denso,Taiwan,41,277.68,84,0,0,0.0,0,70,11,4,660,0.00013528007016307464,0.0006519489677036868,119,602071,0.0002259435803313693
BATCH-2024-04366,11,Microcontroller,1347,2024-10-26,2024-11-01,1334,Murata,Japan,22,178.55,88,0,0,0.0,0,38,10,4,692,0.00015599689945027513,0.0009387029695731565,105,551463,0.00013908905895273712
BATCH-2025-04367,16,Display,1049,2025-12-05,2025-12-15,1036,Hitachi,China,57,483.82,88,0,0,0.0,0,443,12,4,287,8.336477286677332e-05,0.0004697935134049564,95,503392,0.00016919115080672866
BATCH-2026-04368,18,Connector,7105,2026-03-13,2026-03-18,6917,Bosch,Germany,18,96.36,77,0,0,0.0,0,541,3,1,189,0.00021806730730221415,0.0007021012099867912,110,557568,0.00020757696267843906
BATCH-2025-04369,45,Connector,1646,2025-04-23,2025-05-13,1519,Pegatron,Taiwan,47,251.52,66,0,0,0.0,0,217,4,2,513,0.0001275169517997213,0.0003266025273992103,94,477190,0.00020757696267843906
BATCH-2025-04370,34,Battery,3102,2025-09-04,2025-09-14,3068,Renesas,China,19,153.37,81,0,0,0.0,0,351,9,3,379,0.00020629854890063796,0.000928870183527049,112,540044,0.00021173401481822628
BATCH-2026-04371,44,Power IC,3126,2026-08-17,2026-08-29,2989,Wistron,South Korea,50,232.01,87,0,0,0.0,0,698,8,3,32,0.00010336577465557791,0.000380745741124954,117,590216,0.00017735448108886377
BATCH-2026-04372,21,PCB,1846,2026-08-10,2026-08-27,1767,Jabil,Taiwan,58,416.67,76,0,0,0.0,0,691,8,3,39,0.00034128023110612925,0.0012045823376322067,117,579869,0.0002244207567666141
BATCH-2024-04373,28,Speaker,1913,2024-12-06,2024-12-19,1816,Kioxia,China,36,390.8,86,0,0,0.0,0,79,12,4,651,6.548471380186631e-05,0.00020932699508353792,108,509896,0.00019289953369198322
BATCH-2026-04374,17,Motherboard,6057,2026-06-21,2026-07-11,5996,Mitsubishi,Japan,33,186.49,72,0,0,0.0,0,641,6,2,89,0.00014815223187369047,0.00046308585294764547,114,569061,0.0002354934172429249
BATCH-2025-04375,25,Camera,2576,2025-11-08,2025-11-15,2445,Broadcom,USA,26,71.6,85,0,0,0.0,0,416,11,4,314,9.454505074439549e-05,0.0003137783114627588,84,481980,0.00017585459338616095
BATCH-2025-04376,29,Memory,7532,2025-12-07,2025-12-13,7457,Seagate,Japan,40,285.23,77,0,0,0.0,0,445,12,4,285,0.00016256441034907573,0.0004929460254392659,92,456988,0.00013960848603418856
BATCH-2024-04377,35,Connector,1039,2024-12-19,2024-12-29,976,Nokia,Japan,42,219.49,61,0,0,0.0,0,92,12,4,638,0.00019787338089100073,0.0003538789829112609,102,503406,0.00020757696267843906
BATCH-2024-04378,32,Charger,4456,2024-10-22,2024-11-08,4351,Canon,South Korea,54,382.97,81,0,0,0.0,0,34,10,4,696,8.286140374041643e-05,0.0002525478149158471,93,484783,0.0002259435803313693
BATCH-2026-04379,23,Charger,1765,2026-08-15,2026-08-21,1696,ASE,Japan,50,402.77,91,0,0,0.0,0,696,8,3,34,6.663525433902222e-05,0.00015954052120490043,90,441864,0.0002259435803313693
BATCH-2026-04380,48,Fan,9467,2026-07-03,2026-07-20,9022,TE Connectivity,Germany,25,315.88,71,0,0,0.0,0,653,7,3,77,0.000215467021331229,0.0009668394253566584,108,542251,0.00012855165100050963
BATCH-2024-04381,30,Memory,7383,2024-10-13,2024-10-19,6884,Western Digital,Germany,16,59.04,65,0,0,0.0,0,25,10,4,705,0.00026662885278630423,0.0008545899187981254,93,459619,0.00013960848603418856
BATCH-2025-04382,30,Memory,3745,2025-08-28,2025-09-10,3542,Western Digital,Germany,16,59.04,65,0,0,0.0,0,344,8,3,386,0.00026662885278630423,0.0008545899187981254,93,459619,0.00013960848603418856
BATCH-2026-04383,20,Memory,8523,2026-04-26,2026-05-13,8337,Delta Electronics,South Korea,30,335.57,68,0,0,0.0,0,585,4,2,145,0.00014552538396359592,0.00035285670745256997,82,427248,0.00013960848603418856
BATCH-2026-04384,11,Microcontroller,3611,2026-07-20,2026-08-05,3450,Murata,Japan,22,178.55,88,0,0,0.0,0,670,7,3,60,0.00015599689945027513,0.0009387029695731565,105,551463,0.00013908905895273712
BATCH-2025-04385,40,Speaker,6759,2025-06-20,2025-07-01,6559,Dell,China,20,392.38,81,0,0,0.0,0,275,6,2,455,0.00013234425192726218,0.0003712523513249762,101,498329,0.00019289953369198322
BATCH-2025-04386,30,Microcontroller,6840,2025-07-12,2025-07-26,6149,Western Digital,Germany,16,59.04,65,0,0,0.0,0,297,7,3,433,0.00026662885278630423,0.0008545899187981254,93,459619,0.00013908905895273712
BATCH-2024-04387,13,Camera,2098,2024-10-28,2024-11-12,2077,Onsemi,USA,46,98.93,89,0,0,0.0,0,40,10,4,690,0.00013306539717335389,0.0004888825988608853,89,428711,0.00017585459338616095
BATCH-2024-04388,49,Connector,9040,2024-10-25,2024-11-08,8586,Coherent,USA,42,45.65,73,0,0,0.0,0,37,10,4,693,0.00034438539861380375,0.0009931063632699735,93,417736,0.00020757696267843906
BATCH-2026-04389,26,Memory,7250,2026-05-10,2026-05-23,6919,Texas Instruments,South Korea,53,5.67,67,0,0,0.0,0,599,5,2,131,0.0002658174764162671,0.0009122443285503541,102,493376,0.00013960848603418856
BATCH-2025-04390,37,Motherboard,3697,2025-06-04,2025-06-09,3635,Huawei,USA,60,118.5,92,0,0,0.0,0,259,6,2,471,0.00010426815057621344,0.0003557497462935021,91,442918,0.0002354934172429249
BATCH-2025-04391,41,Microcontroller,8771,2025-04-07,2025-04-22,8581,HP,Japan,60,204.38,85,0,0,0.0,0,201,4,2,529,0.00012231852387452777,0.00025339821295037224,87,408153,0.00013908905895273712
BATCH-2025-04392,38,Sensor,3154,2025-11-10,2025-11-30,2957,Xiaomi,South Korea,52,142.13,62,0,0,0.0,0,418,11,4,312,0.0002941454324685746,0.0007248486269555904,106,537180,0.00016450590746445605
BATCH-2025-04393,3,Power IC,2773,2025-08-20,2025-09-09,2745,Corning,Taiwan,24,487.86,63,0,0,0.0,0,336,8,3,394,0.0005290924687400791,0.0022824547846740364,105,511267,0.00017735448108886377
BATCH-2025-04394,4,Sensor,6973,2025-01-29,2025-02-04,6903,Intel,China,48,393.46,88,0,0,0.0,0,133,1,1,597,0.00018841892264149143,0.0009961276293195824,96,400272,0.00016450590746445605
BATCH-2024-04395,2,Power IC,5825,2024-11-30,2024-12-13,5735,TSMC,South Korea,34,349.29,92,0,0,0.0,0,73,11,4,657,0.0001216095118122708,0.0004158402802419921,99,473547,0.00017735448108886377
BATCH-2024-04396,15,Speaker,7997,2024-09-20,2024-10-03,7658,SK Hynix,Taiwan,40,342.16,65,0,0,0.0,0,2,9,3,728,0.00026051175061660777,0.0007352320636847295,93,436297,0.00019289953369198322
BATCH-2025-04397,37,Memory,3132,2025-09-05,2025-09-20,3049,Huawei,USA,60,118.5,92,0,0,0.0,0,352,9,3,378,0.00010426815057621344,0.0003557497462935021,91,442918,0.00013960848603418856
BATCH-2026-04398,33,PCB,450,2026-01-05,2026-01-15,421,Denso,Taiwan,41,277.68,84,0,0,0.0,0,474,1,1,256,0.00013528007016307464,0.0006519489677036868,119,602071,0.0002244207567666141
BATCH-2025-04399,28,Speaker,3822,2025-04-09,2025-04-23,3657,Kioxia,China,36,390.8,86,0,0,0.0,0,203,4,2,527,6.548471380186631e-05,0.00020932699508353792,108,509896,0.00019289953369198322
BATCH-2025-04400,11,Microcontroller,368,2025-11-19,2025-12-02,363,Murata,Japan,22,178.55,88,0,0,0.0,0,427,11,4,303,0.00015599689945027513,0.0009387029695731565,105,551463,0.00013908905895273712
BATCH-2025-04401,47,Camera,8557,2025-10-02,2025-10-22,8105,Molex,Japan,37,191.75,76,0,0,0.0,0,379,10,4,351,0.00015063481442028842,0.00045023343696729267,102,507171,0.00017585459338616095
BATCH-2026-04402,11,Memory,1574,2026-01-06,2026-01-17,1547,Murata,Japan,22,178.55,88,0,0,0.0,0,475,1,1,255,0.00015599689945027513,0.0009387029695731565,105,551463,0.00013960848603418856
BATCH-2025-04403,35,Processor,9212,2025-12-07,2025-12-16,8531,Nokia,Japan,42,219.49,61,0,0,0.0,0,445,12,4,285,0.00019787338089100073,0.0003538789829112609,102,503406,0.0001723848232239575
BATCH-2025-04404,38,PCB,2111,2025-01-15,2025-01-23,2030,Xiaomi,South Korea,52,142.13,62,0,0,0.0,0,119,1,1,611,0.0002941454324685746,0.0007248486269555904,106,537180,0.0002244207567666141
BATCH-2025-04405,17,Fan,2121,2025-07-12,2025-07-21,1937,Mitsubishi,Japan,33,186.49,72,0,0,0.0,0,297,7,3,433,0.00014815223187369047,0.00046308585294764547,114,569061,0.00012855165100050963
BATCH-2025-04406,16,Camera,476,2025-12-28,2026-01-10,471,Hitachi,China,57,483.82,88,0,0,0.0,0,466,12,4,264,8.336477286677332e-05,0.0004697935134049564,95,503392,0.00017585459338616095
BATCH-2026-04407,39,Power IC,7600,2026-03-05,2026-03-17,7369,Lenovo,Taiwan,57,331.63,71,0,0,0.0,0,533,3,1,197,0.00017438124238925042,0.000501056949565781,101,560841,0.00017735448108886377
BATCH-2025-04408,17,Power IC,5291,2025-05-26,2025-06-02,5120,Mitsubishi,Japan,33,186.49,72,0,0,0.0,0,250,5,2,480,0.00014815223187369047,0.00046308585294764547,114,569061,0.00017735448108886377
BATCH-2026-04409,36,Motherboard,7395,2026-07-22,2026-07-30,7321,Ericsson,Germany,60,205.45,68,0,0,0.0,0,672,7,3,58,0.00016582352511078637,0.0003750099810004351,109,536222,0.0002354934172429249
BATCH-2024-04410,37,Processor,4362,2024-12-29,2025-01-09,4241,Huawei,USA,60,118.5,92,0,0,0.0,0,102,12,4,628,0.00010426815057621344,0.0003557497462935021,91,442918,0.0001723848232239575
BATCH-2025-04411,24,Connector,4229,2025-05-28,2025-06-08,4138,Qualcomm,Germany,53,145.59,74,0,0,0.0,0,252,5,2,478,0.00017211444124561363,0.00048508112533674527,88,458321,0.00020757696267843906
BATCH-2026-04412,1,Display,1524,2026-04-10,2026-04-23,1509,Samsung,USA,19,220.56,89,0,0,0.0,0,569,4,2,161,0.00017219294545324894,0.0013891588805521986,106,504263,0.00016919115080672866
BATCH-2025-04413,17,Power IC,5605,2025-01-19,2025-02-05,5395,Mitsubishi,Japan,33,186.49,72,0,0,0.0,0,123,1,1,607,0.00014815223187369047,0.00046308585294764547,114,569061,0.00017735448108886377
BATCH-2026-04414,31,Power IC,8563,2026-05-09,2026-05-19,8477,Kyocera,USA,35,236.61,85,0,0,0.0,0,598,5,2,132,0.00018411673535101585,0.0009126920964599268,104,605811,0.00017735448108886377
BATCH-2025-04415,17,Power IC,5394,2025-03-01,2025-03-09,5286,Mitsubishi,Japan,33,186.49,72,0,0,0.0,0,164,3,1,566,0.00014815223187369047,0.00046308585294764547,114,569061,0.00017735448108886377
BATCH-2025-04416,40,Memory,7755,2025-03-12,2025-04-01,7430,Dell,China,20,392.38,81,0,0,0.0,0,175,3,1,555,0.00013234425192726218,0.0003712523513249762,101,498329,0.00013960848603418856
BATCH-2025-04417,18,Fan,2524,2025-12-30,2026-01-06,2425,Bosch,Germany,18,96.36,77,0,0,0.0,0,468,12,4,262,0.00021806730730221415,0.0007021012099867912,110,557568,0.00012855165100050963
BATCH-2025-04418,10,Camera,6968,2025-11-09,2025-11-29,6537,Panasonic,China,54,316.57,91,0,0,0.0,0,417,11,4,313,0.000144927638474753,0.0007549544377028447,94,435868,0.00017585459338616095
BATCH-2026-04419,46,Charger,2225,2026-05-10,2026-05-28,2126,Liteon,China,58,348.77,65,0,0,0.0,0,599,5,2,131,0.000177376316521378,0.0004995509860038717,96,502846,0.0002259435803313693
BATCH-2025-04420,4,Camera,5401,2025-03-11,2025-03-18,5347,Intel,China,48,393.46,88,0,0,0.0,0,174,3,1,556,0.00018841892264149143,0.0009961276293195824,96,400272,0.00017585459338616095
BATCH-2024-04421,30,PCB,4916,2024-09-29,2024-10-10,4856,Western Digital,Germany,16,59.04,65,0,0,0.0,0,11,9,3,719,0.00026662885278630423,0.0008545899187981254,93,459619,0.0002244207567666141
BATCH-2024-04422,38,Connector,6532,2024-11-06,2024-11-17,6321,Xiaomi,South Korea,52,142.13,62,0,0,0.0,0,49,11,4,681,0.0002941454324685746,0.0007248486269555904,106,537180,0.00020757696267843906
BATCH-2024-04423,1,PCB,2280,2024-12-18,2025-01-01,2180,Samsung,USA,19,220.56,89,0,0,0.0,0,91,12,4,639,0.00017219294545324894,0.0013891588805521986,106,504263,0.0002244207567666141
BATCH-2026-04424,15,PCB,3088,2026-06-19,2026-06-28,2907,SK Hynix,Taiwan,40,342.16,65,0,0,0.0,0,639,6,2,91,0.00026051175061660777,0.0007352320636847295,93,436297,0.0002244207567666141
BATCH-2025-04425,34,Display,8877,2025-01-13,2025-01-28,8576,Renesas,China,19,153.37,81,0,0,0.0,0,117,1,1,613,0.00020629854890063796,0.000928870183527049,112,540044,0.00016919115080672866
BATCH-2025-04426,22,Speaker,8856,2025-12-08,2025-12-25,8716,Flex,China,43,157.56,86,0,0,0.0,0,446,12,4,284,6.527455789884103e-05,0.00021075148645526503,94,530055,0.00019289953369198322
BATCH-2025-04427,29,Processor,3524,2025-12-14,2025-12-20,3383,Seagate,Japan,40,285.23,77,0,0,0.0,0,452,12,4,278,0.00016256441034907573,0.0004929460254392659,92,456988,0.0001723848232239575
BATCH-2026-04428,6,Charger,9360,2026-04-27,2026-05-06,9266,NVIDIA,Germany,38,463.53,74,0,0,0.0,0,586,4,2,144,0.00023377595866623649,0.0009271237760431065,104,528560,0.0002259435803313693
BATCH-2024-04429,38,Power IC,9784,2024-11-30,2024-12-11,9609,Xiaomi,South Korea,52,142.13,62,0,0,0.0,0,73,11,4,657,0.0002941454324685746,0.0007248486269555904,106,537180,0.00017735448108886377
BATCH-2025-04430,31,Power IC,3150,2025-03-11,2025-03-16,3118,Kyocera,USA,35,236.61,85,0,0,0.0,0,174,3,1,556,0.00018411673535101585,0.0009126920964599268,104,605811,0.00017735448108886377
BATCH-2025-04431,2,Connector,6655,2025-07-29,2025-08-13,6588,TSMC,South Korea,34,349.29,92,0,0,0.0,0,314,7,3,416,0.0001216095118122708,0.0004158402802419921,99,473547,0.00020757696267843906
BATCH-2025-04432,36,Speaker,3089,2025-01-06,2025-01-12,2942,Ericsson,Germany,60,205.45,68,0,0,0.0,0,110,1,1,620,0.00016582352511078637,0.0003750099810004351,109,536222,0.00019289953369198322
BATCH-2026-04433,3,Sensor,6172,2026-01-21,2026-01-27,5846,Corning,Taiwan,24,487.86,63,0,0,0.0,0,490,1,1,240,0.0005290924687400791,0.0022824547846740364,105,511267,0.00016450590746445605
BATCH-2026-04434,44,Display,8608,2026-08-07,2026-08-24,8228,Wistron,South Korea,50,232.01,87,0,0,0.0,0,688,8,3,42,0.00010336577465557791,0.000380745741124954,117,590216,0.00016919115080672866
BATCH-2025-04435,14,Camera,7673,2025-05-11,2025-05-24,7217,STMicroelectronics,South Korea,31,23.81,77,0,0,0.0,0,235,5,2,495,0.0001573864901705702,0.00046936123067953895,91,385139,0.00017585459338616095
BATCH-2025-04436,34,Battery,9928,2025-04-08,2025-04-19,9623,Renesas,China,19,153.37,81,0,0,0.0,0,202,4,2,528,0.00020629854890063796,0.000928870183527049,112,540044,0.00021173401481822628
BATCH-2026-04437,1,Battery,5242,2026-02-06,2026-02-26,5034,Samsung,USA,19,220.56,89,0,0,0.0,0,506,2,1,224,0.00017219294545324894,0.0013891588805521986,106,504263,0.00021173401481822628
BATCH-2026-04438,42,Motherboard,3524,2026-07-10,2026-07-30,3269,Acer,Germany,34,85.15,90,0,0,0.0,0,660,7,3,70,5.058942432590356e-05,0.0001440589145000144,106,511239,0.0002354934172429249
BATCH-2025-04439,3,Sensor,6385,2025-10-27,2025-11-15,6087,Corning,Taiwan,24,487.86,63,0,0,0.0,0,404,10,4,326,0.0005290924687400791,0.0022824547846740364,105,511267,0.00016450590746445605
BATCH-2025-04440,27,Fan,6135,2025-10-29,2025-11-04,6074,Infineon,Taiwan,51,333.1,89,0,0,0.0,0,406,10,4,324,0.00011089276239704126,0.00035581711278072977,111,553940,0.00012855165100050963
BATCH-2026-04441,19,Memory,918,2026-02-07,2026-02-16,874,Sumitomo,USA,36,238.9,64,0,0,0.0,0,507,2,1,223,0.00016876737493119937,0.00039378300837730447,91,458378,0.00013960848603418856
BATCH-2024-04442,26,Battery,7881,2024-12-15,2024-12-27,7598,Texas Instruments,South Korea,53,5.67,67,0,0,0.0,0,88,12,4,642,0.0002658174764162671,0.0009122443285503541,102,493376,0.00021173401481822628
BATCH-2025-04443,33,Sensor,7738,2025-03-30,2025-04-12,7661,Denso,Taiwan,41,277.68,84,0,0,0.0,0,193,3,1,537,0.00013528007016307464,0.0006519489677036868,119,602071,0.00016450590746445605
BATCH-2026-04444,14,Camera,7105,2026-04-08,2026-04-17,6771,STMicroelectronics,South Korea,31,23.81,77,0,0,0.0,0,567,4,2,163,0.0001573864901705702,0.00046936123067953895,91,385139,0.00017585459338616095
BATCH-2025-04445,14,Microcontroller,6546,2025-06-26,2025-07-08,6364,STMicroelectronics,South Korea,31,23.81,77,0,0,0.0,0,281,6,2,449,0.0001573864901705702,0.00046936123067953895,91,385139,0.00013908905895273712
BATCH-2025-04446,26,Microcontroller,2973,2025-07-26,2025-07-31,2943,Texas Instruments,South Korea,53,5.67,67,0,0,0.0,0,311,7,3,419,0.0002658174764162671,0.0009122443285503541,102,493376,0.00013908905895273712
BATCH-2026-04447,50,Sensor,1480,2026-02-25,2026-03-12,1418,APC,South Korea,30,481.03,64,0,0,0.0,0,525,2,1,205,0.0002753509047441992,0.0007401953979905162,113,559124,0.00016450590746445605
BATCH-2026-04448,48,Fan,6783,2026-04-25,2026-05-01,6711,TE Connectivity,Germany,25,315.88,71,0,0,0.0,0,584,4,2,146,0.000215467021331229,0.0009668394253566584,108,542251,0.00012855165100050963
BATCH-2024-04449,14,PCB,1961,2024-11-09,2024-11-17,1874,STMicroelectronics,South Korea,31,23.81,77,0,0,0.0,0,52,11,4,678,0.0001573864901705702,0.00046936123067953895,91,385139,0.0002244207567666141
BATCH-2025-04450,50,Battery,4010,2025-10-25,2025-10-30,3803,APC,South Korea,30,481.03,64,0,0,0.0,0,402,10,4,328,0.0002753509047441992,0.0007401953979905162,113,559124,0.00021173401481822628
BATCH-2025-04451,1,Sensor,6076,2025-02-22,2025-03-01,5981,Samsung,USA,19,220.56,89,0,0,0.0,0,157,2,1,573,0.00017219294545324894,0.0013891588805521986,106,504263,0.00016450590746445605
BATCH-2025-04452,25,Charger,9995,2025-05-21,2025-05-31,9895,Broadcom,USA,26,71.6,85,0,0,0.0,0,245,5,2,485,9.454505074439549e-05,0.0003137783114627588,84,481980,0.0002259435803313693
BATCH-2026-04453,20,Motherboard,404,2026-02-20,2026-03-03,381,Delta Electronics,South Korea,30,335.57,68,0,0,0.0,0,520,2,1,210,0.00014552538396359592,0.00035285670745256997,82,427248,0.0002354934172429249
BATCH-2026-04454,45,Display,1973,2026-07-09,2026-07-20,1932,Pegatron,Taiwan,47,251.52,66,0,0,0.0,0,659,7,3,71,0.0001275169517997213,0.0003266025273992103,94,477190,0.00016919115080672866
BATCH-2026-04455,25,Processor,831,2026-02-23,2026-03-01,823,Broadcom,USA,26,71.6,85,0,0,0.0,0,523,2,1,207,9.454505074439549e-05,0.0003137783114627588,84,481980,0.0001723848232239575
BATCH-2026-04456,1,Power IC,7210,2026-01-07,2026-01-21,7009,Samsung,USA,19,220.56,89,0,0,0.0,0,476,1,1,254,0.00017219294545324894,0.0013891588805521986,106,504263,0.00017735448108886377
BATCH-2026-04457,28,Microcontroller,9003,2026-03-09,2026-03-27,8633,Kioxia,China,36,390.8,86,0,0,0.0,0,537,3,1,193,6.548471380186631e-05,0.00020932699508353792,108,509896,0.00013908905895273712
BATCH-2025-04458,41,Display,316,2025-08-08,2025-08-13,303,HP,Japan,60,204.38,85,0,0,0.0,0,324,8,3,406,0.00012231852387452777,0.00025339821295037224,87,408153,0.00016919115080672866
BATCH-2025-04459,48,Speaker,515,2025-12-17,2026-01-02,510,TE Connectivity,Germany,25,315.88,71,0,0,0.0,0,455,12,4,275,0.000215467021331229,0.0009668394253566584,108,542251,0.00019289953369198322
BATCH-2025-04460,17,Microcontroller,1021,2025-08-11,2025-08-28,1011,Mitsubishi,Japan,33,186.49,72,0,0,0.0,0,327,8,3,403,0.00014815223187369047,0.00046308585294764547,114,569061,0.00013908905895273712
BATCH-2024-04461,17,Connector,6976,2024-10-06,2024-10-23,6700,Mitsubishi,Japan,33,186.49,72,0,0,0.0,0,18,10,4,712,0.00014815223187369047,0.00046308585294764547,114,569061,0.00020757696267843906
BATCH-2025-04462,37,Memory,3257,2025-08-16,2025-08-29,3224,Huawei,USA,60,118.5,92,0,0,0.0,0,332,8,3,398,0.00010426815057621344,0.0003557497462935021,91,442918,0.00013960848603418856
BATCH-2025-04463,32,Connector,4659,2025-12-11,2025-12-24,4526,Canon,South Korea,54,382.97,81,0,0,0.0,0,449,12,4,281,8.286140374041643e-05,0.0002525478149158471,93,484783,0.00020757696267843906
BATCH-2026-04464,22,Connector,7213,2026-05-02,2026-05-08,6850,Flex,China,43,157.56,86,0,0,0.0,0,591,5,2,139,6.527455789884103e-05,0.00021075148645526503,94,530055,0.00020757696267843906
BATCH-2026-04465,3,Charger,7999,2026-08-01,2026-08-21,7702,Corning,Taiwan,24,487.86,63,0,0,0.0,0,682,8,3,48,0.0005290924687400791,0.0022824547846740364,105,511267,0.0002259435803313693
BATCH-2025-04466,31,PCB,7370,2025-02-06,2025-02-13,7190,Kyocera,USA,35,236.61,85,0,0,0.0,0,141,2,1,589,0.00018411673535101585,0.0009126920964599268,104,605811,0.0002244207567666141
BATCH-2026-04467,39,Microcontroller,1224,2026-02-07,2026-02-26,1162,Lenovo,Taiwan,57,331.63,71,0,0,0.0,0,507,2,1,223,0.00017438124238925042,0.000501056949565781,101,560841,0.00013908905895273712
BATCH-2025-04468,27,Processor,4346,2025-03-27,2025-04-02,4192,Infineon,Taiwan,51,333.1,89,0,0,0.0,0,190,3,1,540,0.00011089276239704126,0.00035581711278072977,111,553940,0.0001723848232239575
BATCH-2025-04469,3,Charger,6730,2025-05-04,2025-05-10,6114,Corning,Taiwan,24,487.86,63,0,0,0.0,0,228,5,2,502,0.0005290924687400791,0.0022824547846740364,105,511267,0.0002259435803313693
BATCH-2026-04470,10,Sensor,9432,2026-01-31,2026-02-10,9221,Panasonic,China,54,316.57,91,0,0,0.0,0,500,1,1,230,0.000144927638474753,0.0007549544377028447,94,435868,0.00016450590746445605
BATCH-2025-04471,10,PCB,5578,2025-07-23,2025-08-06,5522,Panasonic,China,54,316.57,91,0,0,0.0,0,308,7,3,422,0.000144927638474753,0.0007549544377028447,94,435868,0.0002244207567666141
BATCH-2025-04472,49,Fan,7619,2025-01-10,2025-01-16,7045,Coherent,USA,42,45.65,73,0,0,0.0,0,114,1,1,616,0.00034438539861380375,0.0009931063632699735,93,417736,0.00012855165100050963
BATCH-2025-04473,20,Microcontroller,162,2025-06-17,2025-06-26,157,Delta Electronics,South Korea,30,335.57,68,0,0,0.0,0,272,6,2,458,0.00014552538396359592,0.00035285670745256997,82,427248,0.00013908905895273712
BATCH-2026-04474,45,Fan,9717,2026-07-18,2026-08-02,9620,Pegatron,Taiwan,47,251.52,66,0,0,0.0,0,668,7,3,62,0.0001275169517997213,0.0003266025273992103,94,477190,0.00012855165100050963
BATCH-2024-04475,21,Sensor,5189,2024-10-24,2024-11-08,5121,Jabil,Taiwan,58,416.67,76,0,0,0.0,0,36,10,4,694,0.00034128023110612925,0.0012045823376322067,117,579869,0.00016450590746445605
BATCH-2025-04476,20,Charger,2399,2025-09-12,2025-10-02,2375,Delta Electronics,South Korea,30,335.57,68,0,0,0.0,0,359,9,3,371,0.00014552538396359592,0.00035285670745256997,82,427248,0.0002259435803313693
BATCH-2026-04477,35,Speaker,8872,2026-08-23,2026-09-08,8543,Nokia,Japan,42,219.49,61,0,0,0.0,0,704,8,3,26,0.00019787338089100073,0.0003538789829112609,102,503406,0.00019289953369198322
BATCH-2026-04478,33,Microcontroller,9912,2026-08-15,2026-08-30,9800,Denso,Taiwan,41,277.68,84,0,0,0.0,0,696,8,3,34,0.00013528007016307464,0.0006519489677036868,119,602071,0.00013908905895273712
BATCH-2025-04479,13,Processor,9809,2025-07-26,2025-08-13,9711,Onsemi,USA,46,98.93,89,0,0,0.0,0,311,7,3,419,0.00013306539717335389,0.0004888825988608853,89,428711,0.0001723848232239575
BATCH-2025-04480,15,Memory,6808,2025-05-09,2025-05-23,6598,SK Hynix,Taiwan,40,342.16,65,0,0,0.0,0,233,5,2,497,0.00026051175061660777,0.0007352320636847295,93,436297,0.00013960848603418856
BATCH-2026-04481,25,Display,7393,2026-08-15,2026-09-03,7319,Broadcom,USA,26,71.6,85,0,0,0.0,0,696,8,3,34,9.454505074439549e-05,0.0003137783114627588,84,481980,0.00016919115080672866
BATCH-2026-04482,6,PCB,6340,2026-08-29,2026-09-08,6087,NVIDIA,Germany,38,463.53,74,0,0,0.0,0,710,8,3,20,0.00023377595866623649,0.0009271237760431065,104,528560,0.0002244207567666141
BATCH-2026-04483,8,Motherboard,1519,2026-05-15,2026-05-22,1504,LG Chem,South Korea,40,115.16,76,0,0,0.0,0,604,5,2,126,0.00013285380642027623,0.00028745834951003884,92,477433,0.0002354934172429249
BATCH-2025-04484,9,Display,617,2025-04-14,2025-04-26,598,Sony,Taiwan,19,33.78,81,0,0,0.0,0,208,4,2,522,0.00014132799993781594,0.00029553061545999206,104,509780,0.00016919115080672866
BATCH-2026-04485,31,Charger,7602,2026-05-24,2026-05-29,7279,Kyocera,USA,35,236.61,85,0,0,0.0,0,613,5,2,117,0.00018411673535101585,0.0009126920964599268,104,605811,0.0002259435803313693
BATCH-2026-04486,48,Sensor,106,2026-06-26,2026-07-10,101,TE Connectivity,Germany,25,315.88,71,0,0,0.0,0,646,6,2,84,0.000215467021331229,0.0009668394253566584,108,542251,0.00016450590746445605
BATCH-2025-04487,11,Connector,4479,2025-07-27,2025-08-14,4402,Murata,Japan,22,178.55,88,0,0,0.0,0,312,7,3,418,0.00015599689945027513,0.0009387029695731565,105,551463,0.00020757696267843906
BATCH-2025-04488,48,Fan,2750,2025-10-30,2025-11-14,2684,TE Connectivity,Germany,25,315.88,71,0,0,0.0,0,407,10,4,323,0.000215467021331229,0.0009668394253566584,108,542251,0.00012855165100050963
BATCH-2026-04489,12,Processor,3301,2026-05-06,2026-05-16,3237,Amphenol,Germany,18,446.77,96,0,0,0.0,0,595,5,2,135,8.015372036339901e-05,0.00041034141517753633,113,576135,0.0001723848232239575
BATCH-2025-04490,11,Battery,8999,2025-05-10,2025-05-15,8601,Murata,Japan,22,178.55,88,0,0,0.0,0,234,5,2,496,0.00015599689945027513,0.0009387029695731565,105,551463,0.00021173401481822628
BATCH-2025-04491,38,Display,2885,2025-12-13,2025-12-28,2631,Xiaomi,South Korea,52,142.13,62,0,0,0.0,0,451,12,4,279,0.0002941454324685746,0.0007248486269555904,106,537180,0.00016919115080672866
BATCH-2026-04492,32,Display,8244,2026-08-05,2026-08-20,7997,Canon,South Korea,54,382.97,81,0,0,0.0,0,686,8,3,44,8.286140374041643e-05,0.0002525478149158471,93,484783,0.00016919115080672866
BATCH-2025-04493,22,Battery,2298,2025-12-26,2026-01-08,2153,Flex,China,43,157.56,86,0,0,0.0,0,464,12,4,266,6.527455789884103e-05,0.00021075148645526503,94,530055,0.00021173401481822628
BATCH-2025-04494,25,Fan,9561,2025-03-16,2025-03-26,9330,Broadcom,USA,26,71.6,85,0,0,0.0,0,179,3,1,551,9.454505074439549e-05,0.0003137783114627588,84,481980,0.00012855165100050963
BATCH-2025-04495,6,Fan,1808,2025-11-13,2025-12-02,1760,NVIDIA,Germany,38,463.53,74,0,0,0.0,0,421,11,4,309,0.00023377595866623649,0.0009271237760431065,104,528560,0.00012855165100050963
BATCH-2026-04496,37,Motherboard,4106,2026-08-25,2026-09-09,4036,Huawei,USA,60,118.5,92,0,0,0.0,0,706,8,3,24,0.00010426815057621344,0.0003557497462935021,91,442918,0.0002354934172429249
BATCH-2025-04497,38,Speaker,7445,2025-03-07,2025-03-15,7088,Xiaomi,South Korea,52,142.13,62,0,0,0.0,0,170,3,1,560,0.0002941454324685746,0.0007248486269555904,106,537180,0.00019289953369198322
BATCH-2025-04498,11,PCB,2891,2025-09-09,2025-09-17,2836,Murata,Japan,22,178.55,88,0,0,0.0,0,356,9,3,374,0.00015599689945027513,0.0009387029695731565,105,551463,0.0002244207567666141
BATCH-2025-04499,10,Memory,667,2025-01-25,2025-02-09,636,Panasonic,China,54,316.57,91,0,0,0.0,0,129,1,1,601,0.000144927638474753,0.0007549544377028447,94,435868,0.00013960848603418856
BATCH-2024-04500,29,Battery,4312,2024-12-21,2025-01-09,4268,Seagate,Japan,40,285.23,77,0,0,0.0,0,94,12,4,636,0.00016256441034907573,0.0004929460254392659,92,456988,0.00021173401481822628
BATCH-2025-04501,8,Speaker,2118,2025-04-11,2025-04-22,2050,LG Chem,South Korea,40,115.16,76,0,0,0.0,0,205,4,2,525,0.00013285380642027623,0.00028745834951003884,92,477433,0.00019289953369198322
BATCH-2026-04502,7,Charger,5722,2026-01-02,2026-01-16,5665,Foxconn,USA,50,411.74,84,0,0,0.0,0,471,1,1,259,0.0003217144075727912,0.0015438669764764946,105,555087,0.0002259435803313693
BATCH-2026-04503,32,Charger,2918,2026-04-25,2026-05-06,2889,Canon,South Korea,54,382.97,81,0,0,0.0,0,584,4,2,146,8.286140374041643e-05,0.0002525478149158471,93,484783,0.0002259435803313693
BATCH-2024-04504,28,Camera,623,2024-11-09,2024-11-23,603,Kioxia,China,36,390.8,86,0,0,0.0,0,52,11,4,678,6.548471380186631e-05,0.00020932699508353792,108,509896,0.00017585459338616095
BATCH-2026-04505,11,Speaker,944,2026-02-11,2026-03-02,906,Murata,Japan,22,178.55,88,0,0,0.0,0,511,2,1,219,0.00015599689945027513,0.0009387029695731565,105,551463,0.00019289953369198322
BATCH-2025-04506,23,Display,6303,2025-06-11,2025-06-23,6194,ASE,Japan,50,402.77,91,0,0,0.0,0,266,6,2,464,6.663525433902222e-05,0.00015954052120490043,90,441864,0.00016919115080672866
BATCH-2026-04507,17,Display,7843,2026-09-03,2026-09-16,7765,Mitsubishi,Japan,33,186.49,72,0,0,0.0,0,715,9,3,15,0.00014815223187369047,0.00046308585294764547,114,569061,0.00016919115080672866
BATCH-2025-04508,2,Camera,7112,2025-05-18,2025-05-24,6967,TSMC,South Korea,34,349.29,92,0,0,0.0,0,242,5,2,488,0.0001216095118122708,0.0004158402802419921,99,473547,0.00017585459338616095
BATCH-2026-04509,44,Battery,9072,2026-02-28,2026-03-08,8981,Wistron,South Korea,50,232.01,87,0,0,0.0,0,528,2,1,202,0.00010336577465557791,0.000380745741124954,117,590216,0.00021173401481822628
BATCH-2026-04510,29,PCB,4655,2026-08-11,2026-08-19,4431,Seagate,Japan,40,285.23,77,0,0,0.0,0,692,8,3,38,0.00016256441034907573,0.0004929460254392659,92,456988,0.0002244207567666141
BATCH-2025-04511,18,Display,3981,2025-11-28,2025-12-13,3941,Bosch,Germany,18,96.36,77,0,0,0.0,0,436,11,4,294,0.00021806730730221415,0.0007021012099867912,110,557568,0.00016919115080672866
BATCH-2026-04512,25,Power IC,9570,2026-08-04,2026-08-14,9241,Broadcom,USA,26,71.6,85,0,0,0.0,0,685,8,3,45,9.454505074439549e-05,0.0003137783114627588,84,481980,0.00017735448108886377
BATCH-2025-04513,46,Connector,7566,2025-03-02,2025-03-21,7490,Liteon,China,58,348.77,65,0,0,0.0,0,165,3,1,565,0.000177376316521378,0.0004995509860038717,96,502846,0.00020757696267843906
BATCH-2026-04514,5,Fan,9599,2026-05-08,2026-05-25,9503,Apple,Japan,38,226.29,64,0,0,0.0,0,597,5,2,133,0.00029304167774806515,0.0010333897385835877,92,488005,0.00012855165100050963
BATCH-2026-04515,50,Memory,8184,2026-02-21,2026-03-09,7971,APC,South Korea,30,481.03,64,0,0,0.0,0,521,2,1,209,0.0002753509047441992,0.0007401953979905162,113,559124,0.00013960848603418856
BATCH-2025-04516,18,Power IC,7212,2025-02-10,2025-02-18,7034,Bosch,Germany,18,96.36,77,0,0,0.0,0,145,2,1,585,0.00021806730730221415,0.0007021012099867912,110,557568,0.00017735448108886377
BATCH-2024-04517,34,Battery,7147,2024-09-20,2024-10-08,7076,Renesas,China,19,153.37,81,0,0,0.0,0,2,9,3,728,0.00020629854890063796,0.000928870183527049,112,540044,0.00021173401481822628
BATCH-2026-04518,35,Connector,9958,2026-03-16,2026-03-23,9858,Nokia,Japan,42,219.49,61,0,0,0.0,0,544,3,1,186,0.00019787338089100073,0.0003538789829112609,102,503406,0.00020757696267843906
BATCH-2026-04519,16,Microcontroller,2559,2026-01-01,2026-01-16,2417,Hitachi,China,57,483.82,88,0,0,0.0,0,470,1,1,260,8.336477286677332e-05,0.0004697935134049564,95,503392,0.00013908905895273712
BATCH-2025-04520,49,Camera,8036,2025-03-16,2025-04-05,7764,Coherent,USA,42,45.65,73,0,0,0.0,0,179,3,1,551,0.00034438539861380375,0.0009931063632699735,93,417736,0.00017585459338616095
BATCH-2026-04521,4,Sensor,1526,2026-07-19,2026-07-30,1444,Intel,China,48,393.46,88,0,0,0.0,0,669,7,3,61,0.00018841892264149143,0.0009961276293195824,96,400272,0.00016450590746445605
BATCH-2024-04522,42,Motherboard,3097,2024-12-06,2024-12-15,3066,Acer,Germany,34,85.15,90,0,0,0.0,0,79,12,4,651,5.058942432590356e-05,0.0001440589145000144,106,511239,0.0002354934172429249
BATCH-2025-04523,35,Camera,3030,2025-04-27,2025-05-13,2811,Nokia,Japan,42,219.49,61,0,0,0.0,0,221,4,2,509,0.00019787338089100073,0.0003538789829112609,102,503406,0.00017585459338616095
BATCH-2025-04524,26,Display,9617,2025-09-21,2025-10-03,9454,Texas Instruments,South Korea,53,5.67,67,0,0,0.0,0,368,9,3,362,0.0002658174764162671,0.0009122443285503541,102,493376,0.00016919115080672866
BATCH-2026-04525,2,Camera,2164,2026-04-23,2026-05-11,2111,TSMC,South Korea,34,349.29,92,0,0,0.0,0,582,4,2,148,0.0001216095118122708,0.0004158402802419921,99,473547,0.00017585459338616095
BATCH-2024-04526,32,Camera,3383,2024-12-30,2025-01-18,3273,Canon,South Korea,54,382.97,81,0,0,0.0,0,103,12,4,627,8.286140374041643e-05,0.0002525478149158471,93,484783,0.00017585459338616095
BATCH-2025-04527,15,Motherboard,3372,2025-08-09,2025-08-24,3338,SK Hynix,Taiwan,40,342.16,65,0,0,0.0,0,325,8,3,405,0.00026051175061660777,0.0007352320636847295,93,436297,0.0002354934172429249
BATCH-2026-04528,50,Power IC,4294,2026-07-30,2026-08-19,4173,APC,South Korea,30,481.03,64,0,0,0.0,0,680,7,3,50,0.0002753509047441992,0.0007401953979905162,113,559124,0.00017735448108886377
BATCH-2026-04529,23,Motherboard,5219,2026-03-31,2026-04-18,5120,ASE,Japan,50,402.77,91,0,0,0.0,0,559,3,1,171,6.663525433902222e-05,0.00015954052120490043,90,441864,0.0002354934172429249
BATCH-2026-04530,22,PCB,1996,2026-03-04,2026-03-18,1976,Flex,China,43,157.56,86,0,0,0.0,0,532,3,1,198,6.527455789884103e-05,0.00021075148645526503,94,530055,0.0002244207567666141
BATCH-2026-04531,36,Charger,425,2026-08-11,2026-08-23,418,Ericsson,Germany,60,205.45,68,0,0,0.0,0,692,8,3,38,0.00016582352511078637,0.0003750099810004351,109,536222,0.0002259435803313693
BATCH-2025-04532,9,Charger,2886,2025-09-08,2025-09-13,2835,Sony,Taiwan,19,33.78,81,0,0,0.0,0,355,9,3,375,0.00014132799993781594,0.00029553061545999206,104,509780,0.0002259435803313693
BATCH-2025-04533,42,Sensor,2260,2025-08-15,2025-08-22,2172,Acer,Germany,34,85.15,90,0,0,0.0,0,331,8,3,399,5.058942432590356e-05,0.0001440589145000144,106,511239,0.00016450590746445605
BATCH-2024-04534,17,Microcontroller,4905,2024-11-28,2024-12-04,4856,Mitsubishi,Japan,33,186.49,72,0,0,0.0,0,71,11,4,659,0.00014815223187369047,0.00046308585294764547,114,569061,0.00013908905895273712
BATCH-2024-04535,15,Display,6671,2024-11-02,2024-11-21,6438,SK Hynix,Taiwan,40,342.16,65,0,0,0.0,0,45,11,4,685,0.00026051175061660777,0.0007352320636847295,93,436297,0.00016919115080672866
BATCH-2024-04536,11,Charger,6991,2024-10-17,2024-11-04,6867,Murata,Japan,22,178.55,88,0,0,0.0,0,29,10,4,701,0.00015599689945027513,0.0009387029695731565,105,551463,0.0002259435803313693
BATCH-2025-04537,47,Memory,3407,2025-05-04,2025-05-19,3314,Molex,Japan,37,191.75,76,0,0,0.0,0,228,5,2,502,0.00015063481442028842,0.00045023343696729267,102,507171,0.00013960848603418856
BATCH-2026-04538,1,Processor,2968,2026-01-03,2026-01-12,2807,Samsung,USA,19,220.56,89,0,0,0.0,0,472,1,1,258,0.00017219294545324894,0.0013891588805521986,106,504263,0.0001723848232239575
BATCH-2024-04539,2,Battery,9084,2024-10-11,2024-10-23,8993,TSMC,South Korea,34,349.29,92,0,0,0.0,0,23,10,4,707,0.0001216095118122708,0.0004158402802419921,99,473547,0.00021173401481822628
BATCH-2025-04540,48,Processor,3995,2025-10-18,2025-10-24,3829,TE Connectivity,Germany,25,315.88,71,0,0,0.0,0,395,10,4,335,0.000215467021331229,0.0009668394253566584,108,542251,0.0001723848232239575
BATCH-2026-04541,17,Microcontroller,8948,2026-02-06,2026-02-20,8859,Mitsubishi,Japan,33,186.49,72,0,0,0.0,0,506,2,1,224,0.00014815223187369047,0.00046308585294764547,114,569061,0.00013908905895273712
BATCH-2025-04542,24,Processor,3724,2025-08-29,2025-09-12,3604,Qualcomm,Germany,53,145.59,74,0,0,0.0,0,345,8,3,385,0.00017211444124561363,0.00048508112533674527,88,458321,0.0001723848232239575
BATCH-2026-04543,36,Battery,1341,2026-02-08,2026-02-22,1299,Ericsson,Germany,60,205.45,68,0,0,0.0,0,508,2,1,222,0.00016582352511078637,0.0003750099810004351,109,536222,0.00021173401481822628
BATCH-2025-04544,44,Speaker,8430,2025-01-19,2025-02-01,8346,Wistron,South Korea,50,232.01,87,0,0,0.0,0,123,1,1,607,0.00010336577465557791,0.000380745741124954,117,590216,0.00019289953369198322
BATCH-2024-04545,21,Fan,3194,2024-10-05,2024-10-22,2998,Jabil,Taiwan,58,416.67,76,0,0,0.0,0,17,10,4,713,0.00034128023110612925,0.0012045823376322067,117,579869,0.00012855165100050963
BATCH-2026-04546,21,Display,9969,2026-05-29,2026-06-17,9588,Jabil,Taiwan,58,416.67,76,0,0,0.0,0,618,5,2,112,0.00034128023110612925,0.0012045823376322067,117,579869,0.00016919115080672866
BATCH-2026-04547,29,Charger,6722,2026-08-14,2026-08-26,6472,Seagate,Japan,40,285.23,77,0,0,0.0,0,695,8,3,35,0.00016256441034907573,0.0004929460254392659,92,456988,0.0002259435803313693
BATCH-2026-04548,2,Battery,6207,2026-04-24,2026-05-11,6084,TSMC,South Korea,34,349.29,92,0,0,0.0,0,583,4,2,147,0.0001216095118122708,0.0004158402802419921,99,473547,0.00021173401481822628
BATCH-2025-04549,7,Charger,7229,2025-06-30,2025-07-16,6957,Foxconn,USA,50,411.74,84,0,0,0.0,0,285,6,2,445,0.0003217144075727912,0.0015438669764764946,105,555087,0.0002259435803313693
BATCH-2026-04550,23,Power IC,8654,2026-05-08,2026-05-18,8567,ASE,Japan,50,402.77,91,0,0,0.0,0,597,5,2,133,6.663525433902222e-05,0.00015954052120490043,90,441864,0.00017735448108886377
BATCH-2026-04551,32,Connector,9275,2026-02-18,2026-02-24,9182,Canon,South Korea,54,382.97,81,0,0,0.0,0,518,2,1,212,8.286140374041643e-05,0.0002525478149158471,93,484783,0.00020757696267843906
BATCH-2025-04552,44,Camera,1809,2025-05-02,2025-05-22,1748,Wistron,South Korea,50,232.01,87,0,0,0.0,0,226,5,2,504,0.00010336577465557791,0.000380745741124954,117,590216,0.00017585459338616095
BATCH-2025-04553,19,Connector,9574,2025-02-10,2025-02-27,9478,Sumitomo,USA,36,238.9,64,0,0,0.0,0,145,2,1,585,0.00016876737493119937,0.00039378300837730447,91,458378,0.00020757696267843906
BATCH-2026-04554,50,Fan,2257,2026-09-06,2026-09-12,2112,APC,South Korea,30,481.03,64,0,0,0.0,0,718,9,3,12,0.0002753509047441992,0.0007401953979905162,113,559124,0.00012855165100050963
BATCH-2024-04555,31,Camera,6372,2024-12-08,2024-12-24,6308,Kyocera,USA,35,236.61,85,0,0,0.0,0,81,12,4,649,0.00018411673535101585,0.0009126920964599268,104,605811,0.00017585459338616095
BATCH-2025-04556,12,Microcontroller,3839,2025-12-03,2025-12-15,3801,Amphenol,Germany,18,446.77,96,0,0,0.0,0,441,12,4,289,8.015372036339901e-05,0.00041034141517753633,113,576135,0.00013908905895273712
BATCH-2025-04557,4,PCB,6461,2025-03-22,2025-03-28,6286,Intel,China,48,393.46,88,0,0,0.0,0,185,3,1,545,0.00018841892264149143,0.0009961276293195824,96,400272,0.0002244207567666141
BATCH-2026-04558,45,Motherboard,9602,2026-01-12,2026-01-19,8880,Pegatron,Taiwan,47,251.52,66,0,0,0.0,0,481,1,1,249,0.0001275169517997213,0.0003266025273992103,94,477190,0.0002354934172429249
BATCH-2024-04559,22,Power IC,8970,2024-12-29,2025-01-13,8574,Flex,China,43,157.56,86,0,0,0.0,0,102,12,4,628,6.527455789884103e-05,0.00021075148645526503,94,530055,0.00017735448108886377
BATCH-2026-04560,5,Connector,6101,2026-03-11,2026-03-28,5816,Apple,Japan,38,226.29,64,0,0,0.0,0,539,3,1,191,0.00029304167774806515,0.0010333897385835877,92,488005,0.00020757696267843906
BATCH-2026-04561,46,Microcontroller,9679,2026-04-19,2026-05-06,9402,Liteon,China,58,348.77,65,0,0,0.0,0,578,4,2,152,0.000177376316521378,0.0004995509860038717,96,502846,0.00013908905895273712
BATCH-2025-04562,4,Camera,773,2025-02-20,2025-03-11,737,Intel,China,48,393.46,88,0,0,0.0,0,155,2,1,575,0.00018841892264149143,0.0009961276293195824,96,400272,0.00017585459338616095
BATCH-2026-04563,6,Speaker,1355,2026-01-29,2026-02-03,1283,NVIDIA,Germany,38,463.53,74,0,0,0.0,0,498,1,1,232,0.00023377595866623649,0.0009271237760431065,104,528560,0.00019289953369198322
BATCH-2024-04564,15,Memory,9236,2024-10-02,2024-10-18,8601,SK Hynix,Taiwan,40,342.16,65,0,0,0.0,0,14,10,4,716,0.00026051175061660777,0.0007352320636847295,93,436297,0.00013960848603418856
BATCH-2024-04565,44,Processor,9448,2024-10-08,2024-10-18,9354,Wistron,South Korea,50,232.01,87,0,0,0.0,0,20,10,4,710,0.00010336577465557791,0.000380745741124954,117,590216,0.0001723848232239575
BATCH-2026-04566,7,Power IC,8001,2026-03-20,2026-04-09,7911,Foxconn,USA,50,411.74,84,0,0,0.0,0,548,3,1,182,0.0003217144075727912,0.0015438669764764946,105,555087,0.00017735448108886377
BATCH-2024-04567,8,Camera,6069,2024-10-27,2024-11-16,5921,LG Chem,South Korea,40,115.16,76,0,0,0.0,0,39,10,4,691,0.00013285380642027623,0.00028745834951003884,92,477433,0.00017585459338616095
BATCH-2026-04568,50,Power IC,4859,2026-03-08,2026-03-22,4777,APC,South Korea,30,481.03,64,0,0,0.0,0,536,3,1,194,0.0002753509047441992,0.0007401953979905162,113,559124,0.00017735448108886377
BATCH-2025-04569,7,Camera,9733,2025-01-31,2025-02-14,9263,Foxconn,USA,50,411.74,84,0,0,0.0,0,135,1,1,595,0.0003217144075727912,0.0015438669764764946,105,555087,0.00017585459338616095
BATCH-2025-04570,15,Memory,5620,2025-12-12,2025-12-21,5564,SK Hynix,Taiwan,40,342.16,65,0,0,0.0,0,450,12,4,280,0.00026051175061660777,0.0007352320636847295,93,436297,0.00013960848603418856
BATCH-2025-04571,36,Memory,3061,2025-10-11,2025-10-24,2845,Ericsson,Germany,60,205.45,68,0,0,0.0,0,388,10,4,342,0.00016582352511078637,0.0003750099810004351,109,536222,0.00013960848603418856
BATCH-2025-04572,48,Motherboard,6389,2025-07-26,2025-07-31,5869,TE Connectivity,Germany,25,315.88,71,0,0,0.0,0,311,7,3,419,0.000215467021331229,0.0009668394253566584,108,542251,0.0002354934172429249
BATCH-2025-04573,47,Memory,5200,2025-02-17,2025-03-01,5148,Molex,Japan,37,191.75,76,0,0,0.0,0,152,2,1,578,0.00015063481442028842,0.00045023343696729267,102,507171,0.00013960848603418856
BATCH-2026-04574,1,PCB,6661,2026-04-28,2026-05-13,6440,Samsung,USA,19,220.56,89,0,0,0.0,0,587,4,2,143,0.00017219294545324894,0.0013891588805521986,106,504263,0.0002244207567666141
BATCH-2025-04575,31,Power IC,5768,2025-11-09,2025-11-26,5618,Kyocera,USA,35,236.61,85,0,0,0.0,0,417,11,4,313,0.00018411673535101585,0.0009126920964599268,104,605811,0.00017735448108886377
BATCH-2025-04576,12,Speaker,5194,2025-02-10,2025-02-28,5028,Amphenol,Germany,18,446.77,96,0,0,0.0,0,145,2,1,585,8.015372036339901e-05,0.00041034141517753633,113,576135,0.00019289953369198322
BATCH-2026-04577,44,Sensor,1699,2026-09-06,2026-09-17,1682,Wistron,South Korea,50,232.01,87,0,0,0.0,0,718,9,3,12,0.00010336577465557791,0.000380745741124954,117,590216,0.00016450590746445605
BATCH-2026-04578,45,Connector,9112,2026-08-08,2026-08-15,8464,Pegatron,Taiwan,47,251.52,66,0,0,0.0,0,689,8,3,41,0.0001275169517997213,0.0003266025273992103,94,477190,0.00020757696267843906
BATCH-2025-04579,33,Battery,5907,2025-07-25,2025-07-31,5848,Denso,Taiwan,41,277.68,84,0,0,0.0,0,310,7,3,420,0.00013528007016307464,0.0006519489677036868,119,602071,0.00021173401481822628
BATCH-2025-04580,50,Charger,8414,2025-08-06,2025-08-18,7455,APC,South Korea,30,481.03,64,0,0,0.0,0,322,8,3,408,0.0002753509047441992,0.0007401953979905162,113,559124,0.0002259435803313693
BATCH-2025-04581,49,Microcontroller,1043,2025-10-23,2025-11-07,975,Coherent,USA,42,45.65,73,0,0,0.0,0,400,10,4,330,0.00034438539861380375,0.0009931063632699735,93,417736,0.00013908905895273712
BATCH-2025-04582,45,Display,244,2025-08-23,2025-09-01,239,Pegatron,Taiwan,47,251.52,66,0,0,0.0,0,339,8,3,391,0.0001275169517997213,0.0003266025273992103,94,477190,0.00016919115080672866
BATCH-2024-04583,21,Memory,9619,2024-11-09,2024-11-22,9523,Jabil,Taiwan,58,416.67,76,0,0,0.0,0,52,11,4,678,0.00034128023110612925,0.0012045823376322067,117,579869,0.00013960848603418856
BATCH-2026-04584,20,Fan,1814,2026-03-26,2026-04-11,1796,Delta Electronics,South Korea,30,335.57,68,0,0,0.0,0,554,3,1,176,0.00014552538396359592,0.00035285670745256997,82,427248,0.00012855165100050963
BATCH-2025-04585,17,Processor,445,2025-01-25,2025-02-07,441,Mitsubishi,Japan,33,186.49,72,0,0,0.0,0,129,1,1,601,0.00014815223187369047,0.00046308585294764547,114,569061,0.0001723848232239575
BATCH-2025-04586,8,Charger,964,2025-09-30,2025-10-18,922,LG Chem,South Korea,40,115.16,76,0,0,0.0,0,377,9,3,353,0.00013285380642027623,0.00028745834951003884,92,477433,0.0002259435803313693
BATCH-2026-04587,15,Display,6535,2026-06-28,2026-07-17,6183,SK Hynix,Taiwan,40,342.16,65,0,0,0.0,0,648,6,2,82,0.00026051175061660777,0.0007352320636847295,93,436297,0.00016919115080672866
BATCH-2026-04588,48,Memory,9509,2026-09-16,2026-09-25,9018,TE Connectivity,Germany,25,315.88,71,0,0,0.0,0,728,9,3,2,0.000215467021331229,0.0009668394253566584,108,542251,0.00013960848603418856
BATCH-2026-04589,46,Battery,9760,2026-05-07,2026-05-13,8833,Liteon,China,58,348.77,65,0,0,0.0,0,596,5,2,134,0.000177376316521378,0.0004995509860038717,96,502846,0.00021173401481822628
BATCH-2024-04590,43,Battery,9927,2024-10-22,2024-10-28,9614,ASUSTeK,USA,30,46.84,60,0,0,0.0,0,34,10,4,696,0.00044469895714356904,0.0012463320250862553,87,411235,0.00021173401481822628
BATCH-2024-04591,9,Camera,3960,2024-12-18,2024-12-25,3749,Sony,Taiwan,19,33.78,81,0,0,0.0,0,91,12,4,639,0.00014132799993781594,0.00029553061545999206,104,509780,0.00017585459338616095
BATCH-2024-04592,8,Power IC,6868,2024-12-27,2025-01-01,6384,LG Chem,South Korea,40,115.16,76,0,0,0.0,0,100,12,4,630,0.00013285380642027623,0.00028745834951003884,92,477433,0.00017735448108886377
BATCH-2025-04593,24,PCB,3761,2025-05-01,2025-05-18,3723,Qualcomm,Germany,53,145.59,74,0,0,0.0,0,225,5,2,505,0.00017211444124561363,0.00048508112533674527,88,458321,0.0002244207567666141
BATCH-2026-04594,24,Motherboard,6793,2026-05-01,2026-05-13,6534,Qualcomm,Germany,53,145.59,74,0,0,0.0,0,590,5,2,140,0.00017211444124561363,0.00048508112533674527,88,458321,0.0002354934172429249
BATCH-2025-04595,17,Processor,3682,2025-09-18,2025-10-01,3604,Mitsubishi,Japan,33,186.49,72,0,0,0.0,0,365,9,3,365,0.00014815223187369047,0.00046308585294764547,114,569061,0.0001723848232239575
BATCH-2026-04596,18,Speaker,2769,2026-09-08,2026-09-23,2635,Bosch,Germany,18,96.36,77,0,0,0.0,0,720,9,3,10,0.00021806730730221415,0.0007021012099867912,110,557568,0.00019289953369198322
BATCH-2025-04597,38,Connector,8052,2025-01-12,2025-01-30,7971,Xiaomi,South Korea,52,142.13,62,0,0,0.0,0,116,1,1,614,0.0002941454324685746,0.0007248486269555904,106,537180,0.00020757696267843906
BATCH-2026-04598,49,Microcontroller,4120,2026-02-07,2026-02-15,4079,Coherent,USA,42,45.65,73,0,0,0.0,0,507,2,1,223,0.00034438539861380375,0.0009931063632699735,93,417736,0.00013908905895273712
BATCH-2025-04599,45,Sensor,843,2025-07-16,2025-07-31,807,Pegatron,Taiwan,47,251.52,66,0,0,0.0,0,301,7,3,429,0.0001275169517997213,0.0003266025273992103,94,477190,0.00016450590746445605
BATCH-2025-04600,44,Battery,5247,2025-11-12,2025-11-24,5195,Wistron,South Korea,50,232.01,87,0,0,0.0,0,420,11,4,310,0.00010336577465557791,0.000380745741124954,117,590216,0.00021173401481822628
BATCH-2026-04601,11,Microcontroller,8481,2026-02-14,2026-02-25,8396,Murata,Japan,22,178.55,88,0,0,0.0,0,514,2,1,216,0.00015599689945027513,0.0009387029695731565,105,551463,0.00013908905895273712
BATCH-2025-04602,39,Speaker,9647,2025-07-21,2025-07-27,8702,Lenovo,Taiwan,57,331.63,71,0,0,0.0,0,306,7,3,424,0.00017438124238925042,0.000501056949565781,101,560841,0.00019289953369198322
BATCH-2025-04603,33,Speaker,6291,2025-11-24,2025-11-29,5995,Denso,Taiwan,41,277.68,84,0,0,0.0,0,432,11,4,298,0.00013528007016307464,0.0006519489677036868,119,602071,0.00019289953369198322
BATCH-2025-04604,21,Motherboard,8062,2025-02-28,2025-03-15,7518,Jabil,Taiwan,58,416.67,76,0,0,0.0,0,163,2,1,567,0.00034128023110612925,0.0012045823376322067,117,579869,0.0002354934172429249
BATCH-2024-04605,48,Power IC,2055,2024-12-30,2025-01-04,1946,TE Connectivity,Germany,25,315.88,71,0,0,0.0,0,103,12,4,627,0.000215467021331229,0.0009668394253566584,108,542251,0.00017735448108886377
BATCH-2025-04606,25,Sensor,6393,2025-02-16,2025-02-23,6329,Broadcom,USA,26,71.6,85,0,0,0.0,0,151,2,1,579,9.454505074439549e-05,0.0003137783114627588,84,481980,0.00016450590746445605
BATCH-2025-04607,4,Camera,8025,2025-12-05,2025-12-14,7944,Intel,China,48,393.46,88,0,0,0.0,0,443,12,4,287,0.00018841892264149143,0.0009961276293195824,96,400272,0.00017585459338616095
BATCH-2026-04608,47,Fan,7483,2026-08-17,2026-08-27,7408,Molex,Japan,37,191.75,76,0,0,0.0,0,698,8,3,32,0.00015063481442028842,0.00045023343696729267,102,507171,0.00012855165100050963
BATCH-2025-04609,16,Fan,1420,2025-09-18,2025-09-28,1384,Hitachi,China,57,483.82,88,0,0,0.0,0,365,9,3,365,8.336477286677332e-05,0.0004697935134049564,95,503392,0.00012855165100050963
BATCH-2024-04610,6,Power IC,6787,2024-12-22,2025-01-01,6546,NVIDIA,Germany,38,463.53,74,0,0,0.0,0,95,12,4,635,0.00023377595866623649,0.0009271237760431065,104,528560,0.00017735448108886377
BATCH-2024-04611,20,Power IC,3771,2024-10-17,2024-10-25,3581,Delta Electronics,South Korea,30,335.57,68,0,0,0.0,0,29,10,4,701,0.00014552538396359592,0.00035285670745256997,82,427248,0.00017735448108886377
BATCH-2025-04612,22,Power IC,9989,2025-01-24,2025-02-03,9835,Flex,China,43,157.56,86,0,0,0.0,0,128,1,1,602,6.527455789884103e-05,0.00021075148645526503,94,530055,0.00017735448108886377
BATCH-2025-04613,47,Sensor,6632,2025-04-07,2025-04-12,6061,Molex,Japan,37,191.75,76,0,0,0.0,0,201,4,2,529,0.00015063481442028842,0.00045023343696729267,102,507171,0.00016450590746445605
BATCH-2025-04614,45,Memory,4103,2025-07-23,2025-08-09,3824,Pegatron,Taiwan,47,251.52,66,0,0,0.0,0,308,7,3,422,0.0001275169517997213,0.0003266025273992103,94,477190,0.00013960848603418856
BATCH-2026-04615,16,Memory,9680,2026-07-23,2026-08-05,9222,Hitachi,China,57,483.82,88,0,0,0.0,0,673,7,3,57,8.336477286677332e-05,0.0004697935134049564,95,503392,0.00013960848603418856
BATCH-2025-04616,11,Charger,8868,2025-03-29,2025-04-10,8560,Murata,Japan,22,178.55,88,0,0,0.0,0,192,3,1,538,0.00015599689945027513,0.0009387029695731565,105,551463,0.0002259435803313693
BATCH-2025-04617,32,Processor,9957,2025-07-20,2025-08-04,9770,Canon,South Korea,54,382.97,81,0,0,0.0,0,305,7,3,425,8.286140374041643e-05,0.0002525478149158471,93,484783,0.0001723848232239575
BATCH-2025-04618,26,Processor,2847,2025-06-22,2025-07-02,2712,Texas Instruments,South Korea,53,5.67,67,0,0,0.0,0,277,6,2,453,0.0002658174764162671,0.0009122443285503541,102,493376,0.0001723848232239575
BATCH-2026-04619,42,Fan,9726,2026-01-05,2026-01-16,9629,Acer,Germany,34,85.15,90,0,0,0.0,0,474,1,1,256,5.058942432590356e-05,0.0001440589145000144,106,511239,0.00012855165100050963
BATCH-2025-04620,33,Memory,1735,2025-07-25,2025-08-03,1679,Denso,Taiwan,41,277.68,84,0,0,0.0,0,310,7,3,420,0.00013528007016307464,0.0006519489677036868,119,602071,0.00013960848603418856
BATCH-2026-04621,1,Charger,3086,2026-09-17,2026-09-26,3055,Samsung,USA,19,220.56,89,0,0,0.0,0,729,9,3,1,0.00017219294545324894,0.0013891588805521986,106,504263,0.0002259435803313693
BATCH-2024-04622,17,Processor,949,2024-11-26,2024-12-08,896,Mitsubishi,Japan,33,186.49,72,0,0,0.0,0,69,11,4,661,0.00014815223187369047,0.00046308585294764547,114,569061,0.0001723848232239575
BATCH-2025-04623,1,Battery,6185,2025-06-16,2025-06-22,6123,Samsung,USA,19,220.56,89,0,0,0.0,0,271,6,2,459,0.00017219294545324894,0.0013891588805521986,106,504263,0.00021173401481822628
BATCH-2024-04624,33,Microcontroller,8459,2024-10-17,2024-11-05,7842,Denso,Taiwan,41,277.68,84,0,0,0.0,0,29,10,4,701,0.00013528007016307464,0.0006519489677036868,119,602071,0.00013908905895273712
BATCH-2024-04625,46,Microcontroller,323,2024-11-09,2024-11-17,309,Liteon,China,58,348.77,65,0,0,0.0,0,52,11,4,678,0.000177376316521378,0.0004995509860038717,96,502846,0.00013908905895273712
BATCH-2025-04626,14,PCB,5505,2025-05-18,2025-06-01,5392,STMicroelectronics,South Korea,31,23.81,77,0,0,0.0,0,242,5,2,488,0.0001573864901705702,0.00046936123067953895,91,385139,0.0002244207567666141
BATCH-2026-04627,48,Camera,9191,2026-05-07,2026-05-14,8498,TE Connectivity,Germany,25,315.88,71,0,0,0.0,0,596,5,2,134,0.000215467021331229,0.0009668394253566584,108,542251,0.00017585459338616095
BATCH-2025-04628,28,Processor,3064,2025-11-21,2025-11-30,3025,Kioxia,China,36,390.8,86,0,0,0.0,0,429,11,4,301,6.548471380186631e-05,0.00020932699508353792,108,509896,0.0001723848232239575
BATCH-2025-04629,28,Motherboard,1450,2025-09-01,2025-09-09,1419,Kioxia,China,36,390.8,86,0,0,0.0,0,348,9,3,382,6.548471380186631e-05,0.00020932699508353792,108,509896,0.0002354934172429249
BATCH-2025-04630,8,Fan,6668,2025-06-21,2025-07-11,6506,LG Chem,South Korea,40,115.16,76,0,0,0.0,0,276,6,2,454,0.00013285380642027623,0.00028745834951003884,92,477433,0.00012855165100050963
BATCH-2025-04631,32,Speaker,4972,2025-09-02,2025-09-12,4745,Canon,South Korea,54,382.97,81,0,0,0.0,0,349,9,3,381,8.286140374041643e-05,0.0002525478149158471,93,484783,0.00019289953369198322
BATCH-2025-04632,35,Speaker,1464,2025-07-18,2025-08-07,1427,Nokia,Japan,42,219.49,61,0,0,0.0,0,303,7,3,427,0.00019787338089100073,0.0003538789829112609,102,503406,0.00019289953369198322
BATCH-2025-04633,44,Power IC,6660,2025-09-04,2025-09-22,6520,Wistron,South Korea,50,232.01,87,0,0,0.0,0,351,9,3,379,0.00010336577465557791,0.000380745741124954,117,590216,0.00017735448108886377
BATCH-2025-04634,36,PCB,3328,2025-06-07,2025-06-13,3198,Ericsson,Germany,60,205.45,68,0,0,0.0,0,262,6,2,468,0.00016582352511078637,0.0003750099810004351,109,536222,0.0002244207567666141
BATCH-2026-04635,5,Processor,3017,2026-03-23,2026-04-10,2956,Apple,Japan,38,226.29,64,0,0,0.0,0,551,3,1,179,0.00029304167774806515,0.0010333897385835877,92,488005,0.0001723848232239575
BATCH-2025-04636,12,Speaker,9054,2025-07-21,2025-07-28,8557,Amphenol,Germany,18,446.77,96,0,0,0.0,0,306,7,3,424,8.015372036339901e-05,0.00041034141517753633,113,576135,0.00019289953369198322
BATCH-2026-04637,2,Sensor,3597,2026-07-20,2026-08-09,3534,TSMC,South Korea,34,349.29,92,0,0,0.0,0,670,7,3,60,0.0001216095118122708,0.0004158402802419921,99,473547,0.00016450590746445605
BATCH-2026-04638,25,Motherboard,3016,2026-03-15,2026-04-03,2881,Broadcom,USA,26,71.6,85,0,0,0.0,0,543,3,1,187,9.454505074439549e-05,0.0003137783114627588,84,481980,0.0002354934172429249
BATCH-2025-04639,19,PCB,6446,2025-02-06,2025-02-16,6228,Sumitomo,USA,36,238.9,64,0,0,0.0,0,141,2,1,589,0.00016876737493119937,0.00039378300837730447,91,458378,0.0002244207567666141
BATCH-2024-04640,33,Display,1135,2024-10-08,2024-10-15,1100,Denso,Taiwan,41,277.68,84,0,0,0.0,0,20,10,4,710,0.00013528007016307464,0.0006519489677036868,119,602071,0.00016919115080672866
BATCH-2026-04641,16,Motherboard,4824,2026-03-04,2026-03-17,4678,Hitachi,China,57,483.82,88,0,0,0.0,0,532,3,1,198,8.336477286677332e-05,0.0004697935134049564,95,503392,0.0002354934172429249
BATCH-2026-04642,11,PCB,1060,2026-05-31,2026-06-16,1049,Murata,Japan,22,178.55,88,0,0,0.0,0,620,5,2,110,0.00015599689945027513,0.0009387029695731565,105,551463,0.0002244207567666141
BATCH-2026-04643,38,Fan,2176,2026-06-26,2026-07-13,2084,Xiaomi,South Korea,52,142.13,62,0,0,0.0,0,646,6,2,84,0.0002941454324685746,0.0007248486269555904,106,537180,0.00012855165100050963
BATCH-2026-04644,17,Sensor,8977,2026-05-22,2026-05-29,8761,Mitsubishi,Japan,33,186.49,72,0,0,0.0,0,611,5,2,119,0.00014815223187369047,0.00046308585294764547,114,569061,0.00016450590746445605
BATCH-2026-04645,31,Charger,7633,2026-03-27,2026-04-04,7557,Kyocera,USA,35,236.61,85,0,0,0.0,0,555,3,1,175,0.00018411673535101585,0.0009126920964599268,104,605811,0.0002259435803313693
BATCH-2026-04646,35,Motherboard,3659,2026-09-17,2026-09-26,3497,Nokia,Japan,42,219.49,61,0,0,0.0,0,729,9,3,1,0.00019787338089100073,0.0003538789829112609,102,503406,0.0002354934172429249
BATCH-2025-04647,47,Motherboard,6037,2025-02-21,2025-03-01,5821,Molex,Japan,37,191.75,76,0,0,0.0,0,156,2,1,574,0.00015063481442028842,0.00045023343696729267,102,507171,0.0002354934172429249
BATCH-2025-04648,48,Fan,7853,2025-06-28,2025-07-16,7774,TE Connectivity,Germany,25,315.88,71,0,0,0.0,0,283,6,2,447,0.000215467021331229,0.0009668394253566584,108,542251,0.00012855165100050963
BATCH-2025-04649,1,Motherboard,3462,2025-06-11,2025-06-27,3427,Samsung,USA,19,220.56,89,0,0,0.0,0,266,6,2,464,0.00017219294545324894,0.0013891588805521986,106,504263,0.0002354934172429249
BATCH-2026-04650,41,Charger,5706,2026-06-14,2026-06-22,5502,HP,Japan,60,204.38,85,0,0,0.0,0,634,6,2,96,0.00012231852387452777,0.00025339821295037224,87,408153,0.0002259435803313693
BATCH-2025-04651,19,Microcontroller,3636,2025-12-14,2025-12-27,3480,Sumitomo,USA,36,238.9,64,0,0,0.0,0,452,12,4,278,0.00016876737493119937,0.00039378300837730447,91,458378,0.00013908905895273712
BATCH-2025-04652,50,Sensor,3817,2025-08-05,2025-08-17,3618,APC,South Korea,30,481.03,64,0,0,0.0,0,321,8,3,409,0.0002753509047441992,0.0007401953979905162,113,559124,0.00016450590746445605
BATCH-2026-04653,26,Memory,7557,2026-01-17,2026-01-28,7264,Texas Instruments,South Korea,53,5.67,67,0,0,0.0,0,486,1,1,244,0.0002658174764162671,0.0009122443285503541,102,493376,0.00013960848603418856
BATCH-2025-04654,6,Battery,7240,2025-09-02,2025-09-19,6830,NVIDIA,Germany,38,463.53,74,0,0,0.0,0,349,9,3,381,0.00023377595866623649,0.0009271237760431065,104,528560,0.00021173401481822628
BATCH-2026-04655,24,Camera,3693,2026-05-25,2026-06-10,3559,Qualcomm,Germany,53,145.59,74,0,0,0.0,0,614,5,2,116,0.00017211444124561363,0.00048508112533674527,88,458321,0.00017585459338616095
BATCH-2025-04656,9,Camera,7319,2025-10-09,2025-10-21,7246,Sony,Taiwan,19,33.78,81,0,0,0.0,0,386,10,4,344,0.00014132799993781594,0.00029553061545999206,104,509780,0.00017585459338616095
BATCH-2025-04657,49,Camera,8522,2025-02-20,2025-03-09,7765,Coherent,USA,42,45.65,73,0,0,0.0,0,155,2,1,575,0.00034438539861380375,0.0009931063632699735,93,417736,0.00017585459338616095
BATCH-2025-04658,28,Fan,2859,2025-11-28,2025-12-05,2759,Kioxia,China,36,390.8,86,0,0,0.0,0,436,11,4,294,6.548471380186631e-05,0.00020932699508353792,108,509896,0.00012855165100050963
BATCH-2024-04659,39,Motherboard,5548,2024-12-15,2024-12-24,5493,Lenovo,Taiwan,57,331.63,71,0,0,0.0,0,88,12,4,642,0.00017438124238925042,0.000501056949565781,101,560841,0.0002354934172429249
BATCH-2024-04660,31,Camera,5428,2024-11-19,2024-12-01,5222,Kyocera,USA,35,236.61,85,0,0,0.0,0,62,11,4,668,0.00018411673535101585,0.0009126920964599268,104,605811,0.00017585459338616095
BATCH-2025-04661,29,PCB,4674,2025-01-14,2025-01-22,4627,Seagate,Japan,40,285.23,77,0,0,0.0,0,118,1,1,612,0.00016256441034907573,0.0004929460254392659,92,456988,0.0002244207567666141
BATCH-2025-04662,41,Speaker,4873,2025-03-25,2025-04-07,4704,HP,Japan,60,204.38,85,0,0,0.0,0,188,3,1,542,0.00012231852387452777,0.00025339821295037224,87,408153,0.00019289953369198322
BATCH-2024-04663,42,Display,7234,2024-11-11,2024-11-16,6981,Acer,Germany,34,85.15,90,0,0,0.0,0,54,11,4,676,5.058942432590356e-05,0.0001440589145000144,106,511239,0.00016919115080672866
BATCH-2026-04664,2,Speaker,1639,2026-07-22,2026-08-08,1623,TSMC,South Korea,34,349.29,92,0,0,0.0,0,672,7,3,58,0.0001216095118122708,0.0004158402802419921,99,473547,0.00019289953369198322
BATCH-2025-04665,8,Charger,579,2025-01-16,2025-02-03,559,LG Chem,South Korea,40,115.16,76,0,0,0.0,0,120,1,1,610,0.00013285380642027623,0.00028745834951003884,92,477433,0.0002259435803313693
BATCH-2025-04666,21,Motherboard,4058,2025-05-30,2025-06-05,3693,Jabil,Taiwan,58,416.67,76,0,0,0.0,0,254,5,2,476,0.00034128023110612925,0.0012045823376322067,117,579869,0.0002354934172429249
BATCH-2025-04667,26,Sensor,8499,2025-05-25,2025-06-05,8105,Texas Instruments,South Korea,53,5.67,67,0,0,0.0,0,249,5,2,481,0.0002658174764162671,0.0009122443285503541,102,493376,0.00016450590746445605
BATCH-2025-04668,45,Battery,5018,2025-09-10,2025-09-19,4698,Pegatron,Taiwan,47,251.52,66,0,0,0.0,0,357,9,3,373,0.0001275169517997213,0.0003266025273992103,94,477190,0.00021173401481822628
BATCH-2025-04669,44,Camera,3555,2025-09-02,2025-09-16,3337,Wistron,South Korea,50,232.01,87,0,0,0.0,0,349,9,3,381,0.00010336577465557791,0.000380745741124954,117,590216,0.00017585459338616095
BATCH-2025-04670,12,Camera,8442,2025-09-10,2025-09-16,8358,Amphenol,Germany,18,446.77,96,0,0,0.0,0,357,9,3,373,8.015372036339901e-05,0.00041034141517753633,113,576135,0.00017585459338616095
BATCH-2025-04671,7,Memory,7880,2025-03-25,2025-04-08,7677,Foxconn,USA,50,411.74,84,0,0,0.0,0,188,3,1,542,0.0003217144075727912,0.0015438669764764946,105,555087,0.00013960848603418856
BATCH-2025-04672,1,Processor,3642,2025-09-23,2025-09-29,3553,Samsung,USA,19,220.56,89,0,0,0.0,0,370,9,3,360,0.00017219294545324894,0.0013891588805521986,106,504263,0.0001723848232239575
BATCH-2026-04673,17,Microcontroller,5629,2026-01-26,2026-02-01,5463,Mitsubishi,Japan,33,186.49,72,0,0,0.0,0,495,1,1,235,0.00014815223187369047,0.00046308585294764547,114,569061,0.00013908905895273712
BATCH-2025-04674,8,PCB,9027,2025-11-11,2025-11-16,8791,LG Chem,South Korea,40,115.16,76,0,0,0.0,0,419,11,4,311,0.00013285380642027623,0.00028745834951003884,92,477433,0.0002244207567666141
BATCH-2026-04675,30,Motherboard,5616,2026-02-13,2026-02-25,5455,Western Digital,Germany,16,59.04,65,0,0,0.0,0,513,2,1,217,0.00026662885278630423,0.0008545899187981254,93,459619,0.0002354934172429249
BATCH-2025-04676,8,Sensor,3290,2025-04-20,2025-04-25,3241,LG Chem,South Korea,40,115.16,76,0,0,0.0,0,214,4,2,516,0.00013285380642027623,0.00028745834951003884,92,477433,0.00016450590746445605
BATCH-2024-04677,11,Sensor,3645,2024-10-17,2024-10-27,3609,Murata,Japan,22,178.55,88,0,0,0.0,0,29,10,4,701,0.00015599689945027513,0.0009387029695731565,105,551463,0.00016450590746445605
BATCH-2024-04678,39,Connector,232,2024-12-06,2024-12-23,213,Lenovo,Taiwan,57,331.63,71,0,0,0.0,0,79,12,4,651,0.00017438124238925042,0.000501056949565781,101,560841,0.00020757696267843906
BATCH-2026-04679,40,Processor,3193,2026-03-01,2026-03-07,3053,Dell,China,20,392.38,81,0,0,0.0,0,529,3,1,201,0.00013234425192726218,0.0003712523513249762,101,498329,0.0001723848232239575
BATCH-2026-04680,50,PCB,5103,2026-04-27,2026-05-16,4684,APC,South Korea,30,481.03,64,0,0,0.0,0,586,4,2,144,0.0002753509047441992,0.0007401953979905162,113,559124,0.0002244207567666141
BATCH-2025-04681,20,Charger,8691,2025-02-28,2025-03-11,7854,Delta Electronics,South Korea,30,335.57,68,0,0,0.0,0,163,2,1,567,0.00014552538396359592,0.00035285670745256997,82,427248,0.0002259435803313693
BATCH-2026-04682,26,Power IC,3362,2026-09-09,2026-09-16,3278,Texas Instruments,South Korea,53,5.67,67,0,0,0.0,0,721,9,3,9,0.0002658174764162671,0.0009122443285503541,102,493376,0.00017735448108886377
BATCH-2025-04683,24,Speaker,6505,2025-05-17,2025-06-02,6281,Qualcomm,Germany,53,145.59,74,0,0,0.0,0,241,5,2,489,0.00017211444124561363,0.00048508112533674527,88,458321,0.00019289953369198322
BATCH-2026-04684,12,Speaker,1213,2026-06-14,2026-06-29,1134,Amphenol,Germany,18,446.77,96,0,0,0.0,0,634,6,2,96,8.015372036339901e-05,0.00041034141517753633,113,576135,0.00019289953369198322
BATCH-2025-04685,10,Microcontroller,5936,2025-04-09,2025-04-18,5613,Panasonic,China,54,316.57,91,0,0,0.0,0,203,4,2,527,0.000144927638474753,0.0007549544377028447,94,435868,0.00013908905895273712
BATCH-2024-04686,2,Power IC,3739,2024-10-03,2024-10-13,3702,TSMC,South Korea,34,349.29,92,0,0,0.0,0,15,10,4,715,0.0001216095118122708,0.0004158402802419921,99,473547,0.00017735448108886377
BATCH-2025-04687,31,Speaker,9983,2025-06-06,2025-06-15,9730,Kyocera,USA,35,236.61,85,0,0,0.0,0,261,6,2,469,0.00018411673535101585,0.0009126920964599268,104,605811,0.00019289953369198322
BATCH-2025-04688,42,Motherboard,8812,2025-05-08,2025-05-22,8544,Acer,Germany,34,85.15,90,0,0,0.0,0,232,5,2,498,5.058942432590356e-05,0.0001440589145000144,106,511239,0.0002354934172429249
BATCH-2025-04689,3,Speaker,2169,2025-08-21,2025-08-27,2052,Corning,Taiwan,24,487.86,63,0,0,0.0,0,337,8,3,393,0.0005290924687400791,0.0022824547846740364,105,511267,0.00019289953369198322
BATCH-2025-04690,35,Charger,166,2025-11-16,2025-12-02,157,Nokia,Japan,42,219.49,61,0,0,0.0,0,424,11,4,306,0.00019787338089100073,0.0003538789829112609,102,503406,0.0002259435803313693
BATCH-2024-04691,36,Memory,2181,2024-12-08,2024-12-18,2086,Ericsson,Germany,60,205.45,68,0,0,0.0,0,81,12,4,649,0.00016582352511078637,0.0003750099810004351,109,536222,0.00013960848603418856
BATCH-2025-04692,2,Processor,1666,2025-05-14,2025-05-19,1641,TSMC,South Korea,34,349.29,92,0,0,0.0,0,238,5,2,492,0.0001216095118122708,0.0004158402802419921,99,473547,0.0001723848232239575
BATCH-2025-04693,41,Memory,925,2025-07-07,2025-07-14,916,HP,Japan,60,204.38,85,0,0,0.0,0,292,7,3,438,0.00012231852387452777,0.00025339821295037224,87,408153,0.00013960848603418856
BATCH-2025-04694,50,Connector,1553,2025-03-08,2025-03-19,1530,APC,South Korea,30,481.03,64,0,0,0.0,0,171,3,1,559,0.0002753509047441992,0.0007401953979905162,113,559124,0.00020757696267843906
BATCH-2025-04695,47,Connector,2409,2025-09-14,2025-09-20,2312,Molex,Japan,37,191.75,76,0,0,0.0,0,361,9,3,369,0.00015063481442028842,0.00045023343696729267,102,507171,0.00020757696267843906
BATCH-2025-04696,34,Connector,3635,2025-12-07,2025-12-23,3599,Renesas,China,19,153.37,81,0,0,0.0,0,445,12,4,285,0.00020629854890063796,0.000928870183527049,112,540044,0.00020757696267843906
BATCH-2026-04697,41,PCB,9958,2026-08-22,2026-09-08,9779,HP,Japan,60,204.38,85,0,0,0.0,0,703,8,3,27,0.00012231852387452777,0.00025339821295037224,87,408153,0.0002244207567666141
BATCH-2026-04698,15,Charger,8153,2026-02-12,2026-02-24,8071,SK Hynix,Taiwan,40,342.16,65,0,0,0.0,0,512,2,1,218,0.00026051175061660777,0.0007352320636847295,93,436297,0.0002259435803313693
BATCH-2025-04699,35,PCB,499,2025-07-12,2025-07-25,476,Nokia,Japan,42,219.49,61,0,0,0.0,0,297,7,3,433,0.00019787338089100073,0.0003538789829112609,102,503406,0.0002244207567666141
BATCH-2024-04700,11,Camera,4426,2024-12-08,2024-12-14,4382,Murata,Japan,22,178.55,88,0,0,0.0,0,81,12,4,649,0.00015599689945027513,0.0009387029695731565,105,551463,0.00017585459338616095
BATCH-2025-04701,14,Camera,6871,2025-09-26,2025-10-03,6802,STMicroelectronics,South Korea,31,23.81,77,0,0,0.0,0,373,9,3,357,0.0001573864901705702,0.00046936123067953895,91,385139,0.00017585459338616095
BATCH-2025-04702,34,Sensor,7420,2025-10-03,2025-10-18,7346,Renesas,China,19,153.37,81,0,0,0.0,0,380,10,4,350,0.00020629854890063796,0.000928870183527049,112,540044,0.00016450590746445605
BATCH-2026-04703,36,Memory,2472,2026-08-16,2026-08-22,2439,Ericsson,Germany,60,205.45,68,0,0,0.0,0,697,8,3,33,0.00016582352511078637,0.0003750099810004351,109,536222,0.00013960848603418856
BATCH-2026-04704,46,Camera,3751,2026-08-18,2026-08-31,3560,Liteon,China,58,348.77,65,0,0,0.0,0,699,8,3,31,0.000177376316521378,0.0004995509860038717,96,502846,0.00017585459338616095
BATCH-2025-04705,6,PCB,8324,2025-06-27,2025-07-02,8041,NVIDIA,Germany,38,463.53,74,0,0,0.0,0,282,6,2,448,0.00023377595866623649,0.0009271237760431065,104,528560,0.0002244207567666141
BATCH-2024-04706,45,Battery,2785,2024-12-26,2025-01-09,2571,Pegatron,Taiwan,47,251.52,66,0,0,0.0,0,99,12,4,631,0.0001275169517997213,0.0003266025273992103,94,477190,0.00021173401481822628
BATCH-2025-04707,33,Power IC,211,2025-07-14,2025-08-01,209,Denso,Taiwan,41,277.68,84,0,0,0.0,0,299,7,3,431,0.00013528007016307464,0.0006519489677036868,119,602071,0.00017735448108886377
BATCH-2025-04708,40,Processor,2776,2025-08-19,2025-09-01,2629,Dell,China,20,392.38,81,0,0,0.0,0,335,8,3,395,0.00013234425192726218,0.0003712523513249762,101,498329,0.0001723848232239575
BATCH-2026-04709,36,Battery,6809,2026-04-22,2026-05-09,6464,Ericsson,Germany,60,205.45,68,0,0,0.0,0,581,4,2,149,0.00016582352511078637,0.0003750099810004351,109,536222,0.00021173401481822628
BATCH-2026-04710,30,Motherboard,8696,2026-05-13,2026-05-24,8230,Western Digital,Germany,16,59.04,65,0,0,0.0,0,602,5,2,128,0.00026662885278630423,0.0008545899187981254,93,459619,0.0002354934172429249
BATCH-2026-04711,30,Battery,7971,2026-04-14,2026-04-19,7633,Western Digital,Germany,16,59.04,65,0,0,0.0,0,573,4,2,157,0.00026662885278630423,0.0008545899187981254,93,459619,0.00021173401481822628
BATCH-2026-04712,47,Sensor,880,2026-08-02,2026-08-08,845,Molex,Japan,37,191.75,76,0,0,0.0,0,683,8,3,47,0.00015063481442028842,0.00045023343696729267,102,507171,0.00016450590746445605
BATCH-2025-04713,46,Connector,8968,2025-07-26,2025-08-05,8878,Liteon,China,58,348.77,65,0,0,0.0,0,311,7,3,419,0.000177376316521378,0.0004995509860038717,96,502846,0.00020757696267843906
BATCH-2025-04714,17,Sensor,6471,2025-10-28,2025-11-10,6174,Mitsubishi,Japan,33,186.49,72,0,0,0.0,0,405,10,4,325,0.00014815223187369047,0.00046308585294764547,114,569061,0.00016450590746445605
BATCH-2025-04715,50,Sensor,9726,2025-08-20,2025-09-03,9629,APC,South Korea,30,481.03,64,0,0,0.0,0,336,8,3,394,0.0002753509047441992,0.0007401953979905162,113,559124,0.00016450590746445605
BATCH-2026-04716,28,Memory,1620,2026-06-13,2026-06-26,1576,Kioxia,China,36,390.8,86,0,0,0.0,0,633,6,2,97,6.548471380186631e-05,0.00020932699508353792,108,509896,0.00013960848603418856
BATCH-2025-04717,9,Power IC,1543,2025-06-17,2025-06-27,1511,Sony,Taiwan,19,33.78,81,0,0,0.0,0,272,6,2,458,0.00014132799993781594,0.00029553061545999206,104,509780,0.00017735448108886377
BATCH-2025-04718,12,Motherboard,4000,2025-04-11,2025-04-18,3960,Amphenol,Germany,18,446.77,96,0,0,0.0,0,205,4,2,525,8.015372036339901e-05,0.00041034141517753633,113,576135,0.0002354934172429249
BATCH-2026-04719,28,Sensor,6519,2026-07-18,2026-08-07,6375,Kioxia,China,36,390.8,86,0,0,0.0,0,668,7,3,62,6.548471380186631e-05,0.00020932699508353792,108,509896,0.00016450590746445605
BATCH-2026-04720,10,Power IC,8178,2026-09-14,2026-09-20,8096,Panasonic,China,54,316.57,91,0,0,0.0,0,726,9,3,4,0.000144927638474753,0.0007549544377028447,94,435868,0.00017735448108886377
BATCH-2025-04721,15,Speaker,1128,2025-09-14,2025-09-25,1050,SK Hynix,Taiwan,40,342.16,65,0,0,0.0,0,361,9,3,369,0.00026051175061660777,0.0007352320636847295,93,436297,0.00019289953369198322
BATCH-2025-04722,20,Microcontroller,7038,2025-05-17,2025-06-06,6537,Delta Electronics,South Korea,30,335.57,68,0,0,0.0,0,241,5,2,489,0.00014552538396359592,0.00035285670745256997,82,427248,0.00013908905895273712
BATCH-2026-04723,44,PCB,7625,2026-03-01,2026-03-16,7439,Wistron,South Korea,50,232.01,87,0,0,0.0,0,529,3,1,201,0.00010336577465557791,0.000380745741124954,117,590216,0.0002244207567666141
BATCH-2026-04724,33,Power IC,6173,2026-03-13,2026-03-19,5796,Denso,Taiwan,41,277.68,84,0,0,0.0,0,541,3,1,189,0.00013528007016307464,0.0006519489677036868,119,602071,0.00017735448108886377
BATCH-2026-04725,48,Display,2413,2026-08-11,2026-08-27,2284,TE Connectivity,Germany,25,315.88,71,0,0,0.0,0,692,8,3,38,0.000215467021331229,0.0009668394253566584,108,542251,0.00016919115080672866
BATCH-2025-04726,33,Memory,2058,2025-11-05,2025-11-18,2037,Denso,Taiwan,41,277.68,84,0,0,0.0,0,413,11,4,317,0.00013528007016307464,0.0006519489677036868,119,602071,0.00013960848603418856
BATCH-2025-04727,39,Speaker,4752,2025-12-03,2025-12-11,4586,Lenovo,Taiwan,57,331.63,71,0,0,0.0,0,441,12,4,289,0.00017438124238925042,0.000501056949565781,101,560841,0.00019289953369198322
BATCH-2026-04728,25,Battery,5305,2026-08-05,2026-08-17,5252,Broadcom,USA,26,71.6,85,0,0,0.0,0,686,8,3,44,9.454505074439549e-05,0.0003137783114627588,84,481980,0.00021173401481822628
BATCH-2026-04729,38,Fan,4172,2026-03-26,2026-04-02,4060,Xiaomi,South Korea,52,142.13,62,0,0,0.0,0,554,3,1,176,0.0002941454324685746,0.0007248486269555904,106,537180,0.00012855165100050963
BATCH-2024-04730,16,Motherboard,9261,2024-12-03,2024-12-23,9063,Hitachi,China,57,483.82,88,0,0,0.0,0,76,12,4,654,8.336477286677332e-05,0.0004697935134049564,95,503392,0.0002354934172429249
BATCH-2025-04731,39,Speaker,9367,2025-07-25,2025-08-08,9273,Lenovo,Taiwan,57,331.63,71,0,0,0.0,0,310,7,3,420,0.00017438124238925042,0.000501056949565781,101,560841,0.00019289953369198322
BATCH-2025-04732,8,Power IC,9339,2025-07-02,2025-07-22,9082,LG Chem,South Korea,40,115.16,76,0,0,0.0,0,287,7,3,443,0.00013285380642027623,0.00028745834951003884,92,477433,0.00017735448108886377
BATCH-2026-04733,19,Sensor,763,2026-07-03,2026-07-11,745,Sumitomo,USA,36,238.9,64,0,0,0.0,0,653,7,3,77,0.00016876737493119937,0.00039378300837730447,91,458378,0.00016450590746445605
BATCH-2026-04734,34,Power IC,5215,2026-03-29,2026-04-03,5163,Renesas,China,19,153.37,81,0,0,0.0,0,557,3,1,173,0.00020629854890063796,0.000928870183527049,112,540044,0.00017735448108886377
BATCH-2024-04735,5,Fan,6357,2024-09-20,2024-09-25,6145,Apple,Japan,38,226.29,64,0,0,0.0,0,2,9,3,728,0.00029304167774806515,0.0010333897385835877,92,488005,0.00012855165100050963
BATCH-2025-04736,8,Sensor,5654,2025-09-14,2025-09-24,5528,LG Chem,South Korea,40,115.16,76,0,0,0.0,0,361,9,3,369,0.00013285380642027623,0.00028745834951003884,92,477433,0.00016450590746445605
BATCH-2025-04737,35,Motherboard,2474,2025-03-14,2025-03-25,2405,Nokia,Japan,42,219.49,61,0,0,0.0,0,177,3,1,553,0.00019787338089100073,0.0003538789829112609,102,503406,0.0002354934172429249
BATCH-2026-04738,33,Processor,4365,2026-03-21,2026-04-04,4223,Denso,Taiwan,41,277.68,84,0,0,0.0,0,549,3,1,181,0.00013528007016307464,0.0006519489677036868,119,602071,0.0001723848232239575
BATCH-2025-04739,45,Power IC,5736,2025-10-29,2025-11-07,5604,Pegatron,Taiwan,47,251.52,66,0,0,0.0,0,406,10,4,324,0.0001275169517997213,0.0003266025273992103,94,477190,0.00017735448108886377
BATCH-2026-04740,22,Battery,4961,2026-08-15,2026-08-27,4911,Flex,China,43,157.56,86,0,0,0.0,0,696,8,3,34,6.527455789884103e-05,0.00021075148645526503,94,530055,0.00021173401481822628
BATCH-2026-04741,46,Battery,8360,2026-03-01,2026-03-20,8152,Liteon,China,58,348.77,65,0,0,0.0,0,529,3,1,201,0.000177376316521378,0.0004995509860038717,96,502846,0.00021173401481822628
BATCH-2025-04742,7,Charger,6286,2025-11-20,2025-11-25,6095,Foxconn,USA,50,411.74,84,0,0,0.0,0,428,11,4,302,0.0003217144075727912,0.0015438669764764946,105,555087,0.0002259435803313693
BATCH-2026-04743,11,Connector,5896,2026-07-28,2026-08-02,5837,Murata,Japan,22,178.55,88,0,0,0.0,0,678,7,3,52,0.00015599689945027513,0.0009387029695731565,105,551463,0.00020757696267843906
BATCH-2025-04744,47,Processor,5722,2025-06-14,2025-07-03,5507,Molex,Japan,37,191.75,76,0,0,0.0,0,269,6,2,461,0.00015063481442028842,0.00045023343696729267,102,507171,0.0001723848232239575
BATCH-2025-04745,2,Fan,4948,2025-01-12,2025-01-30,4827,TSMC,South Korea,34,349.29,92,0,0,0.0,0,116,1,1,614,0.0001216095118122708,0.0004158402802419921,99,473547,0.00012855165100050963
BATCH-2026-04746,46,Power IC,3102,2026-03-18,2026-04-07,2910,Liteon,China,58,348.77,65,0,0,0.0,0,546,3,1,184,0.000177376316521378,0.0004995509860038717,96,502846,0.00017735448108886377
BATCH-2024-04747,19,Fan,9282,2024-09-22,2024-10-02,8955,Sumitomo,USA,36,238.9,64,0,0,0.0,0,4,9,3,726,0.00016876737493119937,0.00039378300837730447,91,458378,0.00012855165100050963
BATCH-2025-04748,28,Memory,236,2025-01-16,2025-02-02,226,Kioxia,China,36,390.8,86,0,0,0.0,0,120,1,1,610,6.548471380186631e-05,0.00020932699508353792,108,509896,0.00013960848603418856
BATCH-2026-04749,23,Camera,3150,2026-02-02,2026-02-15,3118,ASE,Japan,50,402.77,91,0,0,0.0,0,502,2,1,228,6.663525433902222e-05,0.00015954052120490043,90,441864,0.00017585459338616095
BATCH-2025-04750,7,Power IC,8676,2025-09-24,2025-10-06,8449,Foxconn,USA,50,411.74,84,0,0,0.0,0,371,9,3,359,0.0003217144075727912,0.0015438669764764946,105,555087,0.00017735448108886377
BATCH-2025-04751,7,Connector,6512,2025-05-28,2025-06-08,6333,Foxconn,USA,50,411.74,84,0,0,0.0,0,252,5,2,478,0.0003217144075727912,0.0015438669764764946,105,555087,0.00020757696267843906
BATCH-2026-04752,44,Display,4088,2026-03-31,2026-04-09,3972,Wistron,South Korea,50,232.01,87,0,0,0.0,0,559,3,1,171,0.00010336577465557791,0.000380745741124954,117,590216,0.00016919115080672866
BATCH-2025-04753,47,PCB,2933,2025-01-15,2025-01-30,2788,Molex,Japan,37,191.75,76,0,0,0.0,0,119,1,1,611,0.00015063481442028842,0.00045023343696729267,102,507171,0.0002244207567666141
BATCH-2025-04754,13,Motherboard,1685,2025-06-22,2025-07-03,1668,Onsemi,USA,46,98.93,89,0,0,0.0,0,277,6,2,453,0.00013306539717335389,0.0004888825988608853,89,428711,0.0002354934172429249
BATCH-2024-04755,31,Memory,1862,2024-10-26,2024-10-31,1836,Kyocera,USA,35,236.61,85,0,0,0.0,0,38,10,4,692,0.00018411673535101585,0.0009126920964599268,104,605811,0.00013960848603418856
BATCH-2024-04756,32,PCB,3995,2024-09-18,2024-09-26,3865,Canon,South Korea,54,382.97,81,0,0,0.0,0,0,9,3,730,8.286140374041643e-05,0.0002525478149158471,93,484783,0.0002244207567666141
BATCH-2026-04757,26,Processor,7790,2026-05-06,2026-05-14,7507,Texas Instruments,South Korea,53,5.67,67,0,0,0.0,0,595,5,2,135,0.0002658174764162671,0.0009122443285503541,102,493376,0.0001723848232239575
BATCH-2026-04758,41,Power IC,985,2026-01-03,2026-01-09,975,HP,Japan,60,204.38,85,0,0,0.0,0,472,1,1,258,0.00012231852387452777,0.00025339821295037224,87,408153,0.00017735448108886377
BATCH-2025-04759,49,Sensor,2982,2025-07-01,2025-07-09,2824,Coherent,USA,42,45.65,73,0,0,0.0,0,286,7,3,444,0.00034438539861380375,0.0009931063632699735,93,417736,0.00016450590746445605
BATCH-2026-04760,29,Power IC,6473,2026-01-17,2026-02-06,6367,Seagate,Japan,40,285.23,77,0,0,0.0,0,486,1,1,244,0.00016256441034907573,0.0004929460254392659,92,456988,0.00017735448108886377
BATCH-2026-04761,11,Sensor,4401,2026-08-20,2026-09-01,4158,Murata,Japan,22,178.55,88,0,0,0.0,0,701,8,3,29,0.00015599689945027513,0.0009387029695731565,105,551463,0.00016450590746445605
BATCH-2025-04762,35,Microcontroller,6734,2025-03-05,2025-03-10,6577,Nokia,Japan,42,219.49,61,0,0,0.0,0,168,3,1,562,0.00019787338089100073,0.0003538789829112609,102,503406,0.00013908905895273712
BATCH-2025-04763,1,Power IC,262,2025-02-22,2025-03-13,259,Samsung,USA,19,220.56,89,0,0,0.0,0,157,2,1,573,0.00017219294545324894,0.0013891588805521986,106,504263,0.00017735448108886377
BATCH-2025-04764,2,Charger,2930,2025-08-30,2025-09-12,2893,TSMC,South Korea,34,349.29,92,0,0,0.0,0,346,8,3,384,0.0001216095118122708,0.0004158402802419921,99,473547,0.0002259435803313693
BATCH-2026-04765,30,Speaker,225,2026-07-03,2026-07-23,213,Western Digital,Germany,16,59.04,65,0,0,0.0,0,653,7,3,77,0.00026662885278630423,0.0008545899187981254,93,459619,0.00019289953369198322
BATCH-2026-04766,5,PCB,1645,2026-07-19,2026-07-29,1621,Apple,Japan,38,226.29,64,0,0,0.0,0,669,7,3,61,0.00029304167774806515,0.0010333897385835877,92,488005,0.0002244207567666141
BATCH-2024-04767,34,Battery,5474,2024-11-11,2024-11-18,5359,Renesas,China,19,153.37,81,0,0,0.0,0,54,11,4,676,0.00020629854890063796,0.000928870183527049,112,540044,0.00021173401481822628
BATCH-2024-04768,39,Motherboard,9969,2024-12-27,2025-01-15,9869,Lenovo,Taiwan,57,331.63,71,0,0,0.0,0,100,12,4,630,0.00017438124238925042,0.000501056949565781,101,560841,0.0002354934172429249
BATCH-2024-04769,7,Display,5157,2024-09-25,2024-10-01,4845,Foxconn,USA,50,411.74,84,0,0,0.0,0,7,9,3,723,0.0003217144075727912,0.0015438669764764946,105,555087,0.00016919115080672866
BATCH-2025-04770,27,Microcontroller,2752,2025-05-17,2025-05-25,2724,Infineon,Taiwan,51,333.1,89,0,0,0.0,0,241,5,2,489,0.00011089276239704126,0.00035581711278072977,111,553940,0.00013908905895273712
BATCH-2025-04771,50,Fan,9140,2025-08-13,2025-08-28,8530,APC,South Korea,30,481.03,64,0,0,0.0,0,329,8,3,401,0.0002753509047441992,0.0007401953979905162,113,559124,0.00012855165100050963
BATCH-2025-04772,37,Memory,3792,2025-08-29,2025-09-10,3699,Huawei,USA,60,118.5,92,0,0,0.0,0,345,8,3,385,0.00010426815057621344,0.0003557497462935021,91,442918,0.00013960848603418856
BATCH-2025-04773,46,Motherboard,9344,2025-07-30,2025-08-04,9002,Liteon,China,58,348.77,65,0,0,0.0,0,315,7,3,415,0.000177376316521378,0.0004995509860038717,96,502846,0.0002354934172429249
BATCH-2025-04774,14,Memory,113,2025-05-12,2025-05-18,110,STMicroelectronics,South Korea,31,23.81,77,0,0,0.0,0,236,5,2,494,0.0001573864901705702,0.00046936123067953895,91,385139,0.00013960848603418856
BATCH-2026-04775,27,Speaker,2953,2026-05-08,2026-05-19,2923,Infineon,Taiwan,51,333.1,89,0,0,0.0,0,597,5,2,133,0.00011089276239704126,0.00035581711278072977,111,553940,0.00019289953369198322
BATCH-2025-04776,37,Microcontroller,9944,2025-11-20,2025-12-10,9707,Huawei,USA,60,118.5,92,0,0,0.0,0,428,11,4,302,0.00010426815057621344,0.0003557497462935021,91,442918,0.00013908905895273712
BATCH-2025-04777,47,Battery,4735,2025-01-07,2025-01-24,4688,Molex,Japan,37,191.75,76,0,0,0.0,0,111,1,1,619,0.00015063481442028842,0.00045023343696729267,102,507171,0.00021173401481822628
BATCH-2024-04778,45,Camera,3467,2024-12-11,2024-12-24,3396,Pegatron,Taiwan,47,251.52,66,0,0,0.0,0,84,12,4,646,0.0001275169517997213,0.0003266025273992103,94,477190,0.00017585459338616095
BATCH-2026-04779,29,Power IC,9137,2026-04-15,2026-04-24,9046,Seagate,Japan,40,285.23,77,0,0,0.0,0,574,4,2,156,0.00016256441034907573,0.0004929460254392659,92,456988,0.00017735448108886377
BATCH-2025-04780,29,Speaker,937,2025-08-01,2025-08-19,886,Seagate,Japan,40,285.23,77,0,0,0.0,0,317,8,3,413,0.00016256441034907573,0.0004929460254392659,92,456988,0.00019289953369198322
BATCH-2026-04781,28,Camera,3506,2026-09-01,2026-09-15,3471,Kioxia,China,36,390.8,86,0,0,0.0,0,713,9,3,17,6.548471380186631e-05,0.00020932699508353792,108,509896,0.00017585459338616095
BATCH-2025-04782,47,Power IC,9125,2025-05-14,2025-05-25,8619,Molex,Japan,37,191.75,76,0,0,0.0,0,238,5,2,492,0.00015063481442028842,0.00045023343696729267,102,507171,0.00017735448108886377
BATCH-2026-04783,7,Battery,3153,2026-06-17,2026-06-28,3121,Foxconn,USA,50,411.74,84,0,0,0.0,0,637,6,2,93,0.0003217144075727912,0.0015438669764764946,105,555087,0.00021173401481822628
BATCH-2025-04784,42,Memory,8498,2025-07-21,2025-08-05,8413,Acer,Germany,34,85.15,90,0,0,0.0,0,306,7,3,424,5.058942432590356e-05,0.0001440589145000144,106,511239,0.00013960848603418856
BATCH-2025-04785,3,Battery,7239,2025-08-29,2025-09-07,7023,Corning,Taiwan,24,487.86,63,0,0,0.0,0,345,8,3,385,0.0005290924687400791,0.0022824547846740364,105,511267,0.00021173401481822628
BATCH-2026-04786,39,Sensor,9164,2026-03-18,2026-04-02,8614,Lenovo,Taiwan,57,331.63,71,0,0,0.0,0,546,3,1,184,0.00017438124238925042,0.000501056949565781,101,560841,0.00016450590746445605
BATCH-2025-04787,23,Fan,7323,2025-11-29,2025-12-05,7233,ASE,Japan,50,402.77,91,0,0,0.0,0,437,11,4,293,6.663525433902222e-05,0.00015954052120490043,90,441864,0.00012855165100050963
BATCH-2025-04788,37,Speaker,3996,2025-11-10,2025-11-15,3907,Huawei,USA,60,118.5,92,0,0,0.0,0,418,11,4,312,0.00010426815057621344,0.0003557497462935021,91,442918,0.00019289953369198322
BATCH-2026-04789,48,Motherboard,4234,2026-08-26,2026-09-04,4030,TE Connectivity,Germany,25,315.88,71,0,0,0.0,0,707,8,3,23,0.000215467021331229,0.0009668394253566584,108,542251,0.0002354934172429249
BATCH-2025-04790,45,Processor,9808,2025-12-30,2026-01-06,9549,Pegatron,Taiwan,47,251.52,66,0,0,0.0,0,468,12,4,262,0.0001275169517997213,0.0003266025273992103,94,477190,0.0001723848232239575
BATCH-2026-04791,17,Motherboard,627,2026-07-11,2026-07-26,620,Mitsubishi,Japan,33,186.49,72,0,0,0.0,0,661,7,3,69,0.00014815223187369047,0.00046308585294764547,114,569061,0.0002354934172429249
BATCH-2025-04792,48,Camera,2128,2025-03-13,2025-03-20,1997,TE Connectivity,Germany,25,315.88,71,0,0,0.0,0,176,3,1,554,0.000215467021331229,0.0009668394253566584,108,542251,0.00017585459338616095
BATCH-2025-04793,22,Power IC,5435,2025-09-08,2025-09-16,5381,Flex,China,43,157.56,86,0,0,0.0,0,355,9,3,375,6.527455789884103e-05,0.00021075148645526503,94,530055,0.00017735448108886377
BATCH-2025-04794,6,Power IC,5717,2025-06-14,2025-06-30,5428,NVIDIA,Germany,38,463.53,74,0,0,0.0,0,269,6,2,461,0.00023377595866623649,0.0009271237760431065,104,528560,0.00017735448108886377
BATCH-2026-04795,41,Charger,7025,2026-01-16,2026-01-21,6931,HP,Japan,60,204.38,85,0,0,0.0,0,485,1,1,245,0.00012231852387452777,0.00025339821295037224,87,408153,0.0002259435803313693
BATCH-2025-04796,35,Fan,296,2025-01-27,2025-02-16,282,Nokia,Japan,42,219.49,61,0,0,0.0,0,131,1,1,599,0.00019787338089100073,0.0003538789829112609,102,503406,0.00012855165100050963
BATCH-2025-04797,31,Battery,4943,2025-11-04,2025-11-10,4824,Kyocera,USA,35,236.61,85,0,0,0.0,0,412,11,4,318,0.00018411673535101585,0.0009126920964599268,104,605811,0.00021173401481822628
BATCH-2024-04798,30,Battery,1997,2024-11-16,2024-12-06,1906,Western Digital,Germany,16,59.04,65,0,0,0.0,0,59,11,4,671,0.00026662885278630423,0.0008545899187981254,93,459619,0.00021173401481822628
BATCH-2026-04799,19,Battery,9496,2026-04-23,2026-05-10,9043,Sumitomo,USA,36,238.9,64,0,0,0.0,0,582,4,2,148,0.00016876737493119937,0.00039378300837730447,91,458378,0.00021173401481822628
BATCH-2025-04800,24,Sensor,3045,2025-05-06,2025-05-11,2924,Qualcomm,Germany,53,145.59,74,0,0,0.0,0,230,5,2,500,0.00017211444124561363,0.00048508112533674527,88,458321,0.00016450590746445605
BATCH-2025-04801,41,Microcontroller,555,2025-12-17,2025-12-23,547,HP,Japan,60,204.38,85,0,0,0.0,0,455,12,4,275,0.00012231852387452777,0.00025339821295037224,87,408153,0.00013908905895273712
BATCH-2026-04802,42,Motherboard,7678,2026-07-25,2026-08-06,7601,Acer,Germany,34,85.15,90,0,0,0.0,0,675,7,3,55,5.058942432590356e-05,0.0001440589145000144,106,511239,0.0002354934172429249
BATCH-2025-04803,27,Connector,3001,2025-12-15,2025-12-31,2961,Infineon,Taiwan,51,333.1,89,0,0,0.0,0,453,12,4,277,0.00011089276239704126,0.00035581711278072977,111,553940,0.00020757696267843906
BATCH-2026-04804,2,Connector,8009,2026-02-04,2026-02-10,7845,TSMC,South Korea,34,349.29,92,0,0,0.0,0,504,2,1,226,0.0001216095118122708,0.0004158402802419921,99,473547,0.00020757696267843906
BATCH-2025-04805,1,Fan,424,2025-03-30,2025-04-06,420,Samsung,USA,19,220.56,89,0,0,0.0,0,193,3,1,537,0.00017219294545324894,0.0013891588805521986,106,504263,0.00012855165100050963
BATCH-2025-04806,30,Microcontroller,7485,2025-08-24,2025-08-29,7029,Western Digital,Germany,16,59.04,65,0,0,0.0,0,340,8,3,390,0.00026662885278630423,0.0008545899187981254,93,459619,0.00013908905895273712
BATCH-2025-04807,11,Memory,3979,2025-05-31,2025-06-12,3792,Murata,Japan,22,178.55,88,0,0,0.0,0,255,5,2,475,0.00015599689945027513,0.0009387029695731565,105,551463,0.00013960848603418856
BATCH-2026-04808,38,Processor,1557,2026-01-24,2026-01-31,1411,Xiaomi,South Korea,52,142.13,62,0,0,0.0,0,493,1,1,237,0.0002941454324685746,0.0007248486269555904,106,537180,0.0001723848232239575
BATCH-2026-04809,22,Sensor,10000,2026-04-21,2026-05-06,9651,Flex,China,43,157.56,86,0,0,0.0,0,580,4,2,150,6.527455789884103e-05,0.00021075148645526503,94,530055,0.00016450590746445605
BATCH-2025-04810,8,Camera,7010,2025-07-12,2025-08-01,6534,LG Chem,South Korea,40,115.16,76,0,0,0.0,0,297,7,3,433,0.00013285380642027623,0.00028745834951003884,92,477433,0.00017585459338616095
BATCH-2025-04811,45,Fan,1150,2025-06-26,2025-07-16,1107,Pegatron,Taiwan,47,251.52,66,0,0,0.0,0,281,6,2,449,0.0001275169517997213,0.0003266025273992103,94,477190,0.00012855165100050963
BATCH-2026-04812,1,Microcontroller,2860,2026-04-05,2026-04-21,2758,Samsung,USA,19,220.56,89,0,0,0.0,0,564,4,2,166,0.00017219294545324894,0.0013891588805521986,106,504263,0.00013908905895273712
BATCH-2025-04813,32,Sensor,2449,2025-02-11,2025-02-24,2324,Canon,South Korea,54,382.97,81,0,0,0.0,0,146,2,1,584,8.286140374041643e-05,0.0002525478149158471,93,484783,0.00016450590746445605
BATCH-2026-04814,42,Speaker,4093,2026-02-16,2026-02-28,4052,Acer,Germany,34,85.15,90,0,0,0.0,0,516,2,1,214,5.058942432590356e-05,0.0001440589145000144,106,511239,0.00019289953369198322
BATCH-2026-04815,40,Display,809,2026-05-01,2026-05-19,786,Dell,China,20,392.38,81,0,0,0.0,0,590,5,2,140,0.00013234425192726218,0.0003712523513249762,101,498329,0.00016919115080672866
BATCH-2025-04816,29,Sensor,2995,2025-06-12,2025-06-21,2965,Seagate,Japan,40,285.23,77,0,0,0.0,0,267,6,2,463,0.00016256441034907573,0.0004929460254392659,92,456988,0.00016450590746445605
BATCH-2025-04817,34,Processor,3692,2025-01-20,2025-02-04,3655,Renesas,China,19,153.37,81,0,0,0.0,0,124,1,1,606,0.00020629854890063796,0.000928870183527049,112,540044,0.0001723848232239575
BATCH-2025-04818,50,Memory,297,2025-07-16,2025-07-25,282,APC,South Korea,30,481.03,64,0,0,0.0,0,301,7,3,429,0.0002753509047441992,0.0007401953979905162,113,559124,0.00013960848603418856
BATCH-2024-04819,35,Memory,9395,2024-11-07,2024-11-27,8695,Nokia,Japan,42,219.49,61,0,0,0.0,0,50,11,4,680,0.00019787338089100073,0.0003538789829112609,102,503406,0.00013960848603418856
BATCH-2024-04820,40,Processor,2210,2024-09-18,2024-10-05,1970,Dell,China,20,392.38,81,0,0,0.0,0,0,9,3,730,0.00013234425192726218,0.0003712523513249762,101,498329,0.0001723848232239575
BATCH-2026-04821,31,Connector,6409,2026-08-02,2026-08-12,6259,Kyocera,USA,35,236.61,85,0,0,0.0,0,683,8,3,47,0.00018411673535101585,0.0009126920964599268,104,605811,0.00020757696267843906
BATCH-2024-04822,45,Fan,4932,2024-12-20,2024-12-29,4773,Pegatron,Taiwan,47,251.52,66,0,0,0.0,0,93,12,4,637,0.0001275169517997213,0.0003266025273992103,94,477190,0.00012855165100050963
BATCH-2024-04823,29,Speaker,2025,2024-11-24,2024-12-06,1977,Seagate,Japan,40,285.23,77,0,0,0.0,0,67,11,4,663,0.00016256441034907573,0.0004929460254392659,92,456988,0.00019289953369198322
BATCH-2024-04824,46,Microcontroller,1057,2024-12-24,2025-01-11,1046,Liteon,China,58,348.77,65,0,0,0.0,0,97,12,4,633,0.000177376316521378,0.0004995509860038717,96,502846,0.00013908905895273712
BATCH-2025-04825,40,Charger,2987,2025-10-03,2025-10-16,2957,Dell,China,20,392.38,81,0,0,0.0,0,380,10,4,350,0.00013234425192726218,0.0003712523513249762,101,498329,0.0002259435803313693
BATCH-2025-04826,44,Camera,2882,2025-03-12,2025-03-27,2727,Wistron,South Korea,50,232.01,87,0,0,0.0,0,175,3,1,555,0.00010336577465557791,0.000380745741124954,117,590216,0.00017585459338616095
BATCH-2024-04827,39,Microcontroller,9589,2024-11-08,2024-11-24,8734,Lenovo,Taiwan,57,331.63,71,0,0,0.0,0,51,11,4,679,0.00017438124238925042,0.000501056949565781,101,560841,0.00013908905895273712
BATCH-2026-04828,26,Power IC,131,2026-06-11,2026-06-22,130,Texas Instruments,South Korea,53,5.67,67,0,0,0.0,0,631,6,2,99,0.0002658174764162671,0.0009122443285503541,102,493376,0.00017735448108886377
BATCH-2026-04829,46,Memory,2156,2026-03-06,2026-03-21,2051,Liteon,China,58,348.77,65,0,0,0.0,0,534,3,1,196,0.000177376316521378,0.0004995509860038717,96,502846,0.00013960848603418856
BATCH-2025-04830,4,Fan,2903,2025-10-04,2025-10-22,2869,Intel,China,48,393.46,88,0,0,0.0,0,381,10,4,349,0.00018841892264149143,0.0009961276293195824,96,400272,0.00012855165100050963
BATCH-2026-04831,10,Processor,6932,2026-08-22,2026-09-05,6651,Panasonic,China,54,316.57,91,0,0,0.0,0,703,8,3,27,0.000144927638474753,0.0007549544377028447,94,435868,0.0001723848232239575
BATCH-2025-04832,40,Memory,2773,2025-02-27,2025-03-13,2581,Dell,China,20,392.38,81,0,0,0.0,0,162,2,1,568,0.00013234425192726218,0.0003712523513249762,101,498329,0.00013960848603418856
BATCH-2026-04833,12,Charger,1744,2026-08-11,2026-08-28,1727,Amphenol,Germany,18,446.77,96,0,0,0.0,0,692,8,3,38,8.015372036339901e-05,0.00041034141517753633,113,576135,0.0002259435803313693
BATCH-2025-04834,17,Sensor,3879,2025-11-07,2025-11-13,3671,Mitsubishi,Japan,33,186.49,72,0,0,0.0,0,415,11,4,315,0.00014815223187369047,0.00046308585294764547,114,569061,0.00016450590746445605
BATCH-2026-04835,11,Battery,8614,2026-08-08,2026-08-26,8528,Murata,Japan,22,178.55,88,0,0,0.0,0,689,8,3,41,0.00015599689945027513,0.0009387029695731565,105,551463,0.00021173401481822628
BATCH-2025-04836,6,Processor,9218,2025-04-01,2025-04-16,9126,NVIDIA,Germany,38,463.53,74,0,0,0.0,0,195,4,2,535,0.00023377595866623649,0.0009271237760431065,104,528560,0.0001723848232239575
BATCH-2025-04837,45,Power IC,9987,2025-01-27,2025-02-15,9835,Pegatron,Taiwan,47,251.52,66,0,0,0.0,0,131,1,1,599,0.0001275169517997213,0.0003266025273992103,94,477190,0.00017735448108886377
BATCH-2024-04838,44,Display,5345,2024-12-11,2024-12-17,5292,Wistron,South Korea,50,232.01,87,0,0,0.0,0,84,12,4,646,0.00010336577465557791,0.000380745741124954,117,590216,0.00016919115080672866
BATCH-2026-04839,43,Microcontroller,1511,2026-05-17,2026-05-22,1488,ASUSTeK,USA,30,46.84,60,0,0,0.0,0,606,5,2,124,0.00044469895714356904,0.0012463320250862553,87,411235,0.00013908905895273712
BATCH-2026-04840,19,Motherboard,1298,2026-05-01,2026-05-19,1285,Sumitomo,USA,36,238.9,64,0,0,0.0,0,590,5,2,140,0.00016876737493119937,0.00039378300837730447,91,458378,0.0002354934172429249
BATCH-2025-04841,30,Power IC,3793,2025-06-13,2025-06-25,3642,Western Digital,Germany,16,59.04,65,0,0,0.0,0,268,6,2,462,0.00026662885278630423,0.0008545899187981254,93,459619,0.00017735448108886377
BATCH-2024-04842,50,Charger,5533,2024-09-20,2024-10-09,5432,APC,South Korea,30,481.03,64,0,0,0.0,0,2,9,3,728,0.0002753509047441992,0.0007401953979905162,113,559124,0.0002259435803313693
BATCH-2026-04843,8,Power IC,6830,2026-04-22,2026-04-27,6693,LG Chem,South Korea,40,115.16,76,0,0,0.0,0,581,4,2,149,0.00013285380642027623,0.00028745834951003884,92,477433,0.00017735448108886377
BATCH-2026-04844,32,Processor,667,2026-03-31,2026-04-16,660,Canon,South Korea,54,382.97,81,0,0,0.0,0,559,3,1,171,8.286140374041643e-05,0.0002525478149158471,93,484783,0.0001723848232239575
BATCH-2025-04845,30,Display,7675,2025-03-04,2025-03-10,7268,Western Digital,Germany,16,59.04,65,0,0,0.0,0,167,3,1,563,0.00026662885278630423,0.0008545899187981254,93,459619,0.00016919115080672866
BATCH-2025-04846,37,Memory,6940,2025-09-17,2025-10-03,6871,Huawei,USA,60,118.5,92,0,0,0.0,0,364,9,3,366,0.00010426815057621344,0.0003557497462935021,91,442918,0.00013960848603418856
BATCH-2025-04847,12,Camera,8111,2025-06-17,2025-07-03,8030,Amphenol,Germany,18,446.77,96,0,0,0.0,0,272,6,2,458,8.015372036339901e-05,0.00041034141517753633,113,576135,0.00017585459338616095
BATCH-2026-04848,18,Sensor,7464,2026-07-24,2026-08-11,7301,Bosch,Germany,18,96.36,77,0,0,0.0,0,674,7,3,56,0.00021806730730221415,0.0007021012099867912,110,557568,0.00016450590746445605
BATCH-2025-04849,38,Motherboard,4183,2025-05-05,2025-05-10,4140,Xiaomi,South Korea,52,142.13,62,0,0,0.0,0,229,5,2,501,0.0002941454324685746,0.0007248486269555904,106,537180,0.0002354934172429249
BATCH-2025-04850,42,Power IC,5557,2025-01-21,2025-02-03,5501,Acer,Germany,34,85.15,90,0,0,0.0,0,125,1,1,605,5.058942432590356e-05,0.0001440589145000144,106,511239,0.00017735448108886377
BATCH-2024-04851,37,Microcontroller,4602,2024-12-05,2024-12-14,4539,Huawei,USA,60,118.5,92,0,0,0.0,0,78,12,4,652,0.00010426815057621344,0.0003557497462935021,91,442918,0.00013908905895273712
BATCH-2026-04852,7,Battery,5192,2026-09-16,2026-09-25,5140,Foxconn,USA,50,411.74,84,0,0,0.0,0,728,9,3,2,0.0003217144075727912,0.0015438669764764946,105,555087,0.00021173401481822628
BATCH-2026-04853,31,Battery,2754,2026-06-13,2026-06-27,2547,Kyocera,USA,35,236.61,85,0,0,0.0,0,633,6,2,97,0.00018411673535101585,0.0009126920964599268,104,605811,0.00021173401481822628
BATCH-2024-04854,29,Microcontroller,3995,2024-09-26,2024-10-15,3861,Seagate,Japan,40,285.23,77,0,0,0.0,0,8,9,3,722,0.00016256441034907573,0.0004929460254392659,92,456988,0.00013908905895273712
BATCH-2026-04855,14,Processor,2282,2026-01-08,2026-01-21,2161,STMicroelectronics,South Korea,31,23.81,77,0,0,0.0,0,477,1,1,253,0.0001573864901705702,0.00046936123067953895,91,385139,0.0001723848232239575
BATCH-2025-04856,8,Speaker,8656,2025-03-23,2025-04-11,8524,LG Chem,South Korea,40,115.16,76,0,0,0.0,0,186,3,1,544,0.00013285380642027623,0.00028745834951003884,92,477433,0.00019289953369198322
BATCH-2026-04857,17,Fan,8104,2026-03-03,2026-03-14,7640,Mitsubishi,Japan,33,186.49,72,0,0,0.0,0,531,3,1,199,0.00014815223187369047,0.00046308585294764547,114,569061,0.00012855165100050963
BATCH-2026-04858,39,Memory,5122,2026-08-24,2026-09-13,4787,Lenovo,Taiwan,57,331.63,71,0,0,0.0,0,705,8,3,25,0.00017438124238925042,0.000501056949565781,101,560841,0.00013960848603418856
BATCH-2025-04859,21,Memory,6804,2025-05-08,2025-05-13,6736,Jabil,Taiwan,58,416.67,76,0,0,0.0,0,232,5,2,498,0.00034128023110612925,0.0012045823376322067,117,579869,0.00013960848603418856
BATCH-2026-04860,42,Charger,4393,2026-03-27,2026-04-13,4272,Acer,Germany,34,85.15,90,0,0,0.0,0,555,3,1,175,5.058942432590356e-05,0.0001440589145000144,106,511239,0.0002259435803313693
BATCH-2025-04861,21,Camera,4421,2025-03-28,2025-04-02,4270,Jabil,Taiwan,58,416.67,76,0,0,0.0,0,191,3,1,539,0.00034128023110612925,0.0012045823376322067,117,579869,0.00017585459338616095
BATCH-2024-04862,36,Connector,4086,2024-10-04,2024-10-17,3838,Ericsson,Germany,60,205.45,68,0,0,0.0,0,16,10,4,714,0.00016582352511078637,0.0003750099810004351,109,536222,0.00020757696267843906
BATCH-2025-04863,19,PCB,3967,2025-01-31,2025-02-10,3647,Sumitomo,USA,36,238.9,64,0,0,0.0,0,135,1,1,595,0.00016876737493119937,0.00039378300837730447,91,458378,0.0002244207567666141
BATCH-2026-04864,45,Speaker,7478,2026-03-21,2026-04-03,7378,Pegatron,Taiwan,47,251.52,66,0,0,0.0,0,549,3,1,181,0.0001275169517997213,0.0003266025273992103,94,477190,0.00019289953369198322
BATCH-2025-04865,35,Speaker,1126,2025-10-01,2025-10-14,1073,Nokia,Japan,42,219.49,61,0,0,0.0,0,378,10,4,352,0.00019787338089100073,0.0003538789829112609,102,503406,0.00019289953369198322
BATCH-2025-04866,16,Battery,2387,2025-02-19,2025-03-05,2363,Hitachi,China,57,483.82,88,0,0,0.0,0,154,2,1,576,8.336477286677332e-05,0.0004697935134049564,95,503392,0.00021173401481822628
BATCH-2026-04867,5,Speaker,9352,2026-05-09,2026-05-26,9095,Apple,Japan,38,226.29,64,0,0,0.0,0,598,5,2,132,0.00029304167774806515,0.0010333897385835877,92,488005,0.00019289953369198322
BATCH-2025-04868,16,Battery,1483,2025-01-30,2025-02-09,1468,Hitachi,China,57,483.82,88,0,0,0.0,0,134,1,1,596,8.336477286677332e-05,0.0004697935134049564,95,503392,0.00021173401481822628
BATCH-2026-04869,36,Power IC,1837,2026-06-13,2026-06-18,1692,Ericsson,Germany,60,205.45,68,0,0,0.0,0,633,6,2,97,0.00016582352511078637,0.0003750099810004351,109,536222,0.00017735448108886377
BATCH-2026-04870,50,Battery,6979,2026-04-30,2026-05-12,6909,APC,South Korea,30,481.03,64,0,0,0.0,0,589,4,2,141,0.0002753509047441992,0.0007401953979905162,113,559124,0.00021173401481822628
BATCH-2025-04871,24,Charger,9040,2025-05-26,2025-06-03,8530,Qualcomm,Germany,53,145.59,74,0,0,0.0,0,250,5,2,480,0.00017211444124561363,0.00048508112533674527,88,458321,0.0002259435803313693
BATCH-2025-04872,34,Memory,3253,2025-03-25,2025-03-31,3043,Renesas,China,19,153.37,81,0,0,0.0,0,188,3,1,542,0.00020629854890063796,0.000928870183527049,112,540044,0.00013960848603418856
BATCH-2025-04873,21,Motherboard,8063,2025-10-30,2025-11-05,7897,Jabil,Taiwan,58,416.67,76,0,0,0.0,0,407,10,4,323,0.00034128023110612925,0.0012045823376322067,117,579869,0.0002354934172429249
BATCH-2025-04874,1,Display,7808,2025-06-12,2025-06-28,7627,Samsung,USA,19,220.56,89,0,0,0.0,0,267,6,2,463,0.00017219294545324894,0.0013891588805521986,106,504263,0.00016919115080672866
BATCH-2025-04875,7,Sensor,4849,2025-08-03,2025-08-23,4658,Foxconn,USA,50,411.74,84,0,0,0.0,0,319,8,3,411,0.0003217144075727912,0.0015438669764764946,105,555087,0.00016450590746445605
BATCH-2026-04876,33,Sensor,3780,2026-08-08,2026-08-18,3730,Denso,Taiwan,41,277.68,84,0,0,0.0,0,689,8,3,41,0.00013528007016307464,0.0006519489677036868,119,602071,0.00016450590746445605
BATCH-2026-04877,9,Processor,4237,2026-07-30,2026-08-05,4119,Sony,Taiwan,19,33.78,81,0,0,0.0,0,680,7,3,50,0.00014132799993781594,0.00029553061545999206,104,509780,0.0001723848232239575
BATCH-2025-04878,49,Processor,9017,2025-11-19,2025-11-26,8463,Coherent,USA,42,45.65,73,0,0,0.0,0,427,11,4,303,0.00034438539861380375,0.0009931063632699735,93,417736,0.0001723848232239575
BATCH-2025-04879,32,Speaker,2096,2025-06-07,2025-06-14,2041,Canon,South Korea,54,382.97,81,0,0,0.0,0,262,6,2,468,8.286140374041643e-05,0.0002525478149158471,93,484783,0.00019289953369198322
BATCH-2025-04880,27,Speaker,2020,2025-10-18,2025-11-07,1930,Infineon,Taiwan,51,333.1,89,0,0,0.0,0,395,10,4,335,0.00011089276239704126,0.00035581711278072977,111,553940,0.00019289953369198322
BATCH-2026-04881,36,Processor,2145,2026-08-08,2026-08-13,2086,Ericsson,Germany,60,205.45,68,0,0,0.0,0,689,8,3,41,0.00016582352511078637,0.0003750099810004351,109,536222,0.0001723848232239575
BATCH-2026-04882,22,Camera,2829,2026-03-27,2026-04-01,2744,Flex,China,43,157.56,86,0,0,0.0,0,555,3,1,175,6.527455789884103e-05,0.00021075148645526503,94,530055,0.00017585459338616095
BATCH-2025-04883,42,Connector,444,2025-10-02,2025-10-17,437,Acer,Germany,34,85.15,90,0,0,0.0,0,379,10,4,351,5.058942432590356e-05,0.0001440589145000144,106,511239,0.00020757696267843906
BATCH-2026-04884,23,Fan,9123,2026-08-22,2026-09-01,9032,ASE,Japan,50,402.77,91,0,0,0.0,0,703,8,3,27,6.663525433902222e-05,0.00015954052120490043,90,441864,0.00012855165100050963
BATCH-2026-04885,23,Fan,6512,2026-07-27,2026-08-01,6447,ASE,Japan,50,402.77,91,0,0,0.0,0,677,7,3,53,6.663525433902222e-05,0.00015954052120490043,90,441864,0.00012855165100050963
BATCH-2026-04886,36,Motherboard,2032,2026-07-10,2026-07-29,1948,Ericsson,Germany,60,205.45,68,0,0,0.0,0,660,7,3,70,0.00016582352511078637,0.0003750099810004351,109,536222,0.0002354934172429249
BATCH-2026-04887,20,Fan,3271,2026-02-25,2026-03-03,3139,Delta Electronics,South Korea,30,335.57,68,0,0,0.0,0,525,2,1,205,0.00014552538396359592,0.00035285670745256997,82,427248,0.00012855165100050963
BATCH-2026-04888,11,Motherboard,9682,2026-08-23,2026-08-28,9143,Murata,Japan,22,178.55,88,0,0,0.0,0,704,8,3,26,0.00015599689945027513,0.0009387029695731565,105,551463,0.0002354934172429249
BATCH-2024-04889,47,Microcontroller,7231,2024-12-03,2024-12-19,6961,Molex,Japan,37,191.75,76,0,0,0.0,0,76,12,4,654,0.00015063481442028842,0.00045023343696729267,102,507171,0.00013908905895273712
BATCH-2026-04890,14,Battery,8454,2026-09-09,2026-09-22,8369,STMicroelectronics,South Korea,31,23.81,77,0,0,0.0,0,721,9,3,9,0.0001573864901705702,0.00046936123067953895,91,385139,0.00021173401481822628
BATCH-2025-04891,14,Display,2911,2025-06-19,2025-06-30,2882,STMicroelectronics,South Korea,31,23.81,77,0,0,0.0,0,274,6,2,456,0.0001573864901705702,0.00046936123067953895,91,385139,0.00016919115080672866
BATCH-2025-04892,17,Charger,8418,2025-11-02,2025-11-07,8083,Mitsubishi,Japan,33,186.49,72,0,0,0.0,0,410,11,4,320,0.00014815223187369047,0.00046308585294764547,114,569061,0.0002259435803313693
BATCH-2025-04893,10,Fan,3029,2025-12-21,2026-01-02,2954,Panasonic,China,54,316.57,91,0,0,0.0,0,459,12,4,271,0.000144927638474753,0.0007549544377028447,94,435868,0.00012855165100050963
BATCH-2025-04894,32,Charger,5726,2025-03-27,2025-04-07,5669,Canon,South Korea,54,382.97,81,0,0,0.0,0,190,3,1,540,8.286140374041643e-05,0.0002525478149158471,93,484783,0.0002259435803313693
BATCH-2024-04895,10,Power IC,1087,2024-09-18,2024-10-06,1076,Panasonic,China,54,316.57,91,0,0,0.0,0,0,9,3,730,0.000144927638474753,0.0007549544377028447,94,435868,0.00017735448108886377
BATCH-2025-04896,14,Sensor,4605,2025-08-04,2025-08-11,4465,STMicroelectronics,South Korea,31,23.81,77,0,0,0.0,0,320,8,3,410,0.0001573864901705702,0.00046936123067953895,91,385139,0.00016450590746445605
BATCH-2025-04897,25,Camera,6453,2025-10-23,2025-11-03,6317,Broadcom,USA,26,71.6,85,0,0,0.0,0,400,10,4,330,9.454505074439549e-05,0.0003137783114627588,84,481980,0.00017585459338616095
BATCH-2026-04898,27,Fan,6176,2026-01-08,2026-01-28,6114,Infineon,Taiwan,51,333.1,89,0,0,0.0,0,477,1,1,253,0.00011089276239704126,0.00035581711278072977,111,553940,0.00012855165100050963
BATCH-2025-04899,40,Memory,2455,2025-12-16,2026-01-04,2430,Dell,China,20,392.38,81,0,0,0.0,0,454,12,4,276,0.00013234425192726218,0.0003712523513249762,101,498329,0.00013960848603418856
BATCH-2025-04900,44,Battery,506,2025-07-09,2025-07-17,486,Wistron,South Korea,50,232.01,87,0,0,0.0,0,294,7,3,436,0.00010336577465557791,0.000380745741124954,117,590216,0.00021173401481822628
BATCH-2024-04901,27,Motherboard,1197,2024-10-21,2024-11-03,1166,Infineon,Taiwan,51,333.1,89,0,0,0.0,0,33,10,4,697,0.00011089276239704126,0.00035581711278072977,111,553940,0.0002354934172429249
BATCH-2026-04902,46,Fan,6065,2026-02-12,2026-02-21,6004,Liteon,China,58,348.77,65,0,0,0.0,0,512,2,1,218,0.000177376316521378,0.0004995509860038717,96,502846,0.00012855165100050963
BATCH-2026-04903,11,Sensor,9545,2026-03-18,2026-04-05,9134,Murata,Japan,22,178.55,88,0,0,0.0,0,546,3,1,184,0.00015599689945027513,0.0009387029695731565,105,551463,0.00016450590746445605
BATCH-2026-04904,25,Power IC,7330,2026-05-13,2026-06-01,7257,Broadcom,USA,26,71.6,85,0,0,0.0,0,602,5,2,128,9.454505074439549e-05,0.0003137783114627588,84,481980,0.00017735448108886377
BATCH-2025-04905,36,Motherboard,245,2025-09-09,2025-09-29,243,Ericsson,Germany,60,205.45,68,0,0,0.0,0,356,9,3,374,0.00016582352511078637,0.0003750099810004351,109,536222,0.0002354934172429249
BATCH-2025-04906,46,Fan,9310,2025-05-17,2025-06-03,8857,Liteon,China,58,348.77,65,0,0,0.0,0,241,5,2,489,0.000177376316521378,0.0004995509860038717,96,502846,0.00012855165100050963
BATCH-2026-04907,2,Processor,1539,2026-03-12,2026-03-23,1458,TSMC,South Korea,34,349.29,92,0,0,0.0,0,540,3,1,190,0.0001216095118122708,0.0004158402802419921,99,473547,0.0001723848232239575
BATCH-2025-04908,35,Motherboard,9765,2025-05-09,2025-05-22,9667,Nokia,Japan,42,219.49,61,0,0,0.0,0,233,5,2,497,0.00019787338089100073,0.0003538789829112609,102,503406,0.0002354934172429249
BATCH-2024-04909,32,Memory,8347,2024-10-08,2024-10-16,8171,Canon,South Korea,54,382.97,81,0,0,0.0,0,20,10,4,710,8.286140374041643e-05,0.0002525478149158471,93,484783,0.00013960848603418856
BATCH-2025-04910,29,Speaker,142,2025-09-10,2025-09-28,134,Seagate,Japan,40,285.23,77,0,0,0.0,0,357,9,3,373,0.00016256441034907573,0.0004929460254392659,92,456988,0.00019289953369198322
BATCH-2026-04911,24,Display,2212,2026-05-29,2026-06-08,2190,Qualcomm,Germany,53,145.59,74,0,0,0.0,0,618,5,2,112,0.00017211444124561363,0.00048508112533674527,88,458321,0.00016919115080672866
BATCH-2024-04912,39,Microcontroller,2527,2024-10-10,2024-10-19,2355,Lenovo,Taiwan,57,331.63,71,0,0,0.0,0,22,10,4,708,0.00017438124238925042,0.000501056949565781,101,560841,0.00013908905895273712
BATCH-2025-04913,10,Camera,5918,2025-05-13,2025-05-28,5717,Panasonic,China,54,316.57,91,0,0,0.0,0,237,5,2,493,0.000144927638474753,0.0007549544377028447,94,435868,0.00017585459338616095
BATCH-2024-04914,47,Microcontroller,7387,2024-11-06,2024-11-26,7176,Molex,Japan,37,191.75,76,0,0,0.0,0,49,11,4,681,0.00015063481442028842,0.00045023343696729267,102,507171,0.00013908905895273712
BATCH-2026-04915,32,Camera,5391,2026-01-11,2026-01-16,5337,Canon,South Korea,54,382.97,81,0,0,0.0,0,480,1,1,250,8.286140374041643e-05,0.0002525478149158471,93,484783,0.00017585459338616095
BATCH-2025-04916,22,Battery,7834,2025-07-16,2025-07-21,7749,Flex,China,43,157.56,86,0,0,0.0,0,301,7,3,429,6.527455789884103e-05,0.00021075148645526503,94,530055,0.00021173401481822628
BATCH-2025-04917,8,Memory,2562,2025-12-26,2026-01-15,2468,LG Chem,South Korea,40,115.16,76,0,0,0.0,0,464,12,4,266,0.00013285380642027623,0.00028745834951003884,92,477433,0.00013960848603418856
BATCH-2024-04918,16,Connector,8901,2024-11-11,2024-11-30,8780,Hitachi,China,57,483.82,88,0,0,0.0,0,54,11,4,676,8.336477286677332e-05,0.0004697935134049564,95,503392,0.00020757696267843906
BATCH-2025-04919,18,Power IC,7252,2025-05-06,2025-05-18,7125,Bosch,Germany,18,96.36,77,0,0,0.0,0,230,5,2,500,0.00021806730730221415,0.0007021012099867912,110,557568,0.00017735448108886377
BATCH-2026-04920,10,Fan,1874,2026-01-15,2026-01-25,1855,Panasonic,China,54,316.57,91,0,0,0.0,0,484,1,1,246,0.000144927638474753,0.0007549544377028447,94,435868,0.00012855165100050963
BATCH-2025-04921,48,PCB,4733,2025-09-14,2025-09-24,4614,TE Connectivity,Germany,25,315.88,71,0,0,0.0,0,361,9,3,369,0.000215467021331229,0.0009668394253566584,108,542251,0.0002244207567666141
BATCH-2026-04922,22,Charger,8772,2026-09-02,2026-09-07,8684,Flex,China,43,157.56,86,0,0,0.0,0,714,9,3,16,6.527455789884103e-05,0.00021075148645526503,94,530055,0.0002259435803313693
BATCH-2026-04923,33,Power IC,8801,2026-02-12,2026-03-02,8420,Denso,Taiwan,41,277.68,84,0,0,0.0,0,512,2,1,218,0.00013528007016307464,0.0006519489677036868,119,602071,0.00017735448108886377
BATCH-2025-04924,41,Charger,3533,2025-06-06,2025-06-15,3498,HP,Japan,60,204.38,85,0,0,0.0,0,261,6,2,469,0.00012231852387452777,0.00025339821295037224,87,408153,0.0002259435803313693
BATCH-2025-04925,14,Charger,7120,2025-05-15,2025-05-21,6801,STMicroelectronics,South Korea,31,23.81,77,0,0,0.0,0,239,5,2,491,0.0001573864901705702,0.00046936123067953895,91,385139,0.0002259435803313693
BATCH-2025-04926,1,Speaker,699,2025-11-03,2025-11-12,668,Samsung,USA,19,220.56,89,0,0,0.0,0,411,11,4,319,0.00017219294545324894,0.0013891588805521986,106,504263,0.00019289953369198322
BATCH-2025-04927,42,Motherboard,5059,2025-11-14,2025-12-03,4718,Acer,Germany,34,85.15,90,0,0,0.0,0,422,11,4,308,5.058942432590356e-05,0.0001440589145000144,106,511239,0.0002354934172429249
BATCH-2025-04928,34,Microcontroller,8106,2025-06-11,2025-06-20,7814,Renesas,China,19,153.37,81,0,0,0.0,0,266,6,2,464,0.00020629854890063796,0.000928870183527049,112,540044,0.00013908905895273712
BATCH-2025-04929,22,Camera,7999,2025-12-18,2026-01-06,7791,Flex,China,43,157.56,86,0,0,0.0,0,456,12,4,274,6.527455789884103e-05,0.00021075148645526503,94,530055,0.00017585459338616095
BATCH-2025-04930,28,Power IC,3693,2025-02-14,2025-03-03,3656,Kioxia,China,36,390.8,86,0,0,0.0,0,149,2,1,581,6.548471380186631e-05,0.00020932699508353792,108,509896,0.00017735448108886377
BATCH-2025-04931,49,Microcontroller,4996,2025-04-21,2025-04-28,4946,Coherent,USA,42,45.65,73,0,0,0.0,0,215,4,2,515,0.00034438539861380375,0.0009931063632699735,93,417736,0.00013908905895273712
BATCH-2026-04932,32,Motherboard,4761,2026-01-29,2026-02-13,4533,Canon,South Korea,54,382.97,81,0,0,0.0,0,498,1,1,232,8.286140374041643e-05,0.0002525478149158471,93,484783,0.0002354934172429249
BATCH-2025-04933,2,Power IC,9757,2025-10-31,2025-11-13,9659,TSMC,South Korea,34,349.29,92,0,0,0.0,0,408,10,4,322,0.0001216095118122708,0.0004158402802419921,99,473547,0.00017735448108886377
BATCH-2026-04934,31,Microcontroller,801,2026-05-05,2026-05-12,735,Kyocera,USA,35,236.61,85,0,0,0.0,0,594,5,2,136,0.00018411673535101585,0.0009126920964599268,104,605811,0.00013908905895273712
BATCH-2024-04935,32,Fan,3014,2024-10-06,2024-10-15,2932,Canon,South Korea,54,382.97,81,0,0,0.0,0,18,10,4,712,8.286140374041643e-05,0.0002525478149158471,93,484783,0.00012855165100050963
BATCH-2026-04936,28,Fan,5661,2026-01-21,2026-02-06,5241,Kioxia,China,36,390.8,86,0,0,0.0,0,490,1,1,240,6.548471380186631e-05,0.00020932699508353792,108,509896,0.00012855165100050963
BATCH-2026-04937,49,Motherboard,3039,2026-04-09,2026-04-17,2950,Coherent,USA,42,45.65,73,0,0,0.0,0,568,4,2,162,0.00034438539861380375,0.0009931063632699735,93,417736,0.0002354934172429249
BATCH-2025-04938,4,Sensor,2691,2025-04-05,2025-04-24,2606,Intel,China,48,393.46,88,0,0,0.0,0,199,4,2,531,0.00018841892264149143,0.0009961276293195824,96,400272,0.00016450590746445605
BATCH-2025-04939,13,Display,725,2025-03-14,2025-04-01,696,Onsemi,USA,46,98.93,89,0,0,0.0,0,177,3,1,553,0.00013306539717335389,0.0004888825988608853,89,428711,0.00016919115080672866
BATCH-2026-04940,23,Processor,1185,2026-07-21,2026-08-04,1173,ASE,Japan,50,402.77,91,0,0,0.0,0,671,7,3,59,6.663525433902222e-05,0.00015954052120490043,90,441864,0.0001723848232239575
BATCH-2026-04941,42,Speaker,2651,2026-01-04,2026-01-09,2624,Acer,Germany,34,85.15,90,0,0,0.0,0,473,1,1,257,5.058942432590356e-05,0.0001440589145000144,106,511239,0.00019289953369198322
BATCH-2026-04942,13,Motherboard,1003,2026-07-11,2026-07-29,964,Onsemi,USA,46,98.93,89,0,0,0.0,0,661,7,3,69,0.00013306539717335389,0.0004888825988608853,89,428711,0.0002354934172429249
BATCH-2025-04943,22,Power IC,6338,2025-05-29,2025-06-04,6177,Flex,China,43,157.56,86,0,0,0.0,0,253,5,2,477,6.527455789884103e-05,0.00021075148645526503,94,530055,0.00017735448108886377
BATCH-2025-04944,31,Power IC,5733,2025-09-18,2025-09-23,5543,Kyocera,USA,35,236.61,85,0,0,0.0,0,365,9,3,365,0.00018411673535101585,0.0009126920964599268,104,605811,0.00017735448108886377
BATCH-2025-04945,17,Sensor,7938,2025-12-15,2025-12-29,7859,Mitsubishi,Japan,33,186.49,72,0,0,0.0,0,453,12,4,277,0.00014815223187369047,0.00046308585294764547,114,569061,0.00016450590746445605
BATCH-2026-04946,22,Speaker,4093,2026-05-24,2026-06-13,4000,Flex,China,43,157.56,86,0,0,0.0,0,613,5,2,117,6.527455789884103e-05,0.00021075148645526503,94,530055,0.00019289953369198322
BATCH-2025-04947,14,Connector,2568,2025-06-12,2025-06-28,2483,STMicroelectronics,South Korea,31,23.81,77,0,0,0.0,0,267,6,2,463,0.0001573864901705702,0.00046936123067953895,91,385139,0.00020757696267843906
BATCH-2025-04948,34,Battery,1940,2025-10-19,2025-10-27,1894,Renesas,China,19,153.37,81,0,0,0.0,0,396,10,4,334,0.00020629854890063796,0.000928870183527049,112,540044,0.00021173401481822628
BATCH-2026-04949,8,Motherboard,2937,2026-02-21,2026-03-08,2821,LG Chem,South Korea,40,115.16,76,0,0,0.0,0,521,2,1,209,0.00013285380642027623,0.00028745834951003884,92,477433,0.0002354934172429249
BATCH-2026-04950,10,Display,7666,2026-06-05,2026-06-25,7588,Panasonic,China,54,316.57,91,0,0,0.0,0,625,6,2,105,0.000144927638474753,0.0007549544377028447,94,435868,0.00016919115080672866
BATCH-2025-04951,42,Charger,6293,2025-05-30,2025-06-07,6150,Acer,Germany,34,85.15,90,0,0,0.0,0,254,5,2,476,5.058942432590356e-05,0.0001440589145000144,106,511239,0.0002259435803313693
BATCH-2025-04952,32,Memory,2015,2025-02-05,2025-02-22,1918,Canon,South Korea,54,382.97,81,0,0,0.0,0,140,2,1,590,8.286140374041643e-05,0.0002525478149158471,93,484783,0.00013960848603418856
BATCH-2025-04953,8,Battery,3968,2025-06-28,2025-07-10,3928,LG Chem,South Korea,40,115.16,76,0,0,0.0,0,283,6,2,447,0.00013285380642027623,0.00028745834951003884,92,477433,0.00021173401481822628
BATCH-2025-04954,7,PCB,4062,2025-08-28,2025-09-03,4021,Foxconn,USA,50,411.74,84,0,0,0.0,0,344,8,3,386,0.0003217144075727912,0.0015438669764764946,105,555087,0.0002244207567666141
BATCH-2026-04955,38,Fan,3680,2026-06-27,2026-07-13,3536,Xiaomi,South Korea,52,142.13,62,0,0,0.0,0,647,6,2,83,0.0002941454324685746,0.0007248486269555904,106,537180,0.00012855165100050963
BATCH-2026-04956,1,Speaker,1027,2026-01-30,2026-02-16,1007,Samsung,USA,19,220.56,89,0,0,0.0,0,499,1,1,231,0.00017219294545324894,0.0013891588805521986,106,504263,0.00019289953369198322
BATCH-2025-04957,27,Power IC,600,2025-12-09,2025-12-21,591,Infineon,Taiwan,51,333.1,89,0,0,0.0,0,447,12,4,283,0.00011089276239704126,0.00035581711278072977,111,553940,0.00017735448108886377
BATCH-2026-04958,19,Microcontroller,6755,2026-07-31,2026-08-12,6245,Sumitomo,USA,36,238.9,64,0,0,0.0,0,681,7,3,49,0.00016876737493119937,0.00039378300837730447,91,458378,0.00013908905895273712
BATCH-2026-04959,26,Power IC,7368,2026-04-21,2026-05-08,7041,Texas Instruments,South Korea,53,5.67,67,0,0,0.0,0,580,4,2,150,0.0002658174764162671,0.0009122443285503541,102,493376,0.00017735448108886377
BATCH-2026-04960,30,PCB,8493,2026-05-20,2026-05-25,8408,Western Digital,Germany,16,59.04,65,0,0,0.0,0,609,5,2,121,0.00026662885278630423,0.0008545899187981254,93,459619,0.0002244207567666141
BATCH-2025-04961,13,Connector,1064,2025-02-06,2025-02-11,1053,Onsemi,USA,46,98.93,89,0,0,0.0,0,141,2,1,589,0.00013306539717335389,0.0004888825988608853,89,428711,0.00020757696267843906
BATCH-2025-04962,49,Processor,3419,2025-07-31,2025-08-07,3081,Coherent,USA,42,45.65,73,0,0,0.0,0,316,7,3,414,0.00034438539861380375,0.0009931063632699735,93,417736,0.0001723848232239575
BATCH-2024-04963,43,PCB,8327,2024-11-08,2024-11-21,8017,ASUSTeK,USA,30,46.84,60,0,0,0.0,0,51,11,4,679,0.00044469895714356904,0.0012463320250862553,87,411235,0.0002244207567666141
BATCH-2025-04964,29,Memory,7186,2025-02-17,2025-03-01,6523,Seagate,Japan,40,285.23,77,0,0,0.0,0,152,2,1,578,0.00016256441034907573,0.0004929460254392659,92,456988,0.00013960848603418856
BATCH-2026-04965,30,Memory,7526,2026-07-14,2026-07-22,7325,Western Digital,Germany,16,59.04,65,0,0,0.0,0,664,7,3,66,0.00026662885278630423,0.0008545899187981254,93,459619,0.00013960848603418856
BATCH-2024-04966,18,PCB,9458,2024-11-29,2024-12-06,8952,Bosch,Germany,18,96.36,77,0,0,0.0,0,72,11,4,658,0.00021806730730221415,0.0007021012099867912,110,557568,0.0002244207567666141
BATCH-2025-04967,50,Memory,6586,2025-03-10,2025-03-20,6066,APC,South Korea,30,481.03,64,0,0,0.0,0,173,3,1,557,0.0002753509047441992,0.0007401953979905162,113,559124,0.00013960848603418856
BATCH-2025-04968,9,Fan,792,2025-09-30,2025-10-13,781,Sony,Taiwan,19,33.78,81,0,0,0.0,0,377,9,3,353,0.00014132799993781594,0.00029553061545999206,104,509780,0.00012855165100050963
BATCH-2026-04969,26,Display,1374,2026-02-11,2026-02-25,1309,Texas Instruments,South Korea,53,5.67,67,0,0,0.0,0,511,2,1,219,0.0002658174764162671,0.0009122443285503541,102,493376,0.00016919115080672866
BATCH-2025-04970,21,Processor,5406,2025-06-10,2025-06-19,5030,Jabil,Taiwan,58,416.67,76,0,0,0.0,0,265,6,2,465,0.00034128023110612925,0.0012045823376322067,117,579869,0.0001723848232239575
BATCH-2026-04971,15,Charger,2899,2026-01-17,2026-01-22,2843,SK Hynix,Taiwan,40,342.16,65,0,0,0.0,0,486,1,1,244,0.00026051175061660777,0.0007352320636847295,93,436297,0.0002259435803313693
BATCH-2024-04972,46,Motherboard,9405,2024-10-30,2024-11-07,8529,Liteon,China,58,348.77,65,0,0,0.0,0,42,10,4,688,0.000177376316521378,0.0004995509860038717,96,502846,0.0002354934172429249
BATCH-2026-04973,37,Battery,3897,2026-05-05,2026-05-19,3858,Huawei,USA,60,118.5,92,0,0,0.0,0,594,5,2,136,0.00010426815057621344,0.0003557497462935021,91,442918,0.00021173401481822628
BATCH-2025-04974,34,Display,7128,2025-12-28,2026-01-08,6890,Renesas,China,19,153.37,81,0,0,0.0,0,466,12,4,264,0.00020629854890063796,0.000928870183527049,112,540044,0.00016919115080672866
BATCH-2026-04975,4,Microcontroller,2487,2026-04-18,2026-05-06,2398,Intel,China,48,393.46,88,0,0,0.0,0,577,4,2,153,0.00018841892264149143,0.0009961276293195824,96,400272,0.00013908905895273712
BATCH-2025-04976,28,Memory,1872,2025-08-01,2025-08-20,1853,Kioxia,China,36,390.8,86,0,0,0.0,0,317,8,3,413,6.548471380186631e-05,0.00020932699508353792,108,509896,0.00013960848603418856
BATCH-2025-04977,33,Battery,4776,2025-01-01,2025-01-11,4701,Denso,Taiwan,41,277.68,84,0,0,0.0,0,105,1,1,625,0.00013528007016307464,0.0006519489677036868,119,602071,0.00021173401481822628
BATCH-2024-04978,48,Camera,5084,2024-10-14,2024-11-02,4875,TE Connectivity,Germany,25,315.88,71,0,0,0.0,0,26,10,4,704,0.000215467021331229,0.0009668394253566584,108,542251,0.00017585459338616095
BATCH-2025-04979,34,Battery,4500,2025-09-27,2025-10-16,4291,Renesas,China,19,153.37,81,0,0,0.0,0,374,9,3,356,0.00020629854890063796,0.000928870183527049,112,540044,0.00021173401481822628
BATCH-2024-04980,17,Fan,8002,2024-10-31,2024-11-05,7658,Mitsubishi,Japan,33,186.49,72,0,0,0.0,0,43,10,4,687,0.00014815223187369047,0.00046308585294764547,114,569061,0.00012855165100050963
BATCH-2026-04981,28,Display,2872,2026-05-29,2026-06-05,2664,Kioxia,China,36,390.8,86,0,0,0.0,0,618,5,2,112,6.548471380186631e-05,0.00020932699508353792,108,509896,0.00016919115080672866
BATCH-2025-04982,11,PCB,5960,2025-09-12,2025-09-23,5864,Murata,Japan,22,178.55,88,0,0,0.0,0,359,9,3,371,0.00015599689945027513,0.0009387029695731565,105,551463,0.0002244207567666141
BATCH-2025-04983,11,Processor,7477,2025-06-02,2025-06-15,7367,Murata,Japan,22,178.55,88,0,0,0.0,0,257,6,2,473,0.00015599689945027513,0.0009387029695731565,105,551463,0.0001723848232239575
BATCH-2025-04984,11,Speaker,7411,2025-05-03,2025-05-11,7337,Murata,Japan,22,178.55,88,0,0,0.0,0,227,5,2,503,0.00015599689945027513,0.0009387029695731565,105,551463,0.00019289953369198322
BATCH-2025-04985,9,Charger,9669,2025-08-21,2025-08-30,9272,Sony,Taiwan,19,33.78,81,0,0,0.0,0,337,8,3,393,0.00014132799993781594,0.00029553061545999206,104,509780,0.0002259435803313693
BATCH-2025-04986,26,Sensor,5926,2025-08-02,2025-08-14,5723,Texas Instruments,South Korea,53,5.67,67,0,0,0.0,0,318,8,3,412,0.0002658174764162671,0.0009122443285503541,102,493376,0.00016450590746445605
BATCH-2026-04987,49,Camera,8074,2026-02-18,2026-03-03,7908,Coherent,USA,42,45.65,73,0,0,0.0,0,518,2,1,212,0.00034438539861380375,0.0009931063632699735,93,417736,0.00017585459338616095
BATCH-2026-04988,16,Battery,5903,2026-03-30,2026-04-14,5802,Hitachi,China,57,483.82,88,0,0,0.0,0,558,3,1,172,8.336477286677332e-05,0.0004697935134049564,95,503392,0.00021173401481822628
BATCH-2025-04989,10,Fan,3582,2025-07-22,2025-08-09,3492,Panasonic,China,54,316.57,91,0,0,0.0,0,307,7,3,423,0.000144927638474753,0.0007549544377028447,94,435868,0.00012855165100050963
BATCH-2024-04990,22,Speaker,6089,2024-11-12,2024-11-24,5994,Flex,China,43,157.56,86,0,0,0.0,0,55,11,4,675,6.527455789884103e-05,0.00021075148645526503,94,530055,0.00019289953369198322
BATCH-2026-04991,29,Camera,4762,2026-04-26,2026-05-12,4608,Seagate,Japan,40,285.23,77,0,0,0.0,0,585,4,2,145,0.00016256441034907573,0.0004929460254392659,92,456988,0.00017585459338616095
BATCH-2024-04992,14,Charger,292,2024-12-20,2025-01-09,289,STMicroelectronics,South Korea,31,23.81,77,0,0,0.0,0,93,12,4,637,0.0001573864901705702,0.00046936123067953895,91,385139,0.0002259435803313693
BATCH-2026-04993,39,Sensor,6053,2026-07-20,2026-07-26,5891,Lenovo,Taiwan,57,331.63,71,0,0,0.0,0,670,7,3,60,0.00017438124238925042,0.000501056949565781,101,560841,0.00016450590746445605
BATCH-2025-04994,18,PCB,7246,2025-12-06,2025-12-18,6987,Bosch,Germany,18,96.36,77,0,0,0.0,0,444,12,4,286,0.00021806730730221415,0.0007021012099867912,110,557568,0.0002244207567666141
BATCH-2025-04995,45,Microcontroller,3484,2025-02-11,2025-02-26,3251,Pegatron,Taiwan,47,251.52,66,0,0,0.0,0,146,2,1,584,0.0001275169517997213,0.0003266025273992103,94,477190,0.00013908905895273712
BATCH-2025-04996,1,Microcontroller,4095,2025-09-23,2025-10-06,4054,Samsung,USA,19,220.56,89,0,0,0.0,0,370,9,3,360,0.00017219294545324894,0.0013891588805521986,106,504263,0.00013908905895273712
BATCH-2026-04997,15,PCB,4437,2026-02-26,2026-03-06,4167,SK Hynix,Taiwan,40,342.16,65,0,0,0.0,0,526,2,1,204,0.00026051175061660777,0.0007352320636847295,93,436297,0.0002244207567666141
BATCH-2026-04998,48,Camera,9768,2026-04-30,2026-05-13,9670,TE Connectivity,Germany,25,315.88,71,0,0,0.0,0,589,4,2,141,0.000215467021331229,0.0009668394253566584,108,542251,0.00017585459338616095
BATCH-2025-04999,19,Speaker,8342,2025-09-10,2025-09-15,7694,Sumitomo,USA,36,238.9,64,0,0,0.0,0,357,9,3,373,0.00016876737493119937,0.00039378300837730447,91,458378,0.00019289953369198322
BATCH-2026-05000,29,Microcontroller,3687,2026-01-30,2026-02-15,3557,Seagate,Japan,40,285.23,77,0,0,0.0,0,499,1,1,231,0.00016256441034907573,0.0004929460254392659,92,456988,0.00013908905895273712
