batch_id,supplier_id,component_name,quantity_produced,production_date,received_date,quantity_passed_qc
BATCH-2026-00001,19,Fan,5001,2026-02-10,2026-02-22,4951
BATCH-2025-00002,14,Camera,7810,2025-03-27,2025-04-12,7388
BATCH-2024-00003,37,Camera,884,2024-11-27,2024-12-09,875
BATCH-2026-00004,46,Speaker,2103,2026-02-26,2026-03-07,2028
BATCH-2026-00005,28,Battery,4686,2026-06-05,2026-06-10,4518
BATCH-2025-00006,38,Speaker,4378,2025-05-01,2025-05-16,4334
BATCH-2024-00007,5,Speaker,6325,2024-11-18,2024-12-05,6092
BATCH-2025-00008,21,Battery,4991,2025-02-02,2025-02-12,4878
BATCH-2025-00009,34,Display,1834,2025-11-20,2025-12-07,1742
BATCH-2025-00010,9,Microcontroller,5853,2025-08-10,2025-08-20,5787
BATCH-2026-00011,15,Processor,1599,2026-08-18,2026-08-29,1545
BATCH-2025-00012,25,Processor,919,2025-04-07,2025-04-19,910
BATCH-2025-00013,23,Microcontroller,1694,2025-11-09,2025-11-22,1675
BATCH-2025-00014,24,Microcontroller,3382,2025-10-20,2025-11-02,3217
BATCH-2026-00015,15,Processor,3700,2026-05-14,2026-05-19,3532
BATCH-2025-00016,45,Charger,5585,2025-05-06,2025-05-12,5290
BATCH-2026-00017,6,Camera,2514,2026-01-12,2026-01-28,2438
BATCH-2025-00018,37,Charger,1166,2025-12-10,2025-12-29,1111
BATCH-2025-00019,12,Processor,1498,2025-10-28,2025-11-10,1447
BATCH-2026-00020,19,Sensor,8102,2026-08-22,2026-09-01,7947
BATCH-2025-00021,32,Charger,6257,2025-09-28,2025-10-17,5985
BATCH-2025-00022,13,Battery,1729,2025-10-12,2025-10-17,1642
BATCH-2026-00023,49,Microcontroller,1600,2026-06-30,2026-07-06,1552
BATCH-2024-00024,38,Camera,8946,2024-12-11,2024-12-24,8843
BATCH-2026-00025,2,Motherboard,3422,2026-01-14,2026-01-25,3388
BATCH-2025-00026,19,Motherboard,7493,2025-06-22,2025-07-01,6946
BATCH-2024-00027,48,Camera,415,2024-12-16,2024-12-22,398
BATCH-2025-00028,42,Motherboard,1874,2025-06-13,2025-06-27,1787
BATCH-2026-00029,15,Charger,9981,2026-04-08,2026-04-18,9566
BATCH-2026-00030,49,Sensor,1524,2026-08-01,2026-08-06,1509
BATCH-2026-00031,14,Display,277,2026-01-25,2026-02-14,268
BATCH-2026-00032,7,Fan,6973,2026-03-31,2026-04-14,6650
BATCH-2026-00033,44,PCB,348,2026-02-22,2026-02-28,341
BATCH-2025-00034,37,Sensor,1325,2025-11-06,2025-11-25,1286
BATCH-2025-00035,49,Charger,1409,2025-09-09,2025-09-22,1395
BATCH-2026-00036,34,Memory,2936,2026-08-20,2026-09-08,2840
BATCH-2025-00037,30,Memory,1567,2025-12-24,2026-01-11,1506
BATCH-2024-00038,6,Motherboard,4249,2024-09-22,2024-10-12,4207
BATCH-2026-00039,10,Microcontroller,7410,2026-04-28,2026-05-09,7166
BATCH-2026-00040,24,PCB,276,2026-01-15,2026-01-21,262
BATCH-2025-00041,13,PCB,4684,2025-03-06,2025-03-16,4466
BATCH-2026-00042,27,Microcontroller,8691,2026-03-21,2026-04-04,8403
BATCH-2025-00043,6,Connector,9273,2025-07-25,2025-07-31,8556
BATCH-2025-00044,33,Camera,4594,2025-10-10,2025-10-18,4334
BATCH-2026-00045,50,Motherboard,8425,2026-05-07,2026-05-27,7821
BATCH-2025-00046,6,Sensor,5985,2025-06-06,2025-06-13,5925
BATCH-2025-00047,16,Charger,9242,2025-01-01,2025-01-20,9150
BATCH-2025-00048,47,Battery,2919,2025-11-13,2025-11-20,2726
BATCH-2024-00049,28,Processor,7120,2024-10-28,2024-11-05,6860
BATCH-2025-00050,9,Sensor,5952,2025-09-29,2025-10-14,5814
BATCH-2025-00051,42,Charger,9846,2025-09-21,2025-10-07,9481
BATCH-2025-00052,44,Memory,530,2025-09-12,2025-09-19,525
BATCH-2025-00053,12,Camera,6462,2025-11-08,2025-11-28,6251
BATCH-2026-00054,21,Processor,3799,2026-07-25,2026-08-07,3573
BATCH-2024-00055,5,PCB,1156,2024-10-25,2024-11-05,1057
BATCH-2026-00056,47,PCB,8452,2026-04-25,2026-05-14,7950
BATCH-2026-00057,17,PCB,5836,2026-04-10,2026-04-25,5588
BATCH-2026-00058,33,Motherboard,1432,2026-05-14,2026-05-27,1403
BATCH-2025-00059,49,Fan,8354,2025-08-21,2025-09-07,8104
BATCH-2024-00060,20,Camera,2738,2024-11-01,2024-11-08,2512
BATCH-2025-00061,9,Connector,6081,2025-03-06,2025-03-16,6020
BATCH-2025-00062,19,Motherboard,3342,2025-07-31,2025-08-11,3112
BATCH-2026-00063,12,Charger,7949,2026-08-11,2026-08-26,7870
BATCH-2025-00064,46,Motherboard,3351,2025-08-20,2025-09-02,3317
BATCH-2026-00065,25,Speaker,2103,2026-04-28,2026-05-11,2057
BATCH-2025-00066,27,Display,2953,2025-01-25,2025-02-10,2807
BATCH-2026-00067,30,Speaker,5083,2026-06-08,2026-06-27,5021
BATCH-2025-00068,7,Power IC,1041,2025-12-15,2025-12-31,1031
BATCH-2024-00069,27,Microcontroller,7262,2024-12-27,2025-01-16,7023
BATCH-2025-00070,48,Connector,5978,2025-08-08,2025-08-25,5658
BATCH-2025-00071,47,Microcontroller,992,2025-03-21,2025-04-06,944
BATCH-2025-00072,30,Memory,6200,2025-01-18,2025-01-25,6122
BATCH-2025-00073,1,Power IC,4812,2025-08-24,2025-09-08,4725
BATCH-2025-00074,27,Fan,8013,2025-09-30,2025-10-12,7440
BATCH-2024-00075,7,Microcontroller,8466,2024-12-14,2024-12-31,8381
BATCH-2026-00076,6,Sensor,6613,2026-03-04,2026-03-15,6298
BATCH-2025-00077,11,Speaker,7333,2025-05-19,2025-06-04,7223
BATCH-2026-00078,45,Power IC,2778,2026-04-21,2026-05-01,2655
BATCH-2025-00079,16,Battery,9617,2025-01-03,2025-01-09,9162
BATCH-2024-00080,47,Motherboard,3895,2024-12-20,2025-01-05,3700
BATCH-2026-00081,48,Microcontroller,3672,2026-04-10,2026-04-24,3540
BATCH-2024-00082,24,Speaker,9868,2024-09-21,2024-10-07,9746
BATCH-2026-00083,22,Display,2782,2026-05-31,2026-06-19,2580
BATCH-2024-00084,32,Sensor,5924,2024-10-11,2024-10-26,5779
BATCH-2026-00085,5,Sensor,7254,2026-05-13,2026-05-24,6656
BATCH-2024-00086,15,Charger,4479,2024-09-26,2024-10-05,4352
BATCH-2024-00087,37,Motherboard,5495,2024-12-07,2024-12-18,5408
BATCH-2026-00088,50,Speaker,2910,2026-04-08,2026-04-26,2838
BATCH-2026-00089,34,Microcontroller,337,2026-01-16,2026-01-23,334
BATCH-2026-00090,33,Speaker,8981,2026-06-10,2026-06-15,8604
BATCH-2026-00091,23,Battery,8558,2026-04-08,2026-04-25,8319
BATCH-2026-00092,10,Charger,6597,2026-07-13,2026-07-18,6458
BATCH-2025-00093,8,Processor,8218,2025-12-04,2025-12-24,7654
BATCH-2025-00094,41,Charger,8509,2025-03-15,2025-03-20,8424
BATCH-2026-00095,49,Fan,1290,2026-04-04,2026-04-22,1277
BATCH-2025-00096,35,Sensor,497,2025-08-17,2025-08-25,491
BATCH-2026-00097,28,Power IC,951,2026-06-01,2026-06-13,894
BATCH-2024-00098,8,Processor,2011,2024-09-29,2024-10-08,1988
BATCH-2025-00099,27,Microcontroller,7520,2025-12-08,2025-12-21,7175
BATCH-2025-00100,3,Processor,519,2025-02-24,2025-03-15,473
BATCH-2024-00101,21,Battery,3774,2024-11-23,2024-12-10,3554
BATCH-2025-00102,10,Power IC,4640,2025-10-19,2025-11-05,4534
BATCH-2025-00103,44,Power IC,4521,2025-01-01,2025-01-09,4384
BATCH-2025-00104,48,Connector,5822,2025-10-15,2025-10-31,5564
BATCH-2025-00105,23,Microcontroller,1663,2025-01-04,2025-01-16,1646
BATCH-2024-00106,26,Fan,4794,2024-12-21,2024-12-27,4612
BATCH-2025-00107,48,Camera,1024,2025-04-28,2025-05-12,996
BATCH-2026-00108,22,Connector,6383,2026-08-28,2026-09-08,6106
BATCH-2025-00109,43,Camera,9497,2025-11-21,2025-12-05,8951
BATCH-2025-00110,16,Charger,4242,2025-09-01,2025-09-13,4200
BATCH-2025-00111,5,Power IC,3573,2025-11-05,2025-11-19,3396
BATCH-2025-00112,36,Power IC,6559,2025-12-12,2025-12-22,6249
BATCH-2025-00113,18,Memory,2050,2025-07-29,2025-08-11,2030
BATCH-2026-00114,32,Microcontroller,5176,2026-05-01,2026-05-17,5048
BATCH-2025-00115,7,Fan,8518,2025-09-20,2025-10-06,8144
BATCH-2025-00116,27,Camera,3213,2025-10-02,2025-10-20,3181
BATCH-2024-00117,44,PCB,8237,2024-10-28,2024-11-03,8152
BATCH-2026-00118,15,Sensor,1812,2026-03-05,2026-03-15,1654
BATCH-2026-00119,46,Processor,4423,2026-05-14,2026-05-30,4379
BATCH-2025-00120,43,Speaker,1620,2025-03-11,2025-03-25,1485
BATCH-2026-00121,26,Connector,5067,2026-08-18,2026-08-24,4921
BATCH-2026-00122,50,Connector,3178,2026-04-03,2026-04-19,2919
BATCH-2025-00123,38,Connector,9264,2025-12-29,2026-01-08,9038
BATCH-2025-00124,1,Motherboard,5298,2025-08-24,2025-08-31,5101
BATCH-2026-00125,21,PCB,9212,2026-09-10,2026-09-30,8716
BATCH-2026-00126,28,PCB,9905,2026-01-06,2026-01-13,9806
BATCH-2024-00127,43,Connector,3353,2024-11-15,2024-12-03,3220
BATCH-2026-00128,38,Sensor,4746,2026-07-20,2026-07-27,4425
BATCH-2024-00129,13,Fan,9414,2024-10-20,2024-11-04,9320
BATCH-2026-00130,12,Battery,4953,2026-09-14,2026-09-28,4589
BATCH-2025-00131,1,Display,2762,2025-03-14,2025-04-01,2724
BATCH-2025-00132,43,Memory,6527,2025-07-11,2025-07-26,6201
BATCH-2025-00133,31,Processor,7277,2025-06-12,2025-06-28,7204
BATCH-2025-00134,27,Microcontroller,8461,2025-05-17,2025-05-29,8355
BATCH-2025-00135,35,PCB,3762,2025-09-21,2025-10-02,3521
BATCH-2025-00136,46,Display,8518,2025-06-25,2025-07-05,7975
BATCH-2026-00137,2,Connector,9983,2026-07-19,2026-08-03,9620
BATCH-2025-00138,32,Processor,3455,2025-05-07,2025-05-15,3348
BATCH-2025-00139,31,Fan,6939,2025-08-11,2025-08-22,6525
BATCH-2025-00140,16,Memory,172,2025-07-18,2025-07-27,165
BATCH-2026-00141,27,Power IC,7164,2026-09-04,2026-09-21,7092
BATCH-2026-00142,32,Microcontroller,7638,2026-01-06,2026-01-25,6971
BATCH-2026-00143,15,Microcontroller,6271,2026-04-11,2026-04-23,6123
BATCH-2026-00144,44,Memory,7351,2026-05-01,2026-05-13,7038
BATCH-2026-00145,49,Speaker,4227,2026-08-26,2026-09-01,4108
BATCH-2026-00146,50,PCB,7364,2026-08-27,2026-09-12,6974
BATCH-2024-00147,1,Display,3048,2024-10-17,2024-10-30,2948
BATCH-2026-00148,39,Fan,9857,2026-06-07,2026-06-19,9064
BATCH-2026-00149,13,Connector,832,2026-04-20,2026-05-05,802
BATCH-2025-00150,5,Memory,8041,2025-03-31,2025-04-19,7853
BATCH-2025-00151,12,Processor,645,2025-06-17,2025-07-07,620
BATCH-2026-00152,3,Microcontroller,6786,2026-03-28,2026-04-13,6568
BATCH-2026-00153,1,Fan,7425,2026-03-11,2026-03-22,7322
BATCH-2024-00154,41,Fan,2422,2024-12-01,2024-12-15,2338
BATCH-2025-00155,23,Processor,9522,2025-09-28,2025-10-07,9427
BATCH-2026-00156,34,Motherboard,4073,2026-02-10,2026-03-01,4032
BATCH-2026-00157,13,Camera,4208,2026-06-02,2026-06-15,4166
BATCH-2026-00158,18,Fan,3059,2026-02-18,2026-03-04,2941
BATCH-2026-00159,6,Camera,5542,2026-06-27,2026-07-15,5437
BATCH-2025-00160,10,Speaker,3485,2025-08-12,2025-08-28,3450
BATCH-2025-00161,27,Microcontroller,6419,2025-04-22,2025-05-09,6268
BATCH-2025-00162,21,Display,5791,2025-02-01,2025-02-21,5424
BATCH-2025-00163,37,Power IC,696,2025-07-01,2025-07-13,689
BATCH-2024-00164,46,Charger,1430,2024-12-02,2024-12-12,1331
BATCH-2024-00165,18,Battery,5593,2024-09-30,2024-10-09,5446
BATCH-2025-00166,23,Fan,3498,2025-08-12,2025-08-23,3287
BATCH-2025-00167,49,Motherboard,5081,2025-10-17,2025-11-06,4896
BATCH-2025-00168,15,Connector,2427,2025-11-01,2025-11-11,2356
BATCH-2026-00169,16,Memory,9842,2026-03-13,2026-03-21,9704
BATCH-2026-00170,30,Processor,3064,2026-06-03,2026-06-11,3001
BATCH-2026-00171,9,Battery,3535,2026-06-18,2026-06-23,3476
BATCH-2025-00172,15,Camera,7941,2025-11-19,2025-12-06,7774
BATCH-2026-00173,44,Sensor,9505,2026-09-14,2026-09-28,9195
BATCH-2025-00174,34,Sensor,1933,2025-01-20,2025-02-02,1914
BATCH-2026-00175,22,Speaker,3257,2026-08-16,2026-09-02,3163
BATCH-2026-00176,26,Display,454,2026-08-03,2026-08-23,427
BATCH-2025-00177,15,Processor,607,2025-03-16,2025-03-30,568
BATCH-2026-00178,4,Camera,5209,2026-04-17,2026-04-27,5069
BATCH-2025-00179,43,Display,6392,2025-06-25,2025-07-12,5942
BATCH-2026-00180,4,Sensor,2149,2026-09-01,2026-09-10,2092
BATCH-2024-00181,12,Connector,1599,2024-09-19,2024-09-28,1536
BATCH-2024-00182,6,Battery,112,2024-12-08,2024-12-21,105
BATCH-2025-00183,2,Charger,4160,2025-07-29,2025-08-11,3982
BATCH-2025-00184,40,Memory,2677,2025-03-04,2025-03-14,2452
BATCH-2026-00185,46,Sensor,8647,2026-01-29,2026-02-08,8349
BATCH-2025-00186,12,Camera,9311,2025-09-05,2025-09-10,8924
BATCH-2025-00187,44,Speaker,1994,2025-01-05,2025-01-19,1941
BATCH-2024-00188,3,Processor,9197,2024-11-22,2024-11-27,8978
BATCH-2024-00189,41,Processor,1620,2024-12-07,2024-12-23,1604
BATCH-2025-00190,32,Display,5735,2025-03-05,2025-03-19,5313
BATCH-2026-00191,25,Processor,2878,2026-06-02,2026-06-15,2848
BATCH-2026-00192,31,Fan,7752,2026-09-14,2026-10-02,7572
BATCH-2025-00193,13,Fan,5614,2025-08-15,2025-09-04,5558
BATCH-2026-00194,31,Display,3679,2026-03-07,2026-03-25,3642
BATCH-2025-00195,28,PCB,1218,2025-11-30,2025-12-09,1206
BATCH-2026-00196,11,Power IC,3244,2026-05-11,2026-05-17,3204
BATCH-2024-00197,37,Charger,3895,2024-10-01,2024-10-17,3703
BATCH-2025-00198,9,PCB,7110,2025-04-26,2025-05-12,7039
BATCH-2025-00199,7,Fan,1564,2025-11-25,2025-12-03,1534
BATCH-2024-00200,7,Speaker,6962,2024-10-31,2024-11-07,6803
BATCH-2024-00201,7,Microcontroller,2723,2024-09-20,2024-10-09,2696
BATCH-2025-00202,1,Power IC,5888,2025-06-28,2025-07-05,5807
BATCH-2025-00203,5,Fan,4209,2025-10-14,2025-10-21,4015
BATCH-2025-00204,32,Motherboard,600,2025-08-10,2025-08-24,591
BATCH-2026-00205,18,Speaker,9770,2026-05-21,2026-05-29,9672
BATCH-2026-00206,1,Battery,2389,2026-05-29,2026-06-16,2344
BATCH-2025-00207,31,Power IC,1934,2025-10-27,2025-11-09,1907
BATCH-2026-00208,20,Memory,7285,2026-03-29,2026-04-12,6978
BATCH-2025-00209,36,Microcontroller,1583,2025-07-21,2025-08-09,1514
BATCH-2025-00210,26,Processor,7981,2025-06-06,2025-06-19,7564
BATCH-2026-00211,47,Display,7745,2026-06-29,2026-07-14,7548
BATCH-2025-00212,20,Sensor,1578,2025-06-07,2025-06-27,1498
BATCH-2026-00213,35,Battery,9208,2026-06-07,2026-06-27,8525
BATCH-2026-00214,46,Charger,4751,2026-06-22,2026-07-08,4557
BATCH-2025-00215,33,Connector,4189,2025-09-30,2025-10-06,3807
BATCH-2026-00216,38,Memory,7852,2026-08-12,2026-08-26,7284
BATCH-2026-00217,39,Fan,7025,2026-06-11,2026-06-29,6714
BATCH-2025-00218,40,Processor,2123,2025-07-29,2025-08-14,2048
BATCH-2025-00219,11,Microcontroller,9882,2025-06-20,2025-07-07,9653
BATCH-2025-00220,36,Power IC,4007,2025-12-19,2025-12-29,3967
BATCH-2025-00221,29,Power IC,3908,2025-07-13,2025-07-18,3753
BATCH-2024-00222,31,Memory,4730,2024-11-06,2024-11-14,4623
BATCH-2024-00223,19,Connector,7713,2024-12-22,2025-01-01,7468
BATCH-2024-00224,9,Processor,3461,2024-10-05,2024-10-25,3282
BATCH-2026-00225,10,Display,4781,2026-03-22,2026-04-05,4612
BATCH-2026-00226,45,Sensor,2100,2026-08-31,2026-09-07,1993
BATCH-2025-00227,3,Sensor,4602,2025-03-26,2025-04-02,4287
BATCH-2025-00228,3,Display,9598,2025-03-15,2025-03-30,8728
BATCH-2025-00229,45,Display,2417,2025-03-21,2025-03-28,2313
BATCH-2026-00230,15,Charger,8780,2026-04-05,2026-04-24,8624
BATCH-2026-00231,31,Microcontroller,3613,2026-08-14,2026-08-28,3554
BATCH-2025-00232,4,Microcontroller,3114,2025-02-27,2025-03-12,2854
BATCH-2025-00233,41,PCB,7456,2025-12-12,2025-12-23,7205
BATCH-2025-00234,28,Display,2607,2025-08-15,2025-08-22,2581
BATCH-2026-00235,19,Power IC,5288,2026-03-08,2026-03-24,4861
BATCH-2024-00236,15,PCB,4108,2024-12-08,2024-12-25,3922
BATCH-2026-00237,3,Battery,6073,2026-08-06,2026-08-17,5776
BATCH-2025-00238,7,Motherboard,1094,2025-06-25,2025-07-04,1038
BATCH-2025-00239,31,Battery,6542,2025-07-16,2025-07-21,6287
BATCH-2024-00240,23,Fan,7132,2024-12-24,2025-01-11,7061
BATCH-2025-00241,27,Memory,7228,2025-03-18,2025-03-28,7027
BATCH-2024-00242,13,Processor,9407,2024-11-11,2024-11-30,9085
BATCH-2025-00243,17,Memory,2894,2025-09-11,2025-09-23,2822
BATCH-2025-00244,27,PCB,4402,2025-06-08,2025-06-15,4315
BATCH-2025-00245,10,Microcontroller,985,2025-09-04,2025-09-22,975
BATCH-2026-00246,48,Connector,5589,2026-08-19,2026-08-27,5375
BATCH-2024-00247,44,Processor,3863,2024-12-13,2024-12-20,3824
BATCH-2024-00248,46,Fan,6121,2024-11-09,2024-11-21,5911
BATCH-2025-00249,27,Memory,6639,2025-02-01,2025-02-19,6570
BATCH-2025-00250,50,PCB,7442,2025-06-15,2025-06-27,7211
BATCH-2025-00251,42,Fan,6851,2025-05-25,2025-06-07,6782
BATCH-2026-00252,3,Processor,7965,2026-01-11,2026-01-25,7620
BATCH-2025-00253,32,PCB,8291,2025-02-19,2025-02-27,7859
BATCH-2026-00254,47,Charger,6426,2026-03-22,2026-03-27,6004
BATCH-2024-00255,15,Camera,8794,2024-11-02,2024-11-13,8437
BATCH-2026-00256,23,Sensor,1608,2026-04-15,2026-04-30,1588
BATCH-2025-00257,8,Fan,6512,2025-05-08,2025-05-19,6447
BATCH-2026-00258,37,Charger,6634,2026-01-11,2026-01-25,6568
BATCH-2025-00259,31,Microcontroller,5303,2025-05-26,2025-06-08,5250
BATCH-2025-00260,9,Microcontroller,8476,2025-11-18,2025-11-23,7949
BATCH-2026-00261,15,Fan,7490,2026-03-19,2026-03-28,7122
BATCH-2025-00262,50,Motherboard,6634,2025-01-21,2025-01-30,6568
BATCH-2026-00263,36,Connector,7374,2026-03-11,2026-03-22,7153
BATCH-2025-00264,21,Battery,7226,2025-11-22,2025-12-05,7021
BATCH-2026-00265,17,Connector,1976,2026-01-03,2026-01-14,1886
BATCH-2025-00266,18,Sensor,4456,2025-03-25,2025-04-01,4357
BATCH-2026-00267,17,Speaker,1399,2026-01-09,2026-01-25,1363
BATCH-2026-00268,34,Fan,3333,2026-04-28,2026-05-06,3201
BATCH-2025-00269,47,Fan,7538,2025-03-17,2025-04-05,7310
BATCH-2026-00270,34,Fan,2824,2026-03-31,2026-04-07,2791
BATCH-2026-00271,15,Speaker,9153,2026-07-14,2026-07-30,8914
BATCH-2026-00272,11,Memory,7044,2026-04-02,2026-04-22,6514
BATCH-2025-00273,38,Camera,3146,2025-12-18,2025-12-24,3100
BATCH-2025-00274,17,Memory,4057,2025-08-05,2025-08-20,3963
BATCH-2026-00275,27,Connector,7038,2026-06-18,2026-07-08,6800
BATCH-2026-00276,31,Battery,9366,2026-05-29,2026-06-16,8922
BATCH-2025-00277,43,Memory,7076,2025-09-10,2025-09-22,6616
BATCH-2025-00278,32,PCB,2517,2025-07-09,2025-07-28,2483
BATCH-2026-00279,16,PCB,9368,2026-09-02,2026-09-07,9125
BATCH-2024-00280,38,Camera,7650,2024-12-03,2024-12-15,7048
BATCH-2026-00281,35,Camera,6102,2026-01-01,2026-01-16,5845
BATCH-2025-00282,15,Sensor,5901,2025-06-09,2025-06-20,5842
BATCH-2026-00283,33,PCB,2978,2026-06-08,2026-06-22,2901
BATCH-2025-00284,9,Processor,3428,2025-08-15,2025-09-01,3394
BATCH-2026-00285,12,Display,7029,2026-04-06,2026-04-20,6893
BATCH-2025-00286,6,Sensor,9987,2025-04-15,2025-04-23,9710
BATCH-2025-00287,2,Connector,4071,2025-12-14,2026-01-02,4030
BATCH-2026-00288,47,Power IC,789,2026-08-04,2026-08-11,773
BATCH-2026-00289,13,Camera,4814,2026-06-25,2026-07-03,4550
BATCH-2025-00290,34,Speaker,8342,2025-11-12,2025-11-19,8058
BATCH-2025-00291,26,Memory,2512,2025-09-18,2025-09-27,2424
BATCH-2024-00292,35,Processor,9922,2024-10-05,2024-10-25,9458
BATCH-2026-00293,6,Display,6866,2026-03-03,2026-03-09,6797
BATCH-2025-00294,49,Charger,4666,2025-01-25,2025-02-05,4576
BATCH-2025-00295,19,Speaker,7655,2025-06-02,2025-06-12,7071
BATCH-2026-00296,40,Fan,8231,2026-08-02,2026-08-13,8149
BATCH-2026-00297,12,Motherboard,7173,2026-04-26,2026-05-03,7032
BATCH-2025-00298,25,Camera,1524,2025-11-08,2025-11-27,1509
BATCH-2025-00299,17,Battery,3148,2025-10-12,2025-10-21,3073
BATCH-2024-00300,4,Camera,105,2024-11-20,2024-12-01,102
BATCH-2026-00301,5,Processor,3447,2026-01-07,2026-01-23,3292
BATCH-2024-00302,42,Processor,1554,2024-11-04,2024-11-22,1490
BATCH-2026-00303,28,Memory,4602,2026-05-09,2026-05-14,4479
BATCH-2025-00304,5,Memory,7404,2025-11-20,2025-11-29,7097
BATCH-2026-00305,11,Memory,5434,2026-03-19,2026-04-04,5006
BATCH-2025-00306,24,Connector,2270,2025-12-18,2025-12-26,2195
BATCH-2024-00307,49,Display,7622,2024-11-19,2024-11-29,7546
BATCH-2024-00308,9,Processor,8249,2024-11-01,2024-11-12,8167
BATCH-2026-00309,43,Display,9879,2026-01-08,2026-01-15,9452
BATCH-2026-00310,23,Battery,8764,2026-08-14,2026-09-03,8068
BATCH-2025-00311,23,Battery,6210,2025-02-26,2025-03-10,6058
BATCH-2024-00312,33,Camera,7374,2024-09-22,2024-10-06,7035
BATCH-2026-00313,20,PCB,3773,2026-02-18,2026-03-02,3592
BATCH-2025-00314,2,Microcontroller,6056,2025-06-16,2025-06-28,5934
BATCH-2026-00315,15,Connector,2660,2026-03-25,2026-03-31,2499
BATCH-2026-00316,42,Battery,3915,2026-03-22,2026-03-31,3876
BATCH-2025-00317,9,Charger,4560,2025-11-03,2025-11-18,4509
BATCH-2024-00318,34,Connector,110,2024-09-24,2024-10-02,106
BATCH-2025-00319,39,Speaker,7804,2025-01-21,2025-02-08,7726
BATCH-2026-00320,45,PCB,4813,2026-05-24,2026-06-12,4708
BATCH-2025-00321,18,Camera,4794,2025-11-19,2025-12-01,4536
BATCH-2026-00322,10,Processor,2219,2026-07-01,2026-07-07,2105
BATCH-2025-00323,6,Connector,5262,2025-01-24,2025-01-30,5001
BATCH-2025-00324,7,Battery,3272,2025-05-26,2025-06-05,3120
BATCH-2025-00325,27,Connector,3488,2025-03-30,2025-04-18,3376
BATCH-2024-00326,31,PCB,8895,2024-10-11,2024-10-30,8096
BATCH-2024-00327,38,Display,603,2024-12-11,2024-12-23,558
BATCH-2026-00328,31,Battery,8539,2026-08-21,2026-09-07,8454
BATCH-2026-00329,35,Memory,1518,2026-09-15,2026-09-27,1469
BATCH-2025-00330,3,Processor,3307,2025-08-25,2025-09-14,3210
BATCH-2025-00331,46,PCB,9257,2025-01-20,2025-02-06,8599
BATCH-2025-00332,49,Memory,4987,2025-04-17,2025-05-07,4827
BATCH-2025-00333,41,Connector,7969,2025-11-18,2025-11-30,7889
BATCH-2026-00334,7,Camera,2012,2026-09-04,2026-09-10,1992
BATCH-2025-00335,2,Power IC,5816,2025-06-06,2025-06-21,5758
BATCH-2025-00336,21,PCB,6368,2025-06-21,2025-07-10,5879
BATCH-2025-00337,37,Connector,7752,2025-05-16,2025-05-25,7674
BATCH-2025-00338,23,Connector,4672,2025-04-18,2025-05-03,4503
BATCH-2025-00339,19,Charger,9706,2025-05-28,2025-06-03,9609
BATCH-2025-00340,19,Charger,1744,2025-09-18,2025-10-04,1674
BATCH-2025-00341,44,Camera,7827,2025-11-02,2025-11-19,7635
BATCH-2026-00342,38,Memory,8286,2026-08-27,2026-09-15,8054
BATCH-2024-00343,6,Speaker,9925,2024-10-26,2024-11-10,9500
BATCH-2026-00344,48,Display,9247,2026-07-22,2026-08-05,8919
BATCH-2026-00345,31,Processor,9364,2026-01-27,2026-02-15,9093
BATCH-2025-00346,29,Charger,7460,2025-01-06,2025-01-24,6855
BATCH-2024-00347,11,Sensor,4576,2024-09-21,2024-10-05,4329
BATCH-2026-00348,40,Fan,8800,2026-09-09,2026-09-19,8712
BATCH-2025-00349,3,Camera,6753,2025-01-13,2025-01-24,6101
BATCH-2025-00350,39,Camera,5411,2025-03-12,2025-04-01,5003
BATCH-2025-00351,40,PCB,8530,2025-02-01,2025-02-20,8310
BATCH-2024-00352,30,Power IC,3807,2024-12-12,2024-12-18,3707
BATCH-2025-00353,26,Sensor,2520,2025-11-04,2025-11-19,2357
BATCH-2026-00354,50,Fan,4307,2026-08-01,2026-08-11,4087
BATCH-2026-00355,7,Display,8824,2026-04-21,2026-04-29,8698
BATCH-2026-00356,42,Speaker,3107,2026-03-05,2026-03-23,3032
BATCH-2025-00357,48,Memory,5114,2025-08-22,2025-09-02,4832
BATCH-2024-00358,35,Power IC,6717,2024-12-09,2024-12-20,6152
BATCH-2025-00359,7,Processor,5854,2025-08-21,2025-09-10,5479
BATCH-2025-00360,27,Sensor,1482,2025-11-11,2025-11-19,1383
BATCH-2026-00361,10,Display,5169,2026-08-10,2026-08-18,5117
BATCH-2025-00362,21,Connector,9747,2025-03-15,2025-03-21,9599
BATCH-2025-00363,50,Fan,8854,2025-12-24,2026-01-03,8573
BATCH-2025-00364,22,Connector,455,2025-02-14,2025-02-27,433
BATCH-2024-00365,24,Microcontroller,6641,2024-10-17,2024-10-25,6571
BATCH-2025-00366,36,Memory,9040,2025-06-28,2025-07-03,8816
BATCH-2024-00367,39,PCB,9125,2024-12-12,2024-12-21,9034
BATCH-2026-00368,3,Microcontroller,1642,2026-02-27,2026-03-12,1550
BATCH-2025-00369,44,Memory,7108,2025-07-04,2025-07-21,7037
BATCH-2025-00370,23,Battery,9691,2025-04-16,2025-04-25,9424
BATCH-2026-00371,26,Charger,2059,2026-08-22,2026-08-30,2038
BATCH-2025-00372,5,Display,7108,2025-10-17,2025-11-04,6954
BATCH-2026-00373,31,PCB,3683,2026-08-07,2026-08-22,3630
BATCH-2025-00374,7,Charger,5502,2025-06-28,2025-07-11,5408
BATCH-2026-00375,11,Microcontroller,4436,2026-02-14,2026-03-03,4309
BATCH-2025-00376,25,Fan,3925,2025-04-10,2025-04-20,3842
BATCH-2024-00377,6,Display,7266,2024-11-13,2024-11-27,6857
BATCH-2026-00378,39,Battery,9314,2026-05-20,2026-06-03,8851
BATCH-2025-00379,16,Battery,8618,2025-02-15,2025-02-24,8532
BATCH-2026-00380,49,Connector,5206,2026-01-15,2026-02-03,4844
BATCH-2024-00381,3,Camera,5674,2024-10-23,2024-11-02,5359
BATCH-2025-00382,8,Battery,2031,2025-01-04,2025-01-18,1980
BATCH-2025-00383,14,Memory,6635,2025-12-18,2026-01-04,6362
BATCH-2026-00384,11,Fan,6216,2026-01-06,2026-01-24,6154
BATCH-2024-00385,7,Charger,1210,2024-11-23,2024-12-05,1198
BATCH-2026-00386,12,Power IC,9463,2026-05-31,2026-06-11,9283
BATCH-2025-00387,7,Memory,4288,2025-01-29,2025-02-12,4203
BATCH-2025-00388,17,Battery,6761,2025-01-14,2025-01-25,6679
BATCH-2025-00389,39,Motherboard,9037,2025-01-19,2025-02-04,8501
BATCH-2025-00390,47,PCB,1162,2025-11-21,2025-12-03,1132
BATCH-2025-00391,2,Memory,9374,2025-08-02,2025-08-11,8920
BATCH-2026-00392,50,Memory,4832,2026-07-22,2026-08-02,4671
BATCH-2025-00393,37,Power IC,2481,2025-03-03,2025-03-19,2456
BATCH-2024-00394,32,Power IC,9816,2024-09-30,2024-10-12,9475
BATCH-2024-00395,15,Sensor,7200,2024-11-01,2024-11-18,6882
BATCH-2026-00396,42,Motherboard,7840,2026-07-09,2026-07-20,7669
BATCH-2025-00397,10,PCB,7728,2025-12-22,2025-12-31,7651
BATCH-2026-00398,18,Motherboard,6752,2026-07-28,2026-08-17,6401
BATCH-2026-00399,30,Connector,6328,2026-05-03,2026-05-13,5862
BATCH-2025-00400,26,Sensor,4651,2025-10-11,2025-10-19,4261
BATCH-2025-00401,18,Display,3930,2025-02-09,2025-02-19,3587
BATCH-2026-00402,32,Camera,8958,2026-03-06,2026-03-15,8868
BATCH-2025-00403,5,Microcontroller,8044,2025-01-08,2025-01-17,7793
BATCH-2025-00404,10,Charger,5341,2025-02-03,2025-02-22,5288
BATCH-2025-00405,9,Speaker,8379,2025-01-23,2025-02-09,7864
BATCH-2025-00406,18,PCB,1559,2025-06-29,2025-07-08,1487
BATCH-2025-00407,20,Display,7100,2025-10-24,2025-11-11,6762
BATCH-2025-00408,36,Connector,4863,2025-03-12,2025-03-29,4534
BATCH-2025-00409,6,PCB,2140,2025-08-11,2025-08-23,2035
BATCH-2025-00410,42,Charger,3672,2025-01-28,2025-02-04,3583
BATCH-2025-00411,18,Connector,7219,2025-03-12,2025-03-31,7147
BATCH-2025-00412,38,Battery,2801,2025-06-11,2025-06-18,2716
BATCH-2025-00413,36,Charger,8619,2025-06-14,2025-07-03,8330
BATCH-2025-00414,12,Processor,9307,2025-06-11,2025-06-23,9107
BATCH-2026-00415,2,Fan,6274,2026-09-17,2026-09-29,6129
BATCH-2025-00416,31,PCB,9096,2025-09-21,2025-10-08,9005
BATCH-2024-00417,39,Display,7134,2024-09-29,2024-10-13,6987
BATCH-2025-00418,24,Sensor,4133,2025-08-13,2025-08-27,4092
BATCH-2024-00419,33,PCB,9897,2024-12-06,2024-12-22,9798
BATCH-2026-00420,12,Processor,8494,2026-04-03,2026-04-23,8409
BATCH-2025-00421,6,Fan,1687,2025-05-05,2025-05-12,1626
BATCH-2025-00422,21,PCB,6102,2025-12-21,2026-01-10,5638
BATCH-2025-00423,50,Memory,6185,2025-04-22,2025-04-30,5680
BATCH-2025-00424,9,Motherboard,673,2025-12-21,2026-01-10,649
BATCH-2026-00425,3,PCB,131,2026-01-28,2026-02-12,128
BATCH-2026-00426,10,Camera,8139,2026-09-02,2026-09-11,7912
BATCH-2026-00427,39,Display,3064,2026-01-25,2026-02-14,2881
BATCH-2025-00428,41,Microcontroller,2834,2025-05-25,2025-06-14,2779
BATCH-2025-00429,1,Sensor,9862,2025-07-30,2025-08-15,9612
BATCH-2025-00430,13,Power IC,7742,2025-11-14,2025-11-25,7307
BATCH-2024-00431,43,Battery,6798,2024-09-21,2024-10-05,6109
BATCH-2025-00432,29,Fan,482,2025-02-17,2025-02-25,465
BATCH-2024-00433,37,PCB,7700,2024-11-22,2024-11-29,7256
BATCH-2025-00434,20,Battery,3778,2025-03-09,2025-03-17,3538
BATCH-2025-00435,29,Connector,4409,2025-09-02,2025-09-18,4254
BATCH-2024-00436,44,Motherboard,6935,2024-12-25,2025-01-14,6863
BATCH-2026-00437,33,Connector,2507,2026-07-24,2026-07-30,2379
BATCH-2026-00438,13,Display,7571,2026-08-26,2026-09-01,7495
BATCH-2025-00439,7,Battery,1820,2025-01-31,2025-02-11,1799
BATCH-2025-00440,24,Battery,7981,2025-02-19,2025-03-10,7638
BATCH-2025-00441,32,Camera,6054,2025-04-06,2025-04-12,5902
BATCH-2025-00442,13,Processor,9444,2025-09-27,2025-10-08,9350
BATCH-2025-00443,21,PCB,6357,2025-07-06,2025-07-15,6248
BATCH-2025-00444,2,PCB,6429,2025-07-31,2025-08-17,6365
BATCH-2026-00445,20,Fan,6181,2026-06-01,2026-06-09,6119
BATCH-2026-00446,43,Memory,600,2026-06-06,2026-06-24,554
BATCH-2026-00447,5,Power IC,5423,2026-03-26,2026-04-09,5231
BATCH-2024-00448,7,Battery,9392,2024-12-04,2024-12-20,9298
BATCH-2025-00449,3,Fan,1954,2025-10-08,2025-10-28,1894
BATCH-2025-00450,38,Battery,7519,2025-12-15,2025-12-24,7309
BATCH-2025-00451,50,Camera,3156,2025-09-20,2025-10-05,3114
BATCH-2026-00452,26,Fan,4011,2026-05-18,2026-06-04,3801
BATCH-2026-00453,40,Camera,7766,2026-03-09,2026-03-18,7510
BATCH-2025-00454,34,PCB,1966,2025-05-21,2025-06-07,1826
BATCH-2026-00455,1,Motherboard,8161,2026-07-20,2026-07-27,7774
BATCH-2026-00456,50,Charger,6419,2026-01-12,2026-01-24,6338
BATCH-2025-00457,12,Display,6014,2025-07-16,2025-07-30,5954
BATCH-2025-00458,44,Memory,7899,2025-11-30,2025-12-11,7412
BATCH-2025-00459,25,Fan,7822,2025-04-25,2025-05-03,7322
BATCH-2025-00460,39,Camera,6103,2025-04-20,2025-05-05,5772
BATCH-2025-00461,48,Processor,4609,2025-02-25,2025-03-16,4381
BATCH-2025-00462,36,Power IC,5006,2025-08-30,2025-09-04,4892
BATCH-2024-00463,41,Fan,7529,2024-10-10,2024-10-28,7454
BATCH-2025-00464,20,Fan,603,2025-06-07,2025-06-23,577
BATCH-2026-00465,27,Fan,2310,2026-03-16,2026-04-01,2192
BATCH-2025-00466,45,Memory,5360,2025-07-13,2025-07-30,5306
BATCH-2024-00467,40,Camera,4135,2024-10-07,2024-10-17,3972
BATCH-2025-00468,48,Display,6392,2025-06-16,2025-07-02,6199
BATCH-2025-00469,6,Sensor,1318,2025-08-12,2025-08-17,1305
BATCH-2026-00470,33,Processor,8892,2026-05-22,2026-06-08,8169
BATCH-2024-00471,49,Power IC,1372,2024-12-29,2025-01-07,1329
BATCH-2026-00472,49,Speaker,9227,2026-05-13,2026-05-23,9050
BATCH-2024-00473,15,Battery,1418,2024-11-22,2024-11-29,1336
BATCH-2024-00474,7,Processor,9900,2024-11-21,2024-11-27,9683
BATCH-2025-00475,27,PCB,7376,2025-11-15,2025-11-21,7236
BATCH-2025-00476,39,Connector,8834,2025-04-30,2025-05-15,8468
BATCH-2025-00477,47,Speaker,4204,2025-08-10,2025-08-26,3927
BATCH-2025-00478,18,Processor,1780,2025-07-22,2025-08-08,1730
BATCH-2025-00479,22,Battery,7577,2025-03-16,2025-04-02,7157
BATCH-2026-00480,43,Microcontroller,6892,2026-01-02,2026-01-20,6476
BATCH-2025-00481,45,Motherboard,2144,2025-04-30,2025-05-17,2015
BATCH-2024-00482,11,Speaker,9107,2024-12-08,2024-12-17,8789
BATCH-2025-00483,13,Charger,3458,2025-10-27,2025-11-05,3423
BATCH-2026-00484,32,Battery,6273,2026-07-25,2026-08-01,5919
BATCH-2026-00485,31,Speaker,5640,2026-01-29,2026-02-12,5359
BATCH-2025-00486,4,Processor,4149,2025-08-01,2025-08-07,4108
BATCH-2026-00487,17,Sensor,8342,2026-03-14,2026-03-31,7984
BATCH-2024-00488,12,Sensor,5503,2024-10-15,2024-11-01,5250
BATCH-2025-00489,28,Sensor,918,2025-12-14,2025-12-30,866
BATCH-2025-00490,47,Microcontroller,5334,2025-12-30,2026-01-13,5281
BATCH-2025-00491,7,Display,4158,2025-09-29,2025-10-14,3954
BATCH-2025-00492,25,Charger,4986,2025-10-29,2025-11-10,4936
BATCH-2025-00493,26,Sensor,5931,2025-01-28,2025-02-08,5450
BATCH-2026-00494,11,Power IC,105,2026-01-02,2026-01-13,102
BATCH-2024-00495,27,Motherboard,7124,2024-10-11,2024-10-19,6956
BATCH-2026-00496,29,Display,9417,2026-08-24,2026-08-31,9119
BATCH-2025-00497,10,Charger,4013,2025-12-30,2026-01-08,3950
BATCH-2025-00498,21,Battery,2383,2025-03-19,2025-04-07,2308
BATCH-2026-00499,8,Motherboard,4972,2026-05-31,2026-06-10,4570
BATCH-2025-00500,50,Motherboard,2940,2025-05-31,2025-06-09,2828
BATCH-2026-00501,32,Power IC,7533,2026-09-13,2026-09-18,7420
BATCH-2026-00502,50,Charger,6427,2026-02-26,2026-03-16,6278
BATCH-2025-00503,17,Battery,3853,2025-10-08,2025-10-23,3782
BATCH-2025-00504,42,Microcontroller,4454,2025-03-13,2025-04-02,4272
BATCH-2026-00505,46,Fan,5860,2026-04-23,2026-05-13,5453
BATCH-2024-00506,14,Power IC,5518,2024-11-15,2024-11-28,5361
BATCH-2025-00507,29,Power IC,4184,2025-07-13,2025-07-28,3961
BATCH-2025-00508,38,Connector,3374,2025-10-08,2025-10-15,3299
BATCH-2025-00509,27,PCB,9856,2025-08-09,2025-08-14,9668
BATCH-2025-00510,12,Microcontroller,5584,2025-01-25,2025-01-30,5528
BATCH-2026-00511,6,Battery,2627,2026-01-09,2026-01-28,2583
BATCH-2026-00512,14,Processor,643,2026-07-23,2026-08-06,621
BATCH-2025-00513,2,PCB,1115,2025-01-09,2025-01-22,1104
BATCH-2025-00514,31,Speaker,4484,2025-06-24,2025-06-30,4439
BATCH-2024-00515,32,Fan,1349,2024-09-26,2024-10-09,1335
BATCH-2026-00516,9,Charger,5540,2026-01-28,2026-02-04,5485
BATCH-2026-00517,41,Speaker,1495,2026-03-01,2026-03-09,1420
BATCH-2025-00518,30,Fan,4991,2025-10-31,2025-11-09,4941
BATCH-2025-00519,39,Connector,7430,2025-02-28,2025-03-16,7356
BATCH-2025-00520,3,Sensor,7143,2025-06-07,2025-06-12,6475
BATCH-2025-00521,28,Speaker,2552,2025-12-07,2025-12-22,2395
BATCH-2024-00522,39,Camera,7146,2024-10-21,2024-10-27,6748
BATCH-2025-00523,32,Power IC,6979,2025-03-16,2025-03-23,6688
BATCH-2025-00524,3,Power IC,4603,2025-01-14,2025-01-25,4352
BATCH-2026-00525,7,PCB,5718,2026-07-25,2026-08-05,5661
BATCH-2025-00526,11,Memory,276,2025-04-27,2025-05-16,262
BATCH-2026-00527,26,Processor,8744,2026-03-29,2026-04-14,8492
BATCH-2025-00528,49,Camera,9711,2025-02-04,2025-02-17,9512
BATCH-2025-00529,4,PCB,698,2025-12-10,2025-12-30,673
BATCH-2025-00530,31,Power IC,5761,2025-09-19,2025-09-26,5414
BATCH-2026-00531,36,Display,7059,2026-03-04,2026-03-11,6984
BATCH-2025-00532,43,Motherboard,5147,2025-10-20,2025-10-29,4835
BATCH-2025-00533,7,Motherboard,331,2025-06-14,2025-07-04,309
BATCH-2025-00534,9,Motherboard,4693,2025-11-24,2025-12-14,4646
BATCH-2026-00535,5,Camera,9474,2026-06-07,2026-06-22,8797
BATCH-2025-00536,19,Motherboard,2493,2025-11-22,2025-12-06,2308
BATCH-2026-00537,7,Camera,1040,2026-02-05,2026-02-20,1005
BATCH-2026-00538,50,Sensor,975,2026-01-20,2026-02-04,912
BATCH-2025-00539,16,Processor,4210,2025-08-30,2025-09-16,4148
BATCH-2024-00540,38,Memory,3417,2024-10-06,2024-10-24,3284
BATCH-2025-00541,16,PCB,449,2025-08-09,2025-08-26,436
BATCH-2025-00542,48,Battery,1247,2025-06-02,2025-06-21,1182
BATCH-2025-00543,15,Display,2780,2025-01-07,2025-01-14,2698
BATCH-2025-00544,35,Memory,2937,2025-08-15,2025-08-22,2773
BATCH-2025-00545,35,Connector,5463,2025-10-03,2025-10-12,5231
BATCH-2025-00546,14,Speaker,6183,2025-04-29,2025-05-09,6112
BATCH-2024-00547,38,Display,4192,2024-09-28,2024-10-10,4058
BATCH-2026-00548,13,Charger,4001,2026-03-30,2026-04-16,3924
BATCH-2025-00549,43,Memory,2132,2025-11-25,2025-12-02,2045
BATCH-2026-00550,2,Motherboard,3514,2026-06-03,2026-06-14,3334
BATCH-2026-00551,5,Motherboard,8357,2026-08-06,2026-08-16,8204
BATCH-2026-00552,2,Camera,7662,2026-07-09,2026-07-18,7585
BATCH-2026-00553,26,Power IC,2768,2026-07-28,2026-08-17,2627
BATCH-2026-00554,50,Connector,4505,2026-08-19,2026-09-01,4342
BATCH-2026-00555,40,Charger,1009,2026-09-08,2026-09-16,954
BATCH-2025-00556,1,Display,8443,2025-09-27,2025-10-07,8008
BATCH-2025-00557,8,Microcontroller,2982,2025-08-30,2025-09-04,2900
BATCH-2024-00558,7,PCB,5090,2024-10-21,2024-10-27,5039
BATCH-2025-00559,1,Microcontroller,7331,2025-09-19,2025-10-09,7209
BATCH-2026-00560,49,Fan,5095,2026-03-02,2026-03-20,4733
BATCH-2026-00561,7,Camera,4194,2026-06-04,2026-06-22,4042
BATCH-2025-00562,20,Fan,9768,2025-03-02,2025-03-09,9550
BATCH-2025-00563,10,Processor,4092,2025-07-01,2025-07-15,3971
BATCH-2025-00564,11,Sensor,1895,2025-09-23,2025-10-08,1870
BATCH-2025-00565,26,Charger,4065,2025-05-30,2025-06-08,3826
BATCH-2024-00566,36,Speaker,3677,2024-11-30,2024-12-18,3595
BATCH-2026-00567,14,Battery,515,2026-07-07,2026-07-18,509
BATCH-2025-00568,18,Memory,4997,2025-10-27,2025-11-02,4947
BATCH-2024-00569,34,Motherboard,3505,2024-12-22,2024-12-31,3367
BATCH-2025-00570,41,Camera,6105,2025-01-06,2025-01-22,5795
BATCH-2025-00571,35,Microcontroller,4938,2025-05-25,2025-06-07,4762
BATCH-2026-00572,9,PCB,5379,2026-04-11,2026-04-18,5325
BATCH-2026-00573,18,Processor,827,2026-07-27,2026-08-10,795
BATCH-2026-00574,14,Microcontroller,1171,2026-03-26,2026-04-03,1127
BATCH-2025-00575,42,Processor,3588,2025-04-09,2025-04-18,3517
BATCH-2026-00576,10,Connector,3913,2026-09-03,2026-09-13,3753
BATCH-2024-00577,17,Display,6082,2024-10-06,2024-10-14,5892
BATCH-2025-00578,11,Power IC,9910,2025-06-01,2025-06-20,9680
BATCH-2025-00579,40,Memory,9340,2025-05-05,2025-05-10,9132
BATCH-2025-00580,39,Motherboard,8459,2025-09-02,2025-09-21,8327
BATCH-2026-00581,7,Motherboard,7172,2026-04-29,2026-05-16,6853
BATCH-2026-00582,16,Sensor,1034,2026-07-26,2026-08-15,1019
BATCH-2026-00583,2,Display,2838,2026-01-10,2026-01-17,2769
BATCH-2026-00584,2,Motherboard,8013,2026-04-27,2026-05-11,7665
BATCH-2025-00585,18,Display,7545,2025-04-07,2025-04-27,7407
BATCH-2025-00586,21,Speaker,4537,2025-08-21,2025-08-30,4449
BATCH-2026-00587,43,Connector,577,2026-06-21,2026-06-28,554
BATCH-2026-00588,14,Fan,4317,2026-03-24,2026-04-03,4189
BATCH-2025-00589,3,Connector,4730,2025-03-24,2025-04-03,4548
BATCH-2025-00590,26,Motherboard,3584,2025-12-06,2025-12-20,3480
BATCH-2025-00591,25,PCB,9654,2025-03-24,2025-04-08,9336
BATCH-2025-00592,49,Sensor,9680,2025-11-14,2025-12-02,9263
BATCH-2025-00593,47,Memory,5628,2025-01-20,2025-01-28,5572
BATCH-2025-00594,41,Charger,2708,2025-01-17,2025-02-05,2681
BATCH-2026-00595,18,Memory,3894,2026-02-26,2026-03-07,3683
BATCH-2024-00596,3,Battery,8178,2024-09-26,2024-10-02,7850
BATCH-2026-00597,15,Camera,791,2026-01-14,2026-01-25,737
BATCH-2025-00598,6,Camera,8958,2025-03-25,2025-04-01,8733
BATCH-2026-00599,7,Power IC,3401,2026-02-24,2026-03-08,3274
BATCH-2026-00600,23,Speaker,1131,2026-02-26,2026-03-18,1120
BATCH-2025-00601,16,Fan,2646,2025-09-05,2025-09-22,2620
BATCH-2025-00602,47,Fan,1228,2025-11-18,2025-12-07,1167
BATCH-2025-00603,18,Charger,3329,2025-06-04,2025-06-19,3202
BATCH-2025-00604,23,Charger,1981,2025-10-25,2025-11-13,1948
BATCH-2024-00605,24,Speaker,6163,2024-11-06,2024-11-20,5900
BATCH-2025-00606,2,Display,3456,2025-11-21,2025-12-06,3236
BATCH-2026-00607,40,Microcontroller,8899,2026-03-18,2026-03-29,8631
BATCH-2026-00608,44,PCB,3269,2026-08-04,2026-08-14,3236
BATCH-2024-00609,24,Charger,8374,2024-11-01,2024-11-13,8102
BATCH-2025-00610,19,Speaker,3921,2025-02-02,2025-02-10,3737
BATCH-2025-00611,16,Power IC,3365,2025-06-28,2025-07-06,3250
BATCH-2024-00612,18,Microcontroller,7742,2024-09-30,2024-10-11,7621
BATCH-2025-00613,14,Microcontroller,3064,2025-10-04,2025-10-10,3003
BATCH-2026-00614,46,Charger,681,2026-02-19,2026-03-02,666
BATCH-2025-00615,27,Microcontroller,8025,2025-08-18,2025-08-23,7691
BATCH-2026-00616,5,Processor,1353,2026-02-14,2026-03-03,1292
BATCH-2026-00617,5,Motherboard,8358,2026-06-14,2026-06-28,7843
BATCH-2025-00618,32,Sensor,7571,2025-11-23,2025-12-11,7158
BATCH-2025-00619,3,Processor,1080,2025-10-29,2025-11-14,1069
BATCH-2025-00620,11,Motherboard,6519,2025-09-09,2025-09-20,6208
BATCH-2026-00621,45,Charger,7075,2026-02-13,2026-02-22,6603
BATCH-2026-00622,11,Sensor,8892,2026-02-19,2026-03-08,8506
BATCH-2026-00623,14,Charger,2021,2026-08-28,2026-09-04,1889
BATCH-2025-00624,36,Camera,3145,2025-12-04,2025-12-13,2974
BATCH-2024-00625,4,Motherboard,6206,2024-10-19,2024-11-07,6144
BATCH-2025-00626,1,Microcontroller,9494,2025-05-04,2025-05-21,9399
BATCH-2025-00627,13,Sensor,8737,2025-08-02,2025-08-08,8636
BATCH-2025-00628,17,Memory,4368,2025-04-19,2025-05-03,4274
BATCH-2024-00629,31,Microcontroller,8283,2024-11-14,2024-11-25,8048
BATCH-2025-00630,20,Motherboard,3586,2025-01-03,2025-01-12,3501
BATCH-2025-00631,6,Motherboard,8263,2025-09-15,2025-09-29,8073
BATCH-2024-00632,46,Microcontroller,763,2024-10-07,2024-10-18,749
BATCH-2026-00633,15,Camera,4034,2026-09-07,2026-09-17,3994
BATCH-2025-00634,11,Display,5779,2025-07-21,2025-08-02,5721
BATCH-2026-00635,8,Connector,3194,2026-05-14,2026-05-23,3130
BATCH-2025-00636,7,Display,6929,2025-02-18,2025-03-08,6860
BATCH-2024-00637,28,Memory,6569,2024-11-07,2024-11-17,6503
BATCH-2026-00638,9,Memory,7306,2026-08-11,2026-08-20,7233
BATCH-2026-00639,1,Processor,9906,2026-06-09,2026-06-25,9583
BATCH-2026-00640,42,Charger,335,2026-06-28,2026-07-03,321
BATCH-2025-00641,37,Camera,4756,2025-10-23,2025-11-09,4616
BATCH-2024-00642,22,Fan,4940,2024-10-08,2024-10-21,4891
BATCH-2026-00643,21,Battery,5764,2026-05-17,2026-06-06,5706
BATCH-2024-00644,3,Display,8875,2024-12-08,2024-12-23,8572
BATCH-2025-00645,39,Camera,8292,2025-07-20,2025-07-25,7937
BATCH-2025-00646,19,Camera,4676,2025-07-27,2025-08-06,4611
BATCH-2025-00647,39,Camera,8663,2025-06-11,2025-06-16,7870
BATCH-2025-00648,8,Battery,6061,2025-11-11,2025-11-18,6000
BATCH-2025-00649,49,PCB,1068,2025-03-10,2025-03-21,1030
BATCH-2025-00650,8,Display,567,2025-04-21,2025-05-08,561
BATCH-2026-00651,14,Processor,3421,2026-03-18,2026-03-24,3387
BATCH-2026-00652,4,Charger,7585,2026-05-27,2026-06-06,7391
BATCH-2026-00653,16,Power IC,2051,2026-09-11,2026-10-01,1973
BATCH-2025-00654,13,Memory,1326,2025-06-30,2025-07-13,1313
BATCH-2026-00655,12,PCB,6949,2026-03-21,2026-04-02,6649
BATCH-2025-00656,45,Battery,2548,2025-10-07,2025-10-20,2465
BATCH-2026-00657,44,Charger,5388,2026-07-30,2026-08-12,5137
BATCH-2025-00658,35,Sensor,4227,2025-02-08,2025-02-21,4185
BATCH-2025-00659,18,Display,3958,2025-03-09,2025-03-29,3749
BATCH-2026-00660,27,PCB,9322,2026-03-28,2026-04-03,9081
BATCH-2024-00661,38,Motherboard,8395,2024-11-27,2024-12-04,7512
BATCH-2024-00662,46,Display,779,2024-10-28,2024-11-13,748
BATCH-2026-00663,14,Motherboard,685,2026-05-15,2026-06-03,638
BATCH-2026-00664,36,Sensor,3292,2026-07-22,2026-08-07,3114
BATCH-2026-00665,3,Power IC,1986,2026-01-15,2026-01-26,1898
BATCH-2025-00666,22,Connector,9977,2025-09-16,2025-09-23,9338
BATCH-2025-00667,35,Memory,3444,2025-09-04,2025-09-22,3251
BATCH-2026-00668,29,Sensor,4102,2026-05-31,2026-06-14,4036
BATCH-2026-00669,18,Speaker,6252,2026-02-25,2026-03-05,5951
BATCH-2026-00670,33,PCB,6285,2026-08-10,2026-08-23,5996
BATCH-2025-00671,39,Display,1135,2025-04-05,2025-04-23,1027
BATCH-2025-00672,27,Memory,6823,2025-05-17,2025-05-23,6755
BATCH-2026-00673,10,Camera,248,2026-03-07,2026-03-26,246
BATCH-2025-00674,42,Microcontroller,5955,2025-04-21,2025-05-01,5895
BATCH-2026-00675,42,Fan,454,2026-02-28,2026-03-10,449
BATCH-2026-00676,26,Charger,598,2026-04-12,2026-04-19,591
BATCH-2026-00677,9,Connector,9196,2026-08-08,2026-08-19,9104
BATCH-2025-00678,26,Microcontroller,1147,2025-03-01,2025-03-11,1072
BATCH-2026-00679,43,Connector,8381,2026-04-04,2026-04-21,7789
BATCH-2025-00680,41,Battery,4081,2025-02-05,2025-02-10,3972
BATCH-2025-00681,47,Fan,6523,2025-10-04,2025-10-24,6437
BATCH-2026-00682,28,Motherboard,8213,2026-01-26,2026-02-07,7950
BATCH-2026-00683,32,Speaker,7749,2026-08-12,2026-08-24,7435
BATCH-2025-00684,42,PCB,627,2025-11-29,2025-12-19,602
BATCH-2025-00685,3,Memory,7828,2025-12-30,2026-01-18,7371
BATCH-2025-00686,24,Fan,1282,2025-03-22,2025-03-28,1199
BATCH-2025-00687,16,PCB,3666,2025-01-02,2025-01-07,3525
BATCH-2025-00688,12,Microcontroller,2230,2025-06-01,2025-06-08,2208
BATCH-2025-00689,41,Connector,7738,2025-12-19,2025-12-28,7472
BATCH-2024-00690,46,Microcontroller,9143,2024-10-24,2024-11-12,8556
BATCH-2025-00691,13,Power IC,5429,2025-12-14,2025-12-28,5375
BATCH-2024-00692,32,Memory,263,2024-10-13,2024-11-02,250
BATCH-2025-00693,9,Motherboard,1518,2025-06-20,2025-06-30,1473
BATCH-2024-00694,1,Charger,5121,2024-09-18,2024-09-29,5070
BATCH-2025-00695,42,Camera,1464,2025-10-08,2025-10-27,1449
BATCH-2025-00696,19,Sensor,1812,2025-12-11,2025-12-21,1701
BATCH-2025-00697,28,Memory,2500,2025-09-17,2025-09-23,2306
BATCH-2025-00698,33,Charger,2923,2025-10-23,2025-11-08,2892
BATCH-2025-00699,12,Camera,2628,2025-08-22,2025-09-09,2602
BATCH-2024-00700,2,Power IC,6815,2024-12-11,2024-12-27,6747
BATCH-2025-00701,34,Power IC,3299,2025-07-04,2025-07-16,3266
BATCH-2024-00702,3,Sensor,6585,2024-11-15,2024-12-05,6320
BATCH-2026-00703,33,Memory,6439,2026-03-20,2026-04-01,6371
BATCH-2025-00704,42,Battery,6237,2025-03-27,2025-04-12,6175
BATCH-2026-00705,47,Display,1466,2026-07-26,2026-08-06,1354
BATCH-2026-00706,2,Charger,859,2026-02-27,2026-03-07,843
BATCH-2025-00707,31,Sensor,8684,2025-05-20,2025-05-28,8597
BATCH-2026-00708,9,Display,4083,2026-06-03,2026-06-20,3987
BATCH-2024-00709,40,Speaker,8645,2024-12-17,2025-01-04,8224
BATCH-2025-00710,15,Sensor,978,2025-06-15,2025-06-26,953
BATCH-2025-00711,29,Microcontroller,4419,2025-07-15,2025-08-02,4370
BATCH-2025-00712,34,Speaker,7560,2025-09-11,2025-09-16,7296
BATCH-2025-00713,24,Power IC,8058,2025-03-06,2025-03-23,7451
BATCH-2026-00714,34,Charger,8878,2026-07-22,2026-08-09,8175
BATCH-2025-00715,16,Motherboard,954,2025-04-03,2025-04-10,944
BATCH-2025-00716,25,Connector,8623,2025-10-30,2025-11-17,8498
BATCH-2026-00717,18,Fan,9103,2026-08-19,2026-08-29,9012
BATCH-2025-00718,12,Fan,5755,2025-01-04,2025-01-15,5697
BATCH-2025-00719,18,Charger,691,2025-04-16,2025-05-01,681
BATCH-2026-00720,13,Power IC,5016,2026-05-19,2026-06-07,4907
BATCH-2025-00721,35,Memory,1930,2025-07-27,2025-08-04,1904
BATCH-2025-00722,24,Camera,8247,2025-06-20,2025-06-28,8165
BATCH-2025-00723,42,Motherboard,9921,2025-11-11,2025-11-20,9822
BATCH-2025-00724,44,PCB,8828,2025-05-23,2025-06-08,8705
BATCH-2026-00725,1,Speaker,1782,2026-05-28,2026-06-03,1764
BATCH-2025-00726,50,Camera,8158,2025-07-02,2025-07-18,7644
BATCH-2025-00727,46,Fan,2166,2025-07-02,2025-07-13,2132
BATCH-2025-00728,29,Motherboard,2335,2025-05-05,2025-05-23,2258
BATCH-2025-00729,46,Connector,5698,2025-03-16,2025-03-23,5320
BATCH-2025-00730,25,Connector,8963,2025-12-05,2025-12-11,8454
BATCH-2025-00731,20,Sensor,3088,2025-12-10,2025-12-24,2938
BATCH-2025-00732,23,Sensor,4772,2025-05-01,2025-05-15,4685
BATCH-2026-00733,7,Sensor,7862,2026-05-08,2026-05-24,7536
BATCH-2025-00734,38,Speaker,8026,2025-11-17,2025-12-05,7714
BATCH-2025-00735,5,Power IC,6685,2025-04-14,2025-05-01,6618
BATCH-2025-00736,37,Motherboard,6747,2025-01-20,2025-01-29,6646
BATCH-2025-00737,9,Microcontroller,3948,2025-06-23,2025-06-28,3909
BATCH-2025-00738,44,Sensor,8761,2025-01-26,2025-02-02,8673
BATCH-2025-00739,28,Processor,9443,2025-07-02,2025-07-21,9091
BATCH-2024-00740,44,Speaker,5374,2024-10-06,2024-10-17,5127
BATCH-2025-00741,28,Speaker,315,2025-08-25,2025-09-07,312
BATCH-2025-00742,45,Charger,1787,2025-10-30,2025-11-14,1769
BATCH-2025-00743,4,Camera,3077,2025-03-19,2025-04-06,3046
BATCH-2025-00744,7,Microcontroller,2341,2025-05-18,2025-05-31,2250
BATCH-2025-00745,21,Processor,4285,2025-10-29,2025-11-11,4198
BATCH-2026-00746,26,Camera,3617,2026-01-18,2026-01-29,3442
BATCH-2026-00747,13,Motherboard,8445,2026-04-13,2026-04-22,8193
BATCH-2026-00748,7,Memory,8940,2026-07-06,2026-07-11,8575
BATCH-2025-00749,10,Memory,435,2025-05-19,2025-06-01,431
BATCH-2024-00750,14,PCB,1897,2024-10-29,2024-11-11,1878
BATCH-2024-00751,5,Power IC,9900,2024-11-24,2024-12-03,9785
BATCH-2026-00752,43,Battery,7672,2026-06-08,2026-06-18,7187
BATCH-2025-00753,9,Battery,7767,2025-02-01,2025-02-18,7510
BATCH-2024-00754,25,Microcontroller,2330,2024-10-13,2024-10-29,2201
BATCH-2026-00755,6,Display,5716,2026-06-23,2026-07-04,5659
BATCH-2025-00756,40,Memory,7015,2025-10-06,2025-10-21,6850
BATCH-2026-00757,22,Speaker,7536,2026-07-20,2026-08-03,7156
BATCH-2025-00758,6,Processor,817,2025-11-23,2025-12-13,794
BATCH-2026-00759,5,Speaker,649,2026-05-25,2026-06-12,626
BATCH-2025-00760,50,Charger,8015,2025-02-24,2025-03-15,7817
BATCH-2025-00761,11,Motherboard,6063,2025-06-03,2025-06-18,5947
BATCH-2025-00762,33,Display,2671,2025-10-08,2025-10-15,2644
BATCH-2025-00763,40,Display,1016,2025-12-27,2026-01-04,944
BATCH-2025-00764,18,Motherboard,6950,2025-03-11,2025-03-26,6672
BATCH-2025-00765,29,Microcontroller,4593,2025-06-26,2025-07-09,4307
BATCH-2025-00766,42,Sensor,7425,2025-02-28,2025-03-20,7351
BATCH-2025-00767,5,Power IC,5325,2025-12-19,2026-01-06,4973
BATCH-2025-00768,18,Motherboard,7727,2025-05-21,2025-06-10,7650
BATCH-2025-00769,31,Processor,4566,2025-11-26,2025-12-10,4256
BATCH-2025-00770,6,Power IC,3355,2025-11-09,2025-11-25,3321
BATCH-2024-00771,46,Battery,316,2024-10-20,2024-10-28,295
BATCH-2025-00772,44,Connector,495,2025-08-08,2025-08-13,464
BATCH-2025-00773,27,Camera,7689,2025-11-27,2025-12-06,7612
BATCH-2026-00774,22,Motherboard,2949,2026-01-23,2026-02-07,2920
BATCH-2026-00775,44,Microcontroller,9744,2026-09-03,2026-09-22,9647
BATCH-2026-00776,37,Camera,2278,2026-05-17,2026-06-04,2135
BATCH-2025-00777,7,Camera,8619,2025-08-13,2025-08-26,8533
BATCH-2025-00778,24,Motherboard,6870,2025-06-02,2025-06-17,6612
BATCH-2025-00779,25,Camera,5276,2025-06-16,2025-06-30,5091
BATCH-2025-00780,3,Connector,4387,2025-10-20,2025-11-01,4343
BATCH-2025-00781,38,Battery,3769,2025-11-21,2025-12-10,3639
BATCH-2026-00782,12,Display,7699,2026-02-24,2026-03-07,7583
BATCH-2026-00783,14,Sensor,3187,2026-05-05,2026-05-16,3081
BATCH-2025-00784,17,Camera,9402,2025-08-22,2025-09-06,9308
BATCH-2025-00785,10,Motherboard,165,2025-08-18,2025-09-07,161
BATCH-2025-00786,21,Camera,3245,2025-10-05,2025-10-11,3121
BATCH-2025-00787,42,Display,8443,2025-07-14,2025-07-29,8102
BATCH-2026-00788,28,Camera,458,2026-03-19,2026-04-02,426
BATCH-2025-00789,1,Processor,4389,2025-03-19,2025-04-07,4232
BATCH-2025-00790,6,Display,2818,2025-01-01,2025-01-12,2686
BATCH-2025-00791,27,Processor,1336,2025-01-14,2025-01-22,1323
BATCH-2025-00792,5,Charger,3358,2025-08-26,2025-09-08,3086
BATCH-2026-00793,21,Processor,4976,2026-08-06,2026-08-17,4820
BATCH-2026-00794,6,Battery,1550,2026-06-25,2026-07-15,1534
BATCH-2026-00795,33,Power IC,5487,2026-09-08,2026-09-24,5432
BATCH-2026-00796,5,Connector,2119,2026-06-13,2026-06-27,2055
BATCH-2026-00797,7,Connector,4431,2026-07-29,2026-08-07,4387
BATCH-2026-00798,8,Sensor,3853,2026-01-17,2026-02-01,3814
BATCH-2026-00799,30,Processor,4135,2026-07-23,2026-08-03,3855
BATCH-2025-00800,29,Fan,1577,2025-09-30,2025-10-13,1560
BATCH-2025-00801,6,Sensor,3369,2025-01-09,2025-01-27,3335
BATCH-2025-00802,13,Fan,441,2025-04-08,2025-04-24,437
BATCH-2025-00803,28,Processor,8749,2025-01-13,2025-01-19,8357
BATCH-2025-00804,34,Battery,5939,2025-03-23,2025-04-07,5662
BATCH-2026-00805,24,Connector,3490,2026-02-09,2026-02-22,3418
BATCH-2026-00806,30,Fan,5675,2026-02-24,2026-03-15,5521
BATCH-2025-00807,40,Sensor,7404,2025-05-10,2025-05-26,6853
BATCH-2025-00808,5,Speaker,210,2025-01-09,2025-01-29,194
BATCH-2025-00809,7,PCB,9903,2025-01-19,2025-02-03,9737
BATCH-2025-00810,15,Display,3311,2025-10-16,2025-11-02,3268
BATCH-2025-00811,33,Fan,9308,2025-01-08,2025-01-14,9114
BATCH-2026-00812,39,Sensor,9143,2026-04-21,2026-05-04,8626
BATCH-2024-00813,35,Battery,5292,2024-09-26,2024-10-06,4969
BATCH-2026-00814,13,Battery,7993,2026-01-09,2026-01-29,7592
BATCH-2025-00815,38,Power IC,1219,2025-03-24,2025-04-12,1190
BATCH-2025-00816,28,PCB,2906,2025-01-11,2025-01-25,2877
BATCH-2026-00817,13,Sensor,2078,2026-01-06,2026-01-15,2057
BATCH-2025-00818,7,Microcontroller,5107,2025-07-07,2025-07-25,5052
BATCH-2026-00819,35,Speaker,2257,2026-02-22,2026-03-08,2029
BATCH-2026-00820,44,PCB,2854,2026-03-14,2026-03-20,2825
BATCH-2025-00821,10,Processor,7481,2025-03-13,2025-03-25,7211
BATCH-2025-00822,4,Microcontroller,1687,2025-02-15,2025-03-01,1625
BATCH-2025-00823,47,PCB,1488,2025-05-01,2025-05-20,1451
BATCH-2026-00824,28,Processor,4782,2026-05-13,2026-05-28,4585
BATCH-2024-00825,43,Microcontroller,7554,2024-11-28,2024-12-12,7064
BATCH-2025-00826,42,Sensor,2524,2025-04-10,2025-04-26,2499
BATCH-2025-00827,20,Motherboard,6605,2025-11-22,2025-12-05,6539
BATCH-2025-00828,6,Motherboard,7534,2025-03-25,2025-04-03,7257
BATCH-2026-00829,25,Motherboard,4543,2026-02-09,2026-02-22,4498
BATCH-2025-00830,14,Motherboard,9487,2025-03-18,2025-03-24,9375
BATCH-2025-00831,22,Camera,4045,2025-07-02,2025-07-12,3738
BATCH-2025-00832,38,Display,5750,2025-01-23,2025-02-02,5512
BATCH-2026-00833,20,Camera,8513,2026-06-07,2026-06-12,8177
BATCH-2025-00834,31,Sensor,7920,2025-06-20,2025-06-26,7739
BATCH-2026-00835,20,Camera,1583,2026-09-07,2026-09-14,1567
BATCH-2025-00836,36,Fan,149,2025-04-26,2025-05-03,143
BATCH-2026-00837,45,Connector,2435,2026-07-24,2026-08-08,2355
BATCH-2025-00838,39,Connector,7520,2025-02-18,2025-03-10,7101
BATCH-2026-00839,16,Power IC,6839,2026-07-20,2026-08-06,6681
BATCH-2026-00840,13,Sensor,1065,2026-05-13,2026-05-28,1051
BATCH-2025-00841,31,Power IC,8663,2025-09-14,2025-09-26,8505
BATCH-2025-00842,31,PCB,2234,2025-09-21,2025-09-30,2212
BATCH-2025-00843,41,Sensor,1473,2025-03-15,2025-03-22,1458
BATCH-2026-00844,45,Processor,4516,2026-07-17,2026-07-28,4196
BATCH-2025-00845,8,Motherboard,750,2025-08-11,2025-08-21,742
BATCH-2025-00846,1,Processor,8176,2025-10-16,2025-11-01,7697
BATCH-2025-00847,1,Fan,6612,2025-05-22,2025-05-27,6546
BATCH-2025-00848,31,Motherboard,2746,2025-03-11,2025-03-19,2719
BATCH-2026-00849,13,Speaker,3095,2026-04-11,2026-04-29,3064
BATCH-2025-00850,39,Microcontroller,2132,2025-08-23,2025-09-04,2111
BATCH-2026-00851,40,Fan,3967,2026-06-18,2026-06-25,3657
BATCH-2024-00852,46,Connector,9650,2024-12-21,2025-01-02,9346
BATCH-2025-00853,14,Display,3280,2025-06-29,2025-07-13,3135
BATCH-2025-00854,13,Microcontroller,9537,2025-02-26,2025-03-06,9147
BATCH-2025-00855,36,Motherboard,2976,2025-12-29,2026-01-03,2769
BATCH-2025-00856,34,Speaker,6500,2025-08-04,2025-08-11,6403
BATCH-2025-00857,15,Charger,6843,2025-03-23,2025-04-03,6547
BATCH-2025-00858,36,Processor,4568,2025-08-30,2025-09-14,4289
BATCH-2025-00859,39,Speaker,8131,2025-04-03,2025-04-23,7936
BATCH-2026-00860,14,Fan,3390,2026-04-26,2026-05-06,3356
BATCH-2025-00861,4,Battery,6866,2025-02-05,2025-02-14,6710
BATCH-2026-00862,28,Power IC,6920,2026-03-07,2026-03-27,6687
BATCH-2024-00863,12,Fan,5444,2024-11-28,2024-12-14,5390
BATCH-2025-00864,3,Memory,7634,2025-11-08,2025-11-26,7336
BATCH-2025-00865,4,Motherboard,482,2025-06-19,2025-06-24,477
BATCH-2024-00866,16,Sensor,9961,2024-11-08,2024-11-14,9861
BATCH-2026-00867,21,Power IC,435,2026-03-08,2026-03-14,431
BATCH-2025-00868,36,Charger,1919,2025-05-21,2025-05-26,1762
BATCH-2024-00869,16,Charger,8092,2024-12-17,2024-12-28,7699
BATCH-2026-00870,10,Processor,795,2026-06-02,2026-06-07,771
BATCH-2026-00871,24,Charger,7786,2026-09-05,2026-09-11,7556
BATCH-2024-00872,49,Processor,7178,2024-11-13,2024-11-27,6812
BATCH-2025-00873,12,Display,759,2025-02-02,2025-02-15,727
BATCH-2026-00874,4,Charger,9868,2026-01-11,2026-01-26,9769
BATCH-2026-00875,28,Microcontroller,4832,2026-01-25,2026-02-04,4784
BATCH-2026-00876,3,Motherboard,3710,2026-02-09,2026-02-14,3553
BATCH-2025-00877,32,Microcontroller,7621,2025-03-24,2025-04-11,7260
BATCH-2026-00878,25,Processor,671,2026-09-11,2026-09-17,664
BATCH-2024-00879,8,Fan,1527,2024-12-31,2025-01-14,1453
BATCH-2025-00880,15,Power IC,365,2025-03-15,2025-03-28,338
BATCH-2025-00881,11,Speaker,7624,2025-06-28,2025-07-07,7548
BATCH-2025-00882,28,Memory,1627,2025-11-07,2025-11-26,1588
BATCH-2026-00883,16,Fan,8147,2026-07-19,2026-08-04,8066
BATCH-2024-00884,33,PCB,4225,2024-11-19,2024-11-24,4056
BATCH-2024-00885,11,Display,9813,2024-11-26,2024-12-11,9715
BATCH-2026-00886,18,Microcontroller,7928,2026-08-30,2026-09-13,7647
BATCH-2025-00887,43,Motherboard,2615,2025-06-04,2025-06-18,2511
BATCH-2026-00888,1,Display,3373,2026-05-21,2026-05-30,3339
BATCH-2026-00889,2,Motherboard,2958,2026-02-07,2026-02-15,2927
BATCH-2025-00890,7,Microcontroller,6804,2025-08-24,2025-09-01,6615
BATCH-2025-00891,18,Sensor,1764,2025-08-04,2025-08-12,1698
BATCH-2025-00892,6,Connector,1089,2025-09-28,2025-10-05,1051
BATCH-2025-00893,23,Microcontroller,2492,2025-04-13,2025-04-21,2407
BATCH-2026-00894,18,Speaker,8993,2026-08-09,2026-08-23,8578
BATCH-2024-00895,40,Charger,1407,2024-12-10,2024-12-29,1393
BATCH-2025-00896,28,Camera,8039,2025-12-09,2025-12-28,7959
BATCH-2025-00897,7,Microcontroller,5167,2025-10-26,2025-11-06,5115
BATCH-2025-00898,14,Speaker,469,2025-04-07,2025-04-24,437
BATCH-2025-00899,41,Charger,2811,2025-11-04,2025-11-12,2649
BATCH-2025-00900,3,Battery,6992,2025-04-23,2025-04-29,6627
BATCH-2025-00901,43,Charger,732,2025-03-03,2025-03-15,700
BATCH-2025-00902,10,Charger,9521,2025-05-13,2025-05-20,9426
BATCH-2025-00903,16,Power IC,1815,2025-12-30,2026-01-15,1758
BATCH-2025-00904,36,Memory,8216,2025-01-27,2025-02-08,7834
BATCH-2024-00905,8,Charger,9546,2024-12-03,2024-12-18,9359
BATCH-2024-00906,34,Processor,2829,2024-12-01,2024-12-07,2714
BATCH-2025-00907,42,Power IC,401,2025-12-20,2025-12-27,383
BATCH-2025-00908,22,Display,4390,2025-08-22,2025-09-01,4146
BATCH-2025-00909,37,Power IC,5501,2025-09-11,2025-09-19,5446
BATCH-2026-00910,25,Connector,7588,2026-08-17,2026-08-29,7060
BATCH-2026-00911,7,Processor,1442,2026-08-07,2026-08-19,1405
BATCH-2024-00912,16,Fan,9995,2024-11-18,2024-12-04,9895
BATCH-2024-00913,47,Processor,2138,2024-10-06,2024-10-18,2013
BATCH-2026-00914,30,Display,9341,2026-04-29,2026-05-18,9081
BATCH-2025-00915,40,Power IC,4421,2025-04-19,2025-05-01,4174
BATCH-2024-00916,4,Fan,1107,2024-11-27,2024-12-03,1091
BATCH-2025-00917,17,Processor,9729,2025-07-31,2025-08-17,9181
BATCH-2025-00918,36,Memory,6083,2025-02-11,2025-03-01,5875
BATCH-2025-00919,5,PCB,8886,2025-09-22,2025-10-06,8724
BATCH-2026-00920,12,Sensor,2822,2026-02-06,2026-02-11,2738
BATCH-2025-00921,23,Connector,1954,2025-06-01,2025-06-11,1924
BATCH-2026-00922,27,PCB,2994,2026-07-08,2026-07-21,2964
BATCH-2025-00923,38,PCB,3804,2025-01-11,2025-01-19,3632
BATCH-2026-00924,6,Sensor,6752,2026-05-15,2026-06-01,6684
BATCH-2025-00925,45,Motherboard,3361,2025-07-01,2025-07-20,3063
BATCH-2024-00926,2,Fan,483,2024-10-05,2024-10-15,449
BATCH-2025-00927,15,Charger,5693,2025-11-01,2025-11-20,5566
BATCH-2026-00928,25,Battery,6703,2026-06-09,2026-06-19,6421
BATCH-2025-00929,14,Power IC,8651,2025-11-27,2025-12-04,8298
BATCH-2025-00930,16,Power IC,6971,2025-05-16,2025-05-31,6874
BATCH-2026-00931,19,Sensor,123,2026-07-01,2026-07-14,120
BATCH-2025-00932,2,Processor,1715,2025-06-10,2025-06-23,1667
BATCH-2026-00933,31,Processor,6620,2026-07-18,2026-07-31,6554
BATCH-2024-00934,23,Processor,2939,2024-12-28,2025-01-15,2910
BATCH-2025-00935,34,Memory,5223,2025-02-12,2025-02-25,5023
BATCH-2025-00936,35,Microcontroller,9451,2025-10-04,2025-10-16,8984
BATCH-2026-00937,44,Display,4031,2026-02-10,2026-02-18,3927
BATCH-2026-00938,49,Camera,7431,2026-06-10,2026-06-29,7320
BATCH-2026-00939,37,Display,857,2026-02-05,2026-02-17,848
BATCH-2025-00940,33,Memory,8361,2025-08-05,2025-08-18,8277
BATCH-2026-00941,3,Fan,8183,2026-05-04,2026-05-15,7833
BATCH-2026-00942,26,Fan,5109,2026-02-28,2026-03-06,4855
BATCH-2025-00943,50,Display,5446,2025-09-26,2025-10-09,5282
BATCH-2025-00944,3,Power IC,2397,2025-08-01,2025-08-15,2272
BATCH-2026-00945,36,Processor,740,2026-05-31,2026-06-09,684
BATCH-2024-00946,44,Camera,6624,2024-12-07,2024-12-18,6510
BATCH-2024-00947,18,Memory,6808,2024-11-20,2024-12-08,6671
BATCH-2026-00948,44,Connector,8234,2026-03-02,2026-03-16,7984
BATCH-2025-00949,46,Microcontroller,4536,2025-03-17,2025-04-02,4288
BATCH-2025-00950,4,Microcontroller,3355,2025-08-07,2025-08-17,3281
BATCH-2025-00951,30,Power IC,3224,2025-03-29,2025-04-15,3129
BATCH-2024-00952,10,Fan,3707,2024-12-01,2024-12-20,3614
BATCH-2026-00953,2,Speaker,7023,2026-03-24,2026-04-02,6632
BATCH-2026-00954,17,Processor,6950,2026-05-04,2026-05-17,6704
BATCH-2026-00955,2,Processor,1674,2026-09-11,2026-09-26,1605
BATCH-2024-00956,40,Battery,9033,2024-10-10,2024-10-15,8862
BATCH-2026-00957,13,Sensor,4766,2026-04-17,2026-04-27,4718
BATCH-2024-00958,1,Motherboard,7538,2024-11-24,2024-12-11,7096
BATCH-2025-00959,20,Charger,4884,2025-05-02,2025-05-19,4597
BATCH-2026-00960,49,Memory,4526,2026-04-20,2026-05-03,4439
BATCH-2025-00961,19,Memory,6921,2025-07-30,2025-08-16,6542
BATCH-2025-00962,42,Battery,9328,2025-04-20,2025-05-04,8984
BATCH-2026-00963,18,Speaker,903,2026-05-22,2026-06-10,891
BATCH-2025-00964,29,Battery,7523,2025-02-24,2025-03-11,7448
BATCH-2025-00965,40,Battery,6213,2025-09-16,2025-09-25,6038
BATCH-2025-00966,30,Microcontroller,8574,2025-10-09,2025-10-23,8246
BATCH-2026-00967,29,PCB,2388,2026-02-23,2026-03-11,2322
BATCH-2026-00968,38,Connector,8557,2026-07-07,2026-07-18,8442
BATCH-2026-00969,20,Processor,6150,2026-01-01,2026-01-21,5761
BATCH-2025-00970,36,Motherboard,5016,2025-07-28,2025-08-14,4869
BATCH-2026-00971,24,Camera,5239,2026-08-19,2026-09-02,4854
BATCH-2025-00972,36,Camera,9716,2025-08-09,2025-08-28,9365
BATCH-2025-00973,46,Power IC,8503,2025-01-21,2025-01-27,8171
BATCH-2025-00974,28,Memory,5257,2025-12-07,2025-12-25,5204
BATCH-2025-00975,30,Connector,8014,2025-09-22,2025-10-12,7903
BATCH-2025-00976,22,Microcontroller,1620,2025-06-21,2025-07-09,1604
BATCH-2024-00977,25,Processor,9791,2024-09-30,2024-10-05,9693
BATCH-2025-00978,24,Power IC,7081,2025-04-23,2025-05-10,7010
BATCH-2025-00979,36,Power IC,8140,2025-01-08,2025-01-16,7778
BATCH-2025-00980,16,Motherboard,5487,2025-10-17,2025-11-05,5179
BATCH-2025-00981,7,Charger,6568,2025-08-27,2025-09-07,6502
BATCH-2025-00982,25,Battery,1233,2025-03-15,2025-04-02,1221
BATCH-2025-00983,33,Memory,2887,2025-05-27,2025-06-03,2858
BATCH-2026-00984,26,Processor,8011,2026-08-04,2026-08-16,7815
BATCH-2025-00985,26,Power IC,4338,2025-09-28,2025-10-11,4168
BATCH-2026-00986,36,Display,9055,2026-06-28,2026-07-05,8924
BATCH-2026-00987,17,PCB,7879,2026-06-08,2026-06-13,7746
BATCH-2025-00988,25,Camera,3137,2025-01-27,2025-02-13,3045
BATCH-2025-00989,12,Charger,8902,2025-08-09,2025-08-18,8813
BATCH-2025-00990,17,Display,8219,2025-07-23,2025-08-01,8136
BATCH-2026-00991,8,Display,549,2026-03-30,2026-04-14,528
BATCH-2025-00992,40,Power IC,7253,2025-07-06,2025-07-25,6841
BATCH-2025-00993,50,Connector,1229,2025-09-06,2025-09-22,1191
BATCH-2024-00994,39,Sensor,8059,2024-11-01,2024-11-11,7871
BATCH-2024-00995,24,Display,2691,2024-10-20,2024-11-01,2625
BATCH-2026-00996,50,Camera,4439,2026-01-28,2026-02-06,4244
BATCH-2025-00997,1,Memory,9869,2025-02-25,2025-03-09,9683
BATCH-2025-00998,47,Memory,1517,2025-03-17,2025-03-25,1434
BATCH-2026-00999,13,Camera,3633,2026-01-09,2026-01-20,3421
BATCH-2026-01000,17,Processor,8914,2026-07-18,2026-08-01,8559
BATCH-2025-01001,23,Connector,3591,2025-01-12,2025-01-30,3406
BATCH-2025-01002,17,Memory,6256,2025-03-16,2025-03-25,6171
BATCH-2026-01003,8,PCB,4087,2026-01-18,2026-01-28,3942
BATCH-2026-01004,29,Battery,6757,2026-07-17,2026-08-01,6440
BATCH-2026-01005,11,Display,7562,2026-08-23,2026-09-05,7486
BATCH-2025-01006,30,Sensor,5931,2025-04-28,2025-05-03,5838
BATCH-2026-01007,4,Camera,2703,2026-04-28,2026-05-11,2632
BATCH-2024-01008,27,Speaker,399,2024-12-10,2024-12-28,383
BATCH-2026-01009,22,Processor,6751,2026-03-23,2026-04-01,6570
BATCH-2025-01010,18,Camera,2546,2025-07-29,2025-08-16,2513
BATCH-2025-01011,48,Battery,9117,2025-05-01,2025-05-14,8953
BATCH-2025-01012,11,Fan,921,2025-09-19,2025-09-26,900
BATCH-2025-01013,27,Processor,2285,2025-02-20,2025-03-11,2250
BATCH-2025-01014,46,Camera,6827,2025-07-01,2025-07-09,6654
BATCH-2024-01015,17,Battery,3408,2024-12-20,2025-01-09,3314
BATCH-2026-01016,19,Fan,3663,2026-05-28,2026-06-11,3526
BATCH-2026-01017,2,Charger,9253,2026-04-18,2026-05-05,9160
BATCH-2025-01018,44,Fan,5758,2025-04-23,2025-05-02,5579
BATCH-2025-01019,4,Motherboard,113,2025-01-20,2025-02-09,106
BATCH-2026-01020,22,Display,1926,2026-03-27,2026-04-02,1907
BATCH-2025-01021,19,Microcontroller,6099,2025-12-11,2025-12-21,5963
BATCH-2025-01022,20,Camera,6043,2025-12-17,2025-12-23,5927
BATCH-2025-01023,12,Motherboard,9910,2025-07-24,2025-08-02,9632
BATCH-2024-01024,15,Sensor,345,2024-10-16,2024-10-27,332
BATCH-2025-01025,5,Camera,4274,2025-11-11,2025-12-01,4018
BATCH-2026-01026,35,Display,1615,2026-01-13,2026-01-23,1555
BATCH-2026-01027,41,Sensor,8831,2026-03-07,2026-03-23,8609
BATCH-2025-01028,44,Microcontroller,9924,2025-11-13,2025-11-30,9479
BATCH-2026-01029,45,PCB,3875,2026-03-05,2026-03-16,3833
BATCH-2025-01030,41,Power IC,4805,2025-01-16,2025-01-31,4671
BATCH-2025-01031,34,PCB,1572,2025-07-29,2025-08-14,1539
BATCH-2025-01032,41,PCB,9623,2025-12-05,2025-12-13,9527
BATCH-2026-01033,6,Motherboard,5488,2026-08-02,2026-08-10,5102
BATCH-2026-01034,46,Speaker,5834,2026-07-09,2026-07-16,5776
BATCH-2026-01035,12,Camera,4803,2026-03-01,2026-03-21,4755
BATCH-2025-01036,40,Speaker,2191,2025-08-22,2025-08-30,2151
BATCH-2024-01037,41,Memory,243,2024-11-22,2024-11-28,237
BATCH-2026-01038,36,Fan,8777,2026-03-29,2026-04-07,8342
BATCH-2025-01039,43,Display,7470,2025-09-26,2025-10-13,7128
BATCH-2025-01040,23,Power IC,4700,2025-06-17,2025-06-27,4631
BATCH-2026-01041,15,Camera,225,2026-07-27,2026-08-04,205
BATCH-2025-01042,9,Sensor,3336,2025-07-09,2025-07-15,3158
BATCH-2026-01043,41,Processor,4312,2026-04-17,2026-05-05,4142
BATCH-2025-01044,26,Camera,6654,2025-04-19,2025-05-04,6315
BATCH-2026-01045,19,Microcontroller,4067,2026-01-27,2026-02-11,3938
BATCH-2025-01046,41,Charger,4964,2025-09-17,2025-10-03,4914
BATCH-2026-01047,41,Motherboard,1135,2026-08-21,2026-09-05,1124
BATCH-2025-01048,5,Camera,9337,2025-07-20,2025-07-28,8902
BATCH-2026-01049,35,Fan,2029,2026-08-19,2026-09-01,1892
BATCH-2024-01050,7,Power IC,7012,2024-09-27,2024-10-05,6932
BATCH-2025-01051,1,Processor,8282,2025-01-08,2025-01-14,8088
BATCH-2025-01052,29,Memory,6524,2025-09-11,2025-09-28,6433
BATCH-2024-01053,1,Camera,1401,2024-09-29,2024-10-08,1343
BATCH-2025-01054,11,Memory,1864,2025-04-05,2025-04-10,1845
BATCH-2025-01055,23,Speaker,7905,2025-12-21,2026-01-04,7826
BATCH-2026-01056,47,Microcontroller,5721,2026-05-24,2026-05-31,5664
BATCH-2025-01057,12,Processor,7228,2025-07-29,2025-08-07,7156
BATCH-2025-01058,20,Display,2870,2025-01-02,2025-01-17,2841
BATCH-2025-01059,32,Motherboard,4231,2025-12-20,2025-12-26,4065
BATCH-2025-01060,27,Memory,7257,2025-06-13,2025-06-26,7027
BATCH-2026-01061,7,Charger,8052,2026-08-01,2026-08-16,7971
BATCH-2026-01062,32,Connector,6247,2026-04-13,2026-04-24,5817
BATCH-2025-01063,15,Charger,879,2025-08-05,2025-08-21,836
BATCH-2025-01064,35,Motherboard,7971,2025-08-02,2025-08-11,7763
BATCH-2026-01065,44,Power IC,5190,2026-01-07,2026-01-13,5059
BATCH-2025-01066,31,Connector,7350,2025-12-27,2026-01-12,6849
BATCH-2025-01067,4,Camera,5337,2025-07-24,2025-08-06,5284
BATCH-2025-01068,14,PCB,3970,2025-08-07,2025-08-21,3930
BATCH-2025-01069,19,PCB,1531,2025-08-03,2025-08-18,1449
BATCH-2026-01070,36,Processor,4753,2026-05-02,2026-05-07,4633
BATCH-2026-01071,1,Charger,2283,2026-08-11,2026-08-24,2260
BATCH-2025-01072,17,Processor,2648,2025-01-16,2025-01-30,2580
BATCH-2025-01073,8,Connector,8445,2025-02-13,2025-02-20,8361
BATCH-2025-01074,6,Power IC,9991,2025-12-30,2026-01-10,9668
BATCH-2024-01075,8,Microcontroller,1521,2024-10-02,2024-10-20,1506
BATCH-2025-01076,21,Memory,9155,2025-08-25,2025-09-10,8528
BATCH-2024-01077,15,Microcontroller,2345,2024-10-16,2024-10-30,2186
BATCH-2025-01078,50,PCB,9297,2025-07-22,2025-07-31,8829
BATCH-2025-01079,43,Speaker,4885,2025-09-29,2025-10-15,4780
BATCH-2026-01080,27,Microcontroller,6239,2026-03-14,2026-03-23,6140
BATCH-2025-01081,44,Display,5503,2025-02-05,2025-02-16,5342
BATCH-2025-01082,8,Motherboard,7078,2025-03-08,2025-03-21,7007
BATCH-2026-01083,5,PCB,4643,2026-06-23,2026-07-06,4597
BATCH-2024-01084,28,Battery,5162,2024-10-09,2024-10-21,5110
BATCH-2025-01085,15,Connector,5561,2025-07-04,2025-07-11,5295
BATCH-2025-01086,16,Fan,5494,2025-06-27,2025-07-12,5412
BATCH-2026-01087,25,Camera,8662,2026-06-12,2026-06-19,8420
BATCH-2025-01088,18,Processor,2153,2025-05-05,2025-05-18,2102
BATCH-2024-01089,38,PCB,1080,2024-12-28,2025-01-03,1028
BATCH-2025-01090,46,PCB,5903,2025-03-08,2025-03-21,5702
BATCH-2025-01091,31,Sensor,788,2025-03-29,2025-04-10,768
BATCH-2026-01092,18,Connector,5027,2026-04-23,2026-04-29,4771
BATCH-2025-01093,47,Battery,8217,2025-02-04,2025-02-14,7886
BATCH-2025-01094,31,Battery,8829,2025-05-11,2025-05-19,8368
BATCH-2025-01095,44,Fan,8580,2025-04-21,2025-04-27,8133
BATCH-2026-01096,22,Power IC,9450,2026-03-20,2026-04-05,9356
BATCH-2026-01097,3,Power IC,2097,2026-09-10,2026-09-17,2076
BATCH-2025-01098,48,Processor,4020,2025-05-23,2025-06-02,3877
BATCH-2025-01099,7,Speaker,9905,2025-04-05,2025-04-24,9347
BATCH-2026-01100,18,Connector,5030,2026-01-15,2026-01-22,4734
BATCH-2026-01101,4,Battery,6328,2026-08-15,2026-08-29,6119
BATCH-2025-01102,8,Motherboard,2050,2025-11-14,2025-11-20,2030
BATCH-2024-01103,46,Processor,6561,2024-12-28,2025-01-12,6221
BATCH-2025-01104,25,Connector,964,2025-11-26,2025-12-08,912
BATCH-2025-01105,11,Camera,188,2025-06-16,2025-06-24,186
BATCH-2024-01106,4,Display,4721,2024-11-03,2024-11-23,4674
BATCH-2025-01107,45,Microcontroller,5473,2025-07-23,2025-08-08,5341
BATCH-2025-01108,5,Processor,2453,2025-03-13,2025-03-18,2250
BATCH-2025-01109,43,Sensor,7211,2025-05-23,2025-05-30,6692
BATCH-2026-01110,10,Camera,3635,2026-08-08,2026-08-26,3599
BATCH-2025-01111,16,Memory,5711,2025-01-30,2025-02-05,5557
BATCH-2025-01112,25,Connector,1699,2025-03-13,2025-03-27,1668
BATCH-2026-01113,50,Battery,1974,2026-07-28,2026-08-10,1836
BATCH-2026-01114,3,Camera,5528,2026-01-04,2026-01-13,5411
BATCH-2026-01115,49,Display,3310,2026-02-26,2026-03-17,3134
BATCH-2025-01116,12,Connector,3217,2025-07-24,2025-08-12,3185
BATCH-2026-01117,13,Microcontroller,4412,2026-01-06,2026-01-22,4368
BATCH-2025-01118,34,Speaker,9062,2025-06-29,2025-07-12,8971
BATCH-2025-01119,39,Power IC,2190,2025-10-21,2025-11-07,2122
BATCH-2026-01120,7,Speaker,3202,2026-05-10,2026-05-28,3120
BATCH-2025-01121,3,PCB,8964,2025-08-06,2025-08-19,8567
BATCH-2026-01122,38,Speaker,9254,2026-03-20,2026-04-01,8830
BATCH-2025-01123,34,Camera,3484,2025-03-30,2025-04-09,3215
BATCH-2025-01124,19,Sensor,9502,2025-01-28,2025-02-12,8950
BATCH-2026-01125,25,Sensor,6582,2026-05-15,2026-05-25,6512
BATCH-2024-01126,43,Charger,9539,2024-12-13,2024-12-24,8908
BATCH-2026-01127,25,Microcontroller,7429,2026-02-13,2026-03-02,7062
BATCH-2024-01128,9,Battery,1276,2024-12-26,2025-01-12,1249
BATCH-2026-01129,37,Speaker,8184,2026-07-14,2026-08-02,8102
BATCH-2025-01130,10,Connector,6507,2025-12-01,2025-12-12,6442
BATCH-2025-01131,5,Processor,8161,2025-07-11,2025-07-22,7536
BATCH-2026-01132,33,Processor,1646,2026-07-30,2026-08-11,1560
BATCH-2026-01133,17,Camera,3007,2026-03-04,2026-03-10,2922
BATCH-2025-01134,16,Fan,9240,2025-04-23,2025-05-06,8888
BATCH-2025-01135,8,Display,6750,2025-01-26,2025-02-07,6495
BATCH-2025-01136,6,Power IC,8376,2025-08-02,2025-08-09,8149
BATCH-2025-01137,11,Charger,2222,2025-11-23,2025-11-30,2200
BATCH-2025-01138,32,Memory,9062,2025-08-05,2025-08-14,8923
BATCH-2025-01139,22,Memory,4762,2025-04-29,2025-05-09,4685
BATCH-2024-01140,46,Microcontroller,7149,2024-10-24,2024-11-09,6883
BATCH-2025-01141,25,Memory,3215,2025-05-10,2025-05-24,3114
BATCH-2025-01142,42,Power IC,5053,2025-05-23,2025-06-09,5002
BATCH-2026-01143,44,Power IC,3607,2026-06-11,2026-07-01,3442
BATCH-2025-01144,16,Speaker,9516,2025-10-23,2025-11-09,9278
BATCH-2026-01145,21,Connector,4282,2026-09-15,2026-09-29,4210
BATCH-2025-01146,8,PCB,4845,2025-10-31,2025-11-17,4711
BATCH-2025-01147,32,Motherboard,7837,2025-12-19,2025-12-24,7591
BATCH-2025-01148,22,Battery,5142,2025-05-27,2025-06-01,5022
BATCH-2026-01149,4,PCB,7611,2026-02-17,2026-02-24,7421
BATCH-2026-01150,40,Processor,5337,2026-04-22,2026-04-27,5201
BATCH-2025-01151,26,Sensor,4319,2025-03-23,2025-03-28,4089
BATCH-2024-01152,2,PCB,4407,2024-11-13,2024-11-24,4363
BATCH-2025-01153,24,Sensor,7205,2025-11-16,2025-11-21,7008
BATCH-2026-01154,1,Processor,803,2026-01-26,2026-02-07,774
BATCH-2025-01155,34,Memory,6419,2025-04-10,2025-04-23,6233
BATCH-2024-01156,44,Battery,6424,2024-10-11,2024-10-19,6249
BATCH-2025-01157,50,Connector,4047,2025-10-14,2025-10-29,3752
BATCH-2025-01158,23,Battery,7098,2025-04-25,2025-05-15,6884
BATCH-2025-01159,36,PCB,1373,2025-10-28,2025-11-07,1349
BATCH-2026-01160,31,Microcontroller,6575,2026-01-26,2026-02-14,6509
BATCH-2026-01161,39,Display,8825,2026-02-10,2026-02-20,8409
BATCH-2026-01162,25,Microcontroller,8088,2026-01-07,2026-01-13,7910
BATCH-2025-01163,9,Processor,9483,2025-09-13,2025-09-21,8808
BATCH-2025-01164,5,Microcontroller,5568,2025-12-05,2025-12-23,5393
BATCH-2024-01165,50,Memory,9309,2024-12-12,2024-12-18,8733
BATCH-2026-01166,45,Fan,1113,2026-01-29,2026-02-06,1089
BATCH-2025-01167,43,Display,1022,2025-12-10,2025-12-15,976
BATCH-2026-01168,38,Camera,1981,2026-01-27,2026-02-01,1862
BATCH-2026-01169,38,Battery,7647,2026-02-10,2026-02-18,7524
BATCH-2025-01170,18,Camera,1223,2025-10-31,2025-11-14,1163
BATCH-2024-01171,5,Speaker,3446,2024-11-08,2024-11-16,3331
BATCH-2025-01172,49,Sensor,1899,2025-04-30,2025-05-05,1880
BATCH-2025-01173,25,Battery,8260,2025-02-24,2025-03-10,8177
BATCH-2026-01174,44,Fan,1847,2026-08-22,2026-09-04,1804
BATCH-2024-01175,38,Microcontroller,6932,2024-10-11,2024-10-23,6661
BATCH-2025-01176,37,Speaker,764,2025-10-30,2025-11-06,748
BATCH-2025-01177,41,Fan,4669,2025-10-15,2025-10-30,4515
BATCH-2024-01178,33,Microcontroller,8299,2024-12-25,2025-01-06,8116
BATCH-2025-01179,27,Motherboard,4268,2025-03-29,2025-04-10,4141
BATCH-2025-01180,43,Microcontroller,2038,2025-12-02,2025-12-19,1902
BATCH-2025-01181,15,Battery,1614,2025-02-01,2025-02-13,1598
BATCH-2026-01182,27,Speaker,799,2026-05-26,2026-05-31,757
BATCH-2025-01183,26,Microcontroller,9278,2025-04-09,2025-04-23,8857
BATCH-2025-01184,48,Sensor,2903,2025-09-25,2025-10-13,2724
BATCH-2025-01185,36,Memory,3264,2025-07-23,2025-08-04,3187
BATCH-2025-01186,41,Processor,7594,2025-09-23,2025-10-13,7248
BATCH-2026-01187,7,PCB,7045,2026-06-09,2026-06-15,6945
BATCH-2026-01188,11,Memory,4107,2026-08-04,2026-08-22,3941
BATCH-2024-01189,30,Speaker,9678,2024-09-23,2024-10-13,9581
BATCH-2024-01190,18,Motherboard,1384,2024-10-17,2024-11-05,1355
BATCH-2025-01191,46,Fan,9975,2025-02-22,2025-03-08,9811
BATCH-2025-01192,50,Battery,935,2025-03-26,2025-04-01,872
BATCH-2026-01193,39,Power IC,5227,2026-05-01,2026-05-12,4824
BATCH-2026-01194,21,Battery,5934,2026-09-16,2026-09-29,5626
BATCH-2026-01195,42,Sensor,2578,2026-02-21,2026-02-28,2552
BATCH-2025-01196,50,Motherboard,220,2025-02-13,2025-02-20,216
BATCH-2026-01197,9,Charger,7745,2026-08-05,2026-08-10,7593
BATCH-2025-01198,32,Fan,8001,2025-03-06,2025-03-15,7760
BATCH-2026-01199,23,Power IC,4493,2026-08-01,2026-08-19,4448
BATCH-2025-01200,40,Motherboard,4030,2025-11-22,2025-12-10,3975
BATCH-2024-01201,3,Power IC,6832,2024-10-31,2024-11-18,6608
BATCH-2024-01202,11,Charger,682,2024-10-01,2024-10-17,656
BATCH-2024-01203,12,Fan,9422,2024-12-01,2024-12-16,9067
BATCH-2024-01204,47,Fan,4793,2024-10-07,2024-10-25,4713
BATCH-2024-01205,13,Processor,9554,2024-10-06,2024-10-23,9458
BATCH-2024-01206,26,Fan,1361,2024-10-01,2024-10-07,1269
BATCH-2026-01207,5,Camera,5419,2026-03-05,2026-03-15,5219
BATCH-2026-01208,48,Sensor,8784,2026-03-03,2026-03-16,8577
BATCH-2024-01209,28,Battery,9999,2024-11-06,2024-11-22,9665
BATCH-2025-01210,33,Sensor,8936,2025-03-11,2025-03-27,8541
BATCH-2025-01211,26,Charger,7026,2025-09-07,2025-09-22,6956
BATCH-2026-01212,38,Motherboard,5464,2026-07-29,2026-08-13,5375
BATCH-2024-01213,50,Motherboard,6013,2024-12-13,2024-12-24,5657
BATCH-2026-01214,24,Sensor,1551,2026-02-22,2026-03-05,1512
BATCH-2025-01215,44,Display,4121,2025-09-26,2025-10-02,3920
BATCH-2025-01216,9,Battery,1780,2025-07-25,2025-08-10,1749
BATCH-2024-01217,37,Fan,2340,2024-10-07,2024-10-27,2278
BATCH-2025-01218,27,Charger,2328,2025-02-23,2025-03-07,2134
BATCH-2025-01219,26,Fan,5072,2025-04-27,2025-05-10,5021
BATCH-2025-01220,8,Battery,5862,2025-10-15,2025-10-23,5658
BATCH-2026-01221,14,Memory,2552,2026-01-07,2026-01-12,2418
BATCH-2025-01222,18,Power IC,1885,2025-08-06,2025-08-23,1848
BATCH-2026-01223,43,Motherboard,6836,2026-04-23,2026-05-10,6489
BATCH-2026-01224,38,Power IC,2804,2026-04-05,2026-04-17,2629
BATCH-2025-01225,28,Fan,4803,2025-06-19,2025-06-29,4726
BATCH-2026-01226,44,Sensor,3776,2026-01-03,2026-01-08,3470
BATCH-2025-01227,12,Battery,6313,2025-03-24,2025-04-13,6250
BATCH-2025-01228,39,Microcontroller,238,2025-04-17,2025-04-22,229
BATCH-2025-01229,15,Charger,6473,2025-01-27,2025-02-09,6408
BATCH-2025-01230,31,Charger,5963,2025-03-22,2025-04-02,5600
BATCH-2025-01231,29,Display,1511,2025-03-09,2025-03-18,1496
BATCH-2026-01232,2,PCB,9030,2026-04-25,2026-05-13,8475
BATCH-2025-01233,38,Power IC,156,2025-11-06,2025-11-23,153
BATCH-2025-01234,42,Charger,3034,2025-05-29,2025-06-07,2988
BATCH-2026-01235,14,Charger,1618,2026-06-20,2026-07-05,1486
BATCH-2026-01236,46,Fan,4635,2026-01-30,2026-02-10,4386
BATCH-2024-01237,15,Memory,7364,2024-10-02,2024-10-09,6643
BATCH-2026-01238,43,Power IC,6569,2026-07-06,2026-07-21,6234
BATCH-2025-01239,12,Charger,6835,2025-01-04,2025-01-19,6567
BATCH-2026-01240,30,Speaker,8263,2026-03-04,2026-03-15,7845
BATCH-2026-01241,18,Charger,2187,2026-08-26,2026-09-10,2138
BATCH-2025-01242,9,Power IC,1738,2025-06-08,2025-06-23,1596
BATCH-2026-01243,45,Camera,1025,2026-07-11,2026-07-30,980
BATCH-2026-01244,14,Display,500,2026-08-03,2026-08-15,477
BATCH-2025-01245,19,Memory,8999,2025-03-10,2025-03-25,8122
BATCH-2026-01246,42,Sensor,4646,2026-06-25,2026-07-10,4503
BATCH-2026-01247,36,Camera,4048,2026-06-11,2026-06-25,3939
BATCH-2026-01248,15,Battery,1209,2026-03-30,2026-04-08,1147
BATCH-2026-01249,50,Memory,8688,2026-05-31,2026-06-08,8601
BATCH-2024-01250,50,Processor,2787,2024-09-29,2024-10-09,2594
BATCH-2026-01251,2,Sensor,2269,2026-06-05,2026-06-11,2234
BATCH-2026-01252,39,Speaker,4605,2026-04-04,2026-04-18,4293
BATCH-2025-01253,1,Display,4643,2025-07-05,2025-07-22,4597
BATCH-2024-01254,21,Connector,7588,2024-12-17,2024-12-27,7247
BATCH-2026-01255,39,Memory,8606,2026-06-20,2026-07-10,8520
BATCH-2026-01256,7,Camera,3073,2026-01-02,2026-01-13,2940
BATCH-2025-01257,31,Motherboard,9806,2025-03-16,2025-04-01,9652
BATCH-2026-01258,5,Microcontroller,7757,2026-07-26,2026-08-13,7652
BATCH-2026-01259,2,Memory,568,2026-02-28,2026-03-20,544
BATCH-2026-01260,35,Microcontroller,5553,2026-01-23,2026-02-09,5110
BATCH-2025-01261,31,Speaker,8588,2025-09-04,2025-09-17,8031
BATCH-2025-01262,26,Processor,6696,2025-07-20,2025-08-07,6460
BATCH-2024-01263,6,Connector,9218,2024-10-23,2024-10-30,9099
BATCH-2025-01264,2,Speaker,4985,2025-01-01,2025-01-11,4935
BATCH-2025-01265,36,Microcontroller,2139,2025-03-21,2025-03-28,2061
BATCH-2025-01266,37,Camera,797,2025-08-31,2025-09-15,784
BATCH-2025-01267,24,Speaker,3515,2025-03-19,2025-03-26,3376
BATCH-2025-01268,38,Memory,7269,2025-07-04,2025-07-09,7055
BATCH-2025-01269,33,Microcontroller,9976,2025-03-14,2025-03-19,9589
BATCH-2025-01270,14,Display,1688,2025-11-03,2025-11-18,1634
BATCH-2025-01271,11,Processor,6373,2025-10-27,2025-11-15,6309
BATCH-2026-01272,29,Display,8776,2026-05-14,2026-05-21,8688
BATCH-2025-01273,22,PCB,8436,2025-02-04,2025-02-13,8352
BATCH-2025-01274,42,PCB,4943,2025-11-22,2025-11-28,4894
BATCH-2026-01275,34,PCB,9466,2026-05-31,2026-06-16,9302
BATCH-2024-01276,50,Memory,7714,2024-11-09,2024-11-22,7470
BATCH-2026-01277,4,Speaker,1925,2026-06-24,2026-07-12,1906
BATCH-2024-01278,12,Microcontroller,7325,2024-10-13,2024-10-21,7167
BATCH-2025-01279,7,Microcontroller,8704,2025-08-01,2025-08-09,8281
BATCH-2025-01280,10,Processor,4034,2025-08-15,2025-08-29,3913
BATCH-2026-01281,33,Microcontroller,3733,2026-01-06,2026-01-16,3503
BATCH-2026-01282,35,Microcontroller,8586,2026-07-02,2026-07-10,8370
BATCH-2026-01283,6,Microcontroller,1613,2026-06-10,2026-06-21,1518
BATCH-2026-01284,16,Motherboard,4723,2026-05-02,2026-05-12,4594
BATCH-2025-01285,30,Display,4814,2025-10-24,2025-11-06,4625
BATCH-2026-01286,23,Camera,2232,2026-01-03,2026-01-23,2183
BATCH-2024-01287,47,Fan,5114,2024-12-06,2024-12-21,5053
BATCH-2025-01288,32,Fan,3376,2025-09-01,2025-09-09,3273
BATCH-2025-01289,19,Camera,1601,2025-08-10,2025-08-24,1524
BATCH-2026-01290,17,Speaker,6520,2026-08-19,2026-08-24,6455
BATCH-2025-01291,4,Speaker,1800,2025-01-24,2025-02-13,1695
BATCH-2024-01292,12,Display,109,2024-09-29,2024-10-11,105
BATCH-2026-01293,18,Camera,5756,2026-09-14,2026-09-30,5698
BATCH-2026-01294,46,Motherboard,3169,2026-05-30,2026-06-11,2961
BATCH-2024-01295,28,PCB,4577,2024-12-19,2025-01-03,4439
BATCH-2025-01296,7,PCB,8714,2025-07-12,2025-07-31,8323
BATCH-2025-01297,50,Power IC,4562,2025-01-09,2025-01-18,4409
BATCH-2025-01298,35,Connector,4602,2025-01-15,2025-01-21,4436
BATCH-2026-01299,6,Connector,6452,2026-05-02,2026-05-22,6340
BATCH-2026-01300,18,Sensor,3134,2026-09-12,2026-09-17,3020
BATCH-2024-01301,2,Speaker,6813,2024-12-30,2025-01-04,6726
BATCH-2026-01302,6,Speaker,867,2026-04-16,2026-05-04,819
BATCH-2026-01303,47,Processor,3485,2026-03-26,2026-04-05,3402
BATCH-2025-01304,37,Camera,4585,2025-07-22,2025-08-09,4539
BATCH-2025-01305,1,Sensor,7323,2025-03-15,2025-03-26,7250
BATCH-2025-01306,37,Sensor,4059,2025-06-24,2025-07-09,4004
BATCH-2025-01307,9,Sensor,2449,2025-10-06,2025-10-25,2414
BATCH-2026-01308,39,Microcontroller,4499,2026-03-29,2026-04-08,4285
BATCH-2024-01309,43,Charger,8152,2024-11-20,2024-12-03,7717
BATCH-2025-01310,22,Display,3529,2025-08-27,2025-09-13,3494
BATCH-2026-01311,14,Power IC,4413,2026-07-07,2026-07-19,4369
BATCH-2025-01312,29,PCB,3513,2025-07-22,2025-08-05,3409
BATCH-2025-01313,18,Battery,4241,2025-08-10,2025-08-17,4131
BATCH-2026-01314,28,Microcontroller,6163,2026-04-05,2026-04-11,5848
BATCH-2025-01315,36,PCB,2579,2025-03-26,2025-03-31,2452
BATCH-2025-01316,31,Battery,3233,2025-07-09,2025-07-28,3201
BATCH-2026-01317,32,Camera,8859,2026-07-13,2026-07-24,8750
BATCH-2025-01318,38,Battery,590,2025-05-29,2025-06-05,565
BATCH-2025-01319,30,Battery,275,2025-03-01,2025-03-13,260
BATCH-2025-01320,39,Memory,808,2025-03-01,2025-03-06,758
BATCH-2026-01321,30,Power IC,4012,2026-06-14,2026-07-03,3727
BATCH-2024-01322,6,Camera,5345,2024-10-09,2024-10-19,4746
BATCH-2025-01323,41,Fan,2200,2025-10-20,2025-11-01,2178
BATCH-2026-01324,21,Connector,745,2026-07-18,2026-08-06,721
BATCH-2026-01325,44,Memory,4864,2026-07-23,2026-08-10,4665
BATCH-2025-01326,26,Speaker,2797,2025-10-15,2025-10-30,2620
BATCH-2026-01327,37,Camera,5529,2026-02-17,2026-02-22,5454
BATCH-2024-01328,33,Speaker,143,2024-09-30,2024-10-12,140
BATCH-2025-01329,40,Display,4940,2025-07-29,2025-08-10,4762
BATCH-2025-01330,5,Motherboard,6590,2025-10-25,2025-11-03,6524
BATCH-2025-01331,47,Fan,2275,2025-11-19,2025-11-30,2252
BATCH-2026-01332,49,Battery,3257,2026-02-19,2026-03-07,3137
BATCH-2025-01333,7,Speaker,4596,2025-09-11,2025-09-29,4516
BATCH-2025-01334,1,Microcontroller,9559,2025-09-19,2025-09-29,9463
BATCH-2025-01335,50,Battery,4521,2025-09-02,2025-09-17,4341
BATCH-2025-01336,43,Memory,4425,2025-01-11,2025-01-19,4150
BATCH-2026-01337,16,Sensor,4779,2026-05-05,2026-05-25,4656
BATCH-2025-01338,37,Motherboard,5988,2025-08-18,2025-08-29,5928
BATCH-2026-01339,9,Memory,2138,2026-01-28,2026-02-15,2099
BATCH-2024-01340,26,Speaker,4337,2024-10-09,2024-10-14,4282
BATCH-2025-01341,37,Memory,10000,2025-10-17,2025-11-05,9375
BATCH-2025-01342,28,Sensor,2819,2025-08-29,2025-09-13,2791
BATCH-2025-01343,50,Connector,3023,2025-07-08,2025-07-26,2937
BATCH-2026-01344,9,PCB,7890,2026-04-13,2026-05-02,7811
BATCH-2026-01345,5,Charger,501,2026-01-29,2026-02-12,491
BATCH-2026-01346,38,Speaker,8283,2026-06-26,2026-07-02,7949
BATCH-2025-01347,41,Display,8240,2025-01-09,2025-01-14,7973
BATCH-2026-01348,44,Speaker,2822,2026-02-04,2026-02-15,2738
BATCH-2024-01349,1,Charger,5955,2024-12-27,2025-01-02,5813
BATCH-2024-01350,33,Motherboard,7777,2024-10-13,2024-10-21,7152
BATCH-2024-01351,4,PCB,3262,2024-12-18,2025-01-05,3229
BATCH-2026-01352,5,Memory,4684,2026-02-01,2026-02-16,4454
BATCH-2025-01353,28,Camera,8096,2025-09-21,2025-09-27,7875
BATCH-2026-01354,45,Microcontroller,7775,2026-06-07,2026-06-22,7220
BATCH-2025-01355,30,Charger,4044,2025-03-10,2025-03-18,3901
BATCH-2025-01356,23,Charger,4391,2025-10-09,2025-10-17,4347
BATCH-2025-01357,13,Power IC,7113,2025-10-02,2025-10-11,6796
BATCH-2025-01358,28,Power IC,6836,2025-05-10,2025-05-21,6768
BATCH-2025-01359,30,Battery,9268,2025-11-27,2025-12-14,8969
BATCH-2024-01360,31,Speaker,8613,2024-12-20,2025-01-07,8088
BATCH-2025-01361,6,Speaker,8444,2025-07-02,2025-07-17,8360
BATCH-2025-01362,50,Microcontroller,2877,2025-08-28,2025-09-09,2738
BATCH-2025-01363,34,Speaker,2085,2025-09-04,2025-09-09,2025
BATCH-2026-01364,12,Power IC,8899,2026-02-21,2026-03-10,8810
BATCH-2025-01365,32,Charger,8916,2025-01-27,2025-02-15,8327
BATCH-2025-01366,44,Microcontroller,5764,2025-05-24,2025-06-12,5706
BATCH-2025-01367,13,Speaker,4608,2025-02-23,2025-03-12,4562
BATCH-2026-01368,7,Processor,3935,2026-07-14,2026-08-03,3752
BATCH-2026-01369,4,PCB,3796,2026-03-18,2026-03-24,3675
BATCH-2026-01370,34,Display,4138,2026-09-10,2026-09-21,4068
BATCH-2026-01371,37,Camera,5765,2026-06-22,2026-07-07,5599
BATCH-2026-01372,24,PCB,2239,2026-01-10,2026-01-22,2130
BATCH-2026-01373,19,Charger,5340,2026-03-25,2026-04-12,5062
BATCH-2025-01374,32,Camera,2584,2025-09-06,2025-09-21,2525
BATCH-2026-01375,40,Connector,8786,2026-02-28,2026-03-20,8675
BATCH-2025-01376,32,Connector,8598,2025-06-23,2025-06-28,8220
BATCH-2025-01377,32,Microcontroller,9346,2025-10-10,2025-10-23,8941
BATCH-2026-01378,41,Sensor,7853,2026-04-25,2026-05-10,7774
BATCH-2026-01379,30,Camera,2917,2026-03-13,2026-03-27,2717
BATCH-2026-01380,12,Power IC,2355,2026-08-03,2026-08-11,2280
BATCH-2025-01381,27,Camera,893,2025-06-08,2025-06-23,884
BATCH-2024-01382,36,Speaker,1674,2024-11-03,2024-11-15,1545
BATCH-2024-01383,11,Camera,3494,2024-09-24,2024-09-29,3459
BATCH-2025-01384,19,Power IC,408,2025-12-13,2025-12-27,391
BATCH-2025-01385,41,Processor,1771,2025-05-07,2025-05-23,1651
BATCH-2024-01386,44,Connector,4178,2024-10-31,2024-11-12,3934
BATCH-2026-01387,39,PCB,3090,2026-07-17,2026-07-23,2855
BATCH-2026-01388,46,Speaker,3176,2026-04-24,2026-05-01,3085
BATCH-2025-01389,10,Charger,6066,2025-12-24,2026-01-06,5906
BATCH-2025-01390,10,Camera,1120,2025-08-15,2025-08-20,1066
BATCH-2025-01391,14,Speaker,4949,2025-06-04,2025-06-19,4668
BATCH-2026-01392,30,Fan,1767,2026-08-19,2026-08-31,1719
BATCH-2025-01393,29,Power IC,3453,2025-02-24,2025-03-09,3370
BATCH-2026-01394,34,Power IC,1749,2026-08-04,2026-08-09,1721
BATCH-2026-01395,33,Motherboard,6903,2026-01-06,2026-01-24,6705
BATCH-2025-01396,36,Battery,2426,2025-12-08,2025-12-21,2243
BATCH-2025-01397,49,Motherboard,7575,2025-02-08,2025-02-14,7298
BATCH-2025-01398,15,Motherboard,4918,2025-09-10,2025-09-24,4752
BATCH-2026-01399,30,Fan,3786,2026-05-24,2026-06-06,3631
BATCH-2025-01400,44,Charger,6387,2025-05-14,2025-05-28,6323
BATCH-2025-01401,22,Charger,7332,2025-11-24,2025-12-07,7149
BATCH-2024-01402,2,PCB,8532,2024-11-06,2024-11-11,8447
BATCH-2025-01403,16,Power IC,2441,2025-02-09,2025-02-19,2285
BATCH-2026-01404,45,Memory,8857,2026-08-13,2026-08-30,8713
BATCH-2025-01405,11,Battery,1835,2025-05-06,2025-05-19,1737
BATCH-2025-01406,20,Battery,9990,2025-11-29,2025-12-07,9890
BATCH-2026-01407,49,Battery,6436,2026-09-03,2026-09-20,6325
BATCH-2026-01408,12,Sensor,5630,2026-04-04,2026-04-10,5574
BATCH-2025-01409,28,Camera,657,2025-10-23,2025-11-08,615
BATCH-2025-01410,28,Memory,649,2025-10-30,2025-11-06,640
BATCH-2025-01411,46,Charger,4396,2025-01-01,2025-01-09,4196
BATCH-2024-01412,47,Microcontroller,6274,2024-10-18,2024-10-28,6131
BATCH-2025-01413,13,Memory,3833,2025-04-20,2025-05-01,3677
BATCH-2025-01414,18,Microcontroller,5107,2025-11-28,2025-12-18,5056
BATCH-2025-01415,20,Sensor,4800,2025-01-05,2025-01-11,4687
BATCH-2025-01416,18,PCB,1827,2025-07-17,2025-07-31,1800
BATCH-2026-01417,18,Processor,8587,2026-07-31,2026-08-06,8350
BATCH-2026-01418,21,Microcontroller,4221,2026-03-18,2026-04-06,4053
BATCH-2026-01419,41,Connector,273,2026-03-25,2026-04-12,270
BATCH-2024-01420,18,Display,9949,2024-10-04,2024-10-17,9489
BATCH-2026-01421,46,Speaker,6101,2026-05-15,2026-06-04,5739
BATCH-2026-01422,44,PCB,3016,2026-01-23,2026-01-28,2822
BATCH-2025-01423,38,PCB,2266,2025-08-12,2025-08-30,2188
BATCH-2026-01424,9,Power IC,5149,2026-02-01,2026-02-19,5098
BATCH-2026-01425,22,Power IC,7530,2026-03-21,2026-03-31,7232
BATCH-2025-01426,47,Processor,9272,2025-01-27,2025-02-10,8899
BATCH-2025-01427,48,Processor,4130,2025-09-22,2025-10-08,3954
BATCH-2025-01428,32,Display,4373,2025-03-26,2025-04-08,4301
BATCH-2025-01429,30,Processor,6482,2025-08-04,2025-08-10,6282
BATCH-2025-01430,11,Memory,9769,2025-01-27,2025-02-05,9671
BATCH-2025-01431,33,Camera,3378,2025-09-01,2025-09-11,3296
BATCH-2025-01432,44,Memory,648,2025-03-07,2025-03-12,619
BATCH-2025-01433,18,PCB,7162,2025-12-15,2025-12-20,6803
BATCH-2025-01434,29,Motherboard,9302,2025-03-26,2025-04-05,8774
BATCH-2025-01435,4,Fan,7773,2025-09-05,2025-09-19,7578
BATCH-2025-01436,45,Processor,6619,2025-01-02,2025-01-08,6543
BATCH-2024-01437,33,Camera,1106,2024-11-02,2024-11-12,1095
BATCH-2025-01438,1,Memory,5936,2025-05-01,2025-05-13,5703
BATCH-2026-01439,49,Microcontroller,4909,2026-08-04,2026-08-17,4639
BATCH-2025-01440,7,Power IC,6524,2025-04-30,2025-05-16,6018
BATCH-2024-01441,15,Motherboard,2568,2024-12-17,2025-01-05,2394
BATCH-2026-01442,17,PCB,6294,2026-02-16,2026-03-06,6138
BATCH-2024-01443,38,Battery,8924,2024-10-23,2024-10-31,8537
BATCH-2026-01444,10,Processor,5092,2026-08-28,2026-09-10,4950
BATCH-2024-01445,28,Connector,5927,2024-09-20,2024-09-28,5868
BATCH-2025-01446,34,Display,8675,2025-05-16,2025-05-21,8376
BATCH-2025-01447,23,Fan,3206,2025-11-09,2025-11-25,3094
BATCH-2025-01448,31,Motherboard,1311,2025-01-16,2025-01-31,1279
BATCH-2025-01449,6,Microcontroller,6748,2025-08-07,2025-08-16,6529
BATCH-2026-01450,18,Battery,5474,2026-09-12,2026-09-21,5419
BATCH-2025-01451,42,Battery,3046,2025-08-19,2025-08-29,2996
BATCH-2025-01452,9,Microcontroller,615,2025-05-19,2025-06-07,609
BATCH-2025-01453,38,Display,9006,2025-08-13,2025-08-31,8916
BATCH-2025-01454,13,Motherboard,9119,2025-05-09,2025-05-20,8632
BATCH-2024-01455,13,Connector,6127,2024-10-15,2024-10-25,6066
BATCH-2025-01456,15,Sensor,1113,2025-05-27,2025-06-09,1038
BATCH-2025-01457,22,Display,4343,2025-09-03,2025-09-20,4230
BATCH-2025-01458,23,Processor,144,2025-06-05,2025-06-13,143
BATCH-2026-01459,49,PCB,283,2026-07-18,2026-07-26,272
BATCH-2025-01460,21,Motherboard,7154,2025-11-25,2025-12-10,7070
BATCH-2025-01461,20,Display,7072,2025-08-03,2025-08-18,6762
BATCH-2024-01462,29,Microcontroller,3003,2024-12-06,2024-12-15,2924
BATCH-2026-01463,50,Sensor,8632,2026-01-07,2026-01-12,8156
BATCH-2026-01464,26,Memory,1119,2026-02-09,2026-02-27,1108
BATCH-2025-01465,33,Processor,3954,2025-03-25,2025-03-30,3859
BATCH-2026-01466,41,Power IC,8771,2026-09-15,2026-09-29,8447
BATCH-2025-01467,42,Connector,5245,2025-02-06,2025-02-26,5069
BATCH-2026-01468,33,Connector,1633,2026-06-18,2026-07-07,1476
BATCH-2025-01469,13,Processor,7342,2025-05-15,2025-06-03,7217
BATCH-2025-01470,44,Display,4955,2025-08-29,2025-09-18,4848
BATCH-2026-01471,30,PCB,8536,2026-06-07,2026-06-18,8192
BATCH-2026-01472,20,Fan,5816,2026-07-28,2026-08-13,5463
BATCH-2026-01473,29,Motherboard,7634,2026-08-18,2026-08-28,6996
BATCH-2026-01474,16,Battery,3846,2026-08-11,2026-08-19,3808
BATCH-2025-01475,9,Motherboard,6114,2025-10-28,2025-11-15,5660
BATCH-2025-01476,16,Motherboard,3388,2025-12-24,2026-01-05,3354
BATCH-2026-01477,20,Speaker,9426,2026-03-28,2026-04-17,8835
BATCH-2025-01478,30,Speaker,2490,2025-05-07,2025-05-16,2465
BATCH-2025-01479,37,Memory,827,2025-12-09,2025-12-26,799
BATCH-2025-01480,37,Battery,221,2025-06-07,2025-06-22,219
BATCH-2025-01481,49,Battery,9581,2025-04-11,2025-04-22,9252
BATCH-2026-01482,22,Camera,6418,2026-02-06,2026-02-16,6290
BATCH-2026-01483,28,Processor,878,2026-07-20,2026-07-25,869
BATCH-2026-01484,21,Sensor,956,2026-04-20,2026-05-05,898
BATCH-2025-01485,18,Processor,3529,2025-01-02,2025-01-15,3378
BATCH-2026-01486,8,Camera,9221,2026-04-02,2026-04-14,8549
BATCH-2026-01487,30,Motherboard,2693,2026-03-14,2026-03-23,2555
BATCH-2025-01488,13,Connector,3642,2025-04-10,2025-04-27,3606
BATCH-2026-01489,37,Speaker,2766,2026-05-16,2026-05-24,2669
BATCH-2025-01490,14,Speaker,519,2025-12-10,2025-12-28,514
BATCH-2024-01491,43,Charger,3830,2024-11-07,2024-11-23,3783
BATCH-2026-01492,37,Display,6695,2026-03-29,2026-04-06,6628
BATCH-2026-01493,21,Motherboard,5350,2026-01-11,2026-01-26,5139
BATCH-2025-01494,33,Charger,9291,2025-12-20,2026-01-03,8939
BATCH-2026-01495,33,Connector,2944,2026-05-08,2026-05-19,2807
BATCH-2026-01496,33,PCB,1507,2026-04-21,2026-05-10,1463
BATCH-2025-01497,22,Microcontroller,2447,2025-07-27,2025-08-07,2423
BATCH-2025-01498,40,Processor,3225,2025-11-27,2025-12-04,3193
BATCH-2026-01499,30,Power IC,775,2026-01-05,2026-01-18,741
BATCH-2025-01500,35,Motherboard,7244,2025-01-14,2025-01-22,7172
BATCH-2026-01501,11,Camera,8097,2026-02-08,2026-02-27,7677
BATCH-2024-01502,40,Camera,2456,2024-10-28,2024-11-14,2422
BATCH-2025-01503,10,Battery,4089,2025-08-16,2025-08-25,3914
BATCH-2026-01504,47,Sensor,3938,2026-05-13,2026-06-02,3616
BATCH-2025-01505,6,Sensor,6209,2025-07-15,2025-07-24,6147
BATCH-2024-01506,16,Connector,6910,2024-11-27,2024-12-02,6652
BATCH-2025-01507,13,Battery,6285,2025-06-25,2025-07-11,6091
BATCH-2025-01508,8,Connector,7321,2025-09-22,2025-10-02,7160
BATCH-2026-01509,38,Camera,5074,2026-05-08,2026-05-27,4898
BATCH-2025-01510,14,Speaker,3379,2025-11-25,2025-12-03,3345
BATCH-2024-01511,15,Sensor,3407,2024-10-10,2024-10-17,3294
BATCH-2026-01512,48,Processor,3599,2026-09-05,2026-09-16,3563
BATCH-2024-01513,39,Motherboard,378,2024-09-22,2024-10-11,368
BATCH-2025-01514,47,Fan,9512,2025-04-22,2025-05-10,9417
BATCH-2025-01515,8,Power IC,342,2025-06-05,2025-06-10,332
BATCH-2025-01516,23,Charger,4327,2025-06-13,2025-06-29,4284
BATCH-2025-01517,26,PCB,4824,2025-02-14,2025-02-19,4611
BATCH-2025-01518,48,Display,1378,2025-06-19,2025-07-06,1354
BATCH-2026-01519,1,Motherboard,2896,2026-08-20,2026-09-01,2867
BATCH-2026-01520,14,Connector,3585,2026-03-09,2026-03-22,3400
BATCH-2025-01521,4,Processor,487,2025-11-11,2025-11-24,467
BATCH-2025-01522,38,Microcontroller,9324,2025-12-11,2025-12-24,9002
BATCH-2025-01523,1,Speaker,4388,2025-02-05,2025-02-12,4344
BATCH-2024-01524,4,Power IC,1195,2024-10-18,2024-10-24,1183
BATCH-2026-01525,15,Processor,3265,2026-05-02,2026-05-09,3146
BATCH-2026-01526,40,Microcontroller,5232,2026-01-21,2026-01-27,5080
BATCH-2026-01527,33,Processor,6082,2026-08-08,2026-08-25,6010
BATCH-2026-01528,11,Processor,1370,2026-07-22,2026-07-30,1352
BATCH-2026-01529,27,Power IC,6623,2026-09-17,2026-10-04,6490
BATCH-2026-01530,2,Connector,3568,2026-07-31,2026-08-10,3501
BATCH-2026-01531,14,Fan,7767,2026-06-22,2026-07-10,7555
BATCH-2025-01532,8,Power IC,7485,2025-09-18,2025-09-28,7303
BATCH-2025-01533,45,Camera,8399,2025-05-12,2025-05-24,8059
BATCH-2025-01534,44,Fan,9647,2025-05-03,2025-05-12,9512
BATCH-2025-01535,28,Camera,8506,2025-01-20,2025-02-04,8421
BATCH-2025-01536,26,Sensor,6298,2025-05-24,2025-06-11,6235
BATCH-2025-01537,2,Battery,4818,2025-07-07,2025-07-25,4770
BATCH-2026-01538,40,Sensor,1101,2026-01-17,2026-01-30,1082
BATCH-2024-01539,37,Charger,3633,2024-12-07,2024-12-15,3547
BATCH-2025-01540,50,Sensor,2008,2025-08-07,2025-08-14,1988
BATCH-2025-01541,32,Sensor,2931,2025-03-19,2025-03-27,2791
BATCH-2026-01542,22,Processor,2889,2026-06-02,2026-06-21,2855
BATCH-2026-01543,7,Battery,1405,2026-08-15,2026-09-03,1309
BATCH-2026-01544,41,Sensor,8431,2026-05-05,2026-05-18,8347
BATCH-2026-01545,21,PCB,3826,2026-03-21,2026-04-02,3788
BATCH-2026-01546,15,Sensor,3757,2026-03-14,2026-03-19,3499
BATCH-2025-01547,34,Memory,245,2025-11-28,2025-12-09,235
BATCH-2024-01548,30,Power IC,2971,2024-10-27,2024-11-16,2726
BATCH-2025-01549,39,Speaker,1430,2025-08-15,2025-09-03,1335
BATCH-2025-01550,15,Charger,3567,2025-12-12,2025-12-19,3403
BATCH-2025-01551,15,Fan,8715,2025-04-27,2025-05-10,8204
BATCH-2025-01552,17,Charger,1577,2025-03-26,2025-04-14,1561
BATCH-2025-01553,32,Display,2758,2025-01-23,2025-02-11,2730
BATCH-2026-01554,47,Power IC,6657,2026-06-14,2026-06-21,6349
BATCH-2025-01555,29,Fan,714,2025-01-04,2025-01-22,692
BATCH-2026-01556,1,Charger,8641,2026-05-30,2026-06-09,8458
BATCH-2026-01557,6,Microcontroller,6009,2026-01-25,2026-02-02,5803
BATCH-2025-01558,43,Sensor,7013,2025-10-20,2025-10-31,6655
BATCH-2026-01559,48,Motherboard,7416,2026-02-23,2026-03-07,7014
BATCH-2025-01560,48,Processor,3017,2025-11-11,2025-11-23,2987
BATCH-2026-01561,21,Connector,6155,2026-04-18,2026-04-27,5936
BATCH-2025-01562,30,Fan,5741,2025-03-13,2025-03-28,5363
BATCH-2025-01563,2,Connector,1883,2025-11-11,2025-11-24,1864
BATCH-2025-01564,24,Connector,766,2025-04-17,2025-05-06,731
BATCH-2025-01565,27,Memory,4356,2025-10-29,2025-11-04,4154
BATCH-2025-01566,3,Memory,4349,2025-04-20,2025-05-06,4257
BATCH-2025-01567,23,Speaker,7864,2025-04-15,2025-05-04,7725
BATCH-2025-01568,33,Fan,2345,2025-01-05,2025-01-17,2322
BATCH-2024-01569,49,Power IC,9801,2024-11-07,2024-11-22,9288
BATCH-2025-01570,23,Memory,6452,2025-01-15,2025-01-29,6302
BATCH-2026-01571,44,Power IC,3488,2026-03-08,2026-03-22,3360
BATCH-2025-01572,39,Power IC,3106,2025-03-10,2025-03-21,2934
BATCH-2024-01573,49,Connector,1590,2024-11-08,2024-11-26,1506
BATCH-2024-01574,6,Memory,2699,2024-12-05,2024-12-21,2574
BATCH-2025-01575,10,Memory,1767,2025-06-30,2025-07-06,1749
BATCH-2025-01576,40,Processor,3818,2025-04-01,2025-04-15,3780
BATCH-2024-01577,39,Power IC,8259,2024-11-16,2024-12-06,7878
BATCH-2024-01578,22,Microcontroller,8846,2024-12-22,2025-01-03,8758
BATCH-2025-01579,10,Connector,3744,2025-04-16,2025-05-06,3601
BATCH-2025-01580,11,PCB,8015,2025-01-11,2025-01-18,7566
BATCH-2024-01581,38,Connector,5282,2024-09-29,2024-10-08,5044
BATCH-2026-01582,27,Processor,2178,2026-09-12,2026-09-28,2132
BATCH-2026-01583,30,Fan,3585,2026-01-10,2026-01-26,3356
BATCH-2026-01584,42,Power IC,8702,2026-01-30,2026-02-09,8273
BATCH-2026-01585,12,Memory,6273,2026-07-09,2026-07-23,5999
BATCH-2025-01586,9,Charger,7569,2025-06-25,2025-07-05,7493
BATCH-2025-01587,27,Connector,8647,2025-01-22,2025-02-07,8561
BATCH-2026-01588,30,PCB,250,2026-03-25,2026-03-31,236
BATCH-2026-01589,49,Motherboard,1135,2026-07-01,2026-07-10,1110
BATCH-2025-01590,28,Camera,5391,2025-10-19,2025-11-06,5337
BATCH-2026-01591,9,Display,5887,2026-07-07,2026-07-22,5614
BATCH-2024-01592,43,Charger,8255,2024-10-20,2024-10-26,7625
BATCH-2025-01593,48,Motherboard,6685,2025-10-14,2025-10-20,6386
BATCH-2026-01594,21,Sensor,8409,2026-04-07,2026-04-12,8325
BATCH-2025-01595,28,Motherboard,8906,2025-10-24,2025-11-03,8516
BATCH-2025-01596,50,Power IC,1131,2025-07-08,2025-07-16,1097
BATCH-2024-01597,12,Microcontroller,1382,2024-11-28,2024-12-18,1368
BATCH-2025-01598,6,Charger,737,2025-05-01,2025-05-07,709
BATCH-2026-01599,50,PCB,7769,2026-06-23,2026-07-10,7621
BATCH-2025-01600,33,Connector,9073,2025-05-03,2025-05-12,8924
BATCH-2026-01601,30,Fan,1449,2026-01-28,2026-02-14,1377
BATCH-2026-01602,45,Sensor,9528,2026-07-13,2026-07-27,9292
BATCH-2025-01603,4,Fan,1764,2025-06-22,2025-06-30,1718
BATCH-2025-01604,36,Fan,7899,2025-04-30,2025-05-19,7685
BATCH-2025-01605,26,Processor,129,2025-01-29,2025-02-17,128
BATCH-2025-01606,48,Processor,9678,2025-03-05,2025-03-10,9303
BATCH-2026-01607,15,Motherboard,3397,2026-03-21,2026-03-29,3363
BATCH-2026-01608,5,Camera,1514,2026-03-18,2026-03-30,1386
BATCH-2024-01609,1,Processor,6847,2024-11-15,2024-11-23,5959
BATCH-2026-01610,46,Speaker,4192,2026-08-08,2026-08-18,3809
BATCH-2026-01611,33,Charger,8346,2026-03-16,2026-04-03,8141
BATCH-2026-01612,41,PCB,2503,2026-09-04,2026-09-17,2478
BATCH-2026-01613,19,Processor,6938,2026-02-16,2026-03-03,6321
BATCH-2025-01614,28,Fan,967,2025-06-24,2025-07-14,957
BATCH-2026-01615,10,Sensor,1390,2026-06-12,2026-06-25,1309
BATCH-2026-01616,13,PCB,8805,2026-08-28,2026-09-15,8315
BATCH-2026-01617,50,Sensor,7610,2026-05-09,2026-05-15,7255
BATCH-2026-01618,35,Battery,1230,2026-07-05,2026-07-22,1175
BATCH-2026-01619,34,Memory,6101,2026-07-12,2026-07-25,5895
BATCH-2026-01620,33,Fan,4198,2026-04-24,2026-05-08,4086
BATCH-2025-01621,37,Memory,6193,2025-09-24,2025-10-04,6131
BATCH-2025-01622,37,Motherboard,8321,2025-06-13,2025-06-19,8184
BATCH-2024-01623,41,Memory,7808,2024-11-11,2024-11-26,7303
BATCH-2025-01624,34,Sensor,5284,2025-12-02,2025-12-19,5231
BATCH-2025-01625,21,Battery,3409,2025-06-01,2025-06-11,3227
BATCH-2025-01626,21,Charger,8471,2025-09-02,2025-09-18,8386
BATCH-2025-01627,23,Connector,5012,2025-01-11,2025-01-23,4962
BATCH-2025-01628,35,Charger,5301,2025-10-01,2025-10-18,5248
BATCH-2025-01629,45,Charger,8248,2025-05-18,2025-05-28,7831
BATCH-2026-01630,33,Camera,1054,2026-07-13,2026-07-31,1021
BATCH-2025-01631,45,Sensor,847,2025-02-09,2025-02-18,792
BATCH-2025-01632,19,Power IC,2780,2025-12-31,2026-01-14,2692
BATCH-2026-01633,6,Fan,7071,2026-08-06,2026-08-25,6281
BATCH-2026-01634,11,Microcontroller,7875,2026-01-27,2026-02-16,7414
BATCH-2025-01635,6,Processor,9615,2025-03-20,2025-03-31,9519
BATCH-2026-01636,3,PCB,5856,2026-01-13,2026-01-26,5719
BATCH-2025-01637,47,Camera,4755,2025-12-01,2025-12-15,4628
BATCH-2026-01638,2,Speaker,7371,2026-09-11,2026-09-26,7297
BATCH-2026-01639,19,PCB,4740,2026-02-22,2026-02-28,4693
BATCH-2025-01640,7,Power IC,6408,2025-10-30,2025-11-08,5954
BATCH-2025-01641,24,Battery,859,2025-01-16,2025-01-22,850
BATCH-2024-01642,24,Sensor,1846,2024-10-03,2024-10-19,1811
BATCH-2025-01643,11,Charger,2222,2025-02-28,2025-03-12,2075
BATCH-2025-01644,40,Connector,4976,2025-06-22,2025-06-27,4825
BATCH-2026-01645,24,Battery,7443,2026-05-26,2026-06-15,7369
BATCH-2025-01646,5,PCB,5926,2025-05-10,2025-05-23,5549
BATCH-2026-01647,27,Processor,7026,2026-04-08,2026-04-17,6956
BATCH-2026-01648,6,Sensor,5339,2026-08-20,2026-08-25,5286
BATCH-2024-01649,28,Processor,7059,2024-12-28,2025-01-14,6988
BATCH-2025-01650,40,Camera,8826,2025-10-30,2025-11-14,8738
BATCH-2024-01651,30,Charger,7692,2024-12-24,2025-01-09,7615
BATCH-2025-01652,49,Memory,5337,2025-10-26,2025-11-04,5177
BATCH-2026-01653,28,Power IC,6494,2026-04-23,2026-05-12,6098
BATCH-2025-01654,39,Camera,3000,2025-10-12,2025-10-24,2888
BATCH-2025-01655,7,Motherboard,8238,2025-04-26,2025-05-05,7887
BATCH-2026-01656,29,Memory,8212,2026-03-04,2026-03-22,7966
BATCH-2026-01657,13,Processor,1229,2026-09-12,2026-09-27,1217
BATCH-2024-01658,13,Power IC,2568,2024-11-26,2024-12-05,2530
BATCH-2025-01659,2,Camera,5721,2025-07-02,2025-07-17,5423
BATCH-2025-01660,33,Camera,6958,2025-12-19,2026-01-02,6734
BATCH-2024-01661,19,PCB,8933,2024-10-15,2024-10-27,8429
BATCH-2025-01662,14,Memory,6708,2025-10-10,2025-10-20,6580
BATCH-2025-01663,46,Charger,2466,2025-08-16,2025-08-29,2338
BATCH-2025-01664,23,Memory,4359,2025-02-18,2025-03-05,4315
BATCH-2026-01665,5,Display,4274,2026-01-18,2026-01-28,4108
BATCH-2026-01666,16,Display,1640,2026-09-06,2026-09-18,1624
BATCH-2025-01667,49,Speaker,2314,2025-03-12,2025-03-18,2203
BATCH-2025-01668,39,Charger,6247,2025-12-04,2025-12-21,6053
BATCH-2025-01669,20,Processor,7402,2025-10-13,2025-10-25,7286
BATCH-2026-01670,50,Speaker,2288,2026-01-26,2026-02-12,2109
BATCH-2026-01671,42,Battery,232,2026-01-17,2026-02-05,230
BATCH-2025-01672,26,Camera,8292,2025-12-08,2025-12-18,8162
BATCH-2024-01673,34,Connector,5749,2024-10-19,2024-10-30,5692
BATCH-2026-01674,19,Microcontroller,4884,2026-01-02,2026-01-08,4499
BATCH-2026-01675,35,Microcontroller,4716,2026-07-12,2026-08-01,4501
BATCH-2026-01676,29,Motherboard,5849,2026-08-02,2026-08-20,5791
BATCH-2025-01677,18,PCB,5127,2025-08-16,2025-08-22,4910
BATCH-2025-01678,6,Memory,1648,2025-09-25,2025-09-30,1525
BATCH-2026-01679,31,Speaker,9822,2026-06-03,2026-06-14,9724
BATCH-2026-01680,40,Connector,7625,2026-08-27,2026-09-12,7452
BATCH-2024-01681,9,Power IC,5452,2024-12-14,2024-12-30,5236
BATCH-2025-01682,3,Sensor,8251,2025-09-28,2025-10-14,8133
BATCH-2026-01683,24,Microcontroller,5216,2026-07-02,2026-07-18,5034
BATCH-2024-01684,7,Display,8403,2024-12-03,2024-12-21,8275
BATCH-2026-01685,37,Display,5724,2026-07-24,2026-08-01,5667
BATCH-2025-01686,9,Processor,4614,2025-03-26,2025-04-01,4460
BATCH-2026-01687,46,Microcontroller,3739,2026-06-19,2026-07-01,3638
BATCH-2026-01688,46,Motherboard,2279,2026-05-12,2026-05-23,2210
BATCH-2026-01689,40,Processor,7532,2026-04-09,2026-04-27,7224
BATCH-2026-01690,50,Sensor,3944,2026-05-14,2026-05-25,3905
BATCH-2025-01691,16,Camera,4407,2025-09-19,2025-10-05,4363
BATCH-2026-01692,22,Processor,8506,2026-04-03,2026-04-11,8357
BATCH-2024-01693,19,Processor,9370,2024-12-24,2025-01-08,9046
BATCH-2026-01694,29,Display,8880,2026-03-12,2026-03-27,8708
BATCH-2025-01695,15,Battery,9252,2025-07-08,2025-07-26,9159
BATCH-2026-01696,17,Charger,4919,2026-04-20,2026-04-28,4628
BATCH-2026-01697,30,Display,3400,2026-07-20,2026-07-26,3274
BATCH-2024-01698,3,Processor,1911,2024-12-01,2024-12-18,1817
BATCH-2025-01699,36,Power IC,6573,2025-06-06,2025-06-25,6134
BATCH-2025-01700,4,Processor,1999,2025-01-22,2025-01-27,1979
BATCH-2024-01701,34,Display,9430,2024-11-26,2024-12-11,8519
BATCH-2026-01702,41,Display,2491,2026-05-31,2026-06-10,2466
BATCH-2024-01703,35,Processor,605,2024-12-12,2024-12-17,543
BATCH-2026-01704,31,Battery,9728,2026-03-01,2026-03-11,9350
BATCH-2025-01705,3,Memory,325,2025-12-27,2026-01-07,304
BATCH-2025-01706,7,Motherboard,2058,2025-10-22,2025-11-09,2037
BATCH-2026-01707,37,Sensor,8844,2026-08-24,2026-09-01,8677
BATCH-2026-01708,49,Processor,3740,2026-08-02,2026-08-16,3537
BATCH-2025-01709,26,Connector,4846,2025-03-27,2025-04-04,4707
BATCH-2025-01710,48,Display,7651,2025-08-28,2025-09-08,7365
BATCH-2024-01711,27,Fan,4693,2024-09-18,2024-09-26,4533
BATCH-2025-01712,3,Display,6900,2025-01-24,2025-02-03,6472
BATCH-2025-01713,13,Charger,5136,2025-03-15,2025-04-04,5085
BATCH-2024-01714,1,Processor,1254,2024-12-02,2024-12-11,1224
BATCH-2025-01715,16,Motherboard,3008,2025-03-29,2025-04-07,2786
BATCH-2026-01716,17,Camera,9574,2026-01-08,2026-01-16,9162
BATCH-2025-01717,9,Sensor,6944,2025-02-03,2025-02-20,6875
BATCH-2025-01718,8,Sensor,6438,2025-03-30,2025-04-13,6271
BATCH-2025-01719,20,Motherboard,7344,2025-05-14,2025-05-30,6511
BATCH-2025-01720,46,Motherboard,8067,2025-04-17,2025-05-03,7445
BATCH-2025-01721,47,Camera,8452,2025-07-23,2025-07-31,8334
BATCH-2025-01722,5,Memory,527,2025-04-01,2025-04-06,493
BATCH-2025-01723,8,Speaker,157,2025-11-02,2025-11-21,155
BATCH-2026-01724,18,Camera,8927,2026-05-30,2026-06-14,8272
BATCH-2025-01725,37,Sensor,9701,2025-05-28,2025-06-02,9210
BATCH-2025-01726,35,Connector,4305,2025-11-02,2025-11-13,4042
BATCH-2026-01727,40,Connector,2328,2026-09-11,2026-09-24,2305
BATCH-2026-01728,36,Microcontroller,3778,2026-09-12,2026-09-23,3603
BATCH-2026-01729,49,Memory,3937,2026-05-03,2026-05-17,3723
BATCH-2024-01730,34,Display,7308,2024-10-03,2024-10-19,7099
BATCH-2025-01731,36,Power IC,7837,2025-12-07,2025-12-12,7521
BATCH-2025-01732,42,Fan,2029,2025-10-14,2025-10-26,2009
BATCH-2026-01733,6,Connector,4785,2026-04-16,2026-04-30,4482
BATCH-2024-01734,8,Microcontroller,9899,2024-10-25,2024-11-07,9746
BATCH-2026-01735,15,Battery,8452,2026-01-25,2026-02-05,8334
BATCH-2025-01736,20,Fan,410,2025-01-02,2025-01-20,396
BATCH-2025-01737,25,Motherboard,3516,2025-06-23,2025-07-08,3481
BATCH-2026-01738,30,Camera,1638,2026-01-16,2026-01-29,1599
BATCH-2025-01739,19,Battery,5445,2025-08-02,2025-08-13,5033
BATCH-2024-01740,23,Camera,5694,2024-10-22,2024-10-29,5602
BATCH-2025-01741,33,Display,8554,2025-09-07,2025-09-14,8468
BATCH-2025-01742,16,Sensor,4394,2025-08-20,2025-09-08,4061
BATCH-2025-01743,49,PCB,8218,2025-03-01,2025-03-13,7654
BATCH-2026-01744,18,Power IC,4265,2026-05-13,2026-05-28,4222
BATCH-2025-01745,25,Memory,9661,2025-12-29,2026-01-03,9353
BATCH-2024-01746,9,Battery,7938,2024-12-31,2025-01-07,7859
BATCH-2026-01747,13,Microcontroller,6352,2026-08-22,2026-09-01,6219
BATCH-2025-01748,31,Battery,8349,2025-01-30,2025-02-07,8036
BATCH-2026-01749,16,Charger,3021,2026-07-16,2026-07-30,2938
BATCH-2026-01750,46,PCB,1196,2026-08-12,2026-08-24,1125
BATCH-2024-01751,5,Fan,4549,2024-12-28,2025-01-12,4276
BATCH-2025-01752,3,Motherboard,4587,2025-06-15,2025-07-03,4238
BATCH-2024-01753,8,PCB,4752,2024-10-15,2024-10-22,4704
BATCH-2025-01754,2,Processor,2291,2025-12-12,2025-12-26,2236
BATCH-2026-01755,4,Processor,4001,2026-03-02,2026-03-17,3961
BATCH-2025-01756,11,Battery,7524,2025-07-23,2025-07-28,7328
BATCH-2025-01757,35,Camera,7594,2025-06-29,2025-07-11,6972
BATCH-2026-01758,5,Battery,5651,2026-04-10,2026-04-23,5262
BATCH-2026-01759,14,Charger,3779,2026-06-30,2026-07-13,3741
BATCH-2026-01760,36,PCB,9088,2026-08-11,2026-08-31,8726
BATCH-2026-01761,6,PCB,3230,2026-04-28,2026-05-17,3067
BATCH-2026-01762,33,Sensor,9655,2026-05-07,2026-05-15,9265
BATCH-2024-01763,17,Motherboard,8440,2024-11-21,2024-11-27,8356
BATCH-2024-01764,35,Processor,3559,2024-10-13,2024-10-29,3367
BATCH-2026-01765,17,PCB,510,2026-08-13,2026-09-01,484
BATCH-2024-01766,8,Processor,5108,2024-11-05,2024-11-18,5057
BATCH-2025-01767,45,Sensor,6454,2025-11-30,2025-12-20,6181
BATCH-2025-01768,12,Motherboard,8666,2025-04-08,2025-04-14,8148
BATCH-2026-01769,19,Battery,8514,2026-05-28,2026-06-13,8205
BATCH-2025-01770,29,Processor,2573,2025-08-12,2025-08-23,2445
BATCH-2025-01771,14,Memory,4706,2025-08-26,2025-09-13,4566
BATCH-2025-01772,38,Camera,4331,2025-11-01,2025-11-11,4098
BATCH-2026-01773,30,Speaker,5319,2026-06-17,2026-07-07,5107
BATCH-2025-01774,46,Charger,4573,2025-07-15,2025-07-24,4364
BATCH-2026-01775,49,Microcontroller,4256,2026-03-02,2026-03-15,4167
BATCH-2025-01776,25,Fan,7748,2025-12-16,2026-01-04,7539
BATCH-2025-01777,20,Sensor,7839,2025-04-05,2025-04-24,7342
BATCH-2024-01778,25,Connector,9434,2024-12-01,2024-12-14,9340
BATCH-2025-01779,29,Charger,1448,2025-12-28,2026-01-16,1401
BATCH-2026-01780,27,Microcontroller,8706,2026-07-08,2026-07-18,8364
BATCH-2025-01781,12,Battery,3900,2025-10-26,2025-11-01,3835
BATCH-2025-01782,36,Camera,610,2025-05-03,2025-05-23,601
BATCH-2025-01783,43,Camera,6462,2025-02-14,2025-02-24,6163
BATCH-2026-01784,15,Camera,2985,2026-05-10,2026-05-22,2809
BATCH-2026-01785,7,Fan,3716,2026-01-11,2026-01-22,3679
BATCH-2025-01786,38,Battery,8787,2025-10-02,2025-10-11,8392
BATCH-2025-01787,46,Microcontroller,3996,2025-02-12,2025-02-23,3831
BATCH-2025-01788,7,Microcontroller,3257,2025-02-09,2025-02-16,3224
BATCH-2026-01789,4,Motherboard,4655,2026-04-20,2026-05-02,4405
BATCH-2026-01790,8,Memory,8156,2026-06-20,2026-06-27,8074
BATCH-2025-01791,6,Processor,914,2025-10-05,2025-10-12,905
BATCH-2024-01792,10,Power IC,9626,2024-12-08,2024-12-16,9333
BATCH-2024-01793,7,Battery,4273,2024-10-01,2024-10-12,4230
BATCH-2025-01794,38,Sensor,9474,2025-10-02,2025-10-15,9107
BATCH-2025-01795,5,Sensor,3254,2025-02-13,2025-02-19,3025
BATCH-2025-01796,44,Display,3478,2025-12-15,2025-12-28,3443
BATCH-2024-01797,21,Motherboard,2670,2024-11-15,2024-12-04,2509
BATCH-2024-01798,2,Camera,4010,2024-12-21,2025-01-02,3933
BATCH-2025-01799,47,Connector,5965,2025-08-06,2025-08-16,5857
BATCH-2025-01800,6,Memory,6032,2025-12-31,2026-01-11,5813
BATCH-2026-01801,44,Charger,8728,2026-06-03,2026-06-11,8068
BATCH-2025-01802,29,Speaker,9118,2025-12-19,2026-01-06,8980
BATCH-2025-01803,43,Camera,281,2025-01-07,2025-01-15,277
BATCH-2025-01804,35,Processor,6869,2025-06-10,2025-06-27,6412
BATCH-2025-01805,3,Camera,9242,2025-09-11,2025-09-23,8713
BATCH-2026-01806,14,Microcontroller,7493,2026-03-10,2026-03-22,7029
BATCH-2026-01807,41,Memory,1006,2026-02-20,2026-03-11,996
BATCH-2026-01808,12,Charger,7180,2026-02-13,2026-02-22,6889
BATCH-2025-01809,21,PCB,3644,2025-03-19,2025-04-06,3608
BATCH-2026-01810,37,Motherboard,8676,2026-04-24,2026-05-05,8589
BATCH-2025-01811,39,Microcontroller,6848,2025-11-06,2025-11-20,6614
BATCH-2025-01812,6,Camera,4294,2025-09-06,2025-09-14,4251
BATCH-2025-01813,35,Motherboard,1074,2025-08-23,2025-09-12,1052
BATCH-2026-01814,44,Processor,9743,2026-03-08,2026-03-27,9557
BATCH-2024-01815,1,Speaker,4644,2024-10-02,2024-10-11,4537
BATCH-2025-01816,50,Speaker,6682,2025-05-18,2025-06-05,6439
BATCH-2024-01817,17,PCB,984,2024-09-26,2024-10-11,905
BATCH-2025-01818,23,Battery,3803,2025-03-07,2025-03-21,3765
BATCH-2025-01819,4,Charger,2718,2025-11-14,2025-11-27,2645
BATCH-2026-01820,44,Battery,503,2026-07-06,2026-07-26,482
BATCH-2025-01821,35,Power IC,8900,2025-11-12,2025-11-29,8446
BATCH-2025-01822,40,Motherboard,1875,2025-02-15,2025-03-04,1842
BATCH-2026-01823,1,Sensor,6405,2026-03-06,2026-03-25,6341
BATCH-2024-01824,33,Charger,3109,2024-11-04,2024-11-24,3078
BATCH-2025-01825,18,Processor,9044,2025-02-25,2025-03-03,8954
BATCH-2024-01826,18,Camera,361,2024-09-27,2024-10-10,345
BATCH-2026-01827,15,Camera,4298,2026-09-12,2026-09-21,4018
BATCH-2025-01828,36,Memory,4542,2025-09-23,2025-09-30,4497
BATCH-2025-01829,48,Power IC,441,2025-09-22,2025-10-11,427
BATCH-2025-01830,38,Battery,2542,2025-01-09,2025-01-28,2450
BATCH-2026-01831,34,Camera,799,2026-05-28,2026-06-17,791
BATCH-2026-01832,2,Processor,7244,2026-08-09,2026-08-18,7172
BATCH-2026-01833,18,Camera,934,2026-05-24,2026-06-12,915
BATCH-2025-01834,4,Display,3872,2025-08-02,2025-08-20,3829
BATCH-2025-01835,30,Fan,6655,2025-03-04,2025-03-11,6573
BATCH-2025-01836,23,Display,1269,2025-10-09,2025-10-29,1256
BATCH-2025-01837,47,Speaker,7208,2025-11-11,2025-11-28,6731
BATCH-2025-01838,26,Motherboard,8994,2025-04-20,2025-05-06,8539
BATCH-2025-01839,45,Speaker,2750,2025-12-04,2025-12-14,2722
BATCH-2025-01840,22,Microcontroller,7601,2025-07-17,2025-08-06,7369
BATCH-2025-01841,18,PCB,9481,2025-12-01,2025-12-15,9156
BATCH-2026-01842,38,Charger,4842,2026-03-14,2026-03-23,4624
BATCH-2026-01843,2,Microcontroller,8518,2026-06-10,2026-06-20,8361
BATCH-2025-01844,26,Motherboard,6961,2025-07-12,2025-07-23,6487
BATCH-2025-01845,50,Microcontroller,7737,2025-05-30,2025-06-16,7358
BATCH-2024-01846,13,Connector,1024,2024-11-16,2024-11-27,998
BATCH-2025-01847,43,Display,9985,2025-04-04,2025-04-15,9751
BATCH-2025-01848,8,Display,1145,2025-12-06,2025-12-24,1134
BATCH-2024-01849,28,Display,3115,2024-09-25,2024-10-07,3038
BATCH-2025-01850,36,Connector,5144,2025-01-16,2025-01-22,5093
BATCH-2025-01851,37,Display,3083,2025-07-15,2025-07-22,3052
BATCH-2025-01852,43,Processor,2743,2025-11-17,2025-12-04,2640
BATCH-2025-01853,13,Processor,238,2025-07-27,2025-08-10,235
BATCH-2025-01854,1,Microcontroller,6454,2025-10-03,2025-10-17,6389
BATCH-2026-01855,19,Speaker,6660,2026-01-25,2026-02-08,6391
BATCH-2025-01856,4,Speaker,5836,2025-02-28,2025-03-17,5736
BATCH-2026-01857,25,Display,9272,2026-02-12,2026-02-22,9112
BATCH-2026-01858,40,Speaker,334,2026-02-17,2026-03-07,310
BATCH-2025-01859,38,Charger,7386,2025-12-20,2025-12-26,6959
BATCH-2026-01860,5,Charger,354,2026-08-04,2026-08-23,333
BATCH-2026-01861,38,Speaker,5858,2026-09-10,2026-09-25,5517
BATCH-2026-01862,34,Charger,5257,2026-07-20,2026-07-31,5014
BATCH-2026-01863,40,Microcontroller,5467,2026-04-16,2026-04-25,5169
BATCH-2025-01864,22,Motherboard,8847,2025-05-14,2025-05-21,8211
BATCH-2026-01865,47,Camera,7219,2026-02-22,2026-03-11,7147
BATCH-2026-01866,41,Display,2003,2026-06-27,2026-07-15,1983
BATCH-2025-01867,13,Charger,6424,2025-09-25,2025-10-07,6206
BATCH-2025-01868,22,Processor,1458,2025-05-25,2025-06-05,1440
BATCH-2025-01869,33,Processor,1096,2025-08-17,2025-08-31,1065
BATCH-2024-01870,34,Sensor,5979,2024-10-16,2024-11-03,5645
BATCH-2026-01871,16,Charger,367,2026-08-06,2026-08-23,363
BATCH-2025-01872,45,Sensor,4807,2025-11-21,2025-12-03,4685
BATCH-2026-01873,10,Fan,8836,2026-05-08,2026-05-18,8748
BATCH-2025-01874,23,Motherboard,3495,2025-09-03,2025-09-09,3406
BATCH-2025-01875,29,Memory,9155,2025-03-07,2025-03-16,8542
BATCH-2025-01876,32,Processor,1311,2025-05-25,2025-06-06,1238
BATCH-2025-01877,22,Battery,4399,2025-10-11,2025-10-25,4355
BATCH-2025-01878,31,Battery,1631,2025-12-13,2025-12-31,1575
BATCH-2025-01879,4,Power IC,479,2025-12-19,2025-12-30,435
BATCH-2025-01880,42,Connector,8422,2025-10-06,2025-10-21,8033
BATCH-2025-01881,43,Connector,311,2025-06-21,2025-07-02,297
BATCH-2024-01882,21,Charger,4297,2024-10-09,2024-10-20,4113
BATCH-2026-01883,13,Camera,1521,2026-03-20,2026-03-26,1506
BATCH-2026-01884,29,Memory,5473,2026-03-27,2026-04-14,5386
BATCH-2026-01885,24,Display,6163,2026-09-01,2026-09-08,5766
BATCH-2025-01886,1,Camera,7946,2025-07-02,2025-07-12,7867
BATCH-2024-01887,7,Connector,3120,2024-11-01,2024-11-18,3089
BATCH-2025-01888,1,Connector,1074,2025-06-12,2025-06-26,1063
BATCH-2026-01889,39,Sensor,1213,2026-02-05,2026-02-12,1182
BATCH-2025-01890,1,Processor,7796,2025-11-29,2025-12-18,7718
BATCH-2026-01891,43,Display,3680,2026-04-24,2026-05-03,3546
BATCH-2026-01892,45,Fan,2509,2026-08-25,2026-08-30,2483
BATCH-2026-01893,30,Fan,9603,2026-01-25,2026-02-09,9170
BATCH-2025-01894,16,Processor,8338,2025-06-07,2025-06-19,8255
BATCH-2025-01895,14,Connector,487,2025-05-30,2025-06-05,481
BATCH-2024-01896,30,Fan,9774,2024-10-27,2024-11-09,9354
BATCH-2025-01897,42,Connector,646,2025-10-22,2025-10-30,616
BATCH-2024-01898,18,Camera,3868,2024-11-06,2024-11-17,3829
BATCH-2026-01899,15,Processor,5815,2026-01-09,2026-01-15,5734
BATCH-2026-01900,26,Power IC,7221,2026-02-21,2026-03-10,6738
BATCH-2025-01901,18,Connector,7897,2025-05-14,2025-05-20,7515
BATCH-2025-01902,36,Battery,6355,2025-02-09,2025-02-22,6069
BATCH-2025-01903,49,Battery,1235,2025-10-28,2025-11-17,1182
BATCH-2025-01904,8,Charger,6674,2025-04-21,2025-05-03,6476
BATCH-2026-01905,2,Fan,2817,2026-04-05,2026-04-22,2789
BATCH-2026-01906,27,Speaker,4301,2026-06-03,2026-06-20,4190
BATCH-2025-01907,32,Charger,877,2025-05-22,2025-05-28,854
BATCH-2026-01908,6,Connector,2003,2026-04-03,2026-04-18,1888
BATCH-2026-01909,7,Display,347,2026-08-26,2026-09-05,331
BATCH-2025-01910,33,Charger,4950,2025-08-22,2025-08-27,4900
BATCH-2024-01911,19,Memory,7381,2024-09-28,2024-10-13,6734
BATCH-2026-01912,44,Display,7473,2026-03-19,2026-03-31,6805
BATCH-2026-01913,7,Camera,7944,2026-08-29,2026-09-07,7667
BATCH-2025-01914,21,Camera,653,2025-03-08,2025-03-23,617
BATCH-2026-01915,45,Fan,7291,2026-02-12,2026-02-25,6695
BATCH-2025-01916,50,Display,3458,2025-03-23,2025-04-06,3300
BATCH-2025-01917,4,Connector,5855,2025-02-12,2025-02-23,5796
BATCH-2025-01918,48,PCB,3772,2025-11-13,2025-11-29,3598
BATCH-2025-01919,17,Display,346,2025-05-21,2025-06-07,324
BATCH-2025-01920,12,Power IC,2228,2025-02-25,2025-03-03,2184
BATCH-2024-01921,42,Fan,3768,2024-11-19,2024-11-25,3649
BATCH-2025-01922,17,Charger,3610,2025-04-13,2025-04-26,3441
BATCH-2025-01923,24,Speaker,6758,2025-11-03,2025-11-16,6690
BATCH-2024-01924,35,Charger,4435,2024-12-17,2024-12-27,4122
BATCH-2024-01925,21,Memory,9426,2024-10-07,2024-10-26,9317
BATCH-2026-01926,17,Microcontroller,1176,2026-08-25,2026-08-31,1123
BATCH-2026-01927,25,Connector,1026,2026-04-26,2026-05-12,972
BATCH-2026-01928,47,Fan,4313,2026-02-13,2026-02-22,3971
BATCH-2025-01929,23,Power IC,2844,2025-12-16,2025-12-28,2751
BATCH-2025-01930,17,Motherboard,2179,2025-02-27,2025-03-06,1976
BATCH-2024-01931,42,Fan,5889,2024-09-28,2024-10-16,5523
BATCH-2026-01932,31,Connector,3664,2026-04-10,2026-04-23,3548
BATCH-2025-01933,42,Charger,813,2025-09-01,2025-09-16,805
BATCH-2026-01934,41,PCB,8104,2026-04-30,2026-05-20,7710
BATCH-2025-01935,22,Motherboard,2441,2025-12-02,2025-12-16,2417
BATCH-2026-01936,34,Display,7523,2026-05-03,2026-05-22,7418
BATCH-2025-01937,3,Speaker,993,2025-04-10,2025-04-26,950
BATCH-2025-01938,30,Battery,7931,2025-11-20,2025-12-01,7573
BATCH-2025-01939,28,Charger,2308,2025-01-19,2025-01-29,2284
BATCH-2024-01940,14,Display,3159,2024-10-23,2024-11-12,3127
BATCH-2025-01941,21,Motherboard,9582,2025-11-10,2025-11-19,9207
BATCH-2024-01942,35,Processor,7097,2024-10-02,2024-10-21,6665
BATCH-2025-01943,33,Processor,8757,2025-04-03,2025-04-12,8237
BATCH-2025-01944,36,Memory,5531,2025-04-18,2025-05-02,5321
BATCH-2026-01945,39,Motherboard,8524,2026-02-28,2026-03-19,8052
BATCH-2026-01946,36,PCB,8915,2026-09-05,2026-09-19,8826
BATCH-2025-01947,20,Display,8855,2025-12-23,2026-01-03,8766
BATCH-2026-01948,36,Camera,2953,2026-08-26,2026-09-08,2708
BATCH-2025-01949,13,Fan,2983,2025-06-05,2025-06-15,2953
BATCH-2026-01950,9,Sensor,4020,2026-01-17,2026-01-23,3838
BATCH-2025-01951,12,Memory,8536,2025-01-22,2025-02-04,8346
BATCH-2026-01952,30,Motherboard,7759,2026-06-30,2026-07-10,7681
BATCH-2025-01953,43,Microcontroller,3012,2025-11-01,2025-11-19,2919
BATCH-2026-01954,2,Fan,2048,2026-03-24,2026-04-10,2028
BATCH-2026-01955,32,Microcontroller,525,2026-08-23,2026-09-06,515
BATCH-2026-01956,14,Microcontroller,3237,2026-09-06,2026-09-21,3051
BATCH-2024-01957,41,Processor,881,2024-09-21,2024-10-05,859
BATCH-2026-01958,3,Display,2651,2026-03-29,2026-04-17,2528
BATCH-2026-01959,39,PCB,1614,2026-05-22,2026-06-09,1567
BATCH-2025-01960,37,Fan,8653,2025-10-01,2025-10-17,7951
BATCH-2025-01961,5,Fan,5204,2025-11-29,2025-12-07,5010
BATCH-2026-01962,27,Motherboard,4599,2026-05-21,2026-06-07,4553
BATCH-2025-01963,13,Processor,5774,2025-10-08,2025-10-21,5716
BATCH-2025-01964,4,Power IC,154,2025-07-04,2025-07-20,148
BATCH-2025-01965,42,Microcontroller,5136,2025-06-23,2025-07-06,5085
BATCH-2025-01966,2,Processor,5578,2025-09-25,2025-10-15,5055
BATCH-2025-01967,41,Charger,9270,2025-09-05,2025-09-19,8982
BATCH-2024-01968,6,Camera,6037,2024-11-15,2024-11-24,5640
BATCH-2024-01969,50,Fan,8125,2024-09-18,2024-10-02,8044
BATCH-2025-01970,12,Sensor,1326,2025-10-11,2025-10-18,1308
BATCH-2026-01971,9,Display,8082,2026-03-11,2026-03-20,7805
BATCH-2024-01972,45,Display,6636,2024-10-01,2024-10-09,6391
BATCH-2026-01973,5,Microcontroller,9821,2026-08-21,2026-08-28,9689
BATCH-2025-01974,20,Connector,5149,2025-09-07,2025-09-16,4793
BATCH-2025-01975,17,Camera,5374,2025-06-14,2025-07-04,5185
BATCH-2025-01976,22,Display,3890,2025-05-07,2025-05-25,3780
BATCH-2025-01977,48,Power IC,3137,2025-07-11,2025-07-23,3036
BATCH-2024-01978,9,Processor,2806,2024-12-31,2025-01-05,2727
BATCH-2026-01979,7,PCB,8838,2026-02-25,2026-03-10,8317
BATCH-2024-01980,48,Processor,7107,2024-11-24,2024-12-09,6699
BATCH-2025-01981,31,Charger,4043,2025-10-09,2025-10-17,3844
BATCH-2025-01982,40,PCB,2354,2025-08-14,2025-09-03,2330
BATCH-2026-01983,15,Microcontroller,7616,2026-05-01,2026-05-10,7445
BATCH-2026-01984,42,Fan,2161,2026-08-04,2026-08-19,2123
BATCH-2025-01985,9,Motherboard,2208,2025-04-04,2025-04-10,2186
BATCH-2026-01986,10,Connector,4850,2026-02-20,2026-03-06,4660
BATCH-2026-01987,25,Motherboard,9118,2026-01-24,2026-01-29,8606
BATCH-2024-01988,14,Camera,3421,2024-11-14,2024-11-22,3299
BATCH-2025-01989,42,Charger,8098,2025-03-23,2025-04-10,7671
BATCH-2025-01990,29,PCB,2778,2025-06-06,2025-06-11,2707
BATCH-2025-01991,50,Memory,1666,2025-05-22,2025-06-03,1603
BATCH-2026-01992,8,Memory,5886,2026-02-13,2026-02-28,5593
BATCH-2026-01993,39,PCB,6001,2026-07-04,2026-07-18,5660
BATCH-2025-01994,20,Fan,2376,2025-04-20,2025-05-05,2305
BATCH-2026-01995,33,Processor,2988,2026-08-16,2026-08-30,2958
BATCH-2026-01996,44,Microcontroller,9978,2026-06-20,2026-06-30,9878
BATCH-2025-01997,43,PCB,4405,2025-04-28,2025-05-18,4180
BATCH-2026-01998,23,Microcontroller,1391,2026-09-06,2026-09-17,1377
BATCH-2024-01999,24,Speaker,5707,2024-12-26,2025-01-07,5650
BATCH-2025-02000,12,PCB,1646,2025-12-01,2025-12-12,1630
BATCH-2024-02001,13,Motherboard,4067,2024-11-26,2024-12-13,4026
BATCH-2025-02002,43,Battery,3459,2025-05-31,2025-06-17,3423
BATCH-2025-02003,16,Power IC,2177,2025-10-30,2025-11-05,2030
BATCH-2026-02004,37,PCB,5828,2026-07-13,2026-07-30,5770
BATCH-2026-02005,19,PCB,8652,2026-08-15,2026-08-27,8188
BATCH-2025-02006,10,Microcontroller,5905,2025-06-01,2025-06-13,5846
BATCH-2026-02007,22,PCB,309,2026-07-30,2026-08-04,293
BATCH-2025-02008,21,Speaker,2048,2025-09-11,2025-09-24,1969
BATCH-2025-02009,9,Memory,2678,2025-10-21,2025-10-28,2585
BATCH-2024-02010,37,PCB,3648,2024-12-28,2025-01-02,3612
BATCH-2026-02011,45,Microcontroller,9809,2026-07-23,2026-08-06,9360
BATCH-2025-02012,17,PCB,4420,2025-06-26,2025-07-12,4087
BATCH-2025-02013,12,Processor,476,2025-07-09,2025-07-29,452
BATCH-2025-02014,14,Charger,1713,2025-11-03,2025-11-18,1644
BATCH-2025-02015,24,Camera,6948,2025-10-27,2025-11-02,6801
BATCH-2025-02016,25,Charger,9565,2025-12-10,2025-12-17,9370
BATCH-2026-02017,13,Speaker,7856,2026-02-05,2026-02-11,7405
BATCH-2025-02018,19,Fan,155,2025-10-16,2025-11-05,153
BATCH-2025-02019,50,Connector,6153,2025-10-19,2025-10-24,5864
BATCH-2025-02020,3,Charger,6271,2025-11-12,2025-11-25,5936
BATCH-2025-02021,48,Speaker,9794,2025-12-01,2025-12-14,9240
BATCH-2026-02022,41,Fan,6940,2026-07-05,2026-07-21,6799
BATCH-2025-02023,10,Battery,2596,2025-02-21,2025-03-05,2521
BATCH-2025-02024,10,PCB,1442,2025-09-26,2025-10-11,1428
BATCH-2025-02025,37,Processor,2445,2025-05-09,2025-05-27,2421
BATCH-2024-02026,10,Microcontroller,3099,2024-11-26,2024-12-04,3068
BATCH-2025-02027,33,Connector,7692,2025-12-04,2025-12-18,7615
BATCH-2026-02028,40,Memory,6297,2026-05-11,2026-05-23,6018
BATCH-2025-02029,48,Memory,1124,2025-04-17,2025-04-29,1096
BATCH-2026-02030,36,Processor,4708,2026-02-11,2026-03-03,4515
BATCH-2026-02031,1,Battery,8486,2026-04-15,2026-05-05,8240
BATCH-2025-02032,31,Memory,5188,2025-04-19,2025-05-07,4771
BATCH-2024-02033,34,Memory,6153,2024-10-23,2024-11-02,6038
BATCH-2025-02034,23,Fan,7146,2025-06-02,2025-06-07,6993
BATCH-2025-02035,25,PCB,9314,2025-10-22,2025-10-30,8934
BATCH-2026-02036,2,Battery,640,2026-08-26,2026-09-05,628
BATCH-2025-02037,19,Fan,6841,2025-06-06,2025-06-15,6457
BATCH-2026-02038,44,Charger,308,2026-07-06,2026-07-14,291
BATCH-2025-02039,12,Motherboard,907,2025-07-01,2025-07-11,898
BATCH-2025-02040,33,Sensor,7424,2025-01-12,2025-01-28,7350
BATCH-2024-02041,37,Battery,7725,2024-12-23,2024-12-30,7648
BATCH-2026-02042,47,Charger,7995,2026-08-04,2026-08-10,7546
BATCH-2025-02043,44,Battery,1949,2025-06-13,2025-06-21,1834
BATCH-2025-02044,14,PCB,1530,2025-10-14,2025-10-29,1439
BATCH-2024-02045,33,Speaker,425,2024-11-14,2024-11-28,416
BATCH-2026-02046,46,Battery,4617,2026-03-20,2026-04-04,4419
BATCH-2025-02047,47,Sensor,3473,2025-10-10,2025-10-27,3296
BATCH-2026-02048,23,PCB,7892,2026-04-04,2026-04-11,7778
BATCH-2025-02049,12,Connector,5629,2025-04-10,2025-04-16,5573
BATCH-2025-02050,21,Charger,3183,2025-11-18,2025-11-25,3151
BATCH-2025-02051,2,Microcontroller,331,2025-08-18,2025-09-02,318
BATCH-2025-02052,17,Motherboard,464,2025-09-06,2025-09-17,443
BATCH-2025-02053,41,Motherboard,5475,2025-05-30,2025-06-06,5406
BATCH-2025-02054,49,Display,2840,2025-12-25,2026-01-05,2812
BATCH-2025-02055,5,Fan,4377,2025-06-08,2025-06-17,4215
BATCH-2025-02056,33,Microcontroller,9028,2025-02-09,2025-02-24,8525
BATCH-2026-02057,2,Display,6710,2026-07-08,2026-07-15,6643
BATCH-2025-02058,28,Power IC,8792,2025-03-11,2025-03-16,8704
BATCH-2025-02059,37,Memory,277,2025-05-24,2025-06-09,271
BATCH-2024-02060,24,Charger,1387,2024-11-16,2024-11-21,1324
BATCH-2025-02061,29,Microcontroller,7003,2025-11-12,2025-11-18,6769
BATCH-2025-02062,25,PCB,7114,2025-03-31,2025-04-07,6913
BATCH-2025-02063,17,Speaker,5769,2025-09-02,2025-09-18,5595
BATCH-2025-02064,39,Connector,8252,2025-07-22,2025-07-29,8101
BATCH-2026-02065,48,Battery,8369,2026-04-12,2026-04-24,7843
BATCH-2024-02066,46,Sensor,3052,2024-10-19,2024-11-06,2872
BATCH-2025-02067,4,PCB,3053,2025-10-23,2025-11-07,2912
BATCH-2025-02068,8,Microcontroller,9577,2025-07-26,2025-08-06,9451
BATCH-2025-02069,28,Charger,6200,2025-06-21,2025-07-06,5934
BATCH-2025-02070,48,Memory,1278,2025-03-05,2025-03-22,1210
BATCH-2024-02071,39,Display,4839,2024-10-13,2024-10-25,4686
BATCH-2024-02072,12,Battery,240,2024-12-24,2025-01-01,228
BATCH-2026-02073,45,PCB,9568,2026-07-05,2026-07-17,8970
BATCH-2025-02074,20,Power IC,9999,2025-02-09,2025-02-26,9774
BATCH-2025-02075,18,Camera,1763,2025-05-10,2025-05-26,1674
BATCH-2024-02076,26,PCB,235,2024-10-03,2024-10-23,229
BATCH-2025-02077,46,Power IC,5255,2025-02-19,2025-03-08,5177
BATCH-2025-02078,39,Motherboard,1042,2025-01-13,2025-01-27,1014
BATCH-2025-02079,19,PCB,4512,2025-02-15,2025-02-21,4467
BATCH-2025-02080,44,Battery,1055,2025-01-07,2025-01-13,1007
BATCH-2025-02081,7,Camera,7024,2025-09-15,2025-09-22,6935
BATCH-2025-02082,38,Speaker,9928,2025-10-17,2025-10-24,9714
BATCH-2026-02083,50,Microcontroller,9339,2026-05-18,2026-06-01,8718
BATCH-2026-02084,33,Power IC,1428,2026-06-22,2026-06-27,1382
BATCH-2025-02085,50,Display,4810,2025-06-06,2025-06-12,4481
BATCH-2026-02086,12,Connector,8813,2026-03-07,2026-03-25,8725
BATCH-2024-02087,37,Battery,7199,2024-10-23,2024-11-08,6978
BATCH-2025-02088,33,Connector,3757,2025-11-27,2025-12-09,3719
BATCH-2025-02089,27,Camera,6418,2025-05-05,2025-05-14,6354
BATCH-2025-02090,21,Motherboard,9563,2025-04-13,2025-04-26,9018
BATCH-2024-02091,32,PCB,8522,2024-12-09,2024-12-19,8133
BATCH-2026-02092,33,Battery,5767,2026-03-12,2026-03-17,5562
BATCH-2024-02093,29,Microcontroller,3590,2024-09-20,2024-10-05,3529
BATCH-2025-02094,11,Microcontroller,7835,2025-04-06,2025-04-20,7553
BATCH-2025-02095,50,PCB,3698,2025-06-03,2025-06-21,3523
BATCH-2024-02096,24,Sensor,5262,2024-10-17,2024-10-29,5122
BATCH-2026-02097,18,Connector,3724,2026-07-13,2026-07-26,3616
BATCH-2025-02098,26,Battery,7712,2025-06-21,2025-06-30,7299
BATCH-2024-02099,20,Camera,8459,2024-10-02,2024-10-14,8199
BATCH-2025-02100,9,Battery,9476,2025-08-09,2025-08-29,9253
BATCH-2026-02101,5,Display,262,2026-07-06,2026-07-21,259
BATCH-2025-02102,38,Motherboard,5073,2025-10-19,2025-11-03,4787
BATCH-2026-02103,4,Memory,5742,2026-03-06,2026-03-20,5488
BATCH-2025-02104,10,Microcontroller,5372,2025-12-25,2026-01-10,5123
BATCH-2025-02105,34,PCB,7518,2025-12-15,2025-12-20,7443
BATCH-2025-02106,30,Speaker,5497,2025-05-01,2025-05-06,5126
BATCH-2025-02107,24,Motherboard,7814,2025-09-27,2025-10-02,7482
BATCH-2025-02108,44,Fan,3690,2025-12-16,2025-12-21,3653
BATCH-2025-02109,28,Charger,454,2025-08-21,2025-09-09,432
BATCH-2025-02110,9,Display,2379,2025-11-09,2025-11-26,2303
BATCH-2025-02111,36,Connector,9013,2025-01-21,2025-02-06,8923
BATCH-2026-02112,6,Camera,3974,2026-02-06,2026-02-11,3903
BATCH-2025-02113,37,Microcontroller,6180,2025-09-23,2025-10-03,6083
BATCH-2025-02114,42,Battery,2754,2025-08-20,2025-09-09,2712
BATCH-2026-02115,11,Speaker,2606,2026-08-31,2026-09-12,2515
BATCH-2025-02116,28,Sensor,5366,2025-04-03,2025-04-08,5312
BATCH-2026-02117,34,Processor,3233,2026-06-25,2026-07-09,3183
BATCH-2025-02118,34,Power IC,2289,2025-12-25,2026-01-09,2266
BATCH-2025-02119,2,Charger,5516,2025-05-10,2025-05-24,5393
BATCH-2024-02120,43,Fan,9149,2024-11-10,2024-11-19,8300
BATCH-2025-02121,3,Sensor,963,2025-04-21,2025-05-11,902
BATCH-2024-02122,45,Speaker,6376,2024-12-23,2025-01-11,6291
BATCH-2026-02123,6,Speaker,1394,2026-08-12,2026-08-26,1299
BATCH-2026-02124,4,Processor,186,2026-07-25,2026-08-14,182
BATCH-2024-02125,33,Processor,7174,2024-10-01,2024-10-19,7002
BATCH-2026-02126,19,Memory,1688,2026-07-07,2026-07-24,1584
BATCH-2025-02127,49,Connector,355,2025-01-02,2025-01-16,330
BATCH-2024-02128,50,Charger,4450,2024-10-16,2024-10-26,4231
BATCH-2026-02129,47,PCB,312,2026-05-03,2026-05-11,304
BATCH-2025-02130,31,Speaker,3063,2025-10-03,2025-10-19,2955
BATCH-2026-02131,21,Power IC,454,2026-09-16,2026-09-22,437
BATCH-2025-02132,50,Connector,5781,2025-07-31,2025-08-19,5353
BATCH-2024-02133,35,Motherboard,1484,2024-11-04,2024-11-15,1425
BATCH-2024-02134,17,Connector,7707,2024-10-31,2024-11-16,7531
BATCH-2025-02135,20,Connector,2836,2025-07-09,2025-07-27,2675
BATCH-2025-02136,41,Memory,6880,2025-01-29,2025-02-14,6811
BATCH-2026-02137,28,Charger,3302,2026-03-13,2026-03-25,3237
BATCH-2025-02138,6,Microcontroller,4232,2025-05-25,2025-05-30,3999
BATCH-2024-02139,27,Fan,9564,2024-10-23,2024-11-03,9347
BATCH-2026-02140,42,Memory,7050,2026-08-04,2026-08-23,6980
BATCH-2024-02141,19,Display,7119,2024-09-19,2024-10-05,6620
BATCH-2025-02142,25,Memory,5769,2025-09-08,2025-09-18,5586
BATCH-2025-02143,37,Fan,633,2025-05-14,2025-05-28,612
BATCH-2025-02144,36,Display,2613,2025-08-26,2025-09-01,2502
BATCH-2026-02145,49,Charger,9717,2026-02-11,2026-02-27,8997
BATCH-2026-02146,41,Connector,5330,2026-09-01,2026-09-06,5277
BATCH-2026-02147,11,Motherboard,2098,2026-04-20,2026-05-10,2074
BATCH-2026-02148,39,Sensor,5555,2026-04-09,2026-04-20,5499
BATCH-2026-02149,46,Speaker,6985,2026-08-01,2026-08-13,6281
BATCH-2025-02150,8,PCB,7739,2025-08-28,2025-09-07,7470
BATCH-2026-02151,32,Memory,5366,2026-09-12,2026-09-21,5266
BATCH-2025-02152,9,Power IC,4075,2025-05-30,2025-06-11,3943
BATCH-2026-02153,14,Camera,5648,2026-08-22,2026-08-30,5296
BATCH-2026-02154,46,Connector,9970,2026-01-12,2026-01-27,9870
BATCH-2024-02155,27,PCB,7945,2024-10-05,2024-10-21,7431
BATCH-2026-02156,42,Charger,6765,2026-01-15,2026-01-25,6543
BATCH-2025-02157,3,Processor,922,2025-07-24,2025-08-06,865
BATCH-2025-02158,21,Connector,2548,2025-04-24,2025-05-08,2420
BATCH-2024-02159,34,PCB,2204,2024-12-08,2024-12-16,2161
BATCH-2026-02160,29,Processor,5330,2026-09-11,2026-09-24,5149
BATCH-2025-02161,2,Connector,7724,2025-09-24,2025-10-02,7301
BATCH-2025-02162,10,Power IC,3793,2025-05-23,2025-06-07,3755
BATCH-2025-02163,19,Motherboard,7312,2025-07-25,2025-08-03,6918
BATCH-2024-02164,12,Motherboard,548,2024-10-07,2024-10-20,543
BATCH-2025-02165,38,Motherboard,4625,2025-08-03,2025-08-14,4579
BATCH-2025-02166,10,Camera,662,2025-11-04,2025-11-15,655
BATCH-2024-02167,48,Connector,9028,2024-12-13,2024-12-23,8482
BATCH-2026-02168,14,Connector,1605,2026-04-12,2026-04-27,1532
BATCH-2025-02169,8,Charger,6239,2025-03-12,2025-03-18,6007
BATCH-2024-02170,42,Memory,7411,2024-09-18,2024-09-30,7321
BATCH-2025-02171,2,Sensor,5485,2025-09-23,2025-10-10,5430
BATCH-2025-02172,23,Speaker,9118,2025-02-26,2025-03-15,9027
BATCH-2026-02173,1,Memory,8599,2026-01-01,2026-01-06,8297
BATCH-2026-02174,15,Sensor,8583,2026-04-21,2026-04-30,8121
BATCH-2025-02175,30,PCB,9230,2025-07-24,2025-07-29,9138
BATCH-2025-02176,46,Memory,377,2025-04-17,2025-04-27,367
BATCH-2026-02177,42,Charger,7380,2026-08-06,2026-08-22,7204
BATCH-2025-02178,13,Sensor,6385,2025-04-20,2025-04-25,6321
BATCH-2026-02179,7,Connector,2691,2026-09-01,2026-09-21,2664
BATCH-2026-02180,35,Camera,1017,2026-04-17,2026-04-23,959
BATCH-2025-02181,16,Speaker,8804,2025-07-27,2025-08-08,8716
BATCH-2025-02182,11,Speaker,2095,2025-10-07,2025-10-23,2058
BATCH-2025-02183,11,Charger,4222,2025-09-21,2025-10-10,4133
BATCH-2025-02184,12,Fan,9655,2025-08-15,2025-08-31,9558
BATCH-2025-02185,35,Memory,9846,2025-03-11,2025-03-21,9400
BATCH-2026-02186,36,PCB,1850,2026-04-27,2026-05-08,1770
BATCH-2025-02187,8,Motherboard,655,2025-03-14,2025-04-02,633
BATCH-2026-02188,44,Display,2784,2026-08-25,2026-09-02,2687
BATCH-2025-02189,45,Charger,6999,2025-09-05,2025-09-11,6860
BATCH-2026-02190,12,Memory,7833,2026-02-04,2026-02-14,7755
BATCH-2024-02191,49,Processor,7929,2024-12-24,2025-01-11,7492
BATCH-2026-02192,30,Power IC,2582,2026-04-30,2026-05-13,2366
BATCH-2026-02193,1,Memory,3516,2026-01-12,2026-01-22,3284
BATCH-2025-02194,49,Speaker,6517,2025-12-14,2025-12-28,6450
BATCH-2026-02195,22,Camera,5738,2026-09-09,2026-09-23,5549
BATCH-2025-02196,11,Sensor,1551,2025-07-08,2025-07-25,1535
BATCH-2026-02197,8,Microcontroller,4528,2026-01-31,2026-02-10,4483
BATCH-2025-02198,5,Charger,6076,2025-08-03,2025-08-13,5797
BATCH-2026-02199,13,Motherboard,3439,2026-03-13,2026-03-22,3369
BATCH-2026-02200,17,Connector,2761,2026-02-22,2026-02-28,2626
BATCH-2025-02201,34,Display,129,2025-04-07,2025-04-13,126
BATCH-2024-02202,26,Sensor,2228,2024-10-20,2024-11-05,2105
BATCH-2025-02203,35,PCB,1937,2025-11-16,2025-12-05,1843
BATCH-2025-02204,25,PCB,7942,2025-05-05,2025-05-13,7863
BATCH-2026-02205,38,PCB,561,2026-03-13,2026-03-30,528
BATCH-2026-02206,31,Speaker,1359,2026-07-04,2026-07-16,1345
BATCH-2024-02207,38,Sensor,3173,2024-09-30,2024-10-19,3001
BATCH-2026-02208,10,Speaker,6973,2026-06-06,2026-06-11,6903
BATCH-2024-02209,50,Camera,8474,2024-11-17,2024-11-29,7793
BATCH-2024-02210,28,Processor,6518,2024-10-23,2024-11-09,6412
BATCH-2025-02211,27,Microcontroller,1353,2025-04-05,2025-04-17,1288
BATCH-2024-02212,2,Motherboard,7114,2024-11-20,2024-11-25,7043
BATCH-2025-02213,40,Charger,3692,2025-02-25,2025-03-06,3652
BATCH-2025-02214,36,Display,5401,2025-08-18,2025-09-06,4865
BATCH-2025-02215,35,Battery,9100,2025-06-24,2025-07-11,9009
BATCH-2026-02216,33,Battery,833,2026-03-31,2026-04-20,794
BATCH-2025-02217,18,Connector,7056,2025-12-17,2026-01-03,6716
BATCH-2025-02218,48,Memory,9553,2025-06-03,2025-06-11,9457
BATCH-2025-02219,48,PCB,281,2025-09-24,2025-10-01,262
BATCH-2026-02220,19,Battery,1495,2026-02-08,2026-02-19,1354
BATCH-2026-02221,47,Fan,7852,2026-09-03,2026-09-19,7773
BATCH-2025-02222,45,PCB,9305,2025-05-03,2025-05-14,8859
BATCH-2026-02223,34,Connector,8559,2026-05-04,2026-05-24,8473
BATCH-2025-02224,29,Display,2018,2025-04-14,2025-04-21,1934
BATCH-2026-02225,11,Processor,2242,2026-02-05,2026-02-22,2220
BATCH-2026-02226,15,Motherboard,793,2026-04-21,2026-04-28,711
BATCH-2025-02227,3,Charger,1475,2025-02-21,2025-03-10,1363
BATCH-2026-02228,12,Display,6266,2026-08-29,2026-09-05,6203
BATCH-2025-02229,26,Power IC,1436,2025-03-20,2025-04-05,1369
BATCH-2025-02230,47,Fan,2941,2025-08-10,2025-08-29,2808
BATCH-2026-02231,35,Power IC,2908,2026-06-27,2026-07-02,2735
BATCH-2025-02232,3,PCB,6811,2025-06-19,2025-06-29,6510
BATCH-2026-02233,21,Display,3267,2026-08-05,2026-08-21,3159
BATCH-2026-02234,8,Camera,6942,2026-07-03,2026-07-19,6681
BATCH-2025-02235,8,PCB,6809,2025-09-25,2025-10-09,6741
BATCH-2025-02236,43,Connector,524,2025-06-25,2025-07-10,504
BATCH-2024-02237,25,Memory,7170,2024-09-28,2024-10-06,6959
BATCH-2025-02238,39,PCB,8405,2025-09-25,2025-10-15,8055
BATCH-2025-02239,20,Sensor,6888,2025-07-05,2025-07-12,6542
BATCH-2025-02240,45,Connector,9732,2025-12-02,2025-12-19,9238
BATCH-2026-02241,41,Microcontroller,6645,2026-08-10,2026-08-28,6340
BATCH-2025-02242,34,Camera,1030,2025-05-19,2025-06-06,1017
BATCH-2024-02243,6,Charger,3493,2024-12-25,2025-01-06,3257
BATCH-2026-02244,24,Speaker,9526,2026-09-15,2026-09-28,9301
BATCH-2024-02245,48,Camera,4063,2024-10-06,2024-10-23,3821
BATCH-2025-02246,39,Connector,5500,2025-02-24,2025-03-14,5215
BATCH-2026-02247,8,Power IC,3170,2026-08-24,2026-09-06,3107
BATCH-2025-02248,36,Display,3678,2025-02-27,2025-03-04,3627
BATCH-2026-02249,26,Motherboard,1863,2026-02-18,2026-02-27,1789
BATCH-2025-02250,17,Speaker,2033,2025-11-15,2025-11-24,2013
BATCH-2025-02251,6,Connector,4449,2025-03-15,2025-04-01,4332
BATCH-2025-02252,25,Fan,7323,2025-05-19,2025-06-08,6934
BATCH-2025-02253,1,Power IC,6940,2025-06-11,2025-06-18,6763
BATCH-2026-02254,29,Sensor,110,2026-02-13,2026-03-03,106
BATCH-2024-02255,3,Sensor,9411,2024-11-17,2024-11-25,9139
BATCH-2025-02256,42,Processor,4165,2025-11-26,2025-12-14,4123
BATCH-2025-02257,22,Microcontroller,7791,2025-02-17,2025-03-04,7285
BATCH-2025-02258,36,Charger,5541,2025-09-13,2025-09-29,5350
BATCH-2026-02259,20,Motherboard,9528,2026-07-13,2026-07-30,8896
BATCH-2024-02260,36,Processor,5928,2024-10-12,2024-10-26,5645
BATCH-2026-02261,45,Speaker,5717,2026-06-23,2026-06-29,5372
BATCH-2025-02262,33,Battery,5487,2025-12-21,2026-01-07,5432
BATCH-2024-02263,19,Battery,461,2024-12-20,2025-01-01,441
BATCH-2024-02264,21,Camera,9807,2024-10-08,2024-10-19,9624
BATCH-2025-02265,49,Camera,3767,2025-08-11,2025-08-28,3718
BATCH-2026-02266,50,Motherboard,187,2026-04-29,2026-05-07,174
BATCH-2025-02267,32,Microcontroller,6074,2025-02-18,2025-03-06,5699
BATCH-2026-02268,31,Speaker,5817,2026-04-05,2026-04-12,5611
BATCH-2025-02269,45,Microcontroller,2198,2025-01-22,2025-02-05,2068
BATCH-2026-02270,24,Battery,3457,2026-03-11,2026-03-17,3323
BATCH-2024-02271,44,Microcontroller,4458,2024-10-20,2024-10-25,4413
BATCH-2025-02272,43,PCB,5337,2025-05-31,2025-06-12,5190
BATCH-2025-02273,40,Battery,7376,2025-01-27,2025-02-08,6708
BATCH-2025-02274,38,Camera,7022,2025-09-17,2025-09-22,6683
BATCH-2025-02275,48,PCB,2009,2025-11-30,2025-12-10,1903
BATCH-2026-02276,31,Speaker,2675,2026-07-12,2026-08-01,2648
BATCH-2026-02277,47,Display,7423,2026-08-03,2026-08-11,6878
BATCH-2025-02278,30,Camera,4032,2025-05-20,2025-06-05,3866
BATCH-2026-02279,48,Power IC,9301,2026-02-18,2026-03-09,8840
BATCH-2025-02280,10,Processor,3626,2025-07-16,2025-07-27,3494
BATCH-2025-02281,11,Power IC,9749,2025-08-05,2025-08-24,9630
BATCH-2025-02282,33,Processor,8023,2025-02-03,2025-02-21,7809
BATCH-2025-02283,4,Connector,3099,2025-10-27,2025-11-02,3023
BATCH-2025-02284,3,Charger,3302,2025-01-15,2025-01-24,3163
BATCH-2025-02285,18,Camera,6840,2025-05-22,2025-06-08,6772
BATCH-2026-02286,31,Fan,2631,2026-09-05,2026-09-13,2543
BATCH-2025-02287,45,Display,6038,2025-09-27,2025-10-05,5895
BATCH-2025-02288,27,Memory,8868,2025-03-01,2025-03-15,8350
BATCH-2025-02289,13,Fan,6358,2025-02-21,2025-03-10,6083
BATCH-2025-02290,13,Speaker,3976,2025-11-07,2025-11-20,3815
BATCH-2025-02291,16,Camera,9196,2025-06-23,2025-07-04,8943
BATCH-2026-02292,34,Memory,9764,2026-07-06,2026-07-14,9467
BATCH-2026-02293,42,Microcontroller,7056,2026-02-03,2026-02-11,6985
BATCH-2026-02294,30,Battery,847,2026-08-25,2026-09-13,812
BATCH-2025-02295,12,Power IC,7506,2025-10-16,2025-10-25,7390
BATCH-2026-02296,20,Microcontroller,7578,2026-06-29,2026-07-12,7214
BATCH-2026-02297,27,Connector,1225,2026-07-27,2026-08-16,1210
BATCH-2025-02298,19,Sensor,6277,2025-07-18,2025-08-04,5931
BATCH-2024-02299,50,PCB,552,2024-12-10,2024-12-25,532
BATCH-2026-02300,47,Battery,5240,2026-03-01,2026-03-15,5044
BATCH-2025-02301,23,Sensor,9405,2025-02-12,2025-02-22,8796
BATCH-2026-02302,2,PCB,2665,2026-02-12,2026-02-26,2607
BATCH-2025-02303,50,Connector,7197,2025-07-05,2025-07-20,6919
BATCH-2026-02304,17,Charger,9614,2026-02-17,2026-02-28,9518
BATCH-2025-02305,38,Speaker,8348,2025-12-05,2025-12-13,7818
BATCH-2025-02306,12,Motherboard,8535,2025-01-15,2025-01-29,8450
BATCH-2025-02307,40,PCB,9493,2025-05-02,2025-05-22,9398
BATCH-2025-02308,40,Display,9217,2025-02-13,2025-02-22,8998
BATCH-2025-02309,41,Speaker,1650,2025-01-14,2025-01-19,1620
BATCH-2025-02310,48,Battery,2385,2025-10-18,2025-10-26,2291
BATCH-2026-02311,16,Power IC,9166,2026-07-02,2026-07-07,8867
BATCH-2025-02312,6,Charger,5249,2025-11-10,2025-11-25,4802
BATCH-2026-02313,45,Processor,421,2026-08-18,2026-08-25,394
BATCH-2025-02314,50,Processor,9445,2025-06-07,2025-06-14,9133
BATCH-2025-02315,40,Display,5042,2025-06-30,2025-07-05,4866
BATCH-2026-02316,3,Display,1470,2026-04-28,2026-05-14,1453
BATCH-2025-02317,4,Speaker,7550,2025-02-11,2025-02-24,7213
BATCH-2024-02318,39,Memory,3730,2024-10-20,2024-10-26,3626
BATCH-2026-02319,21,Microcontroller,9284,2026-01-17,2026-01-31,9138
BATCH-2026-02320,49,Microcontroller,2026,2026-01-13,2026-01-29,1992
BATCH-2025-02321,44,Sensor,3930,2025-01-10,2025-01-20,3759
BATCH-2026-02322,49,Fan,2742,2026-01-13,2026-01-23,2690
BATCH-2026-02323,43,Motherboard,7743,2026-07-25,2026-08-11,7624
BATCH-2025-02324,17,Processor,5973,2025-08-03,2025-08-14,5753
BATCH-2025-02325,29,Display,6386,2025-01-18,2025-01-25,6126
BATCH-2026-02326,21,Processor,3558,2026-03-08,2026-03-16,3522
BATCH-2025-02327,48,Microcontroller,1180,2025-08-19,2025-09-04,1099
BATCH-2026-02328,1,PCB,4209,2026-06-10,2026-06-25,4069
BATCH-2025-02329,47,Processor,1169,2025-05-27,2025-06-16,1127
BATCH-2025-02330,36,Microcontroller,2270,2025-11-12,2025-11-24,2179
BATCH-2026-02331,42,Display,4593,2026-02-04,2026-02-15,4227
BATCH-2026-02332,34,Display,9707,2026-05-13,2026-06-01,9610
BATCH-2025-02333,17,Processor,1780,2025-05-01,2025-05-21,1697
BATCH-2024-02334,11,Connector,9196,2024-11-25,2024-12-13,8694
BATCH-2024-02335,39,Sensor,9710,2024-10-14,2024-10-19,9230
BATCH-2025-02336,28,Motherboard,9393,2025-09-08,2025-09-26,8823
BATCH-2025-02337,43,Speaker,224,2025-11-06,2025-11-21,210
BATCH-2024-02338,41,Charger,1998,2024-11-21,2024-12-06,1886
BATCH-2025-02339,36,Power IC,1801,2025-02-20,2025-03-01,1684
BATCH-2024-02340,35,Connector,1184,2024-11-26,2024-12-07,1172
BATCH-2025-02341,24,Battery,2211,2025-11-05,2025-11-15,2189
BATCH-2025-02342,34,Memory,8337,2025-02-18,2025-03-03,8103
BATCH-2024-02343,38,Display,1956,2024-10-04,2024-10-09,1889
BATCH-2026-02344,3,Connector,8839,2026-03-04,2026-03-21,8699
BATCH-2026-02345,27,Memory,6452,2026-04-22,2026-04-28,6042
BATCH-2024-02346,34,Connector,8966,2024-10-05,2024-10-12,8679
BATCH-2025-02347,36,Fan,5036,2025-09-06,2025-09-17,4930
BATCH-2026-02348,19,Fan,9816,2026-06-12,2026-06-18,9392
BATCH-2024-02349,28,Charger,3181,2024-12-12,2024-12-22,3054
BATCH-2026-02350,22,Camera,2139,2026-06-27,2026-07-08,2085
BATCH-2026-02351,28,Power IC,2293,2026-02-27,2026-03-07,2232
BATCH-2026-02352,42,Connector,4287,2026-01-16,2026-01-28,4230
BATCH-2025-02353,14,Display,8416,2025-05-04,2025-05-18,8131
BATCH-2025-02354,9,Display,9737,2025-05-03,2025-05-17,9213
BATCH-2026-02355,30,Memory,892,2026-01-19,2026-01-25,883
BATCH-2025-02356,22,Display,7044,2025-07-20,2025-07-25,6974
BATCH-2026-02357,34,Memory,7233,2026-03-24,2026-04-11,6850
BATCH-2025-02358,50,Sensor,5088,2025-12-11,2025-12-18,4656
BATCH-2026-02359,27,PCB,6903,2026-07-30,2026-08-19,6705
BATCH-2026-02360,42,Charger,7155,2026-06-10,2026-06-29,6855
BATCH-2025-02361,48,Speaker,1495,2025-09-18,2025-09-28,1463
BATCH-2025-02362,32,Charger,979,2025-04-20,2025-05-08,962
BATCH-2025-02363,47,PCB,1879,2025-05-19,2025-05-24,1844
BATCH-2025-02364,5,Processor,8444,2025-10-07,2025-10-22,7895
BATCH-2025-02365,8,Charger,3153,2025-10-25,2025-11-07,3099
BATCH-2025-02366,40,Memory,9645,2025-11-14,2025-11-28,9409
BATCH-2026-02367,11,Processor,4577,2026-06-24,2026-07-06,4491
BATCH-2025-02368,33,Speaker,7862,2025-04-10,2025-04-21,7586
BATCH-2025-02369,21,Microcontroller,1947,2025-01-21,2025-02-06,1828
BATCH-2025-02370,39,Processor,3283,2025-08-24,2025-09-04,3250
BATCH-2025-02371,39,Processor,1361,2025-07-31,2025-08-14,1273
BATCH-2026-02372,35,Power IC,1000,2026-08-25,2026-09-01,938
BATCH-2024-02373,26,Battery,5071,2024-11-14,2024-11-24,4844
BATCH-2026-02374,48,Memory,6592,2026-02-13,2026-02-26,6232
BATCH-2026-02375,24,Speaker,5583,2026-01-11,2026-01-21,5432
BATCH-2024-02376,43,Power IC,5086,2024-10-04,2024-10-15,4857
BATCH-2025-02377,35,Memory,7595,2025-06-08,2025-06-17,7187
BATCH-2026-02378,23,PCB,4223,2026-04-19,2026-04-24,4181
BATCH-2026-02379,20,Camera,5171,2026-04-20,2026-05-02,4931
BATCH-2024-02380,23,PCB,8126,2024-12-03,2024-12-08,8045
BATCH-2025-02381,29,PCB,7895,2025-10-24,2025-11-04,7579
BATCH-2026-02382,39,Memory,9426,2026-04-02,2026-04-08,9284
BATCH-2025-02383,6,Speaker,3472,2025-02-16,2025-03-01,3397
BATCH-2026-02384,47,Processor,8888,2026-07-04,2026-07-18,8514
BATCH-2026-02385,1,Battery,1519,2026-07-17,2026-07-22,1486
BATCH-2026-02386,28,Fan,281,2026-06-04,2026-06-21,272
BATCH-2026-02387,45,Power IC,4079,2026-01-28,2026-02-07,3945
BATCH-2025-02388,14,Power IC,2478,2025-03-16,2025-04-05,2314
BATCH-2025-02389,17,Charger,2897,2025-10-09,2025-10-26,2701
BATCH-2024-02390,26,Power IC,4001,2024-09-25,2024-10-08,3761
BATCH-2025-02391,12,Battery,9993,2025-10-24,2025-10-29,9249
BATCH-2026-02392,6,Camera,3720,2026-03-09,2026-03-29,3661
BATCH-2026-02393,19,Display,622,2026-05-19,2026-05-24,587
BATCH-2026-02394,42,Microcontroller,7513,2026-03-04,2026-03-13,7329
BATCH-2025-02395,22,Processor,9134,2025-02-08,2025-02-28,8656
BATCH-2026-02396,47,Power IC,2383,2026-05-04,2026-05-10,2359
BATCH-2025-02397,38,Display,1526,2025-03-24,2025-03-30,1455
BATCH-2026-02398,10,Charger,3210,2026-08-27,2026-09-16,3178
BATCH-2026-02399,27,Memory,8616,2026-03-16,2026-04-04,8052
BATCH-2025-02400,28,Motherboard,6650,2025-05-21,2025-06-04,6547
BATCH-2026-02401,13,PCB,5757,2026-02-18,2026-02-26,5594
BATCH-2026-02402,40,Charger,6809,2026-06-17,2026-07-03,6496
BATCH-2025-02403,46,Fan,8979,2025-04-28,2025-05-09,8889
BATCH-2025-02404,13,Battery,2545,2025-10-25,2025-11-05,2442
BATCH-2025-02405,34,Fan,9181,2025-08-16,2025-09-03,8987
BATCH-2026-02406,35,Charger,6316,2026-02-26,2026-03-18,5948
BATCH-2026-02407,26,Connector,4468,2026-08-13,2026-08-21,4238
BATCH-2025-02408,27,Power IC,2674,2025-04-10,2025-04-24,2610
BATCH-2025-02409,23,Power IC,1180,2025-06-08,2025-06-17,1159
BATCH-2025-02410,27,Memory,8500,2025-11-18,2025-11-28,8310
BATCH-2025-02411,12,Sensor,5964,2025-09-07,2025-09-27,5904
BATCH-2025-02412,32,Power IC,530,2025-06-26,2025-07-14,522
BATCH-2026-02413,12,Display,3250,2026-04-05,2026-04-25,3187
BATCH-2024-02414,34,Speaker,4326,2024-11-01,2024-11-12,4167
BATCH-2025-02415,39,Processor,2092,2025-04-24,2025-05-04,2057
BATCH-2026-02416,50,Speaker,4247,2026-08-24,2026-09-01,4025
BATCH-2025-02417,44,Battery,2584,2025-01-08,2025-01-15,2535
BATCH-2025-02418,37,Fan,791,2025-12-14,2025-12-20,776
BATCH-2026-02419,38,Memory,3898,2026-01-31,2026-02-18,3637
BATCH-2025-02420,9,Display,9368,2025-01-27,2025-02-10,9274
BATCH-2025-02421,33,Speaker,6901,2025-05-26,2025-06-13,6782
BATCH-2025-02422,3,Power IC,9066,2025-03-23,2025-04-03,8944
BATCH-2025-02423,12,Memory,3400,2025-09-30,2025-10-11,3364
BATCH-2024-02424,1,Sensor,1167,2024-11-09,2024-11-21,1146
BATCH-2025-02425,38,Connector,209,2025-10-15,2025-10-22,201
BATCH-2025-02426,1,Memory,9898,2025-02-24,2025-03-01,9427
BATCH-2025-02427,11,Charger,9694,2025-06-21,2025-07-06,9597
BATCH-2024-02428,35,Connector,4657,2024-09-27,2024-10-12,4529
BATCH-2026-02429,31,Microcontroller,8664,2026-09-03,2026-09-14,8173
BATCH-2025-02430,6,Charger,2159,2025-01-06,2025-01-13,2059
BATCH-2025-02431,2,Memory,8440,2025-07-25,2025-08-04,8356
BATCH-2025-02432,14,Fan,9923,2025-05-26,2025-06-14,9341
BATCH-2025-02433,25,Speaker,4279,2025-08-17,2025-08-29,4035
BATCH-2024-02434,35,Camera,8904,2024-11-18,2024-11-24,8637
BATCH-2025-02435,31,Microcontroller,4601,2025-01-29,2025-02-08,4555
BATCH-2025-02436,7,Processor,7797,2025-03-03,2025-03-18,7665
BATCH-2024-02437,34,Speaker,1957,2024-12-26,2025-01-06,1914
BATCH-2025-02438,31,Charger,8669,2025-08-11,2025-08-19,8472
BATCH-2025-02439,21,Motherboard,7734,2025-03-24,2025-03-31,7657
BATCH-2025-02440,2,Motherboard,5109,2025-11-08,2025-11-18,5006
BATCH-2026-02441,34,Processor,1139,2026-04-19,2026-05-03,1116
BATCH-2025-02442,25,Sensor,3649,2025-10-12,2025-10-19,3613
BATCH-2025-02443,22,Camera,2312,2025-10-24,2025-11-05,2289
BATCH-2024-02444,11,Charger,4831,2024-12-28,2025-01-08,4735
BATCH-2024-02445,29,Processor,6075,2024-10-13,2024-10-20,5717
BATCH-2025-02446,18,Sensor,1399,2025-06-27,2025-07-14,1305
BATCH-2024-02447,20,Processor,6977,2024-10-07,2024-10-17,6642
BATCH-2026-02448,10,Display,5360,2026-09-13,2026-09-18,5306
BATCH-2026-02449,15,Sensor,8403,2026-03-03,2026-03-12,8074
BATCH-2026-02450,38,Sensor,9262,2026-06-18,2026-07-08,8640
BATCH-2025-02451,6,Display,9517,2025-06-10,2025-06-16,9122
BATCH-2026-02452,12,Power IC,3846,2026-03-15,2026-03-27,3775
BATCH-2025-02453,4,Camera,7567,2025-10-15,2025-11-01,7464
BATCH-2025-02454,17,Motherboard,6432,2025-07-10,2025-07-15,6113
BATCH-2026-02455,34,Battery,7339,2026-02-28,2026-03-18,7196
BATCH-2026-02456,29,Speaker,6971,2026-04-10,2026-04-28,6712
BATCH-2026-02457,40,Memory,5244,2026-02-27,2026-03-11,5038
BATCH-2025-02458,21,Battery,8308,2025-05-14,2025-05-21,8225
BATCH-2025-02459,11,Camera,4966,2025-01-17,2025-01-24,4916
BATCH-2024-02460,20,Fan,5996,2024-09-28,2024-10-04,5711
BATCH-2025-02461,8,Speaker,8397,2025-07-05,2025-07-21,8313
BATCH-2024-02462,22,Fan,9847,2024-11-30,2024-12-14,9677
BATCH-2026-02463,48,Display,2760,2026-08-26,2026-09-08,2663
BATCH-2024-02464,34,Display,6790,2024-11-05,2024-11-12,6425
BATCH-2026-02465,8,PCB,3088,2026-06-12,2026-06-17,2847
BATCH-2025-02466,12,Connector,1655,2025-11-08,2025-11-28,1634
BATCH-2025-02467,24,Motherboard,1452,2025-03-05,2025-03-13,1414
BATCH-2026-02468,31,Connector,3351,2026-06-09,2026-06-27,3263
BATCH-2025-02469,12,PCB,1842,2025-05-17,2025-05-30,1824
BATCH-2025-02470,38,Connector,5967,2025-08-30,2025-09-11,5580
BATCH-2025-02471,17,Display,3065,2025-07-13,2025-07-20,2944
BATCH-2026-02472,9,Motherboard,1365,2026-08-28,2026-09-05,1333
BATCH-2024-02473,11,Memory,7877,2024-10-05,2024-10-10,7604
BATCH-2026-02474,40,Fan,8817,2026-09-15,2026-10-03,8335
BATCH-2026-02475,18,Power IC,156,2026-08-21,2026-09-04,148
BATCH-2025-02476,48,Memory,8648,2025-10-23,2025-11-09,8228
BATCH-2025-02477,37,Fan,670,2025-06-25,2025-07-01,656
BATCH-2026-02478,21,Motherboard,7405,2026-09-12,2026-10-01,7174
BATCH-2026-02479,3,Motherboard,5268,2026-08-17,2026-08-30,5147
BATCH-2026-02480,9,Processor,735,2026-01-13,2026-01-26,705
BATCH-2025-02481,29,Memory,8508,2025-06-29,2025-07-09,8285
BATCH-2026-02482,5,Camera,7339,2026-08-03,2026-08-10,7220
BATCH-2024-02483,1,Battery,4017,2024-12-27,2025-01-06,3977
BATCH-2024-02484,8,Charger,7810,2024-10-01,2024-10-15,7732
BATCH-2026-02485,12,Power IC,7700,2026-04-23,2026-04-30,7623
BATCH-2025-02486,49,Battery,1584,2025-03-23,2025-03-30,1552
BATCH-2025-02487,20,Memory,6082,2025-01-30,2025-02-08,6021
BATCH-2025-02488,45,Microcontroller,2607,2025-05-10,2025-05-18,2423
BATCH-2026-02489,40,Connector,9678,2026-06-02,2026-06-13,9569
BATCH-2025-02490,30,Memory,4782,2025-07-05,2025-07-11,4619
BATCH-2026-02491,24,Connector,5024,2026-01-04,2026-01-21,4529
BATCH-2025-02492,28,Processor,7763,2025-06-27,2025-07-02,7508
BATCH-2026-02493,49,Fan,576,2026-02-04,2026-02-18,538
BATCH-2025-02494,9,Battery,7247,2025-04-08,2025-04-27,7029
BATCH-2025-02495,6,Processor,1544,2025-09-17,2025-10-04,1480
BATCH-2026-02496,8,Camera,6025,2026-05-15,2026-06-01,5858
BATCH-2026-02497,15,Motherboard,904,2026-02-15,2026-03-03,895
BATCH-2025-02498,38,Battery,3996,2025-10-05,2025-10-11,3763
BATCH-2025-02499,29,Charger,9551,2025-05-09,2025-05-27,9187
BATCH-2025-02500,9,Connector,9025,2025-01-24,2025-02-10,8935
BATCH-2025-02501,17,Microcontroller,7175,2025-03-11,2025-03-30,7103
BATCH-2026-02502,21,Fan,4485,2026-02-13,2026-02-21,4207
BATCH-2025-02503,14,Memory,2745,2025-12-15,2025-12-31,2628
BATCH-2026-02504,21,Microcontroller,2713,2026-02-14,2026-02-27,2595
BATCH-2026-02505,10,Fan,9021,2026-03-17,2026-03-29,8931
BATCH-2024-02506,21,Camera,169,2024-11-10,2024-11-20,167
BATCH-2026-02507,31,Sensor,2591,2026-03-18,2026-04-03,2534
BATCH-2026-02508,49,Speaker,3571,2026-06-17,2026-07-01,3483
BATCH-2026-02509,1,Display,5361,2026-08-20,2026-09-04,5307
BATCH-2026-02510,41,Microcontroller,2256,2026-06-09,2026-06-14,2136
BATCH-2024-02511,16,Microcontroller,6657,2024-12-27,2025-01-03,6565
BATCH-2026-02512,6,Camera,7674,2026-06-17,2026-07-04,7251
BATCH-2026-02513,48,Processor,9056,2026-02-28,2026-03-11,8854
BATCH-2024-02514,23,Camera,3022,2024-09-22,2024-10-05,2852
BATCH-2025-02515,9,Microcontroller,6817,2025-08-30,2025-09-15,6749
BATCH-2025-02516,19,Motherboard,6541,2025-11-05,2025-11-10,5906
BATCH-2025-02517,21,Camera,9794,2025-06-18,2025-06-27,9313
BATCH-2025-02518,36,Speaker,3750,2025-01-07,2025-01-14,3610
BATCH-2026-02519,21,Charger,7244,2026-07-16,2026-08-02,7172
BATCH-2026-02520,27,PCB,3963,2026-08-22,2026-09-09,3816
BATCH-2024-02521,7,Charger,7637,2024-11-14,2024-11-20,7476
BATCH-2025-02522,2,Motherboard,7197,2025-04-19,2025-05-04,6994
BATCH-2025-02523,43,Memory,3313,2025-12-28,2026-01-17,3022
BATCH-2025-02524,42,Microcontroller,7511,2025-09-19,2025-09-28,7152
BATCH-2025-02525,4,Processor,1239,2025-06-27,2025-07-04,1227
BATCH-2026-02526,45,PCB,1499,2026-04-15,2026-04-25,1426
BATCH-2026-02527,42,Microcontroller,1299,2026-05-21,2026-05-30,1230
BATCH-2026-02528,24,PCB,6459,2026-03-02,2026-03-20,6394
BATCH-2024-02529,2,Sensor,4992,2024-10-09,2024-10-24,4942
BATCH-2026-02530,1,PCB,1271,2026-06-15,2026-06-28,1258
BATCH-2025-02531,33,Processor,6951,2025-08-11,2025-08-29,6748
BATCH-2025-02532,35,Processor,3062,2025-02-23,2025-03-15,3031
BATCH-2025-02533,12,Speaker,994,2025-07-01,2025-07-15,984
BATCH-2025-02534,36,Memory,3102,2025-03-27,2025-04-16,3014
BATCH-2026-02535,22,Sensor,8275,2026-02-27,2026-03-07,8070
BATCH-2026-02536,27,Processor,8287,2026-07-28,2026-08-02,7814
BATCH-2026-02537,19,Charger,5245,2026-07-19,2026-07-31,5009
BATCH-2024-02538,20,Charger,4678,2024-11-24,2024-12-03,4520
BATCH-2025-02539,17,Memory,8769,2025-06-08,2025-06-17,8093
BATCH-2026-02540,3,Camera,1479,2026-02-16,2026-02-26,1464
BATCH-2024-02541,1,Charger,140,2024-11-04,2024-11-16,136
BATCH-2026-02542,14,Sensor,9924,2026-01-13,2026-01-24,9125
BATCH-2026-02543,20,Power IC,307,2026-07-21,2026-08-03,304
BATCH-2025-02544,40,Connector,9290,2025-10-04,2025-10-19,8474
BATCH-2026-02545,10,Processor,4454,2026-05-20,2026-06-08,4409
BATCH-2025-02546,43,Sensor,4834,2025-01-27,2025-02-13,4786
BATCH-2025-02547,19,Power IC,2773,2025-06-06,2025-06-16,2626
BATCH-2026-02548,30,Display,3536,2026-01-04,2026-01-12,3430
BATCH-2026-02549,34,Speaker,1384,2026-01-25,2026-02-02,1346
BATCH-2025-02550,38,Charger,8204,2025-07-30,2025-08-15,7735
BATCH-2025-02551,47,Charger,7955,2025-08-24,2025-09-07,7330
BATCH-2026-02552,19,Fan,2152,2026-06-24,2026-06-29,2005
BATCH-2026-02553,28,Camera,6019,2026-05-09,2026-05-14,5763
BATCH-2024-02554,27,Fan,6656,2024-10-13,2024-10-26,6553
BATCH-2025-02555,48,Camera,925,2025-02-27,2025-03-17,916
BATCH-2025-02556,30,Display,3937,2025-02-10,2025-02-23,3898
BATCH-2025-02557,19,Charger,9847,2025-10-02,2025-10-09,9125
BATCH-2026-02558,25,Power IC,7330,2026-08-05,2026-08-21,7257
BATCH-2026-02559,27,Sensor,3199,2026-05-03,2026-05-22,3066
BATCH-2026-02560,20,Processor,3711,2026-03-10,2026-03-22,3435
BATCH-2026-02561,4,Sensor,4105,2026-05-28,2026-06-04,4064
BATCH-2026-02562,8,Microcontroller,6224,2026-05-06,2026-05-24,5736
BATCH-2026-02563,13,Microcontroller,7900,2026-06-16,2026-07-06,7821
BATCH-2026-02564,18,Sensor,9589,2026-02-06,2026-02-15,9431
BATCH-2026-02565,20,Camera,2177,2026-01-05,2026-01-10,2123
BATCH-2024-02566,5,Processor,4256,2024-12-15,2024-12-29,4109
BATCH-2025-02567,21,Speaker,1185,2025-09-15,2025-10-02,1133
BATCH-2025-02568,32,Microcontroller,1543,2025-12-03,2025-12-14,1528
BATCH-2026-02569,36,Camera,618,2026-01-24,2026-02-06,612
BATCH-2025-02570,3,Sensor,2460,2025-04-03,2025-04-15,2435
BATCH-2025-02571,11,Display,1346,2025-05-28,2025-06-08,1316
BATCH-2026-02572,18,Battery,9727,2026-03-04,2026-03-16,9217
BATCH-2024-02573,38,Sensor,1701,2024-12-05,2024-12-14,1608
BATCH-2026-02574,12,Processor,3321,2026-06-15,2026-07-03,3288
BATCH-2025-02575,50,Power IC,3964,2025-09-11,2025-09-19,3630
BATCH-2026-02576,20,Sensor,1333,2026-07-11,2026-07-18,1316
BATCH-2026-02577,14,Battery,3813,2026-01-25,2026-02-05,3731
BATCH-2026-02578,2,Connector,9036,2026-08-21,2026-09-10,8946
BATCH-2026-02579,3,Sensor,5809,2026-04-05,2026-04-15,5610
BATCH-2025-02580,2,Power IC,1088,2025-12-09,2025-12-20,1033
BATCH-2026-02581,12,Motherboard,1364,2026-09-07,2026-09-19,1350
BATCH-2025-02582,38,Connector,7567,2025-08-31,2025-09-15,6852
BATCH-2025-02583,6,Charger,9385,2025-10-02,2025-10-17,8566
BATCH-2025-02584,13,Camera,1546,2025-07-03,2025-07-17,1531
BATCH-2025-02585,14,Charger,7416,2025-09-17,2025-09-29,6985
BATCH-2025-02586,9,Motherboard,4525,2025-04-30,2025-05-10,4352
BATCH-2025-02587,39,PCB,9689,2025-12-18,2026-01-06,8942
BATCH-2024-02588,21,Camera,7477,2024-09-25,2024-10-15,7260
BATCH-2024-02589,36,Display,4371,2024-12-06,2024-12-12,4076
BATCH-2026-02590,1,Fan,9816,2026-08-23,2026-09-12,9718
BATCH-2026-02591,37,Battery,1454,2026-09-01,2026-09-20,1439
BATCH-2025-02592,17,Processor,6905,2025-06-22,2025-06-27,6775
BATCH-2026-02593,46,Microcontroller,240,2026-04-06,2026-04-23,230
BATCH-2025-02594,40,Microcontroller,752,2025-12-29,2026-01-15,739
BATCH-2024-02595,39,Fan,7682,2024-12-11,2024-12-19,7605
BATCH-2024-02596,16,Camera,6865,2024-12-07,2024-12-24,6598
BATCH-2025-02597,1,Charger,8994,2025-09-13,2025-09-26,8823
BATCH-2025-02598,2,Microcontroller,3803,2025-02-02,2025-02-16,3765
BATCH-2025-02599,48,Connector,4037,2025-12-17,2025-12-24,3997
BATCH-2025-02600,42,Processor,3494,2025-11-17,2025-12-03,3459
BATCH-2025-02601,17,PCB,2026,2025-02-17,2025-02-27,1960
BATCH-2025-02602,27,Camera,3980,2025-12-03,2025-12-14,3940
BATCH-2026-02603,22,Display,7330,2026-02-15,2026-02-23,7105
BATCH-2025-02604,43,Battery,7173,2025-02-22,2025-03-06,6924
BATCH-2026-02605,25,Fan,3096,2026-06-16,2026-06-25,3014
BATCH-2024-02606,4,Fan,9224,2024-12-01,2024-12-15,9132
BATCH-2026-02607,1,Processor,6739,2026-06-04,2026-06-11,6672
BATCH-2025-02608,3,Microcontroller,9266,2025-10-30,2025-11-19,8478
BATCH-2025-02609,23,Sensor,600,2025-01-25,2025-02-02,594
BATCH-2024-02610,25,Power IC,8738,2024-11-08,2024-11-21,8439
BATCH-2025-02611,10,Display,9370,2025-07-10,2025-07-16,9040
BATCH-2025-02612,44,Display,916,2025-02-24,2025-03-03,890
BATCH-2026-02613,39,Display,7307,2026-07-31,2026-08-07,6938
BATCH-2026-02614,33,Charger,7902,2026-06-14,2026-06-24,7399
BATCH-2024-02615,43,Memory,4362,2024-09-27,2024-10-14,3967
BATCH-2025-02616,24,Memory,9288,2025-10-31,2025-11-10,8916
BATCH-2025-02617,39,Camera,6744,2025-10-31,2025-11-06,6677
BATCH-2025-02618,13,Motherboard,1800,2025-02-24,2025-03-16,1771
BATCH-2026-02619,41,Charger,9501,2026-04-07,2026-04-14,8953
BATCH-2025-02620,5,Battery,2896,2025-08-01,2025-08-08,2813
BATCH-2025-02621,49,Sensor,7493,2025-10-10,2025-10-22,7411
BATCH-2026-02622,27,Memory,608,2026-06-18,2026-07-02,547
BATCH-2025-02623,49,Connector,335,2025-12-09,2025-12-20,307
BATCH-2026-02624,33,Connector,4265,2026-04-27,2026-05-10,4051
BATCH-2024-02625,33,Charger,1889,2024-10-27,2024-11-14,1870
BATCH-2026-02626,1,Charger,2082,2026-02-21,2026-03-08,1998
BATCH-2026-02627,1,Connector,3110,2026-05-19,2026-06-08,3034
BATCH-2025-02628,35,Processor,7790,2025-07-27,2025-08-09,7242
BATCH-2026-02629,35,Motherboard,2479,2026-01-31,2026-02-07,2256
BATCH-2025-02630,16,Processor,6522,2025-11-07,2025-11-21,6457
BATCH-2025-02631,37,Camera,1627,2025-08-10,2025-08-15,1609
BATCH-2024-02632,32,Processor,7654,2024-10-13,2024-10-22,7239
BATCH-2026-02633,21,PCB,9351,2026-03-30,2026-04-04,9081
BATCH-2024-02634,39,Microcontroller,933,2024-11-28,2024-12-14,924
BATCH-2025-02635,28,Power IC,8617,2025-02-23,2025-03-08,8359
BATCH-2024-02636,50,Battery,3422,2024-12-21,2024-12-28,3202
BATCH-2025-02637,18,Connector,9710,2025-09-11,2025-09-23,9155
BATCH-2026-02638,47,Motherboard,5195,2026-06-13,2026-07-02,4965
BATCH-2024-02639,13,Camera,9777,2024-09-27,2024-10-07,9679
BATCH-2024-02640,32,Camera,5573,2024-12-18,2024-12-26,5190
BATCH-2025-02641,11,Speaker,3522,2025-11-04,2025-11-22,3381
BATCH-2025-02642,44,Microcontroller,6713,2025-02-01,2025-02-16,6463
BATCH-2025-02643,22,Memory,6554,2025-08-22,2025-09-08,6084
BATCH-2026-02644,36,Motherboard,4951,2026-02-21,2026-02-28,4528
BATCH-2025-02645,45,Speaker,6671,2025-05-25,2025-06-10,6604
BATCH-2025-02646,18,Power IC,9623,2025-09-14,2025-10-02,9073
BATCH-2026-02647,41,Connector,4483,2026-03-09,2026-03-24,4438
BATCH-2025-02648,27,Processor,645,2025-09-02,2025-09-07,617
BATCH-2025-02649,21,Battery,2918,2025-12-03,2025-12-23,2822
BATCH-2025-02650,40,Camera,4462,2025-03-17,2025-04-02,4417
BATCH-2025-02651,14,Sensor,7173,2025-02-15,2025-03-04,7101
BATCH-2025-02652,30,Microcontroller,7742,2025-02-05,2025-02-18,7341
BATCH-2025-02653,27,Motherboard,2805,2025-09-30,2025-10-13,2733
BATCH-2025-02654,9,Battery,9489,2025-10-05,2025-10-21,9038
BATCH-2025-02655,25,Speaker,4036,2025-04-12,2025-04-19,3953
BATCH-2025-02656,28,Camera,2549,2025-06-20,2025-06-30,2521
BATCH-2026-02657,17,Camera,6106,2026-04-25,2026-05-07,5866
BATCH-2025-02658,34,Processor,1461,2025-11-24,2025-12-02,1444
BATCH-2026-02659,39,Power IC,3880,2026-08-29,2026-09-09,3693
BATCH-2025-02660,44,Display,2810,2025-02-01,2025-02-08,2782
BATCH-2025-02661,11,Camera,9953,2025-02-11,2025-03-01,9853
BATCH-2025-02662,32,Power IC,2336,2025-11-11,2025-11-26,2199
BATCH-2024-02663,8,Processor,7926,2024-11-17,2024-12-06,7533
BATCH-2026-02664,19,Motherboard,5518,2026-06-28,2026-07-15,5463
BATCH-2026-02665,50,Motherboard,9462,2026-08-24,2026-09-06,8581
BATCH-2025-02666,18,Display,6420,2025-12-01,2025-12-17,6217
BATCH-2025-02667,49,Speaker,916,2025-09-26,2025-10-03,894
BATCH-2025-02668,48,Power IC,4027,2025-07-27,2025-08-16,3863
BATCH-2024-02669,22,Power IC,6703,2024-11-16,2024-11-23,6339
BATCH-2026-02670,9,Power IC,1169,2026-04-01,2026-04-21,1085
BATCH-2025-02671,23,Speaker,7301,2025-12-26,2026-01-09,6980
BATCH-2026-02672,32,Microcontroller,5836,2026-06-08,2026-06-23,5578
BATCH-2026-02673,35,Battery,4675,2026-02-27,2026-03-05,4333
BATCH-2024-02674,4,Camera,4419,2024-12-24,2025-01-02,4375
BATCH-2026-02675,24,Battery,5310,2026-07-31,2026-08-18,5007
BATCH-2026-02676,45,Charger,3121,2026-07-21,2026-07-28,2945
BATCH-2024-02677,43,Power IC,8571,2024-10-11,2024-10-29,8088
BATCH-2024-02678,26,Microcontroller,5780,2024-12-02,2024-12-15,5435
BATCH-2025-02679,27,PCB,1171,2025-03-28,2025-04-08,1153
BATCH-2025-02680,28,Sensor,9627,2025-04-25,2025-05-07,9531
BATCH-2026-02681,42,Charger,4659,2026-06-05,2026-06-14,4406
BATCH-2025-02682,12,Battery,977,2025-01-16,2025-02-05,967
BATCH-2025-02683,14,Sensor,4959,2025-10-05,2025-10-10,4826
BATCH-2026-02684,30,Charger,6777,2026-07-04,2026-07-20,6522
BATCH-2026-02685,26,Battery,9578,2026-07-21,2026-07-29,9216
BATCH-2026-02686,6,Processor,1120,2026-01-04,2026-01-11,1091
BATCH-2025-02687,36,Connector,2916,2025-12-28,2026-01-04,2755
BATCH-2025-02688,27,Power IC,6783,2025-02-20,2025-02-27,6518
BATCH-2026-02689,23,Power IC,8228,2026-01-07,2026-01-27,8146
BATCH-2025-02690,28,Speaker,8127,2025-05-10,2025-05-16,7973
BATCH-2026-02691,34,Display,323,2026-01-08,2026-01-19,304
BATCH-2024-02692,21,Motherboard,616,2024-11-22,2024-12-05,591
BATCH-2024-02693,8,Speaker,4602,2024-12-14,2024-12-28,4219
BATCH-2026-02694,4,Camera,729,2026-08-19,2026-08-27,722
BATCH-2026-02695,50,PCB,3462,2026-06-03,2026-06-08,3299
BATCH-2026-02696,17,Fan,7756,2026-09-16,2026-09-23,7653
BATCH-2026-02697,23,Display,1134,2026-07-16,2026-07-25,1123
BATCH-2025-02698,32,Battery,4899,2025-03-04,2025-03-11,4850
BATCH-2025-02699,35,Motherboard,5539,2025-10-17,2025-10-24,5413
BATCH-2026-02700,27,Camera,6935,2026-09-04,2026-09-15,6677
BATCH-2025-02701,29,Microcontroller,4471,2025-09-22,2025-09-29,4426
BATCH-2026-02702,27,Battery,3727,2026-01-03,2026-01-23,3572
BATCH-2025-02703,44,Power IC,4325,2025-03-08,2025-03-17,4153
BATCH-2026-02704,3,Display,200,2026-02-05,2026-02-11,187
BATCH-2025-02705,47,Motherboard,422,2025-01-18,2025-02-03,395
BATCH-2026-02706,37,Fan,7458,2026-03-18,2026-04-04,7037
BATCH-2025-02707,47,Camera,245,2025-06-08,2025-06-17,240
BATCH-2026-02708,48,Microcontroller,7912,2026-03-18,2026-04-07,7833
BATCH-2026-02709,37,Charger,3376,2026-01-01,2026-01-11,3342
BATCH-2026-02710,2,PCB,3024,2026-05-15,2026-05-31,2947
BATCH-2024-02711,44,Fan,9937,2024-11-30,2024-12-19,9838
BATCH-2024-02712,44,Memory,4344,2024-10-09,2024-10-22,4124
BATCH-2026-02713,3,Sensor,574,2026-05-31,2026-06-19,543
BATCH-2024-02714,41,Memory,6767,2024-10-03,2024-10-21,6442
BATCH-2024-02715,4,Connector,4637,2024-10-23,2024-11-08,4495
BATCH-2025-02716,47,Power IC,3674,2025-06-07,2025-06-24,3549
BATCH-2024-02717,21,PCB,5334,2024-11-12,2024-11-30,5281
BATCH-2025-02718,38,Microcontroller,9959,2025-06-20,2025-07-09,9304
BATCH-2026-02719,28,Camera,2345,2026-08-24,2026-09-06,2319
BATCH-2025-02720,47,Display,4080,2025-10-28,2025-11-03,4039
BATCH-2025-02721,13,Speaker,4658,2025-07-09,2025-07-15,4611
BATCH-2026-02722,21,Camera,375,2026-08-01,2026-08-21,367
BATCH-2024-02723,31,Display,9065,2024-09-22,2024-10-04,8527
BATCH-2024-02724,43,Sensor,1043,2024-09-23,2024-09-30,958
BATCH-2026-02725,3,Battery,4252,2026-03-09,2026-03-24,3958
BATCH-2026-02726,3,Charger,3890,2026-05-30,2026-06-11,3656
BATCH-2025-02727,4,Battery,3214,2025-02-25,2025-03-07,3182
BATCH-2024-02728,4,Camera,9782,2024-09-22,2024-10-01,9429
BATCH-2026-02729,17,Display,4292,2026-03-23,2026-04-06,4198
BATCH-2025-02730,47,Sensor,6165,2025-11-14,2025-12-02,6027
BATCH-2026-02731,4,Fan,4412,2026-04-23,2026-05-08,4119
BATCH-2025-02732,1,Camera,2719,2025-12-27,2026-01-02,2692
BATCH-2026-02733,5,Processor,700,2026-03-05,2026-03-23,652
BATCH-2025-02734,50,Processor,3775,2025-04-30,2025-05-14,3500
BATCH-2025-02735,4,Camera,2821,2025-03-20,2025-03-30,2742
BATCH-2025-02736,31,Speaker,3054,2025-01-30,2025-02-10,3023
BATCH-2024-02737,20,Battery,149,2024-11-13,2024-11-28,142
BATCH-2025-02738,30,Sensor,1886,2025-05-21,2025-06-04,1838
BATCH-2025-02739,15,Memory,4645,2025-06-25,2025-07-02,4385
BATCH-2024-02740,29,Motherboard,8055,2024-10-15,2024-11-01,7936
BATCH-2026-02741,50,Fan,4203,2026-05-22,2026-06-05,3972
BATCH-2025-02742,7,Fan,8929,2025-06-25,2025-07-05,8763
BATCH-2025-02743,45,Power IC,6364,2025-08-04,2025-08-24,6071
BATCH-2026-02744,38,Fan,857,2026-03-09,2026-03-17,817
BATCH-2026-02745,25,Processor,305,2026-03-09,2026-03-28,292
BATCH-2026-02746,15,Processor,5357,2026-08-29,2026-09-07,5050
BATCH-2024-02747,20,Speaker,4067,2024-11-19,2024-12-07,3742
BATCH-2025-02748,19,Display,7244,2025-06-11,2025-06-24,7045
BATCH-2024-02749,10,Display,4168,2024-12-13,2024-12-21,4049
BATCH-2025-02750,33,Charger,8164,2025-07-11,2025-07-18,7936
BATCH-2025-02751,19,Speaker,7275,2025-02-28,2025-03-06,6933
BATCH-2025-02752,26,Sensor,2223,2025-11-28,2025-12-09,2065
BATCH-2025-02753,34,Fan,6225,2025-03-09,2025-03-27,6155
BATCH-2025-02754,7,PCB,545,2025-10-21,2025-10-29,505
BATCH-2025-02755,41,Processor,1670,2025-04-15,2025-05-05,1653
BATCH-2025-02756,3,Charger,580,2025-10-17,2025-10-31,550
BATCH-2025-02757,3,Motherboard,2665,2025-02-28,2025-03-08,2600
BATCH-2024-02758,44,Battery,660,2024-10-15,2024-10-27,647
BATCH-2025-02759,40,Charger,4392,2025-06-23,2025-07-08,4329
BATCH-2025-02760,32,Charger,9673,2025-05-25,2025-06-01,9526
BATCH-2025-02761,40,Processor,6002,2025-07-06,2025-07-12,5942
BATCH-2026-02762,45,Microcontroller,9130,2026-02-11,2026-02-24,8370
BATCH-2024-02763,10,Connector,4722,2024-10-21,2024-11-08,4649
BATCH-2025-02764,46,Camera,7962,2025-02-05,2025-02-13,7853
BATCH-2026-02765,48,Speaker,344,2026-05-31,2026-06-11,320
BATCH-2024-02766,1,Connector,4763,2024-11-11,2024-11-29,4715
BATCH-2025-02767,24,Power IC,8142,2025-02-19,2025-03-10,7917
BATCH-2025-02768,10,Memory,2179,2025-11-07,2025-11-20,2109
BATCH-2025-02769,25,Connector,3932,2025-06-21,2025-06-26,3830
BATCH-2025-02770,2,Connector,7012,2025-12-05,2025-12-15,6925
BATCH-2024-02771,24,Display,5363,2024-11-26,2024-12-16,5309
BATCH-2025-02772,33,Charger,5233,2025-01-18,2025-01-31,5175
BATCH-2024-02773,30,Memory,3006,2024-10-31,2024-11-11,2798
BATCH-2025-02774,47,Microcontroller,4293,2025-11-12,2025-11-17,4119
BATCH-2026-02775,17,Battery,997,2026-07-25,2026-08-12,974
BATCH-2025-02776,3,Connector,6601,2025-03-25,2025-04-02,6067
BATCH-2026-02777,18,Connector,1587,2026-05-15,2026-05-30,1560
BATCH-2026-02778,44,Camera,3599,2026-08-06,2026-08-14,3563
BATCH-2026-02779,18,Camera,6038,2026-06-12,2026-06-20,5783
BATCH-2024-02780,38,Motherboard,488,2024-10-03,2024-10-22,482
BATCH-2024-02781,38,Memory,161,2024-09-25,2024-10-10,152
BATCH-2025-02782,45,Microcontroller,8269,2025-10-17,2025-11-01,7773
BATCH-2026-02783,21,Speaker,3356,2026-07-22,2026-07-28,3155
BATCH-2026-02784,12,Power IC,7154,2026-06-30,2026-07-13,7082
BATCH-2025-02785,1,Speaker,330,2025-10-22,2025-11-11,327
BATCH-2025-02786,40,PCB,8604,2025-06-13,2025-06-19,8335
BATCH-2025-02787,47,Fan,2367,2025-03-21,2025-04-10,2248
BATCH-2025-02788,17,Connector,5686,2025-04-19,2025-04-30,5195
BATCH-2025-02789,40,Fan,4971,2025-02-14,2025-03-01,4921
BATCH-2024-02790,27,Motherboard,503,2024-11-29,2024-12-05,486
BATCH-2024-02791,37,Speaker,7019,2024-10-12,2024-10-20,6887
BATCH-2026-02792,40,Motherboard,844,2026-04-24,2026-05-09,836
BATCH-2026-02793,4,Battery,2539,2026-06-20,2026-06-26,2503
BATCH-2026-02794,15,Processor,2800,2026-02-28,2026-03-17,2635
BATCH-2025-02795,31,Fan,8066,2025-03-04,2025-03-18,7627
BATCH-2025-02796,40,Connector,3156,2025-02-10,2025-02-15,3124
BATCH-2025-02797,33,Camera,286,2025-12-23,2025-12-31,279
BATCH-2025-02798,28,Power IC,9944,2025-05-20,2025-06-07,9210
BATCH-2025-02799,16,Speaker,6233,2025-08-31,2025-09-08,6079
BATCH-2024-02800,38,Processor,4519,2024-12-14,2024-12-24,4474
BATCH-2024-02801,39,Sensor,5615,2024-12-31,2025-01-06,5418
BATCH-2024-02802,49,Memory,199,2024-11-13,2024-11-23,197
BATCH-2025-02803,40,Battery,1997,2025-10-12,2025-10-30,1977
BATCH-2025-02804,37,Fan,9846,2025-11-17,2025-11-27,9729
BATCH-2026-02805,47,Display,5201,2026-02-17,2026-02-27,4932
BATCH-2025-02806,43,PCB,1346,2025-07-20,2025-07-29,1275
BATCH-2025-02807,18,Microcontroller,3751,2025-11-28,2025-12-18,3521
BATCH-2025-02808,31,Power IC,8337,2025-09-24,2025-10-12,8254
BATCH-2025-02809,28,Charger,4031,2025-04-18,2025-04-30,3629
BATCH-2025-02810,18,Sensor,1486,2025-06-27,2025-07-07,1471
BATCH-2025-02811,2,Charger,7322,2025-01-16,2025-01-23,7249
BATCH-2025-02812,19,Processor,7235,2025-02-21,2025-03-09,7142
BATCH-2025-02813,24,Processor,7048,2025-04-27,2025-05-08,6855
BATCH-2025-02814,8,Camera,9796,2025-04-10,2025-04-17,9085
BATCH-2025-02815,23,Motherboard,874,2025-09-24,2025-09-29,864
BATCH-2026-02816,3,Charger,9359,2026-07-11,2026-07-17,8991
BATCH-2025-02817,28,PCB,4896,2025-03-30,2025-04-12,4847
BATCH-2026-02818,37,Microcontroller,2919,2026-05-09,2026-05-18,2736
BATCH-2024-02819,30,Camera,103,2024-12-21,2024-12-28,100
BATCH-2025-02820,47,PCB,8805,2025-02-17,2025-03-04,8253
BATCH-2026-02821,16,Motherboard,8822,2026-03-01,2026-03-20,8224
BATCH-2026-02822,6,Charger,8977,2026-08-04,2026-08-18,8591
BATCH-2024-02823,16,Memory,9629,2024-09-28,2024-10-06,9067
BATCH-2026-02824,25,Speaker,4766,2026-02-20,2026-03-07,4718
BATCH-2026-02825,49,Microcontroller,452,2026-02-14,2026-02-26,433
BATCH-2026-02826,1,Charger,6934,2026-05-04,2026-05-15,6567
BATCH-2024-02827,23,Battery,6626,2024-09-28,2024-10-17,6560
BATCH-2026-02828,20,Sensor,9721,2026-04-22,2026-05-11,8998
BATCH-2024-02829,48,PCB,4596,2024-11-08,2024-11-17,4378
BATCH-2025-02830,29,Display,4024,2025-04-04,2025-04-24,3760
BATCH-2025-02831,15,Display,6470,2025-10-06,2025-10-19,6292
BATCH-2025-02832,46,Connector,8022,2025-10-08,2025-10-15,7344
BATCH-2025-02833,13,Memory,5680,2025-01-23,2025-01-28,5623
BATCH-2026-02834,36,Connector,5203,2026-09-04,2026-09-12,4999
BATCH-2026-02835,4,Microcontroller,1385,2026-01-09,2026-01-22,1371
BATCH-2026-02836,41,Fan,8312,2026-02-26,2026-03-05,7773
BATCH-2024-02837,33,Speaker,7888,2024-12-02,2024-12-09,7725
BATCH-2025-02838,8,Display,8701,2025-04-27,2025-05-12,8538
BATCH-2024-02839,44,Microcontroller,9591,2024-12-28,2025-01-08,9495
BATCH-2025-02840,12,Motherboard,7733,2025-07-23,2025-08-11,7476
BATCH-2025-02841,41,Speaker,1043,2025-04-13,2025-04-30,1033
BATCH-2025-02842,17,Sensor,8621,2025-04-13,2025-04-23,7873
BATCH-2025-02843,22,Charger,8161,2025-05-14,2025-05-26,8024
BATCH-2026-02844,44,Processor,4417,2026-01-04,2026-01-24,4373
BATCH-2025-02845,15,Sensor,4482,2025-05-04,2025-05-09,4179
BATCH-2024-02846,4,Charger,995,2024-10-24,2024-10-31,981
BATCH-2024-02847,12,Charger,2984,2024-09-26,2024-10-02,2954
BATCH-2026-02848,48,Camera,3893,2026-07-11,2026-07-30,3854
BATCH-2026-02849,25,Sensor,6412,2026-05-27,2026-06-06,6348
BATCH-2025-02850,28,Charger,7382,2025-08-03,2025-08-18,7308
BATCH-2024-02851,48,Processor,8980,2024-09-23,2024-10-04,8379
BATCH-2026-02852,42,Fan,1464,2026-01-20,2026-02-02,1411
BATCH-2024-02853,39,Processor,959,2024-10-28,2024-11-08,901
BATCH-2026-02854,21,Processor,4813,2026-04-13,2026-05-02,4600
BATCH-2025-02855,8,Charger,4487,2025-06-01,2025-06-07,4240
BATCH-2025-02856,18,Display,7927,2025-07-19,2025-07-29,7834
BATCH-2025-02857,7,Battery,121,2025-11-01,2025-11-11,118
BATCH-2026-02858,19,Processor,1166,2026-04-17,2026-05-07,1109
BATCH-2026-02859,24,PCB,8834,2026-07-01,2026-07-08,8529
BATCH-2026-02860,8,Microcontroller,3247,2026-05-18,2026-06-06,3026
BATCH-2026-02861,13,Camera,7379,2026-02-01,2026-02-12,7044
BATCH-2025-02862,5,Sensor,2754,2025-11-24,2025-12-09,2490
BATCH-2025-02863,16,Power IC,8565,2025-02-20,2025-03-01,8351
BATCH-2026-02864,3,Motherboard,979,2026-02-05,2026-02-19,962
BATCH-2025-02865,18,Camera,5419,2025-02-25,2025-03-03,5365
BATCH-2025-02866,48,Power IC,3117,2025-01-27,2025-02-08,3005
BATCH-2024-02867,18,Fan,4004,2024-11-29,2024-12-10,3872
BATCH-2026-02868,35,Processor,8110,2026-04-10,2026-04-25,7692
BATCH-2025-02869,12,Connector,5124,2025-09-09,2025-09-24,5073
BATCH-2025-02870,36,Processor,5164,2025-07-23,2025-07-31,4945
BATCH-2024-02871,3,Connector,7599,2024-09-24,2024-10-06,7266
BATCH-2025-02872,21,Processor,5694,2025-01-26,2025-02-11,5637
BATCH-2024-02873,2,Speaker,5231,2024-09-18,2024-09-27,5179
BATCH-2025-02874,3,Connector,8049,2025-03-25,2025-04-10,7846
BATCH-2026-02875,42,Speaker,7482,2026-03-11,2026-03-23,7241
BATCH-2025-02876,37,Power IC,832,2025-08-02,2025-08-08,824
BATCH-2026-02877,24,Memory,9013,2026-03-28,2026-04-08,8671
BATCH-2026-02878,17,Fan,7837,2026-01-29,2026-02-06,7362
BATCH-2025-02879,4,Battery,5200,2025-06-07,2025-06-23,5148
BATCH-2025-02880,21,Connector,133,2025-03-17,2025-03-25,124
BATCH-2026-02881,11,Charger,5670,2026-04-14,2026-05-04,5525
BATCH-2025-02882,3,PCB,471,2025-12-19,2026-01-07,441
BATCH-2026-02883,6,Microcontroller,7470,2026-07-14,2026-08-02,7003
BATCH-2024-02884,16,Battery,3135,2024-11-29,2024-12-18,3103
BATCH-2026-02885,23,Connector,7802,2026-07-17,2026-07-31,7556
BATCH-2024-02886,42,Display,758,2024-10-04,2024-10-12,730
BATCH-2025-02887,40,Connector,1129,2025-08-29,2025-09-06,1114
BATCH-2026-02888,15,Power IC,2310,2026-02-23,2026-03-11,2121
BATCH-2025-02889,43,Power IC,3032,2025-06-03,2025-06-15,2900
BATCH-2024-02890,10,Battery,7468,2024-12-20,2025-01-01,7393
BATCH-2026-02891,42,Microcontroller,6420,2026-01-21,2026-01-29,6356
BATCH-2025-02892,43,Speaker,9559,2025-12-02,2025-12-10,9244
BATCH-2026-02893,17,Fan,1978,2026-06-30,2026-07-09,1908
BATCH-2024-02894,25,Battery,3121,2024-10-31,2024-11-17,2983
BATCH-2024-02895,44,Charger,8190,2024-11-01,2024-11-12,8083
BATCH-2026-02896,34,Camera,5873,2026-06-13,2026-07-03,5776
BATCH-2025-02897,21,Power IC,9241,2025-10-23,2025-11-02,8721
BATCH-2025-02898,44,Display,5128,2025-07-26,2025-08-01,5077
BATCH-2024-02899,10,Display,669,2024-10-07,2024-10-18,638
BATCH-2025-02900,25,Memory,9991,2025-03-19,2025-04-04,9891
BATCH-2025-02901,19,Charger,1438,2025-09-24,2025-10-05,1369
BATCH-2026-02902,49,Fan,8092,2026-03-30,2026-04-12,7700
BATCH-2025-02903,41,Power IC,3564,2025-02-24,2025-03-09,3324
BATCH-2025-02904,1,Connector,2012,2025-08-23,2025-09-02,1965
BATCH-2026-02905,38,Connector,670,2026-05-27,2026-06-12,642
BATCH-2026-02906,28,Sensor,1968,2026-01-06,2026-01-25,1948
BATCH-2025-02907,34,Microcontroller,478,2025-05-02,2025-05-11,463
BATCH-2026-02908,36,Sensor,9760,2026-03-31,2026-04-05,8916
BATCH-2026-02909,3,Connector,9709,2026-05-22,2026-06-03,9435
BATCH-2025-02910,28,Speaker,3658,2025-04-29,2025-05-17,3562
BATCH-2025-02911,19,Sensor,2669,2025-10-31,2025-11-18,2611
BATCH-2026-02912,38,Memory,6835,2026-03-24,2026-04-05,6604
BATCH-2026-02913,7,Speaker,8974,2026-02-17,2026-02-28,8673
BATCH-2026-02914,42,PCB,2013,2026-04-10,2026-04-25,1892
BATCH-2026-02915,39,Camera,8966,2026-04-19,2026-04-29,8876
BATCH-2025-02916,22,Processor,9876,2025-12-29,2026-01-06,9632
BATCH-2025-02917,28,Display,639,2025-03-15,2025-03-24,632
BATCH-2025-02918,37,Motherboard,5698,2025-06-15,2025-06-24,5617
BATCH-2026-02919,29,Processor,4634,2026-01-28,2026-02-09,4514
BATCH-2025-02920,31,Fan,8189,2025-07-21,2025-08-07,7874
BATCH-2025-02921,6,Power IC,8577,2025-12-01,2025-12-17,8387
BATCH-2026-02922,8,Memory,6864,2026-06-05,2026-06-24,6778
BATCH-2026-02923,21,Memory,6781,2026-01-03,2026-01-17,6713
BATCH-2025-02924,23,Connector,4025,2025-12-05,2025-12-24,3985
BATCH-2025-02925,29,Fan,9402,2025-01-07,2025-01-22,8704
BATCH-2024-02926,26,Processor,2178,2024-12-21,2024-12-29,2065
BATCH-2026-02927,25,Speaker,10000,2026-01-03,2026-01-15,9775
BATCH-2025-02928,14,Motherboard,328,2025-01-15,2025-01-22,317
BATCH-2026-02929,16,Charger,6108,2026-08-23,2026-09-12,5660
BATCH-2025-02930,24,Microcontroller,276,2025-05-25,2025-06-10,270
BATCH-2025-02931,34,Battery,597,2025-07-24,2025-08-07,591
BATCH-2025-02932,14,Sensor,4908,2025-08-22,2025-08-28,4698
BATCH-2025-02933,22,Connector,9114,2025-12-07,2025-12-16,8906
BATCH-2025-02934,1,Power IC,2900,2025-01-31,2025-02-12,2812
BATCH-2025-02935,27,Microcontroller,2271,2025-03-05,2025-03-13,2248
BATCH-2024-02936,46,Microcontroller,4268,2024-10-28,2024-11-06,4085
BATCH-2025-02937,1,Microcontroller,3101,2025-12-13,2026-01-02,2996
BATCH-2026-02938,28,Speaker,8494,2026-07-20,2026-07-26,8132
BATCH-2025-02939,46,Camera,5362,2025-08-31,2025-09-16,5118
BATCH-2024-02940,45,Charger,2056,2024-12-04,2024-12-14,1964
BATCH-2025-02941,43,Memory,4148,2025-01-23,2025-02-11,3959
BATCH-2026-02942,20,Microcontroller,9735,2026-02-15,2026-03-02,9397
BATCH-2025-02943,28,Speaker,7487,2025-03-20,2025-04-02,7308
BATCH-2025-02944,44,Microcontroller,2076,2025-05-07,2025-05-19,2032
BATCH-2025-02945,40,Camera,3745,2025-11-10,2025-11-15,3708
BATCH-2026-02946,39,Camera,4037,2026-07-05,2026-07-11,3993
BATCH-2025-02947,23,Sensor,7498,2025-02-08,2025-02-27,7423
BATCH-2025-02948,45,Camera,612,2025-07-05,2025-07-22,580
BATCH-2025-02949,41,Camera,8802,2025-12-25,2026-01-01,8714
BATCH-2025-02950,7,Camera,9936,2025-03-12,2025-03-27,9674
BATCH-2026-02951,35,Sensor,2924,2026-08-12,2026-08-27,2766
BATCH-2025-02952,22,Motherboard,8702,2025-05-11,2025-05-21,8615
BATCH-2026-02953,41,Speaker,6032,2026-04-03,2026-04-10,5972
BATCH-2026-02954,19,Fan,1793,2026-04-15,2026-04-29,1742
BATCH-2025-02955,26,Motherboard,3530,2025-11-18,2025-12-07,3366
BATCH-2024-02956,5,Memory,7843,2024-10-16,2024-10-29,7391
BATCH-2025-02957,12,Battery,1037,2025-07-12,2025-07-24,1009
BATCH-2025-02958,46,Speaker,709,2025-05-28,2025-06-12,702
BATCH-2026-02959,23,Microcontroller,2946,2026-07-11,2026-07-26,2875
BATCH-2025-02960,38,Motherboard,4856,2025-05-01,2025-05-20,4536
BATCH-2026-02961,37,Microcontroller,9000,2026-01-07,2026-01-13,8881
BATCH-2026-02962,6,Display,6987,2026-08-06,2026-08-12,6700
BATCH-2025-02963,20,Motherboard,2544,2025-01-10,2025-01-30,2509
BATCH-2024-02964,18,Camera,7778,2024-11-08,2024-11-21,7653
BATCH-2025-02965,27,Fan,2560,2025-08-29,2025-09-16,2494
BATCH-2026-02966,9,Speaker,2507,2026-05-08,2026-05-26,2354
BATCH-2025-02967,4,Connector,1591,2025-10-29,2025-11-11,1537
BATCH-2025-02968,27,Battery,2222,2025-02-22,2025-03-13,2200
BATCH-2026-02969,9,Motherboard,5838,2026-07-21,2026-07-29,5780
BATCH-2024-02970,20,Fan,8067,2024-12-31,2025-01-18,7986
BATCH-2026-02971,48,Memory,2349,2026-05-01,2026-05-17,2262
BATCH-2026-02972,10,Camera,4363,2026-05-23,2026-05-30,4319
BATCH-2026-02973,47,Charger,2739,2026-08-01,2026-08-13,2628
BATCH-2025-02974,29,Power IC,4291,2025-07-01,2025-07-12,4248
BATCH-2026-02975,28,Speaker,4189,2026-04-05,2026-04-16,4109
BATCH-2025-02976,22,Motherboard,960,2025-02-28,2025-03-17,948
BATCH-2025-02977,21,Memory,7725,2025-08-26,2025-09-02,7388
BATCH-2024-02978,22,Display,6127,2024-12-21,2025-01-10,5961
BATCH-2024-02979,48,Power IC,6106,2024-11-03,2024-11-11,6045
BATCH-2025-02980,41,Microcontroller,4341,2025-06-23,2025-07-10,4041
BATCH-2025-02981,43,Camera,3109,2025-08-28,2025-09-03,2949
BATCH-2025-02982,4,Camera,7337,2025-07-26,2025-08-12,7264
BATCH-2025-02983,34,Display,5015,2025-06-17,2025-07-07,4772
BATCH-2025-02984,47,Microcontroller,7702,2025-11-25,2025-12-03,7625
BATCH-2024-02985,10,Fan,1233,2024-12-30,2025-01-12,1210
BATCH-2025-02986,30,Camera,3090,2025-01-28,2025-02-12,2856
BATCH-2025-02987,1,Motherboard,9107,2025-09-07,2025-09-23,8988
BATCH-2026-02988,23,Memory,5823,2026-09-08,2026-09-20,5520
BATCH-2024-02989,35,Camera,7315,2024-11-03,2024-11-13,7242
BATCH-2026-02990,43,Power IC,1732,2026-08-20,2026-08-29,1581
BATCH-2025-02991,13,Power IC,519,2025-12-26,2026-01-07,514
BATCH-2026-02992,4,Display,8939,2026-05-26,2026-06-08,8596
BATCH-2026-02993,37,Speaker,5847,2026-05-19,2026-06-07,5789
BATCH-2025-02994,40,Memory,6405,2025-02-02,2025-02-12,5980
BATCH-2025-02995,26,PCB,3328,2025-03-30,2025-04-04,3162
BATCH-2025-02996,12,Charger,4500,2025-02-26,2025-03-16,4455
BATCH-2025-02997,31,Charger,8665,2025-04-01,2025-04-19,8490
BATCH-2025-02998,35,Motherboard,4614,2025-01-13,2025-01-25,4391
BATCH-2026-02999,18,Speaker,5574,2026-09-12,2026-09-20,5077
BATCH-2025-03000,39,Microcontroller,6269,2025-10-13,2025-10-22,5943
BATCH-2024-03001,6,Battery,6565,2024-12-01,2024-12-18,6179
BATCH-2024-03002,10,Fan,2999,2024-11-11,2024-11-28,2969
BATCH-2025-03003,10,Power IC,1279,2025-09-07,2025-09-12,1266
BATCH-2026-03004,38,Sensor,4339,2026-01-22,2026-02-03,4074
BATCH-2026-03005,26,PCB,8865,2026-05-30,2026-06-19,8411
BATCH-2026-03006,35,Battery,8296,2026-02-06,2026-02-24,7564
BATCH-2026-03007,15,Microcontroller,7363,2026-06-18,2026-07-02,6912
BATCH-2024-03008,26,Speaker,2322,2024-11-16,2024-12-03,2188
BATCH-2025-03009,25,Sensor,136,2025-12-03,2025-12-14,130
BATCH-2026-03010,44,Processor,7667,2026-04-12,2026-04-23,7454
BATCH-2025-03011,17,Speaker,7277,2025-01-28,2025-02-02,7204
BATCH-2025-03012,29,Motherboard,5548,2025-11-24,2025-12-09,5307
BATCH-2025-03013,10,PCB,8631,2025-08-01,2025-08-13,8542
BATCH-2026-03014,25,Charger,6185,2026-02-06,2026-02-15,6024
BATCH-2024-03015,32,Motherboard,129,2024-09-30,2024-10-11,128
BATCH-2026-03016,29,Connector,2866,2026-02-18,2026-02-23,2755
BATCH-2026-03017,23,Microcontroller,6661,2026-09-16,2026-09-21,6594
BATCH-2024-03018,36,Charger,7793,2024-12-17,2025-01-05,7468
BATCH-2026-03019,29,Processor,3173,2026-02-17,2026-03-09,3085
BATCH-2025-03020,50,Sensor,4688,2025-07-04,2025-07-14,4441
BATCH-2025-03021,2,Motherboard,6684,2025-06-21,2025-07-06,6538
BATCH-2025-03022,48,Power IC,373,2025-09-26,2025-10-14,357
BATCH-2025-03023,50,Memory,1186,2025-09-15,2025-09-25,1151
BATCH-2024-03024,42,Connector,1678,2024-10-19,2024-10-29,1634
BATCH-2025-03025,50,Speaker,5559,2025-01-26,2025-02-13,5475
BATCH-2026-03026,33,Memory,8413,2026-02-25,2026-03-09,8093
BATCH-2025-03027,17,Fan,6107,2025-01-31,2025-02-20,5652
BATCH-2024-03028,35,Fan,8251,2024-10-20,2024-11-04,7940
BATCH-2025-03029,29,Camera,5174,2025-07-28,2025-08-11,5122
BATCH-2025-03030,41,Camera,430,2025-08-09,2025-08-18,425
BATCH-2025-03031,44,Power IC,7306,2025-01-05,2025-01-11,7166
BATCH-2025-03032,17,Display,4818,2025-07-04,2025-07-20,4599
BATCH-2025-03033,43,Sensor,7835,2025-12-16,2025-12-30,7755
BATCH-2024-03034,13,Motherboard,7404,2024-11-07,2024-11-14,7182
BATCH-2026-03035,42,Battery,162,2026-08-03,2026-08-12,158
BATCH-2025-03036,41,Fan,9691,2025-01-01,2025-01-08,9221
BATCH-2025-03037,40,Battery,2014,2025-04-29,2025-05-08,1894
BATCH-2026-03038,48,Processor,1107,2026-04-27,2026-05-05,1030
BATCH-2025-03039,8,Processor,4120,2025-10-24,2025-11-06,3956
BATCH-2025-03040,30,Charger,3002,2025-10-31,2025-11-08,2836
BATCH-2025-03041,34,Connector,4404,2025-11-19,2025-12-05,4360
BATCH-2025-03042,16,Speaker,1104,2025-12-19,2025-12-25,1017
BATCH-2025-03043,1,Motherboard,1292,2025-03-30,2025-04-15,1229
BATCH-2025-03044,18,Microcontroller,1132,2025-01-24,2025-01-31,1077
BATCH-2026-03045,38,Camera,2077,2026-01-04,2026-01-18,1962
BATCH-2026-03046,35,Fan,6151,2026-07-30,2026-08-10,5849
BATCH-2025-03047,24,Processor,1473,2025-05-04,2025-05-12,1403
BATCH-2026-03048,35,Display,877,2026-08-09,2026-08-19,852
BATCH-2026-03049,44,Display,9455,2026-02-28,2026-03-09,9264
BATCH-2026-03050,39,Display,2518,2026-04-05,2026-04-22,2493
BATCH-2026-03051,31,Fan,6776,2026-02-15,2026-02-26,6668
BATCH-2025-03052,3,Sensor,5114,2025-03-08,2025-03-20,4969
BATCH-2026-03053,7,Power IC,2550,2026-02-28,2026-03-13,2465
BATCH-2024-03054,45,Camera,6345,2024-12-05,2024-12-20,6242
BATCH-2025-03055,7,Sensor,5381,2025-06-30,2025-07-12,5216
BATCH-2025-03056,39,Charger,2159,2025-07-08,2025-07-21,2064
BATCH-2024-03057,11,Processor,1029,2024-10-25,2024-11-02,984
BATCH-2026-03058,35,Memory,4601,2026-07-06,2026-07-13,4327
BATCH-2026-03059,26,Camera,6247,2026-09-14,2026-09-22,5770
BATCH-2025-03060,29,Motherboard,5010,2025-02-10,2025-02-20,4837
BATCH-2026-03061,48,Display,2455,2026-06-05,2026-06-24,2430
BATCH-2026-03062,39,Connector,8961,2026-06-27,2026-07-05,8586
BATCH-2025-03063,38,PCB,1510,2025-06-20,2025-07-07,1405
BATCH-2026-03064,4,Processor,2495,2026-03-13,2026-03-31,2470
BATCH-2026-03065,11,Speaker,7829,2026-08-21,2026-08-31,7698
BATCH-2026-03066,15,Sensor,325,2026-08-10,2026-08-16,314
BATCH-2025-03067,27,Charger,6899,2025-07-09,2025-07-19,6361
BATCH-2026-03068,24,Camera,755,2026-03-11,2026-03-26,725
BATCH-2026-03069,40,PCB,9456,2026-07-28,2026-08-06,9361
BATCH-2026-03070,36,Charger,6605,2026-08-14,2026-08-29,6388
BATCH-2025-03071,6,Microcontroller,8201,2025-07-26,2025-08-09,7807
BATCH-2025-03072,31,Display,110,2025-03-16,2025-03-29,106
BATCH-2025-03073,7,Motherboard,4735,2025-06-14,2025-07-01,4564
BATCH-2025-03074,15,Connector,5622,2025-12-17,2026-01-05,5354
BATCH-2025-03075,41,Connector,1486,2025-03-25,2025-04-09,1471
BATCH-2026-03076,40,Display,5103,2026-06-17,2026-06-28,5052
BATCH-2026-03077,47,Connector,1733,2026-07-20,2026-07-26,1708
BATCH-2025-03078,33,Microcontroller,4797,2025-10-12,2025-10-24,4535
BATCH-2026-03079,15,Microcontroller,6539,2026-08-20,2026-09-03,6385
BATCH-2024-03080,41,Camera,2182,2024-10-15,2024-10-26,2160
BATCH-2026-03081,35,Connector,5252,2026-03-24,2026-03-29,5199
BATCH-2025-03082,47,Display,9482,2025-12-09,2025-12-22,8941
BATCH-2025-03083,19,Microcontroller,3463,2025-02-24,2025-03-16,3131
BATCH-2026-03084,10,Charger,6923,2026-04-22,2026-05-05,6786
BATCH-2026-03085,26,Memory,5708,2026-08-08,2026-08-26,5530
BATCH-2025-03086,31,Processor,5556,2025-03-21,2025-04-09,5498
BATCH-2025-03087,50,Connector,4341,2025-12-05,2025-12-16,4243
BATCH-2025-03088,14,Microcontroller,2277,2025-08-07,2025-08-20,2152
BATCH-2025-03089,4,Charger,8873,2025-04-04,2025-04-14,8661
BATCH-2026-03090,8,Connector,7144,2026-07-03,2026-07-11,6543
BATCH-2025-03091,22,Microcontroller,3112,2025-03-26,2025-04-06,3081
BATCH-2025-03092,45,Motherboard,7179,2025-11-29,2025-12-12,6914
BATCH-2026-03093,21,PCB,489,2026-05-15,2026-05-29,471
BATCH-2025-03094,18,Processor,5476,2025-01-14,2025-02-02,5399
BATCH-2026-03095,29,Processor,7229,2026-06-21,2026-06-29,6764
BATCH-2025-03096,49,Charger,1287,2025-07-28,2025-08-14,1232
BATCH-2026-03097,40,Charger,469,2026-06-25,2026-07-09,464
BATCH-2026-03098,29,Motherboard,6734,2026-04-11,2026-04-20,6667
BATCH-2025-03099,12,Memory,6844,2025-09-30,2025-10-20,6771
BATCH-2025-03100,21,PCB,6894,2025-11-13,2025-11-24,6772
BATCH-2026-03101,35,Microcontroller,8035,2026-04-01,2026-04-14,7807
BATCH-2026-03102,13,Memory,302,2026-08-19,2026-09-06,299
BATCH-2025-03103,7,Microcontroller,2383,2025-06-20,2025-07-01,2359
BATCH-2024-03104,14,PCB,5354,2024-12-22,2025-01-09,5256
BATCH-2025-03105,20,Memory,4423,2025-08-16,2025-08-23,4379
BATCH-2025-03106,28,Sensor,9651,2025-04-22,2025-05-02,8821
BATCH-2025-03107,4,Camera,9115,2025-12-07,2025-12-20,8946
BATCH-2024-03108,41,Speaker,4542,2024-12-22,2025-01-01,4443
BATCH-2025-03109,34,Display,698,2025-06-11,2025-06-19,672
BATCH-2026-03110,44,Connector,3241,2026-07-19,2026-08-04,3209
BATCH-2026-03111,5,Camera,6600,2026-08-02,2026-08-14,6227
BATCH-2024-03112,5,Camera,5810,2024-12-13,2024-12-21,5526
BATCH-2025-03113,19,Camera,609,2025-05-27,2025-06-06,587
BATCH-2025-03114,45,Charger,4236,2025-12-05,2025-12-16,4194
BATCH-2026-03115,21,Display,1296,2026-06-16,2026-06-27,1221
BATCH-2026-03116,17,Connector,3221,2026-06-09,2026-06-15,3127
BATCH-2026-03117,2,Camera,6825,2026-03-21,2026-03-29,6757
BATCH-2025-03118,33,Speaker,2015,2025-12-27,2026-01-12,1923
BATCH-2026-03119,45,Microcontroller,1814,2026-03-06,2026-03-19,1691
BATCH-2026-03120,30,Sensor,5934,2026-01-19,2026-02-01,5327
BATCH-2025-03121,48,Speaker,9605,2025-06-18,2025-06-30,9448
BATCH-2026-03122,3,Charger,613,2026-02-08,2026-02-23,579
BATCH-2026-03123,46,Sensor,7273,2026-06-07,2026-06-20,6840
BATCH-2026-03124,5,Fan,6165,2026-07-12,2026-07-30,5951
BATCH-2025-03125,9,PCB,2480,2025-08-12,2025-08-29,2455
BATCH-2026-03126,22,Display,3917,2026-03-09,2026-03-22,3701
BATCH-2026-03127,38,Connector,2941,2026-01-06,2026-01-13,2829
BATCH-2024-03128,25,Microcontroller,3694,2024-10-17,2024-10-29,3626
BATCH-2025-03129,32,Fan,930,2025-10-24,2025-11-03,921
BATCH-2025-03130,34,Battery,9550,2025-09-12,2025-09-22,8604
BATCH-2024-03131,1,Camera,1911,2024-11-18,2024-12-08,1810
BATCH-2025-03132,40,Charger,2898,2025-10-30,2025-11-06,2685
BATCH-2026-03133,18,Motherboard,2366,2026-07-28,2026-08-13,2319
BATCH-2024-03134,44,Connector,4842,2024-11-01,2024-11-08,4794
BATCH-2026-03135,6,Charger,3593,2026-02-23,2026-03-01,3452
BATCH-2025-03136,2,Connector,6861,2025-09-28,2025-10-04,6627
BATCH-2026-03137,12,Display,5175,2026-02-04,2026-02-19,5123
BATCH-2026-03138,7,Charger,2380,2026-03-12,2026-03-29,2356
BATCH-2026-03139,1,Processor,8451,2026-07-11,2026-07-19,8119
BATCH-2026-03140,44,Charger,2727,2026-03-29,2026-04-06,2613
BATCH-2026-03141,16,Camera,8098,2026-07-29,2026-08-11,8017
BATCH-2024-03142,42,PCB,188,2024-10-13,2024-11-01,175
BATCH-2024-03143,22,PCB,6686,2024-11-09,2024-11-19,6619
BATCH-2026-03144,36,Fan,9571,2026-07-02,2026-07-16,9169
BATCH-2026-03145,40,Connector,8326,2026-02-11,2026-02-19,8243
BATCH-2026-03146,47,Battery,2350,2026-05-23,2026-05-28,2218
BATCH-2024-03147,12,Fan,5271,2024-11-05,2024-11-15,5145
BATCH-2025-03148,20,Connector,5067,2025-10-13,2025-10-21,5016
BATCH-2024-03149,1,Connector,5880,2024-12-12,2024-12-29,5547
BATCH-2025-03150,34,Charger,6513,2025-01-08,2025-01-22,6284
BATCH-2025-03151,13,Battery,4958,2025-01-16,2025-01-24,4618
BATCH-2026-03152,5,Camera,1289,2026-05-31,2026-06-15,1246
BATCH-2025-03153,18,Display,4291,2025-01-14,2025-01-19,4153
BATCH-2026-03154,26,Motherboard,8138,2026-08-28,2026-09-04,7987
BATCH-2025-03155,42,Motherboard,7304,2025-05-04,2025-05-14,7048
BATCH-2025-03156,4,Microcontroller,1006,2025-06-10,2025-06-29,986
BATCH-2026-03157,24,Memory,8240,2026-04-02,2026-04-15,7927
BATCH-2026-03158,19,PCB,859,2026-04-02,2026-04-14,850
BATCH-2025-03159,17,Camera,1130,2025-04-20,2025-05-08,1072
BATCH-2025-03160,36,Sensor,7496,2025-03-17,2025-03-22,6764
BATCH-2026-03161,28,Processor,9757,2026-05-13,2026-05-26,9659
BATCH-2024-03162,38,Fan,4445,2024-10-16,2024-11-02,4018
BATCH-2026-03163,33,Display,1234,2026-04-19,2026-05-07,1203
BATCH-2026-03164,4,Charger,6486,2026-07-17,2026-08-04,6189
BATCH-2025-03165,47,Camera,8556,2025-09-11,2025-09-24,8346
BATCH-2024-03166,13,Power IC,4679,2024-11-22,2024-12-09,4632
BATCH-2025-03167,40,Battery,6859,2025-08-30,2025-09-16,6764
BATCH-2024-03168,3,Fan,3602,2024-09-23,2024-10-05,3425
BATCH-2026-03169,36,Memory,7117,2026-06-21,2026-07-03,6889
BATCH-2025-03170,28,Motherboard,713,2025-06-07,2025-06-14,681
BATCH-2024-03171,33,Speaker,2320,2024-10-24,2024-11-04,2282
BATCH-2025-03172,10,Motherboard,3266,2025-01-06,2025-01-26,3137
BATCH-2025-03173,18,Processor,9005,2025-06-02,2025-06-19,8735
BATCH-2026-03174,7,Camera,4134,2026-06-09,2026-06-18,4093
BATCH-2025-03175,13,Power IC,4736,2025-09-19,2025-10-04,4689
BATCH-2025-03176,4,Motherboard,2918,2025-06-01,2025-06-21,2889
BATCH-2025-03177,46,Sensor,1381,2025-03-03,2025-03-12,1292
BATCH-2026-03178,42,PCB,1719,2026-01-15,2026-01-28,1702
BATCH-2026-03179,27,PCB,9918,2026-03-04,2026-03-20,9413
BATCH-2025-03180,44,Charger,6458,2025-03-09,2025-03-22,6147
BATCH-2026-03181,28,Microcontroller,8101,2026-05-30,2026-06-06,7808
BATCH-2026-03182,39,Sensor,2671,2026-09-06,2026-09-25,2589
BATCH-2025-03183,10,Camera,9722,2025-07-09,2025-07-14,9409
BATCH-2026-03184,30,Sensor,1840,2026-06-21,2026-06-27,1822
BATCH-2024-03185,7,Charger,149,2024-09-28,2024-10-05,140
BATCH-2025-03186,35,Speaker,3579,2025-07-31,2025-08-10,3412
BATCH-2025-03187,26,Fan,6607,2025-01-05,2025-01-13,6412
BATCH-2025-03188,18,Sensor,537,2025-07-07,2025-07-25,532
BATCH-2026-03189,47,Power IC,9280,2026-08-17,2026-09-01,8915
BATCH-2025-03190,21,Battery,1151,2025-11-06,2025-11-11,1026
BATCH-2025-03191,27,Sensor,5161,2025-09-23,2025-10-13,5109
BATCH-2024-03192,11,Camera,1894,2024-10-22,2024-11-01,1835
BATCH-2025-03193,14,Speaker,8293,2025-09-30,2025-10-06,7904
BATCH-2025-03194,37,Memory,4311,2025-05-03,2025-05-23,4188
BATCH-2024-03195,30,Connector,8036,2024-10-17,2024-10-28,7386
BATCH-2026-03196,8,Motherboard,1659,2026-05-25,2026-06-07,1616
BATCH-2024-03197,17,Battery,7884,2024-12-05,2024-12-23,7787
BATCH-2024-03198,42,Power IC,8838,2024-12-23,2025-01-01,8674
BATCH-2025-03199,34,Fan,4944,2025-01-21,2025-01-29,4795
BATCH-2025-03200,41,Memory,8148,2025-02-24,2025-03-03,8067
BATCH-2026-03201,41,Display,2791,2026-08-19,2026-09-06,2678
BATCH-2024-03202,4,Display,8992,2024-12-18,2024-12-27,8487
BATCH-2026-03203,3,Charger,3331,2026-01-04,2026-01-16,3223
BATCH-2025-03204,10,Charger,5382,2025-05-14,2025-05-24,5292
BATCH-2026-03205,17,Display,7012,2026-02-15,2026-03-02,6847
BATCH-2025-03206,9,Motherboard,3435,2025-07-18,2025-07-30,3210
BATCH-2026-03207,41,Connector,8214,2026-06-15,2026-06-28,8132
BATCH-2025-03208,34,Camera,7192,2025-08-09,2025-08-16,7120
BATCH-2025-03209,48,PCB,9905,2025-11-10,2025-11-27,9654
BATCH-2026-03210,9,Microcontroller,6182,2026-07-30,2026-08-10,5897
BATCH-2025-03211,29,Connector,3244,2025-09-27,2025-10-03,3107
BATCH-2024-03212,10,Battery,848,2024-10-28,2024-11-15,822
BATCH-2026-03213,5,Microcontroller,2466,2026-03-19,2026-04-03,2370
BATCH-2025-03214,39,Motherboard,8173,2025-06-22,2025-07-12,8091
BATCH-2026-03215,47,Display,5449,2026-01-06,2026-01-25,5152
BATCH-2025-03216,7,Connector,6960,2025-04-18,2025-05-06,6748
BATCH-2026-03217,13,Display,7130,2026-06-27,2026-07-11,6933
BATCH-2025-03218,7,Sensor,7239,2025-01-05,2025-01-23,7122
BATCH-2025-03219,34,Memory,4831,2025-05-21,2025-06-01,4707
BATCH-2025-03220,12,Fan,8508,2025-05-17,2025-05-27,8346
BATCH-2024-03221,30,Camera,7362,2024-10-24,2024-11-04,7002
BATCH-2026-03222,15,Connector,7906,2026-06-05,2026-06-14,7687
BATCH-2026-03223,24,Memory,3481,2026-05-22,2026-06-06,3101
BATCH-2025-03224,49,Charger,974,2025-12-16,2026-01-01,935
BATCH-2024-03225,42,Camera,5865,2024-10-26,2024-11-01,5746
BATCH-2026-03226,45,Display,4978,2026-01-27,2026-02-07,4788
BATCH-2026-03227,31,Charger,6851,2026-06-17,2026-06-22,6616
BATCH-2025-03228,37,Motherboard,3644,2025-02-05,2025-02-23,3587
BATCH-2025-03229,16,Connector,6883,2025-05-25,2025-06-11,6814
BATCH-2025-03230,2,Camera,633,2025-06-22,2025-06-27,627
BATCH-2026-03231,49,PCB,6974,2026-04-23,2026-05-10,6467
BATCH-2025-03232,43,Sensor,6278,2025-06-23,2025-06-29,5844
BATCH-2025-03233,36,Camera,7732,2025-10-02,2025-10-08,7183
BATCH-2024-03234,48,Sensor,2408,2024-09-26,2024-10-12,2340
BATCH-2024-03235,35,Processor,7789,2024-10-08,2024-10-28,7143
BATCH-2026-03236,9,PCB,3697,2026-09-03,2026-09-08,3387
BATCH-2025-03237,14,Memory,4501,2025-07-02,2025-07-19,4301
BATCH-2026-03238,26,Microcontroller,4755,2026-04-22,2026-05-06,4583
BATCH-2025-03239,12,Charger,3085,2025-09-08,2025-09-20,3020
BATCH-2025-03240,1,PCB,2786,2025-04-29,2025-05-19,2758
BATCH-2025-03241,9,Display,9647,2025-03-30,2025-04-14,9292
BATCH-2025-03242,18,Power IC,4363,2025-07-18,2025-07-26,4319
BATCH-2024-03243,5,Connector,6484,2024-10-28,2024-11-17,6158
BATCH-2024-03244,44,Memory,8995,2024-10-04,2024-10-21,8686
BATCH-2026-03245,12,Motherboard,9125,2026-04-03,2026-04-16,8970
BATCH-2026-03246,31,Battery,689,2026-04-22,2026-05-08,645
BATCH-2025-03247,14,Camera,5242,2025-09-17,2025-09-27,5169
BATCH-2026-03248,9,Power IC,8093,2026-07-17,2026-08-04,7760
BATCH-2026-03249,17,Connector,7154,2026-05-29,2026-06-13,7044
BATCH-2026-03250,19,PCB,5934,2026-01-03,2026-01-13,5644
BATCH-2024-03251,13,Speaker,3898,2024-12-24,2024-12-29,3803
BATCH-2026-03252,44,Fan,1203,2026-08-03,2026-08-19,1191
BATCH-2026-03253,36,Battery,3091,2026-08-20,2026-08-29,2850
BATCH-2026-03254,36,Charger,8504,2026-05-14,2026-05-27,8419
BATCH-2025-03255,22,Battery,4081,2025-01-07,2025-01-23,3848
BATCH-2025-03256,22,Speaker,7360,2025-01-12,2025-01-24,7286
BATCH-2026-03257,12,PCB,2079,2026-09-13,2026-09-29,2058
BATCH-2026-03258,17,Memory,8080,2026-05-18,2026-05-24,7573
BATCH-2026-03259,46,Camera,431,2026-01-16,2026-01-29,406
BATCH-2026-03260,28,Microcontroller,7660,2026-09-06,2026-09-16,7462
BATCH-2026-03261,47,Fan,1730,2026-08-28,2026-09-11,1713
BATCH-2026-03262,39,Microcontroller,1215,2026-05-01,2026-05-09,1178
BATCH-2026-03263,12,Camera,3264,2026-07-07,2026-07-24,3192
BATCH-2026-03264,34,Fan,2811,2026-08-07,2026-08-18,2689
BATCH-2024-03265,38,Speaker,7691,2024-11-22,2024-11-29,7359
BATCH-2026-03266,43,Fan,2698,2026-09-02,2026-09-22,2508
BATCH-2025-03267,40,Display,3409,2025-12-28,2026-01-03,3242
BATCH-2026-03268,20,Connector,137,2026-01-11,2026-01-17,132
BATCH-2026-03269,11,Camera,8366,2026-04-08,2026-04-14,8120
BATCH-2025-03270,43,Fan,3436,2025-05-13,2025-05-20,3253
BATCH-2026-03271,30,Camera,8966,2026-04-15,2026-04-28,8335
BATCH-2024-03272,18,Microcontroller,6772,2024-10-07,2024-10-25,6478
BATCH-2026-03273,22,Battery,9429,2026-09-02,2026-09-09,9335
BATCH-2024-03274,17,Power IC,6811,2024-10-10,2024-10-23,6320
BATCH-2025-03275,39,Display,411,2025-09-08,2025-09-24,391
BATCH-2025-03276,26,Connector,7128,2025-02-12,2025-03-03,6679
BATCH-2024-03277,19,Motherboard,5070,2024-11-12,2024-11-18,4576
BATCH-2025-03278,21,Display,5943,2025-02-14,2025-02-21,5642
BATCH-2025-03279,20,Charger,3468,2025-05-23,2025-06-03,3423
BATCH-2026-03280,42,Motherboard,5321,2026-08-11,2026-08-25,5095
BATCH-2025-03281,39,Battery,2101,2025-11-29,2025-12-18,2003
BATCH-2025-03282,17,Speaker,1542,2025-07-03,2025-07-23,1464
BATCH-2025-03283,2,Connector,606,2025-04-25,2025-05-13,600
BATCH-2026-03284,20,Motherboard,6589,2026-05-01,2026-05-17,6363
BATCH-2026-03285,17,Sensor,5675,2026-01-19,2026-01-31,5500
BATCH-2025-03286,23,Display,4801,2025-07-13,2025-07-30,4705
BATCH-2025-03287,26,Camera,3862,2025-04-22,2025-04-29,3717
BATCH-2026-03288,48,PCB,3707,2026-08-03,2026-08-14,3521
BATCH-2026-03289,1,Fan,8654,2026-08-21,2026-08-27,8057
BATCH-2025-03290,43,Microcontroller,2070,2025-06-15,2025-06-24,2049
BATCH-2025-03291,21,Speaker,6777,2025-02-12,2025-02-17,6333
BATCH-2025-03292,38,Power IC,2704,2025-02-03,2025-02-12,2525
BATCH-2025-03293,50,Motherboard,8999,2025-10-10,2025-10-21,8204
BATCH-2025-03294,41,Microcontroller,3959,2025-12-24,2026-01-10,3919
BATCH-2024-03295,49,Memory,513,2024-12-13,2024-12-29,494
BATCH-2025-03296,22,Power IC,891,2025-05-31,2025-06-12,881
BATCH-2024-03297,5,Power IC,9036,2024-10-27,2024-11-16,8369
BATCH-2026-03298,5,Motherboard,8443,2026-06-01,2026-06-19,7932
BATCH-2025-03299,24,Motherboard,1767,2025-11-13,2025-11-26,1670
BATCH-2025-03300,50,Processor,5524,2025-10-25,2025-11-08,5458
BATCH-2024-03301,21,Processor,7550,2024-10-26,2024-11-10,7421
BATCH-2024-03302,23,Sensor,7032,2024-12-12,2024-12-19,6962
BATCH-2026-03303,42,Connector,2908,2026-08-22,2026-09-05,2772
BATCH-2026-03304,6,Display,8108,2026-06-23,2026-07-03,7614
BATCH-2025-03305,4,Power IC,3382,2025-07-24,2025-08-11,3289
BATCH-2025-03306,50,PCB,4190,2025-02-10,2025-03-01,3987
BATCH-2025-03307,8,Battery,6026,2025-05-02,2025-05-16,5966
BATCH-2026-03308,38,Processor,1233,2026-03-01,2026-03-15,1190
BATCH-2026-03309,21,Speaker,7644,2026-01-20,2026-01-30,7191
BATCH-2025-03310,48,Camera,3067,2025-02-20,2025-03-06,2995
BATCH-2024-03311,47,Sensor,4723,2024-11-07,2024-11-26,4514
BATCH-2025-03312,8,Memory,776,2025-08-06,2025-08-20,750
BATCH-2025-03313,34,Processor,6223,2025-02-27,2025-03-15,6066
BATCH-2026-03314,19,Sensor,3482,2026-06-21,2026-07-06,3263
BATCH-2024-03315,29,Processor,8859,2024-09-19,2024-10-05,8762
BATCH-2026-03316,18,Processor,9492,2026-03-31,2026-04-05,9274
BATCH-2026-03317,48,Power IC,206,2026-02-10,2026-02-21,198
BATCH-2025-03318,32,Processor,6356,2025-12-25,2026-01-04,6275
BATCH-2026-03319,8,Battery,4578,2026-02-22,2026-03-14,4386
BATCH-2024-03320,32,PCB,1842,2024-10-29,2024-11-13,1824
BATCH-2025-03321,18,Sensor,1210,2025-05-24,2025-06-08,1158
BATCH-2026-03322,9,Sensor,7662,2026-06-25,2026-07-06,7347
BATCH-2026-03323,47,Motherboard,5553,2026-01-23,2026-02-02,5497
BATCH-2026-03324,34,Display,5232,2026-02-18,2026-02-26,4982
BATCH-2025-03325,27,Microcontroller,8593,2025-08-24,2025-09-12,8507
BATCH-2026-03326,47,Processor,4913,2026-08-03,2026-08-19,4798
BATCH-2024-03327,11,Camera,9126,2024-10-22,2024-11-11,9035
BATCH-2025-03328,23,Processor,3319,2025-03-12,2025-03-29,3233
BATCH-2025-03329,4,Speaker,7138,2025-04-14,2025-05-03,7067
BATCH-2025-03330,24,Microcontroller,2541,2025-12-19,2025-12-25,2457
BATCH-2025-03331,48,Battery,8808,2025-11-15,2025-11-21,8437
BATCH-2026-03332,23,Power IC,8625,2026-06-25,2026-07-08,8539
BATCH-2024-03333,5,Power IC,7756,2024-09-29,2024-10-13,7574
BATCH-2025-03334,46,Microcontroller,6389,2025-12-21,2026-01-03,5966
BATCH-2026-03335,27,Sensor,8278,2026-04-02,2026-04-12,8195
BATCH-2026-03336,26,Connector,676,2026-06-03,2026-06-10,649
BATCH-2026-03337,11,Connector,7221,2026-07-01,2026-07-09,7149
BATCH-2025-03338,12,PCB,2308,2025-07-08,2025-07-21,2176
BATCH-2026-03339,40,Memory,4623,2026-08-13,2026-09-02,4577
BATCH-2026-03340,50,Fan,8073,2026-03-19,2026-03-29,7940
BATCH-2026-03341,42,Charger,7452,2026-04-13,2026-05-01,7105
BATCH-2025-03342,9,Microcontroller,483,2025-02-28,2025-03-14,478
BATCH-2025-03343,21,Processor,6215,2025-09-25,2025-10-08,5844
BATCH-2025-03344,19,Battery,485,2025-01-28,2025-02-02,447
BATCH-2026-03345,24,Power IC,8103,2026-05-17,2026-05-28,7966
BATCH-2026-03346,30,Motherboard,3212,2026-06-27,2026-07-08,3180
BATCH-2026-03347,41,Display,2136,2026-04-22,2026-04-28,2115
BATCH-2025-03348,1,Display,1618,2025-05-23,2025-06-06,1602
BATCH-2025-03349,50,Processor,6914,2025-01-15,2025-01-25,6635
BATCH-2026-03350,18,Fan,3894,2026-05-06,2026-05-26,3855
BATCH-2025-03351,36,Connector,3450,2025-08-17,2025-08-26,3297
BATCH-2025-03352,15,Sensor,7176,2025-02-26,2025-03-12,6758
BATCH-2025-03353,2,Connector,102,2025-12-04,2025-12-14,101
BATCH-2025-03354,45,Charger,9209,2025-02-10,2025-02-19,8411
BATCH-2026-03355,37,PCB,5574,2026-04-21,2026-05-06,5518
BATCH-2026-03356,34,Power IC,4471,2026-01-07,2026-01-23,4232
BATCH-2026-03357,48,Motherboard,9522,2026-03-20,2026-04-08,8840
BATCH-2025-03358,10,PCB,3983,2025-08-18,2025-09-03,3943
BATCH-2026-03359,4,PCB,4144,2026-04-16,2026-04-25,4085
BATCH-2026-03360,30,Sensor,6391,2026-05-21,2026-06-09,6155
BATCH-2026-03361,9,Fan,8694,2026-09-17,2026-09-29,8234
BATCH-2025-03362,18,Battery,5446,2025-12-31,2026-01-12,5392
BATCH-2025-03363,21,Camera,3074,2025-01-31,2025-02-11,2954
BATCH-2025-03364,32,PCB,4371,2025-11-18,2025-12-01,4227
BATCH-2025-03365,38,PCB,9049,2025-08-07,2025-08-17,8618
BATCH-2024-03366,5,Memory,7588,2024-11-28,2024-12-05,7294
BATCH-2025-03367,22,Battery,544,2025-09-09,2025-09-20,531
BATCH-2025-03368,9,Motherboard,2534,2025-09-13,2025-09-22,2345
BATCH-2025-03369,48,Motherboard,9021,2025-04-21,2025-05-09,8931
BATCH-2026-03370,26,PCB,7770,2026-02-25,2026-03-05,7587
BATCH-2024-03371,3,Charger,895,2024-12-02,2024-12-22,838
BATCH-2026-03372,13,Microcontroller,4740,2026-04-18,2026-04-27,4672
BATCH-2025-03373,34,Memory,2184,2025-03-07,2025-03-21,2065
BATCH-2025-03374,23,Sensor,1869,2025-10-27,2025-11-05,1761
BATCH-2026-03375,26,Battery,6341,2026-08-03,2026-08-22,6031
BATCH-2025-03376,34,Speaker,2643,2025-09-18,2025-10-06,2617
BATCH-2026-03377,9,Battery,3832,2026-04-28,2026-05-11,3666
BATCH-2025-03378,3,Connector,8212,2025-06-20,2025-07-04,7914
BATCH-2024-03379,31,Charger,8918,2024-11-11,2024-11-20,8489
BATCH-2025-03380,50,Connector,2627,2025-10-06,2025-10-14,2495
BATCH-2025-03381,5,Motherboard,874,2025-08-17,2025-09-01,824
BATCH-2025-03382,48,Motherboard,8948,2025-11-04,2025-11-09,8607
BATCH-2026-03383,23,Processor,3242,2026-09-17,2026-09-22,3210
BATCH-2026-03384,46,Microcontroller,2256,2026-09-06,2026-09-15,2233
BATCH-2024-03385,31,Charger,7952,2024-10-03,2024-10-18,7403
BATCH-2025-03386,33,Motherboard,9053,2025-02-24,2025-03-08,8464
BATCH-2025-03387,49,Memory,5967,2025-02-07,2025-02-18,5783
BATCH-2025-03388,32,Display,1619,2025-05-23,2025-06-02,1603
BATCH-2025-03389,24,Memory,3014,2025-10-11,2025-10-27,2900
BATCH-2026-03390,37,Charger,788,2026-02-02,2026-02-19,759
BATCH-2024-03391,16,Processor,6368,2024-12-15,2024-12-21,6013
BATCH-2025-03392,36,Motherboard,3887,2025-12-08,2025-12-21,3660
BATCH-2024-03393,20,Memory,5952,2024-12-29,2025-01-06,5630
BATCH-2026-03394,5,Microcontroller,9237,2026-03-28,2026-04-10,8583
BATCH-2025-03395,39,Fan,9629,2025-06-28,2025-07-10,9533
BATCH-2025-03396,26,Processor,7401,2025-02-28,2025-03-16,7227
BATCH-2025-03397,6,Charger,2127,2025-08-02,2025-08-15,1964
BATCH-2026-03398,9,Processor,952,2026-08-14,2026-08-29,906
BATCH-2025-03399,36,Battery,5167,2025-06-11,2025-06-29,4904
BATCH-2025-03400,3,Microcontroller,9950,2025-11-25,2025-12-06,9837
BATCH-2025-03401,10,Display,5133,2025-07-01,2025-07-13,5038
BATCH-2024-03402,46,Battery,3303,2024-09-21,2024-10-06,3141
BATCH-2025-03403,9,Motherboard,1499,2025-12-20,2026-01-05,1401
BATCH-2024-03404,8,Speaker,6185,2024-12-14,2024-12-27,6123
BATCH-2025-03405,31,Charger,2684,2025-07-01,2025-07-11,2634
BATCH-2026-03406,25,Power IC,3934,2026-01-10,2026-01-16,3895
BATCH-2025-03407,24,Power IC,7424,2025-01-02,2025-01-22,7141
BATCH-2025-03408,22,Connector,6046,2025-02-04,2025-02-18,5867
BATCH-2024-03409,4,Speaker,430,2024-12-02,2024-12-11,425
BATCH-2025-03410,16,PCB,4601,2025-02-10,2025-02-21,4253
BATCH-2025-03411,15,Battery,9598,2025-12-22,2026-01-11,9174
BATCH-2026-03412,16,Charger,7221,2026-02-22,2026-02-28,6824
BATCH-2026-03413,31,Connector,5421,2026-02-22,2026-03-03,5367
BATCH-2025-03414,10,Sensor,9978,2025-01-30,2025-02-17,9878
BATCH-2024-03415,8,Speaker,8707,2024-11-17,2024-12-02,8491
BATCH-2025-03416,44,Display,1846,2025-09-08,2025-09-18,1775
BATCH-2025-03417,11,Fan,1849,2025-10-02,2025-10-18,1811
BATCH-2026-03418,25,Processor,8280,2026-02-03,2026-02-20,8110
BATCH-2026-03419,29,Power IC,9260,2026-06-05,2026-06-10,9013
BATCH-2024-03420,8,Power IC,660,2024-12-03,2024-12-14,636
BATCH-2025-03421,45,Battery,2098,2025-10-18,2025-10-31,1997
BATCH-2025-03422,2,Battery,8218,2025-08-10,2025-08-23,8136
BATCH-2026-03423,32,Display,3024,2026-05-28,2026-06-02,2826
BATCH-2024-03424,36,Display,9809,2024-10-10,2024-10-15,9439
BATCH-2026-03425,47,Battery,7978,2026-02-25,2026-03-05,7898
BATCH-2026-03426,4,Display,4716,2026-05-06,2026-05-26,4645
BATCH-2025-03427,17,Power IC,1814,2025-10-01,2025-10-18,1734
BATCH-2025-03428,43,Camera,5594,2025-01-31,2025-02-20,5501
BATCH-2026-03429,21,Sensor,522,2026-06-28,2026-07-15,506
BATCH-2024-03430,17,Camera,3111,2024-12-05,2024-12-22,3080
BATCH-2025-03431,1,Power IC,5648,2025-12-17,2026-01-06,5522
BATCH-2024-03432,20,Sensor,1822,2024-12-30,2025-01-06,1670
BATCH-2024-03433,25,Speaker,2964,2024-12-26,2025-01-09,2889
BATCH-2025-03434,5,Connector,2565,2025-04-12,2025-04-19,2472
BATCH-2025-03435,35,Camera,5698,2025-10-14,2025-10-29,5329
BATCH-2025-03436,38,Camera,7539,2025-05-26,2025-06-10,7036
BATCH-2025-03437,14,Memory,1728,2025-12-24,2025-12-29,1711
BATCH-2025-03438,21,Sensor,3384,2025-06-26,2025-07-03,3253
BATCH-2026-03439,23,Processor,717,2026-01-23,2026-02-11,692
BATCH-2026-03440,44,Battery,795,2026-03-31,2026-04-11,758
BATCH-2026-03441,16,Microcontroller,8181,2026-02-04,2026-02-15,8051
BATCH-2024-03442,37,Battery,7123,2024-11-01,2024-11-17,7052
BATCH-2024-03443,26,Camera,4814,2024-09-27,2024-10-13,4622
BATCH-2025-03444,26,Speaker,6135,2025-01-03,2025-01-16,5792
BATCH-2024-03445,31,Battery,6812,2024-11-11,2024-11-21,6722
BATCH-2026-03446,46,Charger,6862,2026-02-11,2026-02-19,6322
BATCH-2026-03447,6,Motherboard,4532,2026-01-22,2026-02-04,4398
BATCH-2025-03448,12,PCB,8244,2025-04-06,2025-04-24,8162
BATCH-2026-03449,17,Memory,5341,2026-02-09,2026-02-21,5240
BATCH-2026-03450,27,Memory,945,2026-06-14,2026-06-21,930
BATCH-2024-03451,48,Processor,2250,2024-10-26,2024-11-06,2228
BATCH-2026-03452,46,PCB,141,2026-04-15,2026-04-24,135
BATCH-2025-03453,35,Connector,6155,2025-08-26,2025-09-10,6019
BATCH-2026-03454,23,Connector,7242,2026-06-15,2026-06-21,7129
BATCH-2024-03455,36,Battery,3316,2024-10-21,2024-10-26,3080
BATCH-2026-03456,8,Sensor,1844,2026-07-22,2026-07-31,1779
BATCH-2025-03457,18,Motherboard,4031,2025-08-09,2025-08-19,3865
BATCH-2026-03458,48,Sensor,5361,2026-06-26,2026-07-11,5280
BATCH-2026-03459,43,Microcontroller,6714,2026-08-17,2026-08-31,6415
BATCH-2025-03460,14,Battery,2099,2025-04-18,2025-05-01,2044
BATCH-2025-03461,6,Microcontroller,6791,2025-05-23,2025-06-02,6457
BATCH-2026-03462,35,Memory,2289,2026-07-05,2026-07-20,2203
BATCH-2026-03463,21,Motherboard,4972,2026-09-17,2026-10-06,4674
BATCH-2025-03464,3,Sensor,1536,2025-10-14,2025-10-21,1401
BATCH-2025-03465,50,Fan,6042,2025-08-11,2025-08-27,5783
BATCH-2024-03466,34,Microcontroller,3264,2024-09-27,2024-10-15,3213
BATCH-2026-03467,32,Charger,3658,2026-07-17,2026-08-04,3608
BATCH-2025-03468,25,Processor,4884,2025-10-27,2025-11-11,4835
BATCH-2025-03469,9,PCB,7649,2025-10-12,2025-10-17,7043
BATCH-2025-03470,24,Memory,4683,2025-06-22,2025-07-03,4636
BATCH-2025-03471,38,Connector,8523,2025-07-04,2025-07-24,8268
BATCH-2025-03472,10,PCB,1524,2025-09-20,2025-09-28,1456
BATCH-2025-03473,33,Camera,2960,2025-12-28,2026-01-07,2930
BATCH-2025-03474,35,Display,965,2025-03-28,2025-04-09,891
BATCH-2026-03475,44,Memory,7184,2026-03-02,2026-03-08,6494
BATCH-2025-03476,32,Power IC,8812,2025-11-14,2025-12-01,8533
BATCH-2025-03477,48,Battery,4531,2025-01-09,2025-01-24,4237
BATCH-2026-03478,47,Motherboard,8754,2026-05-19,2026-06-01,8273
BATCH-2025-03479,39,Power IC,3944,2025-02-21,2025-03-08,3745
BATCH-2026-03480,22,Processor,2458,2026-07-21,2026-08-09,2270
BATCH-2025-03481,11,Processor,3140,2025-10-10,2025-10-15,3109
BATCH-2025-03482,9,Power IC,9897,2025-03-03,2025-03-22,9408
BATCH-2025-03483,40,Battery,2173,2025-10-18,2025-10-31,2091
BATCH-2026-03484,12,Motherboard,1992,2026-03-01,2026-03-08,1953
BATCH-2025-03485,33,Battery,2437,2025-02-03,2025-02-10,2280
BATCH-2025-03486,4,Charger,7822,2025-10-19,2025-10-28,7551
BATCH-2026-03487,2,Connector,439,2026-04-07,2026-04-27,423
BATCH-2025-03488,17,Memory,3878,2025-06-12,2025-06-20,3666
BATCH-2026-03489,37,Motherboard,5213,2026-03-21,2026-04-04,5145
BATCH-2025-03490,18,Charger,7662,2025-01-31,2025-02-05,7199
BATCH-2025-03491,10,Connector,141,2025-02-28,2025-03-13,140
BATCH-2026-03492,19,Motherboard,5961,2026-01-01,2026-01-16,5775
BATCH-2025-03493,17,Speaker,3010,2025-07-04,2025-07-20,2775
BATCH-2026-03494,47,Memory,5324,2026-08-23,2026-08-31,5194
BATCH-2026-03495,31,Power IC,8144,2026-01-29,2026-02-04,8060
BATCH-2024-03496,40,Microcontroller,9496,2024-10-19,2024-11-03,9401
BATCH-2024-03497,28,Fan,8817,2024-09-19,2024-10-08,8570
BATCH-2025-03498,32,Fan,3022,2025-07-20,2025-07-29,2902
BATCH-2025-03499,6,Processor,9804,2025-03-09,2025-03-26,9620
BATCH-2025-03500,2,Camera,8904,2025-04-23,2025-05-13,8815
BATCH-2026-03501,3,Camera,677,2026-06-02,2026-06-08,624
BATCH-2024-03502,6,Microcontroller,7177,2024-11-10,2024-11-23,6530
BATCH-2025-03503,40,Processor,8059,2025-10-20,2025-11-08,7692
BATCH-2025-03504,21,Charger,6459,2025-08-20,2025-08-31,5955
BATCH-2025-03505,6,Sensor,8235,2025-01-14,2025-01-24,7728
BATCH-2026-03506,34,Memory,8120,2026-06-18,2026-06-30,7927
BATCH-2026-03507,23,PCB,5066,2026-02-04,2026-02-15,4896
BATCH-2025-03508,36,Microcontroller,8773,2025-01-11,2025-01-19,8549
BATCH-2024-03509,16,PCB,6061,2024-12-24,2024-12-30,5683
BATCH-2026-03510,41,Fan,1342,2026-06-14,2026-06-20,1275
BATCH-2025-03511,31,Motherboard,3504,2025-04-16,2025-04-25,3469
BATCH-2025-03512,6,Motherboard,2208,2025-01-17,2025-02-02,2053
BATCH-2024-03513,36,Camera,7878,2024-10-11,2024-10-25,7694
BATCH-2025-03514,30,Connector,6570,2025-02-28,2025-03-14,6378
BATCH-2026-03515,19,Sensor,4816,2026-06-07,2026-06-27,4512
BATCH-2026-03516,33,Motherboard,8120,2026-02-21,2026-03-07,7878
BATCH-2025-03517,43,Battery,6687,2025-08-03,2025-08-21,6127
BATCH-2026-03518,45,Sensor,101,2026-09-03,2026-09-12,100
BATCH-2025-03519,46,PCB,7792,2025-12-31,2026-01-06,7422
BATCH-2026-03520,46,Connector,3969,2026-09-01,2026-09-09,3712
BATCH-2024-03521,46,Motherboard,4207,2024-11-15,2024-11-22,4045
BATCH-2025-03522,13,Display,5812,2025-05-29,2025-06-03,5631
BATCH-2026-03523,48,Memory,3321,2026-06-03,2026-06-11,3208
BATCH-2025-03524,35,Fan,2137,2025-09-04,2025-09-13,2008
BATCH-2026-03525,25,Memory,4888,2026-03-17,2026-04-06,4724
BATCH-2025-03526,26,Sensor,1126,2025-03-04,2025-03-12,1070
BATCH-2026-03527,44,Memory,5110,2026-08-04,2026-08-20,4933
BATCH-2024-03528,12,Processor,1610,2024-11-11,2024-11-27,1594
BATCH-2025-03529,38,Speaker,7215,2025-01-15,2025-02-02,7142
BATCH-2024-03530,10,Camera,3816,2024-10-26,2024-11-07,3725
BATCH-2025-03531,27,Microcontroller,2422,2025-04-18,2025-04-24,2336
BATCH-2025-03532,28,Charger,6676,2025-02-03,2025-02-13,6379
BATCH-2025-03533,2,Display,5064,2025-10-21,2025-10-31,4968
BATCH-2025-03534,22,Sensor,8495,2025-02-23,2025-03-03,8410
BATCH-2025-03535,34,Connector,3727,2025-10-12,2025-10-18,3628
BATCH-2025-03536,19,Power IC,5106,2025-08-26,2025-09-14,4932
BATCH-2025-03537,47,Display,3265,2025-04-26,2025-05-12,3170
BATCH-2025-03538,31,Memory,2763,2025-09-16,2025-09-26,2571
BATCH-2025-03539,9,Microcontroller,6622,2025-05-31,2025-06-13,6345
BATCH-2025-03540,10,Motherboard,3583,2025-06-25,2025-07-15,3547
BATCH-2026-03541,3,Speaker,7176,2026-07-17,2026-08-06,7104
BATCH-2025-03542,32,Motherboard,6113,2025-08-02,2025-08-13,5836
BATCH-2025-03543,8,Microcontroller,3559,2025-04-09,2025-04-15,3388
BATCH-2024-03544,24,Camera,1867,2024-11-25,2024-12-09,1804
BATCH-2025-03545,21,Power IC,985,2025-05-16,2025-05-27,975
BATCH-2026-03546,3,Connector,5092,2026-04-22,2026-05-09,4888
BATCH-2026-03547,46,Fan,3301,2026-04-12,2026-04-29,3175
BATCH-2026-03548,19,Motherboard,7498,2026-04-11,2026-05-01,7215
BATCH-2025-03549,29,Speaker,8580,2025-07-01,2025-07-11,8398
BATCH-2026-03550,37,Battery,9201,2026-04-17,2026-04-24,8853
BATCH-2025-03551,47,Motherboard,5796,2025-12-22,2026-01-02,5474
BATCH-2025-03552,46,Battery,8496,2025-10-17,2025-11-01,8411
BATCH-2026-03553,49,Display,7568,2026-02-12,2026-03-02,7152
BATCH-2026-03554,8,Display,5615,2026-05-07,2026-05-19,5473
BATCH-2026-03555,26,Microcontroller,6115,2026-02-27,2026-03-16,5901
BATCH-2025-03556,39,Charger,5882,2025-04-26,2025-05-16,5471
BATCH-2025-03557,23,Memory,7821,2025-04-05,2025-04-23,7743
BATCH-2026-03558,15,Speaker,3414,2026-01-04,2026-01-20,3340
BATCH-2024-03559,43,Sensor,2379,2024-11-28,2024-12-12,2279
BATCH-2026-03560,34,Speaker,7892,2026-02-26,2026-03-11,7405
BATCH-2025-03561,33,Memory,5788,2025-09-29,2025-10-12,5691
BATCH-2026-03562,17,Sensor,4211,2026-02-21,2026-03-12,4079
BATCH-2025-03563,34,Charger,590,2025-02-05,2025-02-25,577
BATCH-2025-03564,22,Speaker,7632,2025-06-02,2025-06-08,7556
BATCH-2025-03565,6,Camera,119,2025-08-28,2025-09-04,114
BATCH-2025-03566,10,Sensor,9488,2025-07-03,2025-07-11,8983
BATCH-2025-03567,30,Charger,6576,2025-10-30,2025-11-05,6150
BATCH-2025-03568,36,Speaker,4503,2025-02-27,2025-03-05,4410
BATCH-2026-03569,11,Connector,3508,2026-06-30,2026-07-17,3378
BATCH-2025-03570,14,Charger,1496,2025-04-23,2025-05-07,1434
BATCH-2024-03571,3,Battery,4184,2024-11-25,2024-11-30,4142
BATCH-2026-03572,33,Memory,5771,2026-01-18,2026-02-07,5713
BATCH-2024-03573,49,Processor,9623,2024-12-31,2025-01-06,9077
BATCH-2024-03574,6,Power IC,7472,2024-09-29,2024-10-08,7149
BATCH-2025-03575,38,Power IC,2178,2025-04-25,2025-05-14,1993
BATCH-2026-03576,29,Battery,2984,2026-02-05,2026-02-18,2885
BATCH-2026-03577,17,Motherboard,8992,2026-04-04,2026-04-23,8634
BATCH-2025-03578,27,Sensor,7217,2025-03-18,2025-04-03,6888
BATCH-2026-03579,21,Connector,2221,2026-05-15,2026-05-21,2132
BATCH-2025-03580,12,Fan,3517,2025-03-13,2025-03-22,3482
BATCH-2026-03581,25,Camera,8746,2026-01-10,2026-01-21,8395
BATCH-2024-03582,26,PCB,2658,2024-10-09,2024-10-22,2482
BATCH-2025-03583,16,Connector,6000,2025-03-06,2025-03-24,5745
BATCH-2026-03584,15,Speaker,349,2026-04-28,2026-05-18,324
BATCH-2026-03585,47,Display,4135,2026-06-15,2026-06-22,3934
BATCH-2025-03586,34,Microcontroller,6525,2025-05-09,2025-05-28,6256
BATCH-2026-03587,20,Camera,6460,2026-06-08,2026-06-13,6395
BATCH-2025-03588,40,Speaker,3208,2025-01-02,2025-01-22,3018
BATCH-2026-03589,37,Motherboard,8113,2026-06-24,2026-07-13,7716
BATCH-2026-03590,9,Power IC,5852,2026-06-05,2026-06-23,5667
BATCH-2025-03591,35,PCB,9826,2025-05-26,2025-06-12,9104
BATCH-2025-03592,21,Camera,9124,2025-01-24,2025-01-31,8631
BATCH-2026-03593,29,Battery,5036,2026-07-27,2026-08-02,4986
BATCH-2025-03594,40,Fan,3048,2025-10-04,2025-10-15,2915
BATCH-2025-03595,23,PCB,5586,2025-11-04,2025-11-21,5420
BATCH-2025-03596,22,Fan,4633,2025-10-30,2025-11-06,4587
BATCH-2025-03597,32,Charger,2960,2025-12-02,2025-12-13,2809
BATCH-2025-03598,7,Display,2769,2025-03-10,2025-03-26,2666
BATCH-2024-03599,14,Sensor,7717,2024-10-26,2024-11-14,7540
BATCH-2025-03600,17,Camera,4744,2025-12-19,2026-01-05,4687
BATCH-2025-03601,20,Motherboard,6432,2025-11-18,2025-12-01,6368
BATCH-2025-03602,26,Power IC,3425,2025-09-10,2025-09-26,3311
BATCH-2025-03603,34,Motherboard,426,2025-04-02,2025-04-10,411
BATCH-2026-03604,33,Battery,5005,2026-08-25,2026-08-30,4955
BATCH-2026-03605,14,Power IC,7315,2026-06-18,2026-06-23,7197
BATCH-2025-03606,3,Camera,6404,2025-03-30,2025-04-18,6049
BATCH-2025-03607,27,Display,6088,2025-01-03,2025-01-16,6027
BATCH-2025-03608,32,Charger,9291,2025-02-26,2025-03-17,8705
BATCH-2026-03609,42,Charger,5642,2026-02-23,2026-03-01,5586
BATCH-2026-03610,34,Fan,2729,2026-06-18,2026-06-26,2546
BATCH-2026-03611,45,Microcontroller,7724,2026-05-28,2026-06-14,7358
BATCH-2026-03612,15,Charger,2003,2026-02-18,2026-02-27,1908
BATCH-2026-03613,32,Power IC,5295,2026-01-10,2026-01-30,5242
BATCH-2025-03614,42,Microcontroller,1684,2025-06-07,2025-06-23,1656
BATCH-2025-03615,24,Connector,7415,2025-09-29,2025-10-06,7201
BATCH-2025-03616,3,Fan,2784,2025-12-25,2026-01-01,2692
BATCH-2025-03617,33,Charger,7502,2025-09-18,2025-09-26,7427
BATCH-2025-03618,50,Processor,4174,2025-09-28,2025-10-17,3880
BATCH-2025-03619,26,Battery,4791,2025-10-13,2025-10-26,4519
BATCH-2026-03620,22,Memory,515,2026-03-12,2026-03-26,510
BATCH-2025-03621,9,Microcontroller,9905,2025-01-02,2025-01-10,9604
BATCH-2025-03622,13,Camera,6343,2025-03-14,2025-03-19,6112
BATCH-2025-03623,43,Motherboard,1924,2025-11-06,2025-11-14,1839
BATCH-2025-03624,29,PCB,2487,2025-02-04,2025-02-11,2321
BATCH-2025-03625,33,Fan,994,2025-03-30,2025-04-15,976
BATCH-2025-03626,35,Sensor,1802,2025-10-13,2025-11-01,1667
BATCH-2026-03627,37,Processor,9836,2026-04-06,2026-04-17,9600
BATCH-2025-03628,19,PCB,8019,2025-02-14,2025-02-21,7640
BATCH-2024-03629,37,Charger,4876,2024-12-03,2024-12-15,4827
BATCH-2025-03630,35,Sensor,8680,2025-12-02,2025-12-21,8593
BATCH-2025-03631,3,Charger,4323,2025-03-09,2025-03-29,4227
BATCH-2025-03632,45,Motherboard,7107,2025-09-03,2025-09-21,6789
BATCH-2025-03633,1,Display,2068,2025-12-18,2026-01-05,2018
BATCH-2024-03634,30,Display,5889,2024-12-29,2025-01-15,5830
BATCH-2026-03635,2,Camera,232,2026-03-01,2026-03-13,230
BATCH-2024-03636,40,Motherboard,1561,2024-12-12,2024-12-31,1529
BATCH-2025-03637,32,Speaker,2741,2025-05-04,2025-05-17,2674
BATCH-2026-03638,2,Battery,2929,2026-09-05,2026-09-14,2872
BATCH-2025-03639,11,Microcontroller,114,2025-09-20,2025-10-04,110
BATCH-2026-03640,42,Memory,6376,2026-08-23,2026-09-05,6312
BATCH-2025-03641,26,Battery,1983,2025-02-14,2025-03-02,1963
BATCH-2025-03642,48,Fan,6383,2025-11-08,2025-11-13,6319
BATCH-2025-03643,31,Power IC,5187,2025-10-25,2025-11-05,5135
BATCH-2025-03644,29,Speaker,7450,2025-01-07,2025-01-27,7293
BATCH-2025-03645,18,Charger,3583,2025-05-11,2025-05-22,3298
BATCH-2024-03646,39,Camera,6800,2024-10-31,2024-11-12,6372
BATCH-2025-03647,4,PCB,2773,2025-09-28,2025-10-12,2693
BATCH-2025-03648,24,Motherboard,5207,2025-02-22,2025-03-03,4942
BATCH-2024-03649,49,Connector,4012,2024-12-21,2025-01-03,3845
BATCH-2026-03650,12,Camera,9172,2026-05-06,2026-05-15,8995
BATCH-2026-03651,19,Connector,8241,2026-08-25,2026-09-10,7840
BATCH-2025-03652,43,Fan,6176,2025-03-09,2025-03-26,5849
BATCH-2026-03653,45,Sensor,6598,2026-03-06,2026-03-25,6532
BATCH-2026-03654,30,Charger,654,2026-02-10,2026-02-20,624
BATCH-2026-03655,17,Connector,966,2026-05-16,2026-05-30,940
BATCH-2026-03656,43,Fan,788,2026-06-15,2026-06-30,740
BATCH-2024-03657,27,Camera,1336,2024-11-14,2024-11-23,1267
BATCH-2025-03658,38,Microcontroller,4005,2025-05-18,2025-06-03,3790
BATCH-2025-03659,40,Processor,1953,2025-12-20,2026-01-05,1823
BATCH-2025-03660,11,Speaker,4297,2025-08-15,2025-08-26,4254
BATCH-2025-03661,9,PCB,4290,2025-06-22,2025-07-10,4066
BATCH-2026-03662,45,Connector,8414,2026-01-21,2026-02-03,8100
BATCH-2026-03663,2,Speaker,9197,2026-04-15,2026-04-24,8954
BATCH-2025-03664,25,PCB,5817,2025-09-17,2025-10-01,5668
BATCH-2025-03665,31,Connector,8243,2025-08-14,2025-09-03,8161
BATCH-2026-03666,31,Charger,2681,2026-05-21,2026-05-29,2572
BATCH-2025-03667,44,Speaker,5258,2025-08-11,2025-08-26,5205
BATCH-2026-03668,20,Battery,8923,2026-03-18,2026-03-30,8376
BATCH-2024-03669,30,Display,5429,2024-12-05,2024-12-20,4949
BATCH-2025-03670,4,Display,4782,2025-02-11,2025-02-19,4734
BATCH-2025-03671,21,Processor,3075,2025-06-01,2025-06-17,2975
BATCH-2026-03672,6,Speaker,144,2026-05-09,2026-05-25,138
BATCH-2024-03673,42,Power IC,8401,2024-11-27,2024-12-12,8317
BATCH-2025-03674,50,Memory,4735,2025-04-25,2025-05-01,4448
BATCH-2026-03675,21,Microcontroller,1920,2026-04-09,2026-04-21,1901
BATCH-2025-03676,32,Speaker,9782,2025-05-28,2025-06-03,9436
BATCH-2025-03677,15,PCB,2032,2025-01-01,2025-01-06,1930
BATCH-2026-03678,20,Sensor,2510,2026-04-25,2026-04-30,2457
BATCH-2025-03679,43,Connector,789,2025-10-25,2025-11-03,741
BATCH-2025-03680,16,Camera,5954,2025-10-17,2025-11-06,5894
BATCH-2026-03681,2,Processor,146,2026-04-11,2026-04-27,142
BATCH-2024-03682,42,Battery,6291,2024-09-24,2024-10-09,6224
BATCH-2025-03683,37,Memory,9448,2025-03-14,2025-03-22,8834
BATCH-2026-03684,1,Processor,4968,2026-02-28,2026-03-17,4918
BATCH-2025-03685,47,Microcontroller,9283,2025-08-03,2025-08-14,8852
BATCH-2024-03686,22,Motherboard,6289,2024-11-02,2024-11-14,6226
BATCH-2024-03687,23,Charger,749,2024-12-22,2025-01-08,729
BATCH-2025-03688,44,Memory,3575,2025-08-13,2025-08-29,3539
BATCH-2025-03689,18,Motherboard,5298,2025-06-29,2025-07-11,5075
BATCH-2025-03690,27,Speaker,1831,2025-10-11,2025-10-28,1790
BATCH-2025-03691,49,Processor,7582,2025-01-18,2025-02-06,7045
BATCH-2025-03692,21,Battery,3698,2025-09-19,2025-10-05,3661
BATCH-2026-03693,25,Charger,3437,2026-04-25,2026-05-10,3286
BATCH-2026-03694,7,Charger,1065,2026-09-16,2026-09-21,1054
BATCH-2026-03695,26,Display,4979,2026-05-21,2026-06-04,4875
BATCH-2026-03696,28,Connector,5426,2026-07-05,2026-07-20,5358
BATCH-2025-03697,24,Memory,1839,2025-06-26,2025-07-14,1752
BATCH-2026-03698,47,Microcontroller,2065,2026-06-04,2026-06-18,1994
BATCH-2024-03699,7,Memory,7628,2024-12-17,2024-12-30,7552
BATCH-2026-03700,33,Display,3518,2026-08-13,2026-08-26,3483
BATCH-2024-03701,30,Microcontroller,586,2024-12-06,2024-12-17,551
BATCH-2025-03702,11,Power IC,8276,2025-04-29,2025-05-15,8093
BATCH-2026-03703,43,Battery,6882,2026-03-19,2026-04-06,6527
BATCH-2025-03704,21,Sensor,9643,2025-01-11,2025-01-18,9381
BATCH-2026-03705,23,Camera,1795,2026-03-10,2026-03-20,1770
BATCH-2025-03706,39,Camera,6619,2025-04-13,2025-05-02,6553
BATCH-2025-03707,24,Connector,4587,2025-08-06,2025-08-18,4492
BATCH-2026-03708,45,Processor,325,2026-02-04,2026-02-12,318
BATCH-2025-03709,7,Battery,886,2025-04-14,2025-04-20,848
BATCH-2024-03710,32,Memory,3101,2024-11-15,2024-11-27,2897
BATCH-2025-03711,40,Microcontroller,657,2025-01-15,2025-01-24,646
BATCH-2024-03712,43,Memory,1378,2024-10-18,2024-10-24,1315
BATCH-2025-03713,47,Charger,2641,2025-03-08,2025-03-28,2482
BATCH-2024-03714,48,Battery,9296,2024-09-18,2024-09-25,9203
BATCH-2025-03715,6,Power IC,359,2025-04-03,2025-04-18,355
BATCH-2026-03716,10,Power IC,855,2026-03-06,2026-03-23,846
BATCH-2025-03717,12,Microcontroller,7322,2025-01-29,2025-02-03,7249
BATCH-2025-03718,18,Sensor,8365,2025-08-11,2025-08-16,8052
BATCH-2024-03719,49,PCB,1551,2024-09-18,2024-10-01,1494
BATCH-2025-03720,27,PCB,4186,2025-05-20,2025-05-31,4083
BATCH-2025-03721,29,Fan,281,2025-10-14,2025-10-30,278
BATCH-2026-03722,46,PCB,3576,2026-03-16,2026-03-28,3440
BATCH-2025-03723,9,PCB,2243,2025-02-01,2025-02-20,2131
BATCH-2025-03724,47,Connector,6157,2025-12-06,2025-12-19,6070
BATCH-2026-03725,44,Speaker,3913,2026-01-09,2026-01-17,3790
BATCH-2026-03726,11,Processor,3611,2026-09-06,2026-09-21,3461
BATCH-2026-03727,3,Battery,1012,2026-03-08,2026-03-25,995
BATCH-2025-03728,23,Motherboard,6759,2025-08-16,2025-08-31,6243
BATCH-2024-03729,46,Battery,6704,2024-12-07,2024-12-18,6208
BATCH-2025-03730,34,Connector,1234,2025-12-18,2025-12-25,1164
BATCH-2025-03731,49,Microcontroller,885,2025-01-10,2025-01-26,868
BATCH-2024-03732,15,Battery,9637,2024-10-26,2024-11-03,9251
BATCH-2026-03733,28,Display,2564,2026-03-27,2026-04-09,2464
BATCH-2026-03734,1,Processor,2548,2026-08-01,2026-08-17,2518
BATCH-2026-03735,18,Sensor,4589,2026-02-08,2026-02-15,4400
BATCH-2025-03736,3,Battery,3676,2025-12-19,2025-12-26,3443
BATCH-2025-03737,27,Charger,6708,2025-02-09,2025-02-15,6550
BATCH-2024-03738,26,Motherboard,4391,2024-12-29,2025-01-09,4165
BATCH-2025-03739,36,Charger,6037,2025-12-16,2025-12-31,5689
BATCH-2026-03740,45,Camera,6237,2026-06-12,2026-07-02,6048
BATCH-2025-03741,41,Microcontroller,375,2025-05-02,2025-05-12,355
BATCH-2025-03742,29,Processor,136,2025-08-12,2025-09-01,127
BATCH-2026-03743,14,Microcontroller,6672,2026-01-07,2026-01-15,6316
BATCH-2026-03744,46,Microcontroller,5722,2026-06-13,2026-07-03,5461
BATCH-2026-03745,30,Memory,3413,2026-01-09,2026-01-18,3256
BATCH-2026-03746,10,Microcontroller,2642,2026-04-24,2026-05-05,2570
BATCH-2026-03747,42,Memory,4552,2026-01-11,2026-01-28,4503
BATCH-2024-03748,33,Fan,9667,2024-11-23,2024-12-12,9570
BATCH-2026-03749,33,Battery,180,2026-08-07,2026-08-26,175
BATCH-2026-03750,9,Memory,3244,2026-03-20,2026-04-03,3212
BATCH-2026-03751,24,Processor,6000,2026-04-08,2026-04-20,5932
BATCH-2026-03752,9,Motherboard,3288,2026-08-16,2026-08-26,3210
BATCH-2025-03753,31,Processor,855,2025-02-08,2025-02-26,841
BATCH-2025-03754,2,Power IC,9839,2025-02-25,2025-03-12,9363
BATCH-2025-03755,6,Fan,4218,2025-03-23,2025-04-12,4086
BATCH-2026-03756,4,Speaker,2677,2026-06-23,2026-07-05,2650
BATCH-2025-03757,15,Charger,1487,2025-09-08,2025-09-20,1382
BATCH-2026-03758,20,Battery,508,2026-06-08,2026-06-14,483
BATCH-2024-03759,8,Processor,8440,2024-10-31,2024-11-17,8311
BATCH-2025-03760,8,Power IC,8300,2025-04-23,2025-05-10,8217
BATCH-2026-03761,46,Motherboard,2769,2026-03-11,2026-03-30,2741
BATCH-2024-03762,45,Motherboard,7391,2024-12-24,2025-01-10,6944
BATCH-2024-03763,17,Battery,2891,2024-11-18,2024-11-30,2862
BATCH-2026-03764,21,Power IC,1776,2026-06-04,2026-06-09,1754
BATCH-2025-03765,21,Microcontroller,5301,2025-06-21,2025-07-09,5094
BATCH-2024-03766,13,Charger,3083,2024-09-25,2024-10-10,3039
BATCH-2025-03767,33,Processor,8789,2025-09-26,2025-10-12,8384
BATCH-2026-03768,2,Connector,9365,2026-01-05,2026-01-24,9091
BATCH-2026-03769,50,Motherboard,1978,2026-04-19,2026-04-30,1891
BATCH-2025-03770,44,Charger,4563,2025-12-22,2025-12-30,4410
BATCH-2025-03771,17,Speaker,2722,2025-07-29,2025-08-12,2586
BATCH-2025-03772,13,Microcontroller,5007,2025-05-26,2025-06-15,4871
BATCH-2026-03773,10,Fan,5329,2026-04-05,2026-04-23,5197
BATCH-2024-03774,6,Sensor,3973,2024-12-02,2024-12-16,3690
BATCH-2025-03775,1,Camera,1927,2025-08-24,2025-08-30,1850
BATCH-2024-03776,19,Sensor,843,2024-10-19,2024-10-31,820
BATCH-2024-03777,17,Power IC,4765,2024-12-11,2024-12-22,4641
BATCH-2024-03778,10,Charger,2428,2024-12-25,2025-01-10,2356
BATCH-2025-03779,32,Camera,9179,2025-04-24,2025-04-30,8970
BATCH-2025-03780,45,Fan,2513,2025-04-03,2025-04-16,2413
BATCH-2026-03781,40,PCB,1297,2026-09-11,2026-09-18,1232
BATCH-2024-03782,27,Display,3496,2024-10-10,2024-10-30,3350
BATCH-2026-03783,11,Battery,3963,2026-08-26,2026-09-07,3923
BATCH-2025-03784,49,Fan,3547,2025-09-19,2025-10-04,3239
BATCH-2025-03785,9,Sensor,6681,2025-05-17,2025-06-04,6569
BATCH-2024-03786,16,Speaker,1268,2024-12-31,2025-01-17,1255
BATCH-2026-03787,14,Connector,427,2026-05-20,2026-05-26,410
BATCH-2026-03788,21,Processor,9488,2026-08-03,2026-08-10,9201
BATCH-2025-03789,21,Processor,1445,2025-07-16,2025-07-29,1431
BATCH-2025-03790,32,Camera,5393,2025-05-10,2025-05-18,5311
BATCH-2026-03791,24,Display,801,2026-04-22,2026-05-12,793
BATCH-2024-03792,30,Camera,641,2024-12-30,2025-01-11,630
BATCH-2026-03793,35,Camera,2934,2026-01-25,2026-02-02,2721
BATCH-2025-03794,4,Display,7402,2025-10-11,2025-10-18,7328
BATCH-2026-03795,34,Speaker,8314,2026-03-04,2026-03-20,8093
BATCH-2025-03796,3,Camera,4517,2025-04-16,2025-04-30,4446
BATCH-2026-03797,18,Speaker,5246,2026-03-23,2026-03-30,4992
BATCH-2026-03798,48,Memory,1714,2026-05-05,2026-05-14,1661
BATCH-2026-03799,44,Connector,6113,2026-06-16,2026-06-23,6002
BATCH-2024-03800,18,Display,5274,2024-10-06,2024-10-26,5221
BATCH-2026-03801,9,Motherboard,5255,2026-05-12,2026-06-01,5202
BATCH-2025-03802,21,Power IC,4380,2025-04-24,2025-05-03,4281
BATCH-2026-03803,23,Display,8820,2026-02-16,2026-03-07,8540
BATCH-2026-03804,42,Speaker,5708,2026-07-24,2026-08-01,5598
BATCH-2024-03805,9,Speaker,1551,2024-12-24,2025-01-04,1496
BATCH-2025-03806,40,Camera,8204,2025-07-31,2025-08-10,8122
BATCH-2025-03807,18,Motherboard,3342,2025-09-25,2025-10-10,3137
BATCH-2025-03808,11,Charger,3467,2025-11-22,2025-11-28,3432
BATCH-2025-03809,49,Power IC,5827,2025-12-07,2025-12-25,5571
BATCH-2026-03810,42,Memory,2314,2026-08-30,2026-09-08,2291
BATCH-2024-03811,31,Motherboard,5091,2024-12-04,2024-12-10,4862
BATCH-2025-03812,31,Display,7877,2025-08-19,2025-08-25,7798
BATCH-2025-03813,50,Fan,1150,2025-11-09,2025-11-14,1132
BATCH-2025-03814,23,Display,9035,2025-03-05,2025-03-14,8803
BATCH-2026-03815,5,Display,8549,2026-09-01,2026-09-13,8113
BATCH-2025-03816,9,Speaker,1056,2025-12-30,2026-01-16,979
BATCH-2025-03817,50,Charger,1210,2025-05-13,2025-05-22,1165
BATCH-2024-03818,14,Charger,7896,2024-10-29,2024-11-03,7768
BATCH-2024-03819,42,Fan,8654,2024-12-13,2024-12-24,8164
BATCH-2025-03820,27,Power IC,8541,2025-03-25,2025-04-10,8297
BATCH-2026-03821,33,Processor,2834,2026-04-20,2026-05-02,2727
BATCH-2025-03822,19,Microcontroller,7418,2025-06-07,2025-06-18,7018
BATCH-2026-03823,14,Connector,9903,2026-06-15,2026-06-21,9317
BATCH-2025-03824,17,Connector,9596,2025-01-31,2025-02-15,9343
BATCH-2025-03825,44,PCB,8300,2025-07-15,2025-07-20,8217
BATCH-2025-03826,50,Sensor,2877,2025-01-23,2025-02-02,2717
BATCH-2025-03827,48,Speaker,2308,2025-12-28,2026-01-13,2159
BATCH-2025-03828,27,Sensor,4775,2025-02-23,2025-03-12,4714
BATCH-2024-03829,11,Memory,7967,2024-10-18,2024-11-01,7838
BATCH-2025-03830,33,Fan,1336,2025-11-08,2025-11-25,1323
BATCH-2026-03831,50,Charger,4463,2026-05-12,2026-05-24,3955
BATCH-2025-03832,18,Microcontroller,6217,2025-01-31,2025-02-05,5942
BATCH-2025-03833,11,Camera,1150,2025-02-10,2025-02-27,1124
BATCH-2026-03834,33,Speaker,9694,2026-07-23,2026-08-03,9597
BATCH-2025-03835,45,Fan,2309,2025-09-08,2025-09-16,2144
BATCH-2025-03836,31,Microcontroller,8727,2025-01-29,2025-02-05,8640
BATCH-2024-03837,21,Microcontroller,4536,2024-09-24,2024-10-14,4171
BATCH-2026-03838,36,Power IC,5570,2026-08-20,2026-09-06,5514
BATCH-2025-03839,49,Processor,3042,2025-12-10,2025-12-29,2859
BATCH-2025-03840,36,Display,8940,2025-10-11,2025-10-23,8543
BATCH-2026-03841,13,PCB,2915,2026-08-07,2026-08-25,2856
BATCH-2024-03842,5,Sensor,2228,2024-10-20,2024-10-25,2143
BATCH-2024-03843,16,PCB,5135,2024-12-30,2025-01-05,4862
BATCH-2025-03844,7,Processor,4123,2025-08-10,2025-08-17,4082
BATCH-2025-03845,8,PCB,9176,2025-12-16,2026-01-02,8456
BATCH-2025-03846,39,Microcontroller,4635,2025-10-19,2025-11-05,4429
BATCH-2025-03847,1,Battery,935,2025-06-23,2025-07-10,926
BATCH-2025-03848,17,Power IC,9545,2025-05-06,2025-05-18,8721
BATCH-2025-03849,20,Display,9380,2025-12-07,2025-12-12,8854
BATCH-2026-03850,28,Battery,4182,2026-09-08,2026-09-25,4127
BATCH-2026-03851,39,Power IC,5287,2026-07-26,2026-08-06,5234
BATCH-2025-03852,32,Memory,8773,2025-05-19,2025-06-07,8064
BATCH-2025-03853,9,Battery,3089,2025-10-24,2025-11-11,2873
BATCH-2025-03854,50,Power IC,3376,2025-03-15,2025-03-28,3213
BATCH-2025-03855,6,Battery,2178,2025-01-04,2025-01-11,2156
BATCH-2026-03856,2,Battery,3322,2026-08-29,2026-09-05,3279
BATCH-2025-03857,37,Charger,3313,2025-07-01,2025-07-08,3264
BATCH-2024-03858,16,Power IC,6915,2024-12-30,2025-01-05,6626
BATCH-2025-03859,49,Battery,1396,2025-05-17,2025-05-27,1382
BATCH-2024-03860,9,Memory,2508,2024-11-27,2024-12-02,2483
BATCH-2024-03861,14,Charger,5835,2024-11-26,2024-12-10,5336
BATCH-2025-03862,27,Processor,7754,2025-06-15,2025-06-20,7676
BATCH-2025-03863,48,Microcontroller,5436,2025-01-12,2025-01-28,5367
BATCH-2025-03864,11,Charger,9801,2025-09-28,2025-10-09,9703
BATCH-2025-03865,14,Battery,1271,2025-12-30,2026-01-18,1198
BATCH-2025-03866,13,Battery,977,2025-12-27,2026-01-09,909
BATCH-2026-03867,10,Speaker,6691,2026-03-17,2026-03-23,6274
BATCH-2026-03868,43,Fan,4648,2026-04-14,2026-04-29,4408
BATCH-2025-03869,5,Fan,7836,2025-12-11,2025-12-20,7578
BATCH-2025-03870,22,Power IC,7604,2025-06-25,2025-07-13,7528
BATCH-2025-03871,34,Memory,3813,2025-06-15,2025-06-25,3700
BATCH-2025-03872,48,Microcontroller,5482,2025-12-28,2026-01-11,5294
BATCH-2025-03873,46,Speaker,8511,2025-10-26,2025-11-12,7879
BATCH-2026-03874,44,Speaker,4478,2026-04-06,2026-04-13,4433
BATCH-2025-03875,45,Power IC,5305,2025-10-05,2025-10-18,5252
BATCH-2025-03876,45,Memory,2945,2025-01-16,2025-02-03,2859
BATCH-2025-03877,20,Connector,7803,2025-02-05,2025-02-10,7161
BATCH-2026-03878,22,Battery,5244,2026-08-07,2026-08-16,5173
BATCH-2025-03879,15,Speaker,3809,2025-12-15,2025-12-20,3653
BATCH-2026-03880,34,Fan,3431,2026-02-09,2026-02-19,3397
BATCH-2025-03881,46,Connector,3243,2025-12-04,2025-12-22,3110
BATCH-2025-03882,27,Motherboard,3754,2025-03-19,2025-03-30,3716
BATCH-2025-03883,16,Battery,3223,2025-11-25,2025-12-03,3112
BATCH-2025-03884,20,Memory,7242,2025-10-02,2025-10-07,6776
BATCH-2025-03885,26,Speaker,7641,2025-11-01,2025-11-15,7383
BATCH-2026-03886,12,Charger,6321,2026-07-27,2026-08-08,6144
BATCH-2025-03887,34,Camera,2884,2025-12-27,2026-01-05,2815
BATCH-2026-03888,13,Camera,578,2026-04-01,2026-04-12,572
BATCH-2025-03889,16,Power IC,1328,2025-05-07,2025-05-23,1275
BATCH-2026-03890,39,Processor,5607,2026-02-06,2026-02-20,5377
BATCH-2025-03891,12,Processor,4676,2025-05-01,2025-05-07,4629
BATCH-2026-03892,31,Connector,998,2026-02-14,2026-03-02,988
BATCH-2025-03893,19,Speaker,8002,2025-09-29,2025-10-16,7658
BATCH-2026-03894,49,Sensor,8399,2026-06-17,2026-06-26,8040
BATCH-2026-03895,12,Microcontroller,457,2026-07-14,2026-07-29,452
BATCH-2026-03896,16,Display,1043,2026-04-17,2026-05-02,1033
BATCH-2025-03897,34,Speaker,3686,2025-07-15,2025-07-21,3649
BATCH-2026-03898,1,Fan,519,2026-09-10,2026-09-21,493
BATCH-2026-03899,18,Motherboard,3408,2026-04-16,2026-05-06,3259
BATCH-2026-03900,41,Display,5134,2026-06-14,2026-06-20,4725
BATCH-2025-03901,3,Motherboard,100,2025-12-08,2025-12-21,99
BATCH-2026-03902,38,Connector,7638,2026-08-15,2026-08-23,7296
BATCH-2025-03903,16,Camera,8332,2025-09-12,2025-09-26,8142
BATCH-2025-03904,25,Motherboard,3681,2025-10-05,2025-10-12,3547
BATCH-2025-03905,7,Fan,9597,2025-05-07,2025-05-16,9501
BATCH-2025-03906,26,Display,4580,2025-02-02,2025-02-20,4485
BATCH-2025-03907,42,Sensor,1927,2025-01-10,2025-01-24,1833
BATCH-2026-03908,7,Connector,8291,2026-02-02,2026-02-09,8159
BATCH-2025-03909,11,Connector,4013,2025-07-25,2025-08-06,3923
BATCH-2024-03910,45,Charger,5296,2024-12-04,2024-12-13,5003
BATCH-2026-03911,49,Camera,1699,2026-04-10,2026-04-16,1679
BATCH-2025-03912,17,PCB,2032,2025-07-18,2025-07-30,1938
BATCH-2025-03913,27,Memory,212,2025-11-08,2025-11-22,207
BATCH-2026-03914,50,Charger,6989,2026-07-08,2026-07-15,6757
BATCH-2026-03915,28,Fan,4257,2026-06-27,2026-07-12,4193
BATCH-2025-03916,24,Charger,7569,2025-08-25,2025-09-05,7493
BATCH-2025-03917,41,Connector,4774,2025-10-31,2025-11-15,4491
BATCH-2025-03918,17,Memory,6513,2025-10-19,2025-11-01,6193
BATCH-2025-03919,5,Microcontroller,8880,2025-07-15,2025-07-28,8639
BATCH-2025-03920,23,Motherboard,3714,2025-06-23,2025-07-08,3669
BATCH-2024-03921,9,Fan,3732,2024-12-01,2024-12-21,3635
BATCH-2025-03922,50,Motherboard,755,2025-04-22,2025-05-05,708
BATCH-2026-03923,1,Microcontroller,6183,2026-03-23,2026-04-03,5939
BATCH-2026-03924,26,Speaker,9960,2026-04-08,2026-04-23,9593
BATCH-2025-03925,48,Connector,5540,2025-05-12,2025-05-20,5485
BATCH-2026-03926,36,Power IC,8497,2026-08-03,2026-08-16,8284
BATCH-2026-03927,45,Sensor,5691,2026-03-28,2026-04-09,5593
BATCH-2025-03928,21,Sensor,3338,2025-11-27,2025-12-13,3249
BATCH-2025-03929,40,Motherboard,4548,2025-05-26,2025-06-09,4380
BATCH-2025-03930,36,Processor,675,2025-07-26,2025-08-12,627
BATCH-2026-03931,36,Processor,8846,2026-08-10,2026-08-28,8368
BATCH-2026-03932,23,Battery,7903,2026-08-23,2026-09-11,7824
BATCH-2025-03933,42,Microcontroller,3667,2025-12-21,2026-01-08,3576
BATCH-2026-03934,12,Connector,7544,2026-08-02,2026-08-09,7302
BATCH-2026-03935,30,Battery,6076,2026-06-19,2026-06-29,5754
BATCH-2026-03936,25,Memory,9588,2026-03-23,2026-04-03,9492
BATCH-2026-03937,4,Camera,2458,2026-04-25,2026-05-13,2418
BATCH-2025-03938,41,Charger,339,2025-03-25,2025-04-05,328
BATCH-2025-03939,44,PCB,1667,2025-03-27,2025-04-08,1568
BATCH-2026-03940,48,Charger,9098,2026-08-16,2026-08-30,8728
BATCH-2026-03941,7,PCB,3199,2026-02-12,2026-02-21,3119
BATCH-2024-03942,49,Sensor,681,2024-12-26,2025-01-15,655
BATCH-2024-03943,6,Motherboard,3384,2024-09-18,2024-09-23,3350
BATCH-2026-03944,28,Microcontroller,3875,2026-03-07,2026-03-15,3826
BATCH-2025-03945,39,Sensor,513,2025-03-18,2025-03-28,481
BATCH-2025-03946,24,Microcontroller,7140,2025-05-03,2025-05-18,6727
BATCH-2026-03947,12,Processor,8439,2026-05-18,2026-05-29,8216
BATCH-2025-03948,44,Fan,9602,2025-07-01,2025-07-16,9354
BATCH-2026-03949,16,Sensor,5984,2026-04-15,2026-05-01,5924
BATCH-2026-03950,48,Power IC,4216,2026-07-16,2026-07-27,4090
BATCH-2026-03951,25,Connector,2658,2026-05-10,2026-05-27,2592
BATCH-2026-03952,36,Charger,5622,2026-09-08,2026-09-18,5388
BATCH-2026-03953,46,Motherboard,5231,2026-03-05,2026-03-10,5007
BATCH-2025-03954,38,Charger,6936,2025-03-12,2025-03-20,6382
BATCH-2026-03955,38,Power IC,6237,2026-02-01,2026-02-16,5883
BATCH-2025-03956,46,Battery,8469,2025-06-16,2025-06-25,8190
BATCH-2026-03957,26,PCB,7512,2026-02-27,2026-03-12,7080
BATCH-2024-03958,44,Charger,2836,2024-09-18,2024-10-08,2720
BATCH-2024-03959,40,Sensor,1535,2024-10-22,2024-11-08,1520
BATCH-2025-03960,16,Sensor,9514,2025-10-22,2025-11-09,9367
BATCH-2025-03961,10,Processor,9918,2025-09-30,2025-10-10,9484
BATCH-2025-03962,19,Fan,1148,2025-06-25,2025-07-02,1130
BATCH-2025-03963,20,Motherboard,5745,2025-06-23,2025-07-07,5213
BATCH-2025-03964,22,Connector,9606,2025-08-22,2025-09-08,9438
BATCH-2026-03965,28,Motherboard,4671,2026-02-25,2026-03-02,4624
BATCH-2026-03966,35,Processor,5712,2026-04-11,2026-04-23,5482
BATCH-2025-03967,50,Camera,5341,2025-06-04,2025-06-20,5280
BATCH-2025-03968,22,Power IC,5049,2025-03-25,2025-03-31,4983
BATCH-2026-03969,31,Connector,8555,2026-02-16,2026-02-27,8333
BATCH-2025-03970,17,Processor,935,2025-05-28,2025-06-09,926
BATCH-2025-03971,16,Sensor,3044,2025-11-11,2025-11-22,3014
BATCH-2025-03972,47,Memory,407,2025-12-16,2025-12-27,400
BATCH-2026-03973,3,Camera,7765,2026-07-25,2026-08-07,7687
BATCH-2025-03974,27,Sensor,2492,2025-09-01,2025-09-20,2467
BATCH-2025-03975,26,Fan,1780,2025-05-10,2025-05-19,1753
BATCH-2025-03976,39,Battery,3907,2025-01-08,2025-01-24,3868
BATCH-2025-03977,12,Sensor,5088,2025-09-14,2025-09-26,5037
BATCH-2025-03978,12,Display,723,2025-10-05,2025-10-23,716
BATCH-2025-03979,43,Speaker,3101,2025-04-05,2025-04-24,2935
BATCH-2025-03980,24,Camera,4061,2025-05-28,2025-06-10,3953
BATCH-2025-03981,25,Microcontroller,8299,2025-05-18,2025-05-23,8168
BATCH-2025-03982,30,Connector,2973,2025-05-23,2025-06-10,2891
BATCH-2025-03983,12,PCB,5489,2025-11-07,2025-11-15,5434
BATCH-2025-03984,37,Sensor,6013,2025-08-28,2025-09-17,5908
BATCH-2025-03985,43,PCB,3545,2025-09-22,2025-09-27,3358
BATCH-2025-03986,9,Processor,7945,2025-07-09,2025-07-23,7690
BATCH-2026-03987,7,Connector,2799,2026-07-17,2026-08-03,2771
BATCH-2025-03988,33,Memory,2802,2025-08-07,2025-08-19,2669
BATCH-2025-03989,46,Processor,9366,2025-07-09,2025-07-26,8775
BATCH-2025-03990,40,Speaker,8531,2025-07-24,2025-08-09,8166
BATCH-2025-03991,8,Sensor,5150,2025-12-17,2026-01-01,5098
BATCH-2025-03992,43,Fan,1110,2025-12-31,2026-01-10,1032
BATCH-2025-03993,31,Motherboard,2496,2025-10-19,2025-11-05,2471
BATCH-2026-03994,39,Battery,2725,2026-06-05,2026-06-19,2600
BATCH-2025-03995,49,Camera,3061,2025-09-10,2025-09-28,2915
BATCH-2025-03996,28,Fan,4664,2025-08-18,2025-08-24,4315
BATCH-2025-03997,38,PCB,4144,2025-11-09,2025-11-27,4044
BATCH-2025-03998,16,Memory,1641,2025-03-20,2025-03-30,1625
BATCH-2026-03999,41,Motherboard,9179,2026-05-21,2026-05-30,9068
BATCH-2025-04000,3,Charger,7233,2025-08-18,2025-09-06,6992
BATCH-2025-04001,13,Motherboard,5287,2025-02-03,2025-02-11,5234
BATCH-2025-04002,16,Battery,6022,2025-11-08,2025-11-21,5962
BATCH-2026-04003,49,Fan,4651,2026-03-03,2026-03-10,4595
BATCH-2024-04004,45,PCB,7600,2024-12-28,2025-01-17,7447
BATCH-2026-04005,48,Camera,2424,2026-04-20,2026-05-04,2309
BATCH-2025-04006,27,Fan,2753,2025-12-16,2025-12-26,2725
BATCH-2026-04007,28,Fan,1213,2026-01-14,2026-02-01,1192
BATCH-2025-04008,37,Connector,4332,2025-10-14,2025-10-24,4289
BATCH-2025-04009,12,Microcontroller,466,2025-07-24,2025-08-07,461
BATCH-2026-04010,49,Motherboard,3324,2026-06-07,2026-06-24,2924
BATCH-2025-04011,42,Fan,6076,2025-02-24,2025-03-07,6015
BATCH-2025-04012,40,Camera,2051,2025-08-26,2025-09-07,2030
BATCH-2025-04013,33,Power IC,3726,2025-12-25,2026-01-14,3558
BATCH-2025-04014,1,Battery,762,2025-11-24,2025-12-12,754
BATCH-2025-04015,35,Charger,3226,2025-12-07,2025-12-22,3094
BATCH-2024-04016,30,Camera,142,2024-10-17,2024-10-29,141
BATCH-2026-04017,28,Processor,532,2026-07-12,2026-07-29,521
BATCH-2026-04018,48,PCB,4632,2026-02-05,2026-02-16,4395
BATCH-2025-04019,49,Memory,2862,2025-12-08,2025-12-20,2725
BATCH-2026-04020,11,Connector,6954,2026-07-22,2026-08-05,6872
BATCH-2025-04021,12,PCB,3428,2025-12-22,2025-12-30,3394
BATCH-2025-04022,27,Microcontroller,8033,2025-10-30,2025-11-18,7635
BATCH-2026-04023,11,Connector,9085,2026-02-23,2026-03-13,8994
BATCH-2026-04024,35,Microcontroller,6402,2026-01-18,2026-01-29,6256
BATCH-2026-04025,10,Battery,7014,2026-03-15,2026-03-23,6944
BATCH-2025-04026,35,Microcontroller,1651,2025-07-09,2025-07-22,1529
BATCH-2025-04027,23,Charger,2117,2025-06-16,2025-06-27,2061
BATCH-2025-04028,45,Connector,6025,2025-04-07,2025-04-25,5710
BATCH-2024-04029,4,Fan,4764,2024-12-26,2025-01-02,4716
BATCH-2025-04030,19,Display,5653,2025-09-17,2025-10-07,5505
BATCH-2025-04031,17,Power IC,5885,2025-04-09,2025-04-19,5610
BATCH-2025-04032,47,PCB,2743,2025-02-25,2025-03-17,2691
BATCH-2024-04033,48,Connector,6785,2024-10-13,2024-10-29,6488
BATCH-2026-04034,9,Battery,4879,2026-07-22,2026-08-11,4661
BATCH-2026-04035,15,Power IC,3436,2026-02-25,2026-03-17,3325
BATCH-2026-04036,32,Battery,5825,2026-07-30,2026-08-15,5383
BATCH-2025-04037,20,Charger,9703,2025-08-19,2025-09-04,8897
BATCH-2026-04038,32,Charger,1870,2026-04-09,2026-04-29,1831
BATCH-2025-04039,23,Camera,718,2025-12-13,2025-12-31,701
BATCH-2025-04040,4,PCB,733,2025-08-01,2025-08-07,709
BATCH-2025-04041,27,PCB,9966,2025-05-25,2025-06-13,9516
BATCH-2025-04042,22,Motherboard,3091,2025-11-22,2025-12-03,3040
BATCH-2025-04043,22,Charger,9160,2025-06-28,2025-07-13,8911
BATCH-2024-04044,1,Fan,9776,2024-10-29,2024-11-16,9625
BATCH-2025-04045,5,Motherboard,5960,2025-11-10,2025-11-29,5821
BATCH-2025-04046,5,Power IC,7785,2025-10-06,2025-10-13,7630
BATCH-2025-04047,6,Display,3531,2025-08-15,2025-08-30,3434
BATCH-2025-04048,8,Battery,9682,2025-06-19,2025-07-03,9350
BATCH-2026-04049,26,Motherboard,213,2026-06-18,2026-06-25,207
BATCH-2026-04050,46,Speaker,9066,2026-06-07,2026-06-22,8916
BATCH-2024-04051,42,Fan,6389,2024-12-16,2024-12-24,6088
BATCH-2025-04052,9,PCB,2908,2025-01-16,2025-01-30,2804
BATCH-2025-04053,5,Sensor,9493,2025-10-27,2025-11-13,8674
BATCH-2026-04054,22,Memory,1096,2026-08-27,2026-09-01,1065
BATCH-2025-04055,39,Memory,4072,2025-07-12,2025-08-01,3974
BATCH-2026-04056,17,Speaker,6838,2026-01-24,2026-02-04,6657
BATCH-2026-04057,30,Fan,6757,2026-03-10,2026-03-30,6539
BATCH-2026-04058,11,Speaker,1409,2026-03-26,2026-04-03,1343
BATCH-2025-04059,14,Display,6786,2025-04-10,2025-04-28,6718
BATCH-2025-04060,45,Camera,9302,2025-03-16,2025-04-04,9096
BATCH-2025-04061,42,Power IC,6729,2025-06-21,2025-06-29,6450
BATCH-2024-04062,35,Display,113,2024-09-23,2024-09-29,109
BATCH-2025-04063,50,Display,9975,2025-11-29,2025-12-16,9875
BATCH-2025-04064,43,Speaker,4193,2025-09-12,2025-09-20,4037
BATCH-2025-04065,37,Memory,6975,2025-07-10,2025-07-18,6609
BATCH-2026-04066,48,PCB,4479,2026-02-16,2026-02-22,4432
BATCH-2026-04067,48,Charger,7206,2026-02-03,2026-02-15,6949
BATCH-2026-04068,41,Connector,542,2026-09-10,2026-09-27,524
BATCH-2025-04069,38,Speaker,9037,2025-06-16,2025-07-05,8151
BATCH-2024-04070,36,Fan,6486,2024-12-13,2024-12-20,6309
BATCH-2025-04071,11,Power IC,8648,2025-05-21,2025-06-05,8347
BATCH-2024-04072,36,Camera,6254,2024-09-20,2024-10-06,6072
BATCH-2024-04073,2,Fan,4401,2024-11-15,2024-11-28,4133
BATCH-2025-04074,29,Memory,2247,2025-12-14,2025-12-23,2159
BATCH-2025-04075,46,Power IC,3245,2025-06-12,2025-06-30,3203
BATCH-2025-04076,34,Microcontroller,6606,2025-07-07,2025-07-16,6493
BATCH-2024-04077,47,Speaker,4923,2024-12-22,2025-01-06,4817
BATCH-2025-04078,11,Fan,9367,2025-03-07,2025-03-17,9245
BATCH-2024-04079,26,Display,4386,2024-10-11,2024-10-18,4138
BATCH-2025-04080,21,Power IC,4559,2025-08-28,2025-09-15,4357
BATCH-2026-04081,35,Sensor,7851,2026-04-15,2026-05-01,7772
BATCH-2025-04082,34,Speaker,2811,2025-03-06,2025-03-19,2669
BATCH-2026-04083,21,Battery,4011,2026-05-06,2026-05-24,3962
BATCH-2024-04084,16,Microcontroller,7681,2024-10-17,2024-11-02,7491
BATCH-2025-04085,12,Fan,8719,2025-04-09,2025-04-20,8206
BATCH-2025-04086,33,Battery,2513,2025-09-18,2025-09-30,2469
BATCH-2026-04087,13,Display,5240,2026-07-27,2026-08-01,5104
BATCH-2026-04088,25,Battery,6252,2026-05-21,2026-06-05,6088
BATCH-2025-04089,23,Processor,6431,2025-12-20,2026-01-07,6367
BATCH-2024-04090,47,Processor,9687,2024-12-27,2025-01-11,9347
BATCH-2025-04091,50,Memory,1401,2025-12-05,2025-12-14,1326
BATCH-2025-04092,31,Power IC,979,2025-05-15,2025-05-29,969
BATCH-2025-04093,15,Charger,5794,2025-02-06,2025-02-19,5459
BATCH-2025-04094,41,Memory,6315,2025-12-12,2026-01-01,6146
BATCH-2025-04095,15,Camera,6472,2025-01-08,2025-01-14,6031
BATCH-2025-04096,11,Motherboard,5871,2025-02-11,2025-02-20,5650
BATCH-2025-04097,7,Power IC,3298,2025-06-07,2025-06-21,3158
BATCH-2026-04098,50,PCB,7809,2026-04-17,2026-05-04,7723
BATCH-2026-04099,46,Power IC,7141,2026-06-22,2026-06-29,6992
BATCH-2025-04100,4,Motherboard,5075,2025-09-30,2025-10-05,5024
BATCH-2025-04101,22,Processor,8046,2025-04-20,2025-05-06,7806
BATCH-2025-04102,3,PCB,8147,2025-10-20,2025-11-03,7932
BATCH-2026-04103,38,Processor,4346,2026-05-23,2026-06-04,4134
BATCH-2026-04104,8,Memory,5216,2026-02-08,2026-02-27,4875
BATCH-2026-04105,1,Motherboard,4229,2026-03-04,2026-03-10,4110
BATCH-2024-04106,27,Camera,1529,2024-11-14,2024-11-23,1514
BATCH-2025-04107,5,Microcontroller,5917,2025-05-11,2025-05-31,5858
BATCH-2024-04108,13,Battery,4900,2024-12-29,2025-01-06,4755
BATCH-2024-04109,43,Display,6344,2024-12-02,2024-12-22,5995
BATCH-2025-04110,14,Charger,3300,2025-05-07,2025-05-19,3164
BATCH-2025-04111,24,PCB,4718,2025-04-30,2025-05-10,4522
BATCH-2024-04112,37,Charger,6480,2024-12-21,2025-01-02,6289
BATCH-2026-04113,22,Microcontroller,6116,2026-04-06,2026-04-14,5951
BATCH-2025-04114,46,Display,6579,2025-12-20,2025-12-28,6376
BATCH-2026-04115,31,Memory,5964,2026-03-13,2026-04-01,5904
BATCH-2025-04116,37,Connector,5637,2025-02-09,2025-02-28,5572
BATCH-2025-04117,38,PCB,7962,2025-03-04,2025-03-13,7882
BATCH-2026-04118,27,Motherboard,9764,2026-04-16,2026-04-21,9666
BATCH-2025-04119,32,Charger,9788,2025-04-16,2025-04-28,9387
BATCH-2025-04120,41,Charger,3658,2025-12-08,2025-12-24,3621
BATCH-2025-04121,26,Battery,1892,2025-12-07,2025-12-25,1749
BATCH-2026-04122,27,Charger,7511,2026-07-05,2026-07-25,7436
BATCH-2025-04123,33,Motherboard,8365,2025-10-25,2025-11-01,7995
BATCH-2026-04124,36,Power IC,2202,2026-05-02,2026-05-07,2075
BATCH-2025-04125,35,PCB,9138,2025-01-14,2025-01-27,9047
BATCH-2024-04126,33,Power IC,5621,2024-12-31,2025-01-10,5476
BATCH-2026-04127,44,Power IC,1149,2026-02-25,2026-03-09,1138
BATCH-2025-04128,33,Camera,1536,2025-02-25,2025-03-16,1478
BATCH-2026-04129,18,PCB,3656,2026-07-02,2026-07-22,3462
BATCH-2026-04130,33,Speaker,1179,2026-05-19,2026-05-30,1097
BATCH-2024-04131,44,Display,520,2024-12-08,2024-12-26,515
BATCH-2026-04132,50,Camera,3562,2026-05-07,2026-05-16,3392
BATCH-2026-04133,19,Sensor,6685,2026-04-18,2026-04-26,6362
BATCH-2025-04134,26,Speaker,4879,2025-03-26,2025-03-31,4830
BATCH-2025-04135,47,Display,239,2025-02-23,2025-03-01,236
BATCH-2025-04136,23,Connector,5438,2025-05-07,2025-05-19,5384
BATCH-2025-04137,16,Display,8699,2025-11-13,2025-11-25,8528
BATCH-2025-04138,37,Fan,6401,2025-11-19,2025-12-07,6180
BATCH-2026-04139,29,Microcontroller,4731,2026-02-26,2026-03-10,4657
BATCH-2026-04140,20,PCB,2331,2026-06-11,2026-06-25,2257
BATCH-2026-04141,9,Fan,4599,2026-07-19,2026-07-31,4553
BATCH-2026-04142,5,Charger,2120,2026-06-10,2026-06-27,2052
BATCH-2026-04143,13,Battery,6673,2026-05-18,2026-06-06,6593
BATCH-2024-04144,24,Speaker,9717,2024-12-08,2024-12-23,9262
BATCH-2025-04145,5,Processor,6104,2025-02-10,2025-02-24,5682
BATCH-2025-04146,2,Sensor,3510,2025-07-20,2025-08-02,3475
BATCH-2025-04147,50,Battery,8730,2025-12-01,2025-12-10,8202
BATCH-2026-04148,46,Battery,6625,2026-03-04,2026-03-09,6275
BATCH-2024-04149,49,Motherboard,9102,2024-10-12,2024-10-29,8775
BATCH-2025-04150,17,Fan,2332,2025-03-12,2025-03-28,2309
BATCH-2026-04151,3,Battery,7520,2026-03-13,2026-04-01,7445
BATCH-2024-04152,27,Motherboard,9499,2024-10-21,2024-11-02,9404
BATCH-2024-04153,39,Camera,9525,2024-12-27,2025-01-13,9005
BATCH-2024-04154,38,Camera,2813,2024-11-20,2024-12-06,2682
BATCH-2026-04155,39,Charger,5695,2026-04-15,2026-04-26,5470
BATCH-2025-04156,31,PCB,7754,2025-04-25,2025-05-08,7341
BATCH-2025-04157,42,PCB,7553,2025-06-06,2025-06-17,7234
BATCH-2025-04158,24,Fan,8963,2025-12-05,2025-12-13,8704
BATCH-2026-04159,33,Connector,6587,2026-06-22,2026-07-02,6491
BATCH-2026-04160,47,Processor,2829,2026-07-29,2026-08-17,2773
BATCH-2025-04161,3,Connector,8991,2025-06-20,2025-07-09,8674
BATCH-2026-04162,27,Connector,2331,2026-01-23,2026-01-31,2308
BATCH-2025-04163,40,Display,9611,2025-09-13,2025-09-29,9515
BATCH-2026-04164,10,Speaker,2845,2026-07-30,2026-08-15,2776
BATCH-2026-04165,1,Charger,7914,2026-05-17,2026-06-06,7792
BATCH-2025-04166,5,Connector,2558,2025-04-11,2025-04-30,2447
BATCH-2025-04167,43,Memory,8461,2025-12-16,2026-01-01,7915
BATCH-2024-04168,29,Memory,1210,2024-11-24,2024-12-05,1197
BATCH-2025-04169,2,Fan,645,2025-09-16,2025-09-27,632
BATCH-2025-04170,28,Display,7818,2025-11-05,2025-11-24,7740
BATCH-2026-04171,23,Connector,6664,2026-01-05,2026-01-22,6393
BATCH-2026-04172,25,Battery,8235,2026-09-10,2026-09-24,8153
BATCH-2025-04173,3,Speaker,6454,2025-04-12,2025-04-20,6389
BATCH-2026-04174,4,Charger,7349,2026-05-28,2026-06-10,7221
BATCH-2024-04175,40,Power IC,3539,2024-09-22,2024-10-10,3436
BATCH-2025-04176,47,Power IC,8723,2025-11-20,2025-11-25,8219
BATCH-2026-04177,21,Sensor,5401,2026-03-25,2026-03-31,5264
BATCH-2026-04178,48,Battery,3619,2026-05-18,2026-05-23,3392
BATCH-2026-04179,29,Connector,3840,2026-07-13,2026-07-21,3739
BATCH-2024-04180,25,PCB,8498,2024-11-19,2024-11-25,8413
BATCH-2025-04181,4,Fan,8981,2025-07-24,2025-08-10,8891
BATCH-2025-04182,29,Display,2402,2025-07-27,2025-08-15,2319
BATCH-2025-04183,2,Power IC,2769,2025-05-15,2025-06-04,2670
BATCH-2025-04184,27,Connector,746,2025-07-27,2025-08-07,714
BATCH-2024-04185,14,Power IC,6427,2024-10-15,2024-10-21,6363
BATCH-2026-04186,9,Microcontroller,4461,2026-07-31,2026-08-08,4376
BATCH-2026-04187,43,Power IC,849,2026-03-15,2026-04-03,801
BATCH-2025-04188,35,Sensor,8559,2025-12-05,2025-12-19,8473
BATCH-2025-04189,7,Battery,7808,2025-03-13,2025-03-28,7298
BATCH-2025-04190,24,Charger,6912,2025-01-21,2025-01-30,6761
BATCH-2024-04191,29,Battery,7101,2024-12-19,2025-01-02,6872
BATCH-2025-04192,22,Memory,5470,2025-03-12,2025-03-21,5263
BATCH-2026-04193,29,Microcontroller,4110,2026-06-14,2026-07-04,3888
BATCH-2025-04194,29,Processor,7014,2025-04-05,2025-04-24,6944
BATCH-2026-04195,10,Display,6758,2026-03-31,2026-04-09,6617
BATCH-2024-04196,1,Power IC,940,2024-12-10,2024-12-16,931
BATCH-2025-04197,21,Speaker,307,2025-11-02,2025-11-11,304
BATCH-2026-04198,42,Memory,4629,2026-08-10,2026-08-30,4583
BATCH-2026-04199,33,Battery,3925,2026-05-28,2026-06-16,3886
BATCH-2026-04200,21,Display,1199,2026-06-22,2026-06-27,1141
BATCH-2025-04201,31,PCB,9812,2025-07-08,2025-07-16,9235
BATCH-2026-04202,5,Fan,3546,2026-03-23,2026-04-07,3409
BATCH-2025-04203,16,Display,207,2025-07-21,2025-08-09,203
BATCH-2024-04204,33,Sensor,4130,2024-12-26,2025-01-09,4036
BATCH-2025-04205,30,Processor,9369,2025-02-27,2025-03-14,8604
BATCH-2025-04206,39,Connector,8196,2025-12-26,2026-01-07,7531
BATCH-2025-04207,45,Motherboard,1805,2025-06-24,2025-06-29,1760
BATCH-2025-04208,12,Processor,6752,2025-07-14,2025-07-26,6684
BATCH-2025-04209,27,Sensor,6534,2025-07-17,2025-07-29,6197
BATCH-2025-04210,15,Speaker,8322,2025-07-24,2025-07-30,8044
BATCH-2025-04211,27,Processor,911,2025-10-04,2025-10-22,885
BATCH-2024-04212,3,Processor,2194,2024-09-20,2024-10-04,2154
BATCH-2025-04213,5,Speaker,7890,2025-01-26,2025-02-04,7444
BATCH-2025-04214,40,Camera,230,2025-08-13,2025-08-25,228
BATCH-2026-04215,5,Sensor,1888,2026-03-25,2026-04-07,1818
BATCH-2026-04216,36,Processor,3300,2026-08-09,2026-08-25,3039
BATCH-2025-04217,44,Battery,7596,2025-05-10,2025-05-22,7520
BATCH-2025-04218,44,Processor,2426,2025-07-19,2025-07-26,2402
BATCH-2025-04219,28,Microcontroller,3416,2025-10-14,2025-10-20,3367
BATCH-2026-04220,37,Battery,3588,2026-02-28,2026-03-17,3552
BATCH-2026-04221,11,Motherboard,5015,2026-02-19,2026-03-05,4856
BATCH-2025-04222,22,PCB,979,2025-07-23,2025-08-08,931
BATCH-2026-04223,38,Memory,2284,2026-07-01,2026-07-13,2166
BATCH-2025-04224,31,Sensor,7254,2025-05-14,2025-06-02,7104
BATCH-2026-04225,41,Fan,7240,2026-05-13,2026-05-29,6725
BATCH-2024-04226,44,Fan,4794,2024-09-28,2024-10-16,4746
BATCH-2025-04227,1,Battery,5154,2025-01-28,2025-02-10,5090
BATCH-2025-04228,18,Processor,8763,2025-01-08,2025-01-22,8282
BATCH-2026-04229,47,Charger,7436,2026-06-05,2026-06-13,7362
BATCH-2025-04230,18,Display,3090,2025-12-02,2025-12-19,3059
BATCH-2025-04231,44,Battery,9027,2025-05-04,2025-05-13,8734
BATCH-2026-04232,48,Charger,4472,2026-04-18,2026-04-25,4368
BATCH-2026-04233,25,PCB,2186,2026-04-14,2026-05-03,2124
BATCH-2025-04234,22,PCB,3864,2025-04-25,2025-05-13,3752
BATCH-2026-04235,36,Charger,9364,2026-06-04,2026-06-10,8970
BATCH-2026-04236,46,Camera,6732,2026-06-13,2026-07-01,6665
BATCH-2025-04237,20,Camera,6761,2025-08-24,2025-09-01,6693
BATCH-2026-04238,34,Connector,8863,2026-05-31,2026-06-12,8403
BATCH-2026-04239,50,Camera,8683,2026-05-28,2026-06-04,7950
BATCH-2026-04240,1,Motherboard,650,2026-01-02,2026-01-13,630
BATCH-2026-04241,40,Connector,3288,2026-05-11,2026-05-17,3219
BATCH-2025-04242,6,Display,5867,2025-01-18,2025-02-06,5719
BATCH-2026-04243,35,Charger,2692,2026-01-12,2026-02-01,2665
BATCH-2026-04244,49,Battery,8481,2026-08-06,2026-08-19,8368
BATCH-2026-04245,4,Fan,7403,2026-06-14,2026-06-20,7329
BATCH-2026-04246,41,Microcontroller,8809,2026-07-18,2026-07-24,8721
BATCH-2025-04247,26,Microcontroller,6890,2025-10-20,2025-11-06,6613
BATCH-2026-04248,9,Battery,6493,2026-05-24,2026-06-11,6428
BATCH-2025-04249,24,Processor,9657,2025-08-15,2025-08-30,9372
BATCH-2026-04250,2,Fan,1821,2026-05-26,2026-06-09,1803
BATCH-2025-04251,24,Power IC,928,2025-11-03,2025-11-18,897
BATCH-2026-04252,36,Speaker,994,2026-04-23,2026-05-03,981
BATCH-2026-04253,49,Charger,3905,2026-03-27,2026-04-11,3855
BATCH-2025-04254,16,PCB,1552,2025-07-06,2025-07-23,1504
BATCH-2025-04255,8,Memory,4564,2025-05-09,2025-05-16,4518
BATCH-2025-04256,32,Speaker,7975,2025-10-29,2025-11-12,7895
BATCH-2025-04257,48,Speaker,9038,2025-12-05,2025-12-20,8948
BATCH-2025-04258,42,Battery,6364,2025-03-13,2025-03-24,5900
BATCH-2025-04259,26,Processor,6898,2025-07-27,2025-08-02,6424
BATCH-2026-04260,33,Microcontroller,2456,2026-06-26,2026-07-08,2431
BATCH-2025-04261,42,Battery,7930,2025-06-13,2025-07-02,7821
BATCH-2026-04262,50,Memory,436,2026-06-18,2026-07-01,412
BATCH-2025-04263,37,Fan,7004,2025-08-06,2025-08-15,6904
BATCH-2025-04264,21,Display,5731,2025-02-24,2025-03-03,5674
BATCH-2025-04265,29,Sensor,5960,2025-11-05,2025-11-17,5828
BATCH-2024-04266,43,PCB,1834,2024-11-13,2024-11-24,1725
BATCH-2026-04267,35,Processor,5038,2026-04-21,2026-05-07,4745
BATCH-2026-04268,26,Camera,5687,2026-01-23,2026-01-28,5405
BATCH-2026-04269,32,Memory,6244,2026-08-08,2026-08-23,6155
BATCH-2025-04270,3,Sensor,3676,2025-01-30,2025-02-05,3432
BATCH-2025-04271,20,Microcontroller,3415,2025-05-03,2025-05-15,3365
BATCH-2025-04272,48,Camera,9811,2025-01-08,2025-01-26,9713
BATCH-2026-04273,28,Power IC,7959,2026-04-23,2026-04-28,7879
BATCH-2025-04274,16,Camera,6327,2025-02-07,2025-02-14,6096
BATCH-2025-04275,9,Connector,3576,2025-09-23,2025-10-05,3383
BATCH-2025-04276,10,Processor,6540,2025-08-27,2025-09-02,6475
BATCH-2026-04277,15,Connector,7463,2026-01-21,2026-02-06,6931
BATCH-2026-04278,20,Fan,650,2026-05-22,2026-06-10,629
BATCH-2025-04279,26,Processor,1186,2025-11-02,2025-11-10,1167
BATCH-2026-04280,12,Battery,8043,2026-01-18,2026-02-04,7963
BATCH-2025-04281,19,Microcontroller,5701,2025-08-22,2025-09-02,5247
BATCH-2026-04282,2,Speaker,2291,2026-07-27,2026-08-03,2268
BATCH-2025-04283,15,Charger,7970,2025-05-14,2025-06-03,7533
BATCH-2026-04284,16,PCB,7541,2026-06-13,2026-07-03,7466
BATCH-2025-04285,23,Battery,4986,2025-11-22,2025-12-01,4936
BATCH-2026-04286,5,PCB,6283,2026-01-14,2026-01-31,6220
BATCH-2026-04287,50,Speaker,2993,2026-01-02,2026-01-13,2798
BATCH-2025-04288,43,Speaker,7526,2025-06-17,2025-07-04,6878
BATCH-2026-04289,42,Power IC,447,2026-01-23,2026-02-01,432
BATCH-2025-04290,14,Fan,4414,2025-04-22,2025-05-09,4278
BATCH-2025-04291,32,Memory,5789,2025-01-30,2025-02-11,5731
BATCH-2025-04292,33,Microcontroller,5061,2025-07-28,2025-08-10,4907
BATCH-2026-04293,35,Charger,7515,2026-03-15,2026-04-04,7146
BATCH-2026-04294,7,Sensor,6585,2026-03-08,2026-03-27,6429
BATCH-2024-04295,24,Memory,9061,2024-10-16,2024-10-24,8946
BATCH-2025-04296,46,Camera,6267,2025-06-14,2025-06-30,6111
BATCH-2026-04297,33,Power IC,8420,2026-04-25,2026-04-30,8007
BATCH-2024-04298,5,Sensor,8930,2024-10-31,2024-11-20,8382
BATCH-2025-04299,44,Charger,3078,2025-11-16,2025-12-02,3007
BATCH-2026-04300,7,PCB,1621,2026-06-29,2026-07-17,1605
BATCH-2024-04301,34,Battery,2044,2024-11-08,2024-11-20,2024
BATCH-2026-04302,36,Camera,2057,2026-05-19,2026-05-26,1929
BATCH-2025-04303,11,Microcontroller,2175,2025-09-08,2025-09-22,2105
BATCH-2025-04304,14,Sensor,287,2025-08-04,2025-08-14,284
BATCH-2024-04305,50,Processor,1546,2024-12-02,2024-12-22,1481
BATCH-2025-04306,16,Processor,763,2025-01-29,2025-02-13,755
BATCH-2025-04307,44,Fan,2836,2025-01-30,2025-02-06,2808
BATCH-2026-04308,40,Memory,9768,2026-07-02,2026-07-19,9670
BATCH-2026-04309,38,Microcontroller,2992,2026-05-05,2026-05-15,2935
BATCH-2025-04310,11,Sensor,9371,2025-01-10,2025-01-17,9069
BATCH-2026-04311,24,Connector,9644,2026-02-28,2026-03-19,9548
BATCH-2024-04312,5,Processor,5168,2024-10-28,2024-11-16,5102
BATCH-2025-04313,27,Display,8058,2025-02-08,2025-02-22,7834
BATCH-2026-04314,4,Connector,1316,2026-02-10,2026-02-18,1272
BATCH-2025-04315,35,Camera,2446,2025-02-27,2025-03-14,2326
BATCH-2026-04316,34,Processor,8372,2026-01-12,2026-01-27,8098
BATCH-2026-04317,16,Power IC,7895,2026-06-12,2026-06-25,7414
BATCH-2026-04318,19,Charger,4217,2026-04-14,2026-04-27,4058
BATCH-2024-04319,40,Sensor,3322,2024-11-26,2024-12-15,3139
BATCH-2025-04320,37,Sensor,3336,2025-05-03,2025-05-09,3303
BATCH-2025-04321,44,Charger,9970,2025-04-07,2025-04-25,9870
BATCH-2025-04322,6,Microcontroller,2730,2025-07-30,2025-08-17,2560
BATCH-2025-04323,21,Processor,2902,2025-11-04,2025-11-09,2805
BATCH-2025-04324,12,Camera,6232,2025-11-03,2025-11-11,6127
BATCH-2025-04325,28,Power IC,671,2025-02-17,2025-02-23,648
BATCH-2026-04326,49,Speaker,1738,2026-09-09,2026-09-22,1607
BATCH-2025-04327,5,Connector,974,2025-07-25,2025-08-03,924
BATCH-2026-04328,24,Processor,1701,2026-02-22,2026-03-08,1659
BATCH-2024-04329,9,Motherboard,994,2024-11-27,2024-12-14,968
BATCH-2026-04330,21,Memory,3148,2026-09-07,2026-09-22,3000
BATCH-2025-04331,45,PCB,7862,2025-09-01,2025-09-20,7520
BATCH-2025-04332,34,Processor,6860,2025-03-19,2025-04-07,6776
BATCH-2025-04333,35,Memory,8651,2025-04-22,2025-05-05,8260
BATCH-2026-04334,15,Sensor,633,2026-05-13,2026-06-02,596
BATCH-2025-04335,43,Motherboard,2919,2025-05-16,2025-06-05,2817
BATCH-2025-04336,48,Camera,3598,2025-10-14,2025-11-01,3505
BATCH-2026-04337,6,Camera,2429,2026-07-06,2026-07-11,2263
BATCH-2024-04338,42,Speaker,5844,2024-09-20,2024-09-28,5786
BATCH-2024-04339,29,Power IC,1780,2024-12-17,2025-01-01,1729
BATCH-2026-04340,24,Processor,8554,2026-05-25,2026-06-07,8468
BATCH-2026-04341,16,Fan,979,2026-05-11,2026-05-20,969
BATCH-2025-04342,14,Microcontroller,2750,2025-11-23,2025-12-02,2661
BATCH-2026-04343,4,Battery,5996,2026-02-01,2026-02-10,5902
BATCH-2026-04344,28,Memory,2484,2026-02-20,2026-02-27,2304
BATCH-2026-04345,17,Battery,618,2026-08-09,2026-08-24,607
BATCH-2025-04346,36,Connector,7506,2025-09-10,2025-09-18,7240
BATCH-2026-04347,42,Sensor,7823,2026-05-16,2026-05-23,7680
BATCH-2025-04348,17,Microcontroller,6635,2025-08-13,2025-08-21,6307
BATCH-2025-04349,12,Processor,4743,2025-09-24,2025-10-11,4670
BATCH-2024-04350,20,Connector,7246,2024-10-19,2024-10-24,7000
BATCH-2026-04351,13,PCB,9455,2026-01-15,2026-02-04,9360
BATCH-2024-04352,47,Power IC,2267,2024-12-02,2024-12-13,2144
BATCH-2026-04353,6,Memory,5036,2026-08-15,2026-09-04,4966
BATCH-2024-04354,31,Microcontroller,9421,2024-12-18,2025-01-03,9136
BATCH-2025-04355,21,Fan,9251,2025-05-27,2025-06-08,8645
BATCH-2025-04356,26,Connector,9244,2025-06-17,2025-06-26,9152
BATCH-2026-04357,28,Speaker,1430,2026-06-27,2026-07-06,1416
BATCH-2026-04358,6,Motherboard,9486,2026-02-05,2026-02-22,8959
BATCH-2025-04359,31,Connector,8775,2025-08-26,2025-09-07,8687
BATCH-2025-04360,34,Motherboard,7784,2025-03-01,2025-03-06,7484
BATCH-2026-04361,14,Processor,6013,2026-06-23,2026-07-01,5821
BATCH-2025-04362,3,Battery,1884,2025-12-27,2026-01-04,1812
BATCH-2026-04363,33,Speaker,5970,2026-07-01,2026-07-09,5758
BATCH-2026-04364,27,Display,3261,2026-08-05,2026-08-22,3228
BATCH-2024-04365,33,Charger,3362,2024-11-27,2024-12-06,3145
BATCH-2024-04366,11,Microcontroller,1347,2024-10-26,2024-11-01,1334
BATCH-2025-04367,16,Display,1049,2025-12-05,2025-12-15,1036
BATCH-2026-04368,18,Connector,7105,2026-03-13,2026-03-18,6917
BATCH-2025-04369,45,Connector,1646,2025-04-23,2025-05-13,1519
BATCH-2025-04370,34,Battery,3102,2025-09-04,2025-09-14,3068
BATCH-2026-04371,44,Power IC,3126,2026-08-17,2026-08-29,2989
BATCH-2026-04372,21,PCB,1846,2026-08-10,2026-08-27,1767
BATCH-2024-04373,28,Speaker,1913,2024-12-06,2024-12-19,1816
BATCH-2026-04374,17,Motherboard,6057,2026-06-21,2026-07-11,5996
BATCH-2025-04375,25,Camera,2576,2025-11-08,2025-11-15,2445
BATCH-2025-04376,29,Memory,7532,2025-12-07,2025-12-13,7457
BATCH-2024-04377,35,Connector,1039,2024-12-19,2024-12-29,976
BATCH-2024-04378,32,Charger,4456,2024-10-22,2024-11-08,4351
BATCH-2026-04379,23,Charger,1765,2026-08-15,2026-08-21,1696
BATCH-2026-04380,48,Fan,9467,2026-07-03,2026-07-20,9022
BATCH-2024-04381,30,Memory,7383,2024-10-13,2024-10-19,6884
BATCH-2025-04382,30,Memory,3745,2025-08-28,2025-09-10,3542
BATCH-2026-04383,20,Memory,8523,2026-04-26,2026-05-13,8337
BATCH-2026-04384,11,Microcontroller,3611,2026-07-20,2026-08-05,3450
BATCH-2025-04385,40,Speaker,6759,2025-06-20,2025-07-01,6559
BATCH-2025-04386,30,Microcontroller,6840,2025-07-12,2025-07-26,6149
BATCH-2024-04387,13,Camera,2098,2024-10-28,2024-11-12,2077
BATCH-2024-04388,49,Connector,9040,2024-10-25,2024-11-08,8586
BATCH-2026-04389,26,Memory,7250,2026-05-10,2026-05-23,6919
BATCH-2025-04390,37,Motherboard,3697,2025-06-04,2025-06-09,3635
BATCH-2025-04391,41,Microcontroller,8771,2025-04-07,2025-04-22,8581
BATCH-2025-04392,38,Sensor,3154,2025-11-10,2025-11-30,2957
BATCH-2025-04393,3,Power IC,2773,2025-08-20,2025-09-09,2745
BATCH-2025-04394,4,Sensor,6973,2025-01-29,2025-02-04,6903
BATCH-2024-04395,2,Power IC,5825,2024-11-30,2024-12-13,5735
BATCH-2024-04396,15,Speaker,7997,2024-09-20,2024-10-03,7658
BATCH-2025-04397,37,Memory,3132,2025-09-05,2025-09-20,3049
BATCH-2026-04398,33,PCB,450,2026-01-05,2026-01-15,421
BATCH-2025-04399,28,Speaker,3822,2025-04-09,2025-04-23,3657
BATCH-2025-04400,11,Microcontroller,368,2025-11-19,2025-12-02,363
BATCH-2025-04401,47,Camera,8557,2025-10-02,2025-10-22,8105
BATCH-2026-04402,11,Memory,1574,2026-01-06,2026-01-17,1547
BATCH-2025-04403,35,Processor,9212,2025-12-07,2025-12-16,8531
BATCH-2025-04404,38,PCB,2111,2025-01-15,2025-01-23,2030
BATCH-2025-04405,17,Fan,2121,2025-07-12,2025-07-21,1937
BATCH-2025-04406,16,Camera,476,2025-12-28,2026-01-10,471
BATCH-2026-04407,39,Power IC,7600,2026-03-05,2026-03-17,7369
BATCH-2025-04408,17,Power IC,5291,2025-05-26,2025-06-02,5120
BATCH-2026-04409,36,Motherboard,7395,2026-07-22,2026-07-30,7321
BATCH-2024-04410,37,Processor,4362,2024-12-29,2025-01-09,4241
BATCH-2025-04411,24,Connector,4229,2025-05-28,2025-06-08,4138
BATCH-2026-04412,1,Display,1524,2026-04-10,2026-04-23,1509
BATCH-2025-04413,17,Power IC,5605,2025-01-19,2025-02-05,5395
BATCH-2026-04414,31,Power IC,8563,2026-05-09,2026-05-19,8477
BATCH-2025-04415,17,Power IC,5394,2025-03-01,2025-03-09,5286
BATCH-2025-04416,40,Memory,7755,2025-03-12,2025-04-01,7430
BATCH-2025-04417,18,Fan,2524,2025-12-30,2026-01-06,2425
BATCH-2025-04418,10,Camera,6968,2025-11-09,2025-11-29,6537
BATCH-2026-04419,46,Charger,2225,2026-05-10,2026-05-28,2126
BATCH-2025-04420,4,Camera,5401,2025-03-11,2025-03-18,5347
BATCH-2024-04421,30,PCB,4916,2024-09-29,2024-10-10,4856
BATCH-2024-04422,38,Connector,6532,2024-11-06,2024-11-17,6321
BATCH-2024-04423,1,PCB,2280,2024-12-18,2025-01-01,2180
BATCH-2026-04424,15,PCB,3088,2026-06-19,2026-06-28,2907
BATCH-2025-04425,34,Display,8877,2025-01-13,2025-01-28,8576
BATCH-2025-04426,22,Speaker,8856,2025-12-08,2025-12-25,8716
BATCH-2025-04427,29,Processor,3524,2025-12-14,2025-12-20,3383
BATCH-2026-04428,6,Charger,9360,2026-04-27,2026-05-06,9266
BATCH-2024-04429,38,Power IC,9784,2024-11-30,2024-12-11,9609
BATCH-2025-04430,31,Power IC,3150,2025-03-11,2025-03-16,3118
BATCH-2025-04431,2,Connector,6655,2025-07-29,2025-08-13,6588
BATCH-2025-04432,36,Speaker,3089,2025-01-06,2025-01-12,2942
BATCH-2026-04433,3,Sensor,6172,2026-01-21,2026-01-27,5846
BATCH-2026-04434,44,Display,8608,2026-08-07,2026-08-24,8228
BATCH-2025-04435,14,Camera,7673,2025-05-11,2025-05-24,7217
BATCH-2025-04436,34,Battery,9928,2025-04-08,2025-04-19,9623
BATCH-2026-04437,1,Battery,5242,2026-02-06,2026-02-26,5034
BATCH-2026-04438,42,Motherboard,3524,2026-07-10,2026-07-30,3269
BATCH-2025-04439,3,Sensor,6385,2025-10-27,2025-11-15,6087
BATCH-2025-04440,27,Fan,6135,2025-10-29,2025-11-04,6074
BATCH-2026-04441,19,Memory,918,2026-02-07,2026-02-16,874
BATCH-2024-04442,26,Battery,7881,2024-12-15,2024-12-27,7598
BATCH-2025-04443,33,Sensor,7738,2025-03-30,2025-04-12,7661
BATCH-2026-04444,14,Camera,7105,2026-04-08,2026-04-17,6771
BATCH-2025-04445,14,Microcontroller,6546,2025-06-26,2025-07-08,6364
BATCH-2025-04446,26,Microcontroller,2973,2025-07-26,2025-07-31,2943
BATCH-2026-04447,50,Sensor,1480,2026-02-25,2026-03-12,1418
BATCH-2026-04448,48,Fan,6783,2026-04-25,2026-05-01,6711
BATCH-2024-04449,14,PCB,1961,2024-11-09,2024-11-17,1874
BATCH-2025-04450,50,Battery,4010,2025-10-25,2025-10-30,3803
BATCH-2025-04451,1,Sensor,6076,2025-02-22,2025-03-01,5981
BATCH-2025-04452,25,Charger,9995,2025-05-21,2025-05-31,9895
BATCH-2026-04453,20,Motherboard,404,2026-02-20,2026-03-03,381
BATCH-2026-04454,45,Display,1973,2026-07-09,2026-07-20,1932
BATCH-2026-04455,25,Processor,831,2026-02-23,2026-03-01,823
BATCH-2026-04456,1,Power IC,7210,2026-01-07,2026-01-21,7009
BATCH-2026-04457,28,Microcontroller,9003,2026-03-09,2026-03-27,8633
BATCH-2025-04458,41,Display,316,2025-08-08,2025-08-13,303
BATCH-2025-04459,48,Speaker,515,2025-12-17,2026-01-02,510
BATCH-2025-04460,17,Microcontroller,1021,2025-08-11,2025-08-28,1011
BATCH-2024-04461,17,Connector,6976,2024-10-06,2024-10-23,6700
BATCH-2025-04462,37,Memory,3257,2025-08-16,2025-08-29,3224
BATCH-2025-04463,32,Connector,4659,2025-12-11,2025-12-24,4526
BATCH-2026-04464,22,Connector,7213,2026-05-02,2026-05-08,6850
BATCH-2026-04465,3,Charger,7999,2026-08-01,2026-08-21,7702
BATCH-2025-04466,31,PCB,7370,2025-02-06,2025-02-13,7190
BATCH-2026-04467,39,Microcontroller,1224,2026-02-07,2026-02-26,1162
BATCH-2025-04468,27,Processor,4346,2025-03-27,2025-04-02,4192
BATCH-2025-04469,3,Charger,6730,2025-05-04,2025-05-10,6114
BATCH-2026-04470,10,Sensor,9432,2026-01-31,2026-02-10,9221
BATCH-2025-04471,10,PCB,5578,2025-07-23,2025-08-06,5522
BATCH-2025-04472,49,Fan,7619,2025-01-10,2025-01-16,7045
BATCH-2025-04473,20,Microcontroller,162,2025-06-17,2025-06-26,157
BATCH-2026-04474,45,Fan,9717,2026-07-18,2026-08-02,9620
BATCH-2024-04475,21,Sensor,5189,2024-10-24,2024-11-08,5121
BATCH-2025-04476,20,Charger,2399,2025-09-12,2025-10-02,2375
BATCH-2026-04477,35,Speaker,8872,2026-08-23,2026-09-08,8543
BATCH-2026-04478,33,Microcontroller,9912,2026-08-15,2026-08-30,9800
BATCH-2025-04479,13,Processor,9809,2025-07-26,2025-08-13,9711
BATCH-2025-04480,15,Memory,6808,2025-05-09,2025-05-23,6598
BATCH-2026-04481,25,Display,7393,2026-08-15,2026-09-03,7319
BATCH-2026-04482,6,PCB,6340,2026-08-29,2026-09-08,6087
BATCH-2026-04483,8,Motherboard,1519,2026-05-15,2026-05-22,1504
BATCH-2025-04484,9,Display,617,2025-04-14,2025-04-26,598
BATCH-2026-04485,31,Charger,7602,2026-05-24,2026-05-29,7279
BATCH-2026-04486,48,Sensor,106,2026-06-26,2026-07-10,101
BATCH-2025-04487,11,Connector,4479,2025-07-27,2025-08-14,4402
BATCH-2025-04488,48,Fan,2750,2025-10-30,2025-11-14,2684
BATCH-2026-04489,12,Processor,3301,2026-05-06,2026-05-16,3237
BATCH-2025-04490,11,Battery,8999,2025-05-10,2025-05-15,8601
BATCH-2025-04491,38,Display,2885,2025-12-13,2025-12-28,2631
BATCH-2026-04492,32,Display,8244,2026-08-05,2026-08-20,7997
BATCH-2025-04493,22,Battery,2298,2025-12-26,2026-01-08,2153
BATCH-2025-04494,25,Fan,9561,2025-03-16,2025-03-26,9330
BATCH-2025-04495,6,Fan,1808,2025-11-13,2025-12-02,1760
BATCH-2026-04496,37,Motherboard,4106,2026-08-25,2026-09-09,4036
BATCH-2025-04497,38,Speaker,7445,2025-03-07,2025-03-15,7088
BATCH-2025-04498,11,PCB,2891,2025-09-09,2025-09-17,2836
BATCH-2025-04499,10,Memory,667,2025-01-25,2025-02-09,636
BATCH-2024-04500,29,Battery,4312,2024-12-21,2025-01-09,4268
BATCH-2025-04501,8,Speaker,2118,2025-04-11,2025-04-22,2050
BATCH-2026-04502,7,Charger,5722,2026-01-02,2026-01-16,5665
BATCH-2026-04503,32,Charger,2918,2026-04-25,2026-05-06,2889
BATCH-2024-04504,28,Camera,623,2024-11-09,2024-11-23,603
BATCH-2026-04505,11,Speaker,944,2026-02-11,2026-03-02,906
BATCH-2025-04506,23,Display,6303,2025-06-11,2025-06-23,6194
BATCH-2026-04507,17,Display,7843,2026-09-03,2026-09-16,7765
BATCH-2025-04508,2,Camera,7112,2025-05-18,2025-05-24,6967
BATCH-2026-04509,44,Battery,9072,2026-02-28,2026-03-08,8981
BATCH-2026-04510,29,PCB,4655,2026-08-11,2026-08-19,4431
BATCH-2025-04511,18,Display,3981,2025-11-28,2025-12-13,3941
BATCH-2026-04512,25,Power IC,9570,2026-08-04,2026-08-14,9241
BATCH-2025-04513,46,Connector,7566,2025-03-02,2025-03-21,7490
BATCH-2026-04514,5,Fan,9599,2026-05-08,2026-05-25,9503
BATCH-2026-04515,50,Memory,8184,2026-02-21,2026-03-09,7971
BATCH-2025-04516,18,Power IC,7212,2025-02-10,2025-02-18,7034
BATCH-2024-04517,34,Battery,7147,2024-09-20,2024-10-08,7076
BATCH-2026-04518,35,Connector,9958,2026-03-16,2026-03-23,9858
BATCH-2026-04519,16,Microcontroller,2559,2026-01-01,2026-01-16,2417
BATCH-2025-04520,49,Camera,8036,2025-03-16,2025-04-05,7764
BATCH-2026-04521,4,Sensor,1526,2026-07-19,2026-07-30,1444
BATCH-2024-04522,42,Motherboard,3097,2024-12-06,2024-12-15,3066
BATCH-2025-04523,35,Camera,3030,2025-04-27,2025-05-13,2811
BATCH-2025-04524,26,Display,9617,2025-09-21,2025-10-03,9454
BATCH-2026-04525,2,Camera,2164,2026-04-23,2026-05-11,2111
BATCH-2024-04526,32,Camera,3383,2024-12-30,2025-01-18,3273
BATCH-2025-04527,15,Motherboard,3372,2025-08-09,2025-08-24,3338
BATCH-2026-04528,50,Power IC,4294,2026-07-30,2026-08-19,4173
BATCH-2026-04529,23,Motherboard,5219,2026-03-31,2026-04-18,5120
BATCH-2026-04530,22,PCB,1996,2026-03-04,2026-03-18,1976
BATCH-2026-04531,36,Charger,425,2026-08-11,2026-08-23,418
BATCH-2025-04532,9,Charger,2886,2025-09-08,2025-09-13,2835
BATCH-2025-04533,42,Sensor,2260,2025-08-15,2025-08-22,2172
BATCH-2024-04534,17,Microcontroller,4905,2024-11-28,2024-12-04,4856
BATCH-2024-04535,15,Display,6671,2024-11-02,2024-11-21,6438
BATCH-2024-04536,11,Charger,6991,2024-10-17,2024-11-04,6867
BATCH-2025-04537,47,Memory,3407,2025-05-04,2025-05-19,3314
BATCH-2026-04538,1,Processor,2968,2026-01-03,2026-01-12,2807
BATCH-2024-04539,2,Battery,9084,2024-10-11,2024-10-23,8993
BATCH-2025-04540,48,Processor,3995,2025-10-18,2025-10-24,3829
BATCH-2026-04541,17,Microcontroller,8948,2026-02-06,2026-02-20,8859
BATCH-2025-04542,24,Processor,3724,2025-08-29,2025-09-12,3604
BATCH-2026-04543,36,Battery,1341,2026-02-08,2026-02-22,1299
BATCH-2025-04544,44,Speaker,8430,2025-01-19,2025-02-01,8346
BATCH-2024-04545,21,Fan,3194,2024-10-05,2024-10-22,2998
BATCH-2026-04546,21,Display,9969,2026-05-29,2026-06-17,9588
BATCH-2026-04547,29,Charger,6722,2026-08-14,2026-08-26,6472
BATCH-2026-04548,2,Battery,6207,2026-04-24,2026-05-11,6084
BATCH-2025-04549,7,Charger,7229,2025-06-30,2025-07-16,6957
BATCH-2026-04550,23,Power IC,8654,2026-05-08,2026-05-18,8567
BATCH-2026-04551,32,Connector,9275,2026-02-18,2026-02-24,9182
BATCH-2025-04552,44,Camera,1809,2025-05-02,2025-05-22,1748
BATCH-2025-04553,19,Connector,9574,2025-02-10,2025-02-27,9478
BATCH-2026-04554,50,Fan,2257,2026-09-06,2026-09-12,2112
BATCH-2024-04555,31,Camera,6372,2024-12-08,2024-12-24,6308
BATCH-2025-04556,12,Microcontroller,3839,2025-12-03,2025-12-15,3801
BATCH-2025-04557,4,PCB,6461,2025-03-22,2025-03-28,6286
BATCH-2026-04558,45,Motherboard,9602,2026-01-12,2026-01-19,8880
BATCH-2024-04559,22,Power IC,8970,2024-12-29,2025-01-13,8574
BATCH-2026-04560,5,Connector,6101,2026-03-11,2026-03-28,5816
BATCH-2026-04561,46,Microcontroller,9679,2026-04-19,2026-05-06,9402
BATCH-2025-04562,4,Camera,773,2025-02-20,2025-03-11,737
BATCH-2026-04563,6,Speaker,1355,2026-01-29,2026-02-03,1283
BATCH-2024-04564,15,Memory,9236,2024-10-02,2024-10-18,8601
BATCH-2024-04565,44,Processor,9448,2024-10-08,2024-10-18,9354
BATCH-2026-04566,7,Power IC,8001,2026-03-20,2026-04-09,7911
BATCH-2024-04567,8,Camera,6069,2024-10-27,2024-11-16,5921
BATCH-2026-04568,50,Power IC,4859,2026-03-08,2026-03-22,4777
BATCH-2025-04569,7,Camera,9733,2025-01-31,2025-02-14,9263
BATCH-2025-04570,15,Memory,5620,2025-12-12,2025-12-21,5564
BATCH-2025-04571,36,Memory,3061,2025-10-11,2025-10-24,2845
BATCH-2025-04572,48,Motherboard,6389,2025-07-26,2025-07-31,5869
BATCH-2025-04573,47,Memory,5200,2025-02-17,2025-03-01,5148
BATCH-2026-04574,1,PCB,6661,2026-04-28,2026-05-13,6440
BATCH-2025-04575,31,Power IC,5768,2025-11-09,2025-11-26,5618
BATCH-2025-04576,12,Speaker,5194,2025-02-10,2025-02-28,5028
BATCH-2026-04577,44,Sensor,1699,2026-09-06,2026-09-17,1682
BATCH-2026-04578,45,Connector,9112,2026-08-08,2026-08-15,8464
BATCH-2025-04579,33,Battery,5907,2025-07-25,2025-07-31,5848
BATCH-2025-04580,50,Charger,8414,2025-08-06,2025-08-18,7455
BATCH-2025-04581,49,Microcontroller,1043,2025-10-23,2025-11-07,975
BATCH-2025-04582,45,Display,244,2025-08-23,2025-09-01,239
BATCH-2024-04583,21,Memory,9619,2024-11-09,2024-11-22,9523
BATCH-2026-04584,20,Fan,1814,2026-03-26,2026-04-11,1796
BATCH-2025-04585,17,Processor,445,2025-01-25,2025-02-07,441
BATCH-2025-04586,8,Charger,964,2025-09-30,2025-10-18,922
BATCH-2026-04587,15,Display,6535,2026-06-28,2026-07-17,6183
BATCH-2026-04588,48,Memory,9509,2026-09-16,2026-09-25,9018
BATCH-2026-04589,46,Battery,9760,2026-05-07,2026-05-13,8833
BATCH-2024-04590,43,Battery,9927,2024-10-22,2024-10-28,9614
BATCH-2024-04591,9,Camera,3960,2024-12-18,2024-12-25,3749
BATCH-2024-04592,8,Power IC,6868,2024-12-27,2025-01-01,6384
BATCH-2025-04593,24,PCB,3761,2025-05-01,2025-05-18,3723
BATCH-2026-04594,24,Motherboard,6793,2026-05-01,2026-05-13,6534
BATCH-2025-04595,17,Processor,3682,2025-09-18,2025-10-01,3604
BATCH-2026-04596,18,Speaker,2769,2026-09-08,2026-09-23,2635
BATCH-2025-04597,38,Connector,8052,2025-01-12,2025-01-30,7971
BATCH-2026-04598,49,Microcontroller,4120,2026-02-07,2026-02-15,4079
BATCH-2025-04599,45,Sensor,843,2025-07-16,2025-07-31,807
BATCH-2025-04600,44,Battery,5247,2025-11-12,2025-11-24,5195
BATCH-2026-04601,11,Microcontroller,8481,2026-02-14,2026-02-25,8396
BATCH-2025-04602,39,Speaker,9647,2025-07-21,2025-07-27,8702
BATCH-2025-04603,33,Speaker,6291,2025-11-24,2025-11-29,5995
BATCH-2025-04604,21,Motherboard,8062,2025-02-28,2025-03-15,7518
BATCH-2024-04605,48,Power IC,2055,2024-12-30,2025-01-04,1946
BATCH-2025-04606,25,Sensor,6393,2025-02-16,2025-02-23,6329
BATCH-2025-04607,4,Camera,8025,2025-12-05,2025-12-14,7944
BATCH-2026-04608,47,Fan,7483,2026-08-17,2026-08-27,7408
BATCH-2025-04609,16,Fan,1420,2025-09-18,2025-09-28,1384
BATCH-2024-04610,6,Power IC,6787,2024-12-22,2025-01-01,6546
BATCH-2024-04611,20,Power IC,3771,2024-10-17,2024-10-25,3581
BATCH-2025-04612,22,Power IC,9989,2025-01-24,2025-02-03,9835
BATCH-2025-04613,47,Sensor,6632,2025-04-07,2025-04-12,6061
BATCH-2025-04614,45,Memory,4103,2025-07-23,2025-08-09,3824
BATCH-2026-04615,16,Memory,9680,2026-07-23,2026-08-05,9222
BATCH-2025-04616,11,Charger,8868,2025-03-29,2025-04-10,8560
BATCH-2025-04617,32,Processor,9957,2025-07-20,2025-08-04,9770
BATCH-2025-04618,26,Processor,2847,2025-06-22,2025-07-02,2712
BATCH-2026-04619,42,Fan,9726,2026-01-05,2026-01-16,9629
BATCH-2025-04620,33,Memory,1735,2025-07-25,2025-08-03,1679
BATCH-2026-04621,1,Charger,3086,2026-09-17,2026-09-26,3055
BATCH-2024-04622,17,Processor,949,2024-11-26,2024-12-08,896
BATCH-2025-04623,1,Battery,6185,2025-06-16,2025-06-22,6123
BATCH-2024-04624,33,Microcontroller,8459,2024-10-17,2024-11-05,7842
BATCH-2024-04625,46,Microcontroller,323,2024-11-09,2024-11-17,309
BATCH-2025-04626,14,PCB,5505,2025-05-18,2025-06-01,5392
BATCH-2026-04627,48,Camera,9191,2026-05-07,2026-05-14,8498
BATCH-2025-04628,28,Processor,3064,2025-11-21,2025-11-30,3025
BATCH-2025-04629,28,Motherboard,1450,2025-09-01,2025-09-09,1419
BATCH-2025-04630,8,Fan,6668,2025-06-21,2025-07-11,6506
BATCH-2025-04631,32,Speaker,4972,2025-09-02,2025-09-12,4745
BATCH-2025-04632,35,Speaker,1464,2025-07-18,2025-08-07,1427
BATCH-2025-04633,44,Power IC,6660,2025-09-04,2025-09-22,6520
BATCH-2025-04634,36,PCB,3328,2025-06-07,2025-06-13,3198
BATCH-2026-04635,5,Processor,3017,2026-03-23,2026-04-10,2956
BATCH-2025-04636,12,Speaker,9054,2025-07-21,2025-07-28,8557
BATCH-2026-04637,2,Sensor,3597,2026-07-20,2026-08-09,3534
BATCH-2026-04638,25,Motherboard,3016,2026-03-15,2026-04-03,2881
BATCH-2025-04639,19,PCB,6446,2025-02-06,2025-02-16,6228
BATCH-2024-04640,33,Display,1135,2024-10-08,2024-10-15,1100
BATCH-2026-04641,16,Motherboard,4824,2026-03-04,2026-03-17,4678
BATCH-2026-04642,11,PCB,1060,2026-05-31,2026-06-16,1049
BATCH-2026-04643,38,Fan,2176,2026-06-26,2026-07-13,2084
BATCH-2026-04644,17,Sensor,8977,2026-05-22,2026-05-29,8761
BATCH-2026-04645,31,Charger,7633,2026-03-27,2026-04-04,7557
BATCH-2026-04646,35,Motherboard,3659,2026-09-17,2026-09-26,3497
BATCH-2025-04647,47,Motherboard,6037,2025-02-21,2025-03-01,5821
BATCH-2025-04648,48,Fan,7853,2025-06-28,2025-07-16,7774
BATCH-2025-04649,1,Motherboard,3462,2025-06-11,2025-06-27,3427
BATCH-2026-04650,41,Charger,5706,2026-06-14,2026-06-22,5502
BATCH-2025-04651,19,Microcontroller,3636,2025-12-14,2025-12-27,3480
BATCH-2025-04652,50,Sensor,3817,2025-08-05,2025-08-17,3618
BATCH-2026-04653,26,Memory,7557,2026-01-17,2026-01-28,7264
BATCH-2025-04654,6,Battery,7240,2025-09-02,2025-09-19,6830
BATCH-2026-04655,24,Camera,3693,2026-05-25,2026-06-10,3559
BATCH-2025-04656,9,Camera,7319,2025-10-09,2025-10-21,7246
BATCH-2025-04657,49,Camera,8522,2025-02-20,2025-03-09,7765
BATCH-2025-04658,28,Fan,2859,2025-11-28,2025-12-05,2759
BATCH-2024-04659,39,Motherboard,5548,2024-12-15,2024-12-24,5493
BATCH-2024-04660,31,Camera,5428,2024-11-19,2024-12-01,5222
BATCH-2025-04661,29,PCB,4674,2025-01-14,2025-01-22,4627
BATCH-2025-04662,41,Speaker,4873,2025-03-25,2025-04-07,4704
BATCH-2024-04663,42,Display,7234,2024-11-11,2024-11-16,6981
BATCH-2026-04664,2,Speaker,1639,2026-07-22,2026-08-08,1623
BATCH-2025-04665,8,Charger,579,2025-01-16,2025-02-03,559
BATCH-2025-04666,21,Motherboard,4058,2025-05-30,2025-06-05,3693
BATCH-2025-04667,26,Sensor,8499,2025-05-25,2025-06-05,8105
BATCH-2025-04668,45,Battery,5018,2025-09-10,2025-09-19,4698
BATCH-2025-04669,44,Camera,3555,2025-09-02,2025-09-16,3337
BATCH-2025-04670,12,Camera,8442,2025-09-10,2025-09-16,8358
BATCH-2025-04671,7,Memory,7880,2025-03-25,2025-04-08,7677
BATCH-2025-04672,1,Processor,3642,2025-09-23,2025-09-29,3553
BATCH-2026-04673,17,Microcontroller,5629,2026-01-26,2026-02-01,5463
BATCH-2025-04674,8,PCB,9027,2025-11-11,2025-11-16,8791
BATCH-2026-04675,30,Motherboard,5616,2026-02-13,2026-02-25,5455
BATCH-2025-04676,8,Sensor,3290,2025-04-20,2025-04-25,3241
BATCH-2024-04677,11,Sensor,3645,2024-10-17,2024-10-27,3609
BATCH-2024-04678,39,Connector,232,2024-12-06,2024-12-23,213
BATCH-2026-04679,40,Processor,3193,2026-03-01,2026-03-07,3053
BATCH-2026-04680,50,PCB,5103,2026-04-27,2026-05-16,4684
BATCH-2025-04681,20,Charger,8691,2025-02-28,2025-03-11,7854
BATCH-2026-04682,26,Power IC,3362,2026-09-09,2026-09-16,3278
BATCH-2025-04683,24,Speaker,6505,2025-05-17,2025-06-02,6281
BATCH-2026-04684,12,Speaker,1213,2026-06-14,2026-06-29,1134
BATCH-2025-04685,10,Microcontroller,5936,2025-04-09,2025-04-18,5613
BATCH-2024-04686,2,Power IC,3739,2024-10-03,2024-10-13,3702
BATCH-2025-04687,31,Speaker,9983,2025-06-06,2025-06-15,9730
BATCH-2025-04688,42,Motherboard,8812,2025-05-08,2025-05-22,8544
BATCH-2025-04689,3,Speaker,2169,2025-08-21,2025-08-27,2052
BATCH-2025-04690,35,Charger,166,2025-11-16,2025-12-02,157
BATCH-2024-04691,36,Memory,2181,2024-12-08,2024-12-18,2086
BATCH-2025-04692,2,Processor,1666,2025-05-14,2025-05-19,1641
BATCH-2025-04693,41,Memory,925,2025-07-07,2025-07-14,916
BATCH-2025-04694,50,Connector,1553,2025-03-08,2025-03-19,1530
BATCH-2025-04695,47,Connector,2409,2025-09-14,2025-09-20,2312
BATCH-2025-04696,34,Connector,3635,2025-12-07,2025-12-23,3599
BATCH-2026-04697,41,PCB,9958,2026-08-22,2026-09-08,9779
BATCH-2026-04698,15,Charger,8153,2026-02-12,2026-02-24,8071
BATCH-2025-04699,35,PCB,499,2025-07-12,2025-07-25,476
BATCH-2024-04700,11,Camera,4426,2024-12-08,2024-12-14,4382
BATCH-2025-04701,14,Camera,6871,2025-09-26,2025-10-03,6802
BATCH-2025-04702,34,Sensor,7420,2025-10-03,2025-10-18,7346
BATCH-2026-04703,36,Memory,2472,2026-08-16,2026-08-22,2439
BATCH-2026-04704,46,Camera,3751,2026-08-18,2026-08-31,3560
BATCH-2025-04705,6,PCB,8324,2025-06-27,2025-07-02,8041
BATCH-2024-04706,45,Battery,2785,2024-12-26,2025-01-09,2571
BATCH-2025-04707,33,Power IC,211,2025-07-14,2025-08-01,209
BATCH-2025-04708,40,Processor,2776,2025-08-19,2025-09-01,2629
BATCH-2026-04709,36,Battery,6809,2026-04-22,2026-05-09,6464
BATCH-2026-04710,30,Motherboard,8696,2026-05-13,2026-05-24,8230
BATCH-2026-04711,30,Battery,7971,2026-04-14,2026-04-19,7633
BATCH-2026-04712,47,Sensor,880,2026-08-02,2026-08-08,845
BATCH-2025-04713,46,Connector,8968,2025-07-26,2025-08-05,8878
BATCH-2025-04714,17,Sensor,6471,2025-10-28,2025-11-10,6174
BATCH-2025-04715,50,Sensor,9726,2025-08-20,2025-09-03,9629
BATCH-2026-04716,28,Memory,1620,2026-06-13,2026-06-26,1576
BATCH-2025-04717,9,Power IC,1543,2025-06-17,2025-06-27,1511
BATCH-2025-04718,12,Motherboard,4000,2025-04-11,2025-04-18,3960
BATCH-2026-04719,28,Sensor,6519,2026-07-18,2026-08-07,6375
BATCH-2026-04720,10,Power IC,8178,2026-09-14,2026-09-20,8096
BATCH-2025-04721,15,Speaker,1128,2025-09-14,2025-09-25,1050
BATCH-2025-04722,20,Microcontroller,7038,2025-05-17,2025-06-06,6537
BATCH-2026-04723,44,PCB,7625,2026-03-01,2026-03-16,7439
BATCH-2026-04724,33,Power IC,6173,2026-03-13,2026-03-19,5796
BATCH-2026-04725,48,Display,2413,2026-08-11,2026-08-27,2284
BATCH-2025-04726,33,Memory,2058,2025-11-05,2025-11-18,2037
BATCH-2025-04727,39,Speaker,4752,2025-12-03,2025-12-11,4586
BATCH-2026-04728,25,Battery,5305,2026-08-05,2026-08-17,5252
BATCH-2026-04729,38,Fan,4172,2026-03-26,2026-04-02,4060
BATCH-2024-04730,16,Motherboard,9261,2024-12-03,2024-12-23,9063
BATCH-2025-04731,39,Speaker,9367,2025-07-25,2025-08-08,9273
BATCH-2025-04732,8,Power IC,9339,2025-07-02,2025-07-22,9082
BATCH-2026-04733,19,Sensor,763,2026-07-03,2026-07-11,745
BATCH-2026-04734,34,Power IC,5215,2026-03-29,2026-04-03,5163
BATCH-2024-04735,5,Fan,6357,2024-09-20,2024-09-25,6145
BATCH-2025-04736,8,Sensor,5654,2025-09-14,2025-09-24,5528
BATCH-2025-04737,35,Motherboard,2474,2025-03-14,2025-03-25,2405
BATCH-2026-04738,33,Processor,4365,2026-03-21,2026-04-04,4223
BATCH-2025-04739,45,Power IC,5736,2025-10-29,2025-11-07,5604
BATCH-2026-04740,22,Battery,4961,2026-08-15,2026-08-27,4911
BATCH-2026-04741,46,Battery,8360,2026-03-01,2026-03-20,8152
BATCH-2025-04742,7,Charger,6286,2025-11-20,2025-11-25,6095
BATCH-2026-04743,11,Connector,5896,2026-07-28,2026-08-02,5837
BATCH-2025-04744,47,Processor,5722,2025-06-14,2025-07-03,5507
BATCH-2025-04745,2,Fan,4948,2025-01-12,2025-01-30,4827
BATCH-2026-04746,46,Power IC,3102,2026-03-18,2026-04-07,2910
BATCH-2024-04747,19,Fan,9282,2024-09-22,2024-10-02,8955
BATCH-2025-04748,28,Memory,236,2025-01-16,2025-02-02,226
BATCH-2026-04749,23,Camera,3150,2026-02-02,2026-02-15,3118
BATCH-2025-04750,7,Power IC,8676,2025-09-24,2025-10-06,8449
BATCH-2025-04751,7,Connector,6512,2025-05-28,2025-06-08,6333
BATCH-2026-04752,44,Display,4088,2026-03-31,2026-04-09,3972
BATCH-2025-04753,47,PCB,2933,2025-01-15,2025-01-30,2788
BATCH-2025-04754,13,Motherboard,1685,2025-06-22,2025-07-03,1668
BATCH-2024-04755,31,Memory,1862,2024-10-26,2024-10-31,1836
BATCH-2024-04756,32,PCB,3995,2024-09-18,2024-09-26,3865
BATCH-2026-04757,26,Processor,7790,2026-05-06,2026-05-14,7507
BATCH-2026-04758,41,Power IC,985,2026-01-03,2026-01-09,975
BATCH-2025-04759,49,Sensor,2982,2025-07-01,2025-07-09,2824
BATCH-2026-04760,29,Power IC,6473,2026-01-17,2026-02-06,6367
BATCH-2026-04761,11,Sensor,4401,2026-08-20,2026-09-01,4158
BATCH-2025-04762,35,Microcontroller,6734,2025-03-05,2025-03-10,6577
BATCH-2025-04763,1,Power IC,262,2025-02-22,2025-03-13,259
BATCH-2025-04764,2,Charger,2930,2025-08-30,2025-09-12,2893
BATCH-2026-04765,30,Speaker,225,2026-07-03,2026-07-23,213
BATCH-2026-04766,5,PCB,1645,2026-07-19,2026-07-29,1621
BATCH-2024-04767,34,Battery,5474,2024-11-11,2024-11-18,5359
BATCH-2024-04768,39,Motherboard,9969,2024-12-27,2025-01-15,9869
BATCH-2024-04769,7,Display,5157,2024-09-25,2024-10-01,4845
BATCH-2025-04770,27,Microcontroller,2752,2025-05-17,2025-05-25,2724
BATCH-2025-04771,50,Fan,9140,2025-08-13,2025-08-28,8530
BATCH-2025-04772,37,Memory,3792,2025-08-29,2025-09-10,3699
BATCH-2025-04773,46,Motherboard,9344,2025-07-30,2025-08-04,9002
BATCH-2025-04774,14,Memory,113,2025-05-12,2025-05-18,110
BATCH-2026-04775,27,Speaker,2953,2026-05-08,2026-05-19,2923
BATCH-2025-04776,37,Microcontroller,9944,2025-11-20,2025-12-10,9707
BATCH-2025-04777,47,Battery,4735,2025-01-07,2025-01-24,4688
BATCH-2024-04778,45,Camera,3467,2024-12-11,2024-12-24,3396
BATCH-2026-04779,29,Power IC,9137,2026-04-15,2026-04-24,9046
BATCH-2025-04780,29,Speaker,937,2025-08-01,2025-08-19,886
BATCH-2026-04781,28,Camera,3506,2026-09-01,2026-09-15,3471
BATCH-2025-04782,47,Power IC,9125,2025-05-14,2025-05-25,8619
BATCH-2026-04783,7,Battery,3153,2026-06-17,2026-06-28,3121
BATCH-2025-04784,42,Memory,8498,2025-07-21,2025-08-05,8413
BATCH-2025-04785,3,Battery,7239,2025-08-29,2025-09-07,7023
BATCH-2026-04786,39,Sensor,9164,2026-03-18,2026-04-02,8614
BATCH-2025-04787,23,Fan,7323,2025-11-29,2025-12-05,7233
BATCH-2025-04788,37,Speaker,3996,2025-11-10,2025-11-15,3907
BATCH-2026-04789,48,Motherboard,4234,2026-08-26,2026-09-04,4030
BATCH-2025-04790,45,Processor,9808,2025-12-30,2026-01-06,9549
BATCH-2026-04791,17,Motherboard,627,2026-07-11,2026-07-26,620
BATCH-2025-04792,48,Camera,2128,2025-03-13,2025-03-20,1997
BATCH-2025-04793,22,Power IC,5435,2025-09-08,2025-09-16,5381
BATCH-2025-04794,6,Power IC,5717,2025-06-14,2025-06-30,5428
BATCH-2026-04795,41,Charger,7025,2026-01-16,2026-01-21,6931
BATCH-2025-04796,35,Fan,296,2025-01-27,2025-02-16,282
BATCH-2025-04797,31,Battery,4943,2025-11-04,2025-11-10,4824
BATCH-2024-04798,30,Battery,1997,2024-11-16,2024-12-06,1906
BATCH-2026-04799,19,Battery,9496,2026-04-23,2026-05-10,9043
BATCH-2025-04800,24,Sensor,3045,2025-05-06,2025-05-11,2924
BATCH-2025-04801,41,Microcontroller,555,2025-12-17,2025-12-23,547
BATCH-2026-04802,42,Motherboard,7678,2026-07-25,2026-08-06,7601
BATCH-2025-04803,27,Connector,3001,2025-12-15,2025-12-31,2961
BATCH-2026-04804,2,Connector,8009,2026-02-04,2026-02-10,7845
BATCH-2025-04805,1,Fan,424,2025-03-30,2025-04-06,420
BATCH-2025-04806,30,Microcontroller,7485,2025-08-24,2025-08-29,7029
BATCH-2025-04807,11,Memory,3979,2025-05-31,2025-06-12,3792
BATCH-2026-04808,38,Processor,1557,2026-01-24,2026-01-31,1411
BATCH-2026-04809,22,Sensor,10000,2026-04-21,2026-05-06,9651
BATCH-2025-04810,8,Camera,7010,2025-07-12,2025-08-01,6534
BATCH-2025-04811,45,Fan,1150,2025-06-26,2025-07-16,1107
BATCH-2026-04812,1,Microcontroller,2860,2026-04-05,2026-04-21,2758
BATCH-2025-04813,32,Sensor,2449,2025-02-11,2025-02-24,2324
BATCH-2026-04814,42,Speaker,4093,2026-02-16,2026-02-28,4052
BATCH-2026-04815,40,Display,809,2026-05-01,2026-05-19,786
BATCH-2025-04816,29,Sensor,2995,2025-06-12,2025-06-21,2965
BATCH-2025-04817,34,Processor,3692,2025-01-20,2025-02-04,3655
BATCH-2025-04818,50,Memory,297,2025-07-16,2025-07-25,282
BATCH-2024-04819,35,Memory,9395,2024-11-07,2024-11-27,8695
BATCH-2024-04820,40,Processor,2210,2024-09-18,2024-10-05,1970
BATCH-2026-04821,31,Connector,6409,2026-08-02,2026-08-12,6259
BATCH-2024-04822,45,Fan,4932,2024-12-20,2024-12-29,4773
BATCH-2024-04823,29,Speaker,2025,2024-11-24,2024-12-06,1977
BATCH-2024-04824,46,Microcontroller,1057,2024-12-24,2025-01-11,1046
BATCH-2025-04825,40,Charger,2987,2025-10-03,2025-10-16,2957
BATCH-2025-04826,44,Camera,2882,2025-03-12,2025-03-27,2727
BATCH-2024-04827,39,Microcontroller,9589,2024-11-08,2024-11-24,8734
BATCH-2026-04828,26,Power IC,131,2026-06-11,2026-06-22,130
BATCH-2026-04829,46,Memory,2156,2026-03-06,2026-03-21,2051
BATCH-2025-04830,4,Fan,2903,2025-10-04,2025-10-22,2869
BATCH-2026-04831,10,Processor,6932,2026-08-22,2026-09-05,6651
BATCH-2025-04832,40,Memory,2773,2025-02-27,2025-03-13,2581
BATCH-2026-04833,12,Charger,1744,2026-08-11,2026-08-28,1727
BATCH-2025-04834,17,Sensor,3879,2025-11-07,2025-11-13,3671
BATCH-2026-04835,11,Battery,8614,2026-08-08,2026-08-26,8528
BATCH-2025-04836,6,Processor,9218,2025-04-01,2025-04-16,9126
BATCH-2025-04837,45,Power IC,9987,2025-01-27,2025-02-15,9835
BATCH-2024-04838,44,Display,5345,2024-12-11,2024-12-17,5292
BATCH-2026-04839,43,Microcontroller,1511,2026-05-17,2026-05-22,1488
BATCH-2026-04840,19,Motherboard,1298,2026-05-01,2026-05-19,1285
BATCH-2025-04841,30,Power IC,3793,2025-06-13,2025-06-25,3642
BATCH-2024-04842,50,Charger,5533,2024-09-20,2024-10-09,5432
BATCH-2026-04843,8,Power IC,6830,2026-04-22,2026-04-27,6693
BATCH-2026-04844,32,Processor,667,2026-03-31,2026-04-16,660
BATCH-2025-04845,30,Display,7675,2025-03-04,2025-03-10,7268
BATCH-2025-04846,37,Memory,6940,2025-09-17,2025-10-03,6871
BATCH-2025-04847,12,Camera,8111,2025-06-17,2025-07-03,8030
BATCH-2026-04848,18,Sensor,7464,2026-07-24,2026-08-11,7301
BATCH-2025-04849,38,Motherboard,4183,2025-05-05,2025-05-10,4140
BATCH-2025-04850,42,Power IC,5557,2025-01-21,2025-02-03,5501
BATCH-2024-04851,37,Microcontroller,4602,2024-12-05,2024-12-14,4539
BATCH-2026-04852,7,Battery,5192,2026-09-16,2026-09-25,5140
BATCH-2026-04853,31,Battery,2754,2026-06-13,2026-06-27,2547
BATCH-2024-04854,29,Microcontroller,3995,2024-09-26,2024-10-15,3861
BATCH-2026-04855,14,Processor,2282,2026-01-08,2026-01-21,2161
BATCH-2025-04856,8,Speaker,8656,2025-03-23,2025-04-11,8524
BATCH-2026-04857,17,Fan,8104,2026-03-03,2026-03-14,7640
BATCH-2026-04858,39,Memory,5122,2026-08-24,2026-09-13,4787
BATCH-2025-04859,21,Memory,6804,2025-05-08,2025-05-13,6736
BATCH-2026-04860,42,Charger,4393,2026-03-27,2026-04-13,4272
BATCH-2025-04861,21,Camera,4421,2025-03-28,2025-04-02,4270
BATCH-2024-04862,36,Connector,4086,2024-10-04,2024-10-17,3838
BATCH-2025-04863,19,PCB,3967,2025-01-31,2025-02-10,3647
BATCH-2026-04864,45,Speaker,7478,2026-03-21,2026-04-03,7378
BATCH-2025-04865,35,Speaker,1126,2025-10-01,2025-10-14,1073
BATCH-2025-04866,16,Battery,2387,2025-02-19,2025-03-05,2363
BATCH-2026-04867,5,Speaker,9352,2026-05-09,2026-05-26,9095
BATCH-2025-04868,16,Battery,1483,2025-01-30,2025-02-09,1468
BATCH-2026-04869,36,Power IC,1837,2026-06-13,2026-06-18,1692
BATCH-2026-04870,50,Battery,6979,2026-04-30,2026-05-12,6909
BATCH-2025-04871,24,Charger,9040,2025-05-26,2025-06-03,8530
BATCH-2025-04872,34,Memory,3253,2025-03-25,2025-03-31,3043
BATCH-2025-04873,21,Motherboard,8063,2025-10-30,2025-11-05,7897
BATCH-2025-04874,1,Display,7808,2025-06-12,2025-06-28,7627
BATCH-2025-04875,7,Sensor,4849,2025-08-03,2025-08-23,4658
BATCH-2026-04876,33,Sensor,3780,2026-08-08,2026-08-18,3730
BATCH-2026-04877,9,Processor,4237,2026-07-30,2026-08-05,4119
BATCH-2025-04878,49,Processor,9017,2025-11-19,2025-11-26,8463
BATCH-2025-04879,32,Speaker,2096,2025-06-07,2025-06-14,2041
BATCH-2025-04880,27,Speaker,2020,2025-10-18,2025-11-07,1930
BATCH-2026-04881,36,Processor,2145,2026-08-08,2026-08-13,2086
BATCH-2026-04882,22,Camera,2829,2026-03-27,2026-04-01,2744
BATCH-2025-04883,42,Connector,444,2025-10-02,2025-10-17,437
BATCH-2026-04884,23,Fan,9123,2026-08-22,2026-09-01,9032
BATCH-2026-04885,23,Fan,6512,2026-07-27,2026-08-01,6447
BATCH-2026-04886,36,Motherboard,2032,2026-07-10,2026-07-29,1948
BATCH-2026-04887,20,Fan,3271,2026-02-25,2026-03-03,3139
BATCH-2026-04888,11,Motherboard,9682,2026-08-23,2026-08-28,9143
BATCH-2024-04889,47,Microcontroller,7231,2024-12-03,2024-12-19,6961
BATCH-2026-04890,14,Battery,8454,2026-09-09,2026-09-22,8369
BATCH-2025-04891,14,Display,2911,2025-06-19,2025-06-30,2882
BATCH-2025-04892,17,Charger,8418,2025-11-02,2025-11-07,8083
BATCH-2025-04893,10,Fan,3029,2025-12-21,2026-01-02,2954
BATCH-2025-04894,32,Charger,5726,2025-03-27,2025-04-07,5669
BATCH-2024-04895,10,Power IC,1087,2024-09-18,2024-10-06,1076
BATCH-2025-04896,14,Sensor,4605,2025-08-04,2025-08-11,4465
BATCH-2025-04897,25,Camera,6453,2025-10-23,2025-11-03,6317
BATCH-2026-04898,27,Fan,6176,2026-01-08,2026-01-28,6114
BATCH-2025-04899,40,Memory,2455,2025-12-16,2026-01-04,2430
BATCH-2025-04900,44,Battery,506,2025-07-09,2025-07-17,486
BATCH-2024-04901,27,Motherboard,1197,2024-10-21,2024-11-03,1166
BATCH-2026-04902,46,Fan,6065,2026-02-12,2026-02-21,6004
BATCH-2026-04903,11,Sensor,9545,2026-03-18,2026-04-05,9134
BATCH-2026-04904,25,Power IC,7330,2026-05-13,2026-06-01,7257
BATCH-2025-04905,36,Motherboard,245,2025-09-09,2025-09-29,243
BATCH-2025-04906,46,Fan,9310,2025-05-17,2025-06-03,8857
BATCH-2026-04907,2,Processor,1539,2026-03-12,2026-03-23,1458
BATCH-2025-04908,35,Motherboard,9765,2025-05-09,2025-05-22,9667
BATCH-2024-04909,32,Memory,8347,2024-10-08,2024-10-16,8171
BATCH-2025-04910,29,Speaker,142,2025-09-10,2025-09-28,134
BATCH-2026-04911,24,Display,2212,2026-05-29,2026-06-08,2190
BATCH-2024-04912,39,Microcontroller,2527,2024-10-10,2024-10-19,2355
BATCH-2025-04913,10,Camera,5918,2025-05-13,2025-05-28,5717
BATCH-2024-04914,47,Microcontroller,7387,2024-11-06,2024-11-26,7176
BATCH-2026-04915,32,Camera,5391,2026-01-11,2026-01-16,5337
BATCH-2025-04916,22,Battery,7834,2025-07-16,2025-07-21,7749
BATCH-2025-04917,8,Memory,2562,2025-12-26,2026-01-15,2468
BATCH-2024-04918,16,Connector,8901,2024-11-11,2024-11-30,8780
BATCH-2025-04919,18,Power IC,7252,2025-05-06,2025-05-18,7125
BATCH-2026-04920,10,Fan,1874,2026-01-15,2026-01-25,1855
BATCH-2025-04921,48,PCB,4733,2025-09-14,2025-09-24,4614
BATCH-2026-04922,22,Charger,8772,2026-09-02,2026-09-07,8684
BATCH-2026-04923,33,Power IC,8801,2026-02-12,2026-03-02,8420
BATCH-2025-04924,41,Charger,3533,2025-06-06,2025-06-15,3498
BATCH-2025-04925,14,Charger,7120,2025-05-15,2025-05-21,6801
BATCH-2025-04926,1,Speaker,699,2025-11-03,2025-11-12,668
BATCH-2025-04927,42,Motherboard,5059,2025-11-14,2025-12-03,4718
BATCH-2025-04928,34,Microcontroller,8106,2025-06-11,2025-06-20,7814
BATCH-2025-04929,22,Camera,7999,2025-12-18,2026-01-06,7791
BATCH-2025-04930,28,Power IC,3693,2025-02-14,2025-03-03,3656
BATCH-2025-04931,49,Microcontroller,4996,2025-04-21,2025-04-28,4946
BATCH-2026-04932,32,Motherboard,4761,2026-01-29,2026-02-13,4533
BATCH-2025-04933,2,Power IC,9757,2025-10-31,2025-11-13,9659
BATCH-2026-04934,31,Microcontroller,801,2026-05-05,2026-05-12,735
BATCH-2024-04935,32,Fan,3014,2024-10-06,2024-10-15,2932
BATCH-2026-04936,28,Fan,5661,2026-01-21,2026-02-06,5241
BATCH-2026-04937,49,Motherboard,3039,2026-04-09,2026-04-17,2950
BATCH-2025-04938,4,Sensor,2691,2025-04-05,2025-04-24,2606
BATCH-2025-04939,13,Display,725,2025-03-14,2025-04-01,696
BATCH-2026-04940,23,Processor,1185,2026-07-21,2026-08-04,1173
BATCH-2026-04941,42,Speaker,2651,2026-01-04,2026-01-09,2624
BATCH-2026-04942,13,Motherboard,1003,2026-07-11,2026-07-29,964
BATCH-2025-04943,22,Power IC,6338,2025-05-29,2025-06-04,6177
BATCH-2025-04944,31,Power IC,5733,2025-09-18,2025-09-23,5543
BATCH-2025-04945,17,Sensor,7938,2025-12-15,2025-12-29,7859
BATCH-2026-04946,22,Speaker,4093,2026-05-24,2026-06-13,4000
BATCH-2025-04947,14,Connector,2568,2025-06-12,2025-06-28,2483
BATCH-2025-04948,34,Battery,1940,2025-10-19,2025-10-27,1894
BATCH-2026-04949,8,Motherboard,2937,2026-02-21,2026-03-08,2821
BATCH-2026-04950,10,Display,7666,2026-06-05,2026-06-25,7588
BATCH-2025-04951,42,Charger,6293,2025-05-30,2025-06-07,6150
BATCH-2025-04952,32,Memory,2015,2025-02-05,2025-02-22,1918
BATCH-2025-04953,8,Battery,3968,2025-06-28,2025-07-10,3928
BATCH-2025-04954,7,PCB,4062,2025-08-28,2025-09-03,4021
BATCH-2026-04955,38,Fan,3680,2026-06-27,2026-07-13,3536
BATCH-2026-04956,1,Speaker,1027,2026-01-30,2026-02-16,1007
BATCH-2025-04957,27,Power IC,600,2025-12-09,2025-12-21,591
BATCH-2026-04958,19,Microcontroller,6755,2026-07-31,2026-08-12,6245
BATCH-2026-04959,26,Power IC,7368,2026-04-21,2026-05-08,7041
BATCH-2026-04960,30,PCB,8493,2026-05-20,2026-05-25,8408
BATCH-2025-04961,13,Connector,1064,2025-02-06,2025-02-11,1053
BATCH-2025-04962,49,Processor,3419,2025-07-31,2025-08-07,3081
BATCH-2024-04963,43,PCB,8327,2024-11-08,2024-11-21,8017
BATCH-2025-04964,29,Memory,7186,2025-02-17,2025-03-01,6523
BATCH-2026-04965,30,Memory,7526,2026-07-14,2026-07-22,7325
BATCH-2024-04966,18,PCB,9458,2024-11-29,2024-12-06,8952
BATCH-2025-04967,50,Memory,6586,2025-03-10,2025-03-20,6066
BATCH-2025-04968,9,Fan,792,2025-09-30,2025-10-13,781
BATCH-2026-04969,26,Display,1374,2026-02-11,2026-02-25,1309
BATCH-2025-04970,21,Processor,5406,2025-06-10,2025-06-19,5030
BATCH-2026-04971,15,Charger,2899,2026-01-17,2026-01-22,2843
BATCH-2024-04972,46,Motherboard,9405,2024-10-30,2024-11-07,8529
BATCH-2026-04973,37,Battery,3897,2026-05-05,2026-05-19,3858
BATCH-2025-04974,34,Display,7128,2025-12-28,2026-01-08,6890
BATCH-2026-04975,4,Microcontroller,2487,2026-04-18,2026-05-06,2398
BATCH-2025-04976,28,Memory,1872,2025-08-01,2025-08-20,1853
BATCH-2025-04977,33,Battery,4776,2025-01-01,2025-01-11,4701
BATCH-2024-04978,48,Camera,5084,2024-10-14,2024-11-02,4875
BATCH-2025-04979,34,Battery,4500,2025-09-27,2025-10-16,4291
BATCH-2024-04980,17,Fan,8002,2024-10-31,2024-11-05,7658
BATCH-2026-04981,28,Display,2872,2026-05-29,2026-06-05,2664
BATCH-2025-04982,11,PCB,5960,2025-09-12,2025-09-23,5864
BATCH-2025-04983,11,Processor,7477,2025-06-02,2025-06-15,7367
BATCH-2025-04984,11,Speaker,7411,2025-05-03,2025-05-11,7337
BATCH-2025-04985,9,Charger,9669,2025-08-21,2025-08-30,9272
BATCH-2025-04986,26,Sensor,5926,2025-08-02,2025-08-14,5723
BATCH-2026-04987,49,Camera,8074,2026-02-18,2026-03-03,7908
BATCH-2026-04988,16,Battery,5903,2026-03-30,2026-04-14,5802
BATCH-2025-04989,10,Fan,3582,2025-07-22,2025-08-09,3492
BATCH-2024-04990,22,Speaker,6089,2024-11-12,2024-11-24,5994
BATCH-2026-04991,29,Camera,4762,2026-04-26,2026-05-12,4608
BATCH-2024-04992,14,Charger,292,2024-12-20,2025-01-09,289
BATCH-2026-04993,39,Sensor,6053,2026-07-20,2026-07-26,5891
BATCH-2025-04994,18,PCB,7246,2025-12-06,2025-12-18,6987
BATCH-2025-04995,45,Microcontroller,3484,2025-02-11,2025-02-26,3251
BATCH-2025-04996,1,Microcontroller,4095,2025-09-23,2025-10-06,4054
BATCH-2026-04997,15,PCB,4437,2026-02-26,2026-03-06,4167
BATCH-2026-04998,48,Camera,9768,2026-04-30,2026-05-13,9670
BATCH-2025-04999,19,Speaker,8342,2025-09-10,2025-09-15,7694
BATCH-2026-05000,29,Microcontroller,3687,2026-01-30,2026-02-15,3557
